k,s,total_time_seconds,best_log_likelihood,P00,P01,P10,P11,full_fit,gradient_gpu,init_cpu_gpu,mcmc_cpu,optimizer_gpu,transfer_pcie,warm_up_mcmc_cpu
1,1,4.507663249969482,-0.0004000663757324219,0.9998999834060669,0.9998999834060669,9.999999747378752e-05,9.999999747378752e-05,4.5051233768463135,2.8634469509124756,0.0024983882904052734,0.9954259395599365,0.09012579917907715,0.4370400905609131,0.00087738037109375
1,2,4.041980981826782,-0.0004000663757324219,0.9998999834060669,0.9998999834060669,9.999999747378752e-05,9.999999747378752e-05,4.039490222930908,2.5032026767730713,0.0024602413177490234,0.9064795970916748,0.08480978012084961,0.4259781837463379,0.0009012222290039062
1,3,3.568535804748535,-0.0004000663757324219,0.9998999834060669,0.9998999834060669,9.999999747378752e-05,0.9998999834060669,3.566725492477417,1.959519863128662,0.0017833709716796875,0.9603946208953857,0.0810861587524414,0.42732715606689453,0.0009739398956298828
1,4,4.171014785766602,-0.0004000663757324219,0.9998999834060669,0.9998999834060669,9.999999747378752e-05,0.9998999834060669,4.168712615966797,2.551391124725342,0.0022733211517333984,1.0050873756408691,0.08589696884155273,0.41106200218200684,0.0010039806365966797
1,5,3.9845266342163086,-0.0004000663757324219,0.9998999834060669,9.999999747378752e-05,9.999999747378752e-05,0.9998999834060669,3.9827709197998047,2.8107447624206543,0.0017237663269042969,0.5520670413970947,0.0969548225402832,0.40065765380859375,0.00043892860412597656
1,6,4.198572158813477,-0.0004000663757324219,0.9998999834060669,9.999999747378752e-05,0.9998999834060669,0.9998999834060669,4.19629693031311,2.5950798988342285,0.002241373062133789,1.003117561340332,0.08539581298828125,0.3920457363128662,0.0011768341064453125
1,7,4.385636806488037,-0.0004000663757324219,0.9998999834060669,9.999999747378752e-05,9.999999747378752e-05,0.9998999834060669,4.3838114738464355,3.202275037765503,0.0017902851104736328,0.5536653995513916,0.09719491004943848,0.4153478145599365,0.0004253387451171875
1,8,4.425926208496094,-0.0004000663757324219,0.9998999834060669,9.999999747378752e-05,9.999999747378752e-05,0.9998999834060669,4.424422740936279,3.193976640701294,0.0014696121215820312,0.5802457332611084,0.1004478931427002,0.43701648712158203,0.0005121231079101562
1,9,4.6915812492370605,-0.0004000663757324219,0.9998999834060669,9.999999747378752e-05,9.999999747378752e-05,0.9998999834060669,4.3645994663238525,3.1444027423858643,0.32694101333618164,0.5586788654327393,0.09768509864807129,0.44405221939086914,0.00045013427734375
1,10,4.7481465339660645,-0.0004000663757324219,0.9998999834060669,9.999999747378752e-05,9.999999747378752e-05,0.9998999834060669,4.745908737182617,3.4991602897644043,0.0021970272064208984,0.6157920360565186,0.10425734519958496,0.4177839756011963,0.0005359649658203125
1,11,4.596705198287964,-0.0004000663757324219,0.9998999834060669,0.9998999834060669,9.999999747378752e-05,0.9998999834060669,4.594460725784302,2.87090802192688,0.0022110939025878906,1.1023931503295898,0.09685254096984863,0.4003453254699707,0.0011699199676513672
1,12,3.9997918605804443,-0.0004000663757324219,0.9998999834060669,9.999999747378752e-05,0.9998999834060669,0.9998999834060669,3.997291326522827,2.362060785293579,0.002457141876220703,1.0094473361968994,0.08662748336791992,0.41141176223754883,0.0012083053588867188
1,13,2.9829728603363037,-0.0004000663757324219,0.9998999834060669,9.999999747378752e-05,9.999999747378752e-05,0.9998999834060669,2.981501340866089,1.9411520957946777,0.0014348030090332031,0.430600643157959,0.08051919937133789,0.39177775382995605,0.00043320655822753906
1,14,3.902240037918091,-0.0004000663757324219,0.9998999834060669,0.9998999834060669,9.999999747378752e-05,0.9998999834060669,3.899885892868042,2.3120694160461426,0.0023245811462402344,0.9924881458282471,0.08312344551086426,0.3907039165496826,0.0009958744049072266
1,15,3.3043646812438965,-0.0004000663757324219,0.9998999834060669,9.999999747378752e-05,9.999999747378752e-05,0.9998999834060669,3.3019421100616455,2.2347359657287598,0.0023851394653320312,0.4706888198852539,0.08581852912902832,0.38073301315307617,0.0004248619079589844
1,16,4.12655782699585,-0.0004000663757324219,0.9998999834060669,0.9998999834060669,9.999999747378752e-05,9.999999747378752e-05,4.124877691268921,2.5747482776641846,0.0016446113586425781,0.934643030166626,0.08573627471923828,0.40761446952819824,0.0010907649993896484
1,17,3.9162495136260986,-0.0004000663757324219,0.9998999834060669,9.999999747378752e-05,9.999999747378752e-05,0.9998999834060669,3.913968086242676,2.7499582767486572,0.002244234085083008,0.5494711399078369,0.09475183486938477,0.405590295791626,0.0004470348358154297
1,18,3.795564889907837,0.0,0.8999999761581421,0.699999988079071,0.5,0.20000000298023224,3.7933642864227295,2.736743688583374,0.0021517276763916016,0.410372257232666,0.11446475982666016,0.4164083003997803,0.0003154277801513672
1,19,4.305885553359985,-0.0004000663757324219,0.9998999834060669,9.999999747378752e-05,9.999999747378752e-05,0.9998999834060669,4.30422306060791,3.0847105979919434,0.0016205310821533203,0.5882916450500488,0.10229277610778809,0.41960597038269043,0.0007724761962890625
1,20,3.588890790939331,0.0,0.8999999761581421,0.699999988079071,0.5,0.20000000298023224,3.5867834091186523,2.6062870025634766,0.002068042755126953,0.3558182716369629,0.09503340721130371,0.4171764850616455,0.0002923011779785156
1,21,4.445182800292969,-0.0004000663757324219,0.9998999834060669,0.9998999834060669,9.999999747378752e-05,0.9998999834060669,4.442995309829712,2.8174126148223877,0.002148866653442383,1.0262513160705566,0.08463716506958008,0.4110097885131836,0.0011477470397949219
1,22,4.520572662353516,-0.0004000663757324219,0.9998999834060669,0.9998999834060669,9.999999747378752e-05,0.9998999834060669,4.518760442733765,2.829096794128418,0.0017757415771484375,1.1232149600982666,0.10411763191223145,0.35179686546325684,0.0010104179382324219
1,23,4.1119704246521,-0.0004000663757324219,0.9998999834060669,9.999999747378752e-05,9.999999747378752e-05,0.9998999834060669,4.109971284866333,2.9518260955810547,0.0019571781158447266,0.5605340003967285,0.09739422798156738,0.392986536026001,0.0004622936248779297
1,24,3.9485085010528564,-0.0004000663757324219,0.9998999834060669,9.999999747378752e-05,9.999999747378752e-05,0.9998999834060669,3.946274995803833,2.8224143981933594,0.002193450927734375,0.5415444374084473,0.09323716163635254,0.3845951557159424,0.00043845176696777344
1,25,4.500691175460815,-0.0004000663757324219,0.9998999834060669,9.999999747378752e-05,9.999999747378752e-05,0.9998999834060669,4.498713493347168,3.2843997478485107,0.0019378662109375,0.5814805030822754,0.10178899765014648,0.42041873931884766,0.0005125999450683594
1,26,4.3216712474823,0.0,0.8999999761581421,0.699999988079071,0.5,0.20000000298023224,4.320165634155273,3.1742825508117676,0.0014505386352539062,0.45443296432495117,0.1300804615020752,0.4425661563873291,0.00031280517578125
1,27,3.8927929401397705,-0.0004000663757324219,0.9998999834060669,9.999999747378752e-05,9.999999747378752e-05,0.9998999834060669,3.8902125358581543,2.7462077140808105,0.0025413036346435547,0.5360710620880127,0.09505772590637207,0.39338135719299316,0.0005631446838378906
1,28,3.583146572113037,-0.0004000663757324219,0.9998999834060669,9.999999747378752e-05,9.999999747378752e-05,0.9998999834060669,3.581057548522949,2.4813921451568604,0.0020360946655273438,0.5109732151031494,0.0911264419555664,0.3836362361907959,0.0004374980926513672
1,29,4.495913028717041,-0.0004000663757324219,0.9998999834060669,0.9998999834060669,9.999999747378752e-05,0.9998999834060669,4.493657350540161,2.8509018421173096,0.0022177696228027344,1.0307490825653076,0.08761358261108398,0.4300093650817871,0.0012645721435546875
1,30,4.251341819763184,-0.0004000663757324219,0.9998999834060669,9.999999747378752e-05,9.999999747378752e-05,0.9998999834060669,4.2490153312683105,3.028137683868408,0.0022864341735839844,0.5872933864593506,0.10120511054992676,0.4132344722747803,0.00043487548828125
2,1,5.19511079788208,-5.229886054992676,0.9998999834060669,0.742006242275238,9.999999747378752e-05,0.7420117855072021,5.193214178085327,3.0316317081451416,0.0018582344055175781,1.5694212913513184,0.0855867862701416,0.38681650161743164,0.002078533172607422
2,2,4.95560622215271,-4.426845550537109,0.9998999834060669,0.7896518111228943,9.999999747378752e-05,0.5860230326652527,4.95361852645874,3.0154781341552734,0.0019538402557373047,1.3261137008666992,0.08548903465270996,0.408160924911499,0.0013082027435302734
2,3,5.144041061401367,-5.229886054992676,0.7420117855072021,0.7419626116752625,9.999999747378752e-05,0.9998999834060669,5.1421897411346436,3.0330851078033447,0.0018134117126464844,1.5109829902648926,0.08727335929870605,0.39719533920288086,0.0016255378723144531
2,4,4.992729902267456,-3.7437214851379395,0.601821780204773,0.6130357980728149,9.999999747378752e-05,0.9998999834060669,4.990209102630615,2.8931357860565186,0.002474546432495117,1.4686901569366455,0.08833169937133789,0.4257807731628418,0.001466989517211914
2,5,4.5805463790893555,-4.838961124420166,0.9998999834060669,0.5453075766563416,9.999999747378752e-05,0.5453051328659058,4.578254699707031,2.8651115894317627,0.002245664596557617,1.1213219165802002,0.08510971069335938,0.39757633209228516,0.001161336898803711
2,6,4.047666549682617,-1.3437203407287597,0.9998999834060669,9.999999747378752e-05,9.999999747378752e-05,0.7951995134353638,4.04525351524353,2.8657398223876953,0.0023682117462158203,0.6132407188415527,0.08865857124328613,0.37537550926208496,0.0005221366882324219
2,7,7.462068319320679,-4.279101371765137,0.9998999834060669,0.504528820514679,9.999999747378752e-05,0.8388051986694336,6.426546573638916,2.956669330596924,1.0355067253112793,1.387063980102539,0.13766956329345703,0.4186723232269287,1.410125970840454
2,8,4.226682424545288,-3.79207124710083,0.9606859087944031,0.24214451014995575,9.999999747378752e-05,0.9998999834060669,4.224347829818726,2.640942096710205,0.0023009777069091797,1.0153141021728516,0.08805179595947266,0.36259961128234863,0.0015120506286621094
2,9,4.9498045444488525,-4.279101848602295,0.9998999834060669,9.999999747378752e-05,0.5044573545455933,0.8390740156173706,4.94797158241272,2.9702486991882324,0.0017986297607421875,1.3176906108856201,0.09460592269897461,0.4333202838897705,0.0012836456298828125
2,10,4.240887403488159,-3.723200559616089,0.9998999834060669,0.25200676918029785,9.999999747378752e-05,0.8929112553596497,4.237493515014648,2.6837079524993896,0.0033655166625976562,0.9120848178863525,0.09237003326416016,0.41918301582336426,0.0008418560028076172
2,11,4.31993556022644,-3.451265335083008,0.9998999834060669,0.35180217027664185,9.999999747378752e-05,0.3555980622768402,4.317270755767822,2.7054269313812256,0.002636432647705078,0.9629154205322266,0.09135174751281738,0.4257161617279053,0.0009083747863769531
2,12,4.7034080028533936,-3.469233751296997,0.9998999834060669,0.27781397104263306,9.999999747378752e-05,0.724358320236206,4.701189994812012,2.9658706188201904,0.002185821533203125,1.0777778625488281,0.09721136093139648,0.42188477516174316,0.0009474754333496094
2,13,5.2327330112457275,-2.6161422729492188,0.9998999834060669,0.7420123815536499,9.999999747378752e-05,0.9998999834060669,5.229877710342407,2.831543207168579,0.0028188228607177734,1.7603473663330078,0.08795380592346191,0.4210386276245117,0.001748800277709961
2,14,4.443314790725708,-3.7933521270751953,0.9998999834060669,0.2373473048210144,9.999999747378752e-05,0.9998999834060669,4.44192099571228,2.8136157989501953,0.0013637542724609375,1.0163886547088623,0.09124875068664551,0.3931920528411865,0.001569986343383789
2,15,4.833749294281006,-4.279102325439453,0.8390445709228516,0.5042772889137268,9.999999747378752e-05,0.9998999834060669,4.831299543380737,2.9325902462005615,0.0024209022521972656,1.30131196975708,0.09018659591674805,0.39519524574279785,0.0012705326080322266
2,16,3.7626254558563232,-1.4712145566940307,0.9998999834060669,9.999999747378752e-05,9.999999747378752e-05,0.8658328056335449,3.7614972591400146,2.5817413330078125,0.0010879039764404297,0.5850324630737305,0.08898258209228516,0.38056397438049316,0.0005364418029785156
2,17,5.478849411010742,-6.629357385635376,0.9998999834060669,0.5244106650352478,0.23050419986248016,0.9998999834060669,5.476333141326904,2.8222131729125977,0.0024847984313964844,2.018333673477173,0.09054064750671387,0.4137125015258789,0.0018775463104248047
2,18,4.497394323348999,-1.4844943523406982,0.9998999834060669,9.999999747378752e-05,9.999999747378752e-05,0.9335724115371704,4.49536919593811,3.2341835498809814,0.001990079879760742,0.6408481597900391,0.09899592399597168,0.3950064182281494,0.0005540847778320312
2,19,4.287462949752808,-0.0004000663757324219,0.9998999834060669,0.9998999834060669,9.999999747378752e-05,0.9998999834060669,4.284360647201538,2.5608625411987305,0.0030727386474609375,1.1035795211791992,0.09263944625854492,0.404308557510376,0.0009903907775878906
2,20,6.117307186126709,-7.795313596725464,0.9998999834060669,0.8464022874832153,0.40876349806785583,0.694929301738739,6.114853858947754,2.7613112926483154,0.0024230480194091797,2.7588798999786377,0.09177017211914062,0.3856067657470703,0.0024967193603515625
2,21,4.286323308944702,-3.7351468563079835,0.9061486124992371,0.2510219216346741,9.999999747378752e-05,0.9998999834060669,4.285184144973755,2.7327075004577637,0.0011000633239746094,0.9165074825286865,0.0916283130645752,0.4123060703277588,0.0008254051208496094
2,22,5.0791473388671875,-4.5006208419799805,0.9998999834060669,9.999999747378752e-05,0.9974702000617981,0.9998999834060669,5.076717138290405,2.7176613807678223,0.0024034976959228516,1.7404654026031494,0.09421968460083008,0.39730215072631836,0.002138853073120117
2,23,3.6430678367614746,-4.536266326904297,0.7524089217185974,0.4870639741420746,0.48550650477409363,9.999999747378752e-05,3.641167402267456,2.234510660171509,0.001867532730102539,0.801199197769165,0.0838313102722168,0.3935847282409668,0.0008194446563720703
2,24,4.1895835399627686,-4.279745578765869,0.9998999834060669,0.5020058751106262,9.999999747378752e-05,0.8447621464729309,4.187800168991089,2.3633570671081543,0.0017507076263427734,1.191828966140747,0.08476948738098145,0.4196913242340088,0.001268625259399414
2,25,4.187784194946289,-4.838961601257324,0.9998999834060669,0.5454403758049011,9.999999747378752e-05,0.5452688336372375,4.185919284820557,2.5154221057891846,0.0018379688262939453,1.0946946144104004,0.08567571640014648,0.37662315368652344,0.0011756420135498047
2,26,5.649973392486572,-4.223550796508789,0.9998999834060669,0.9998999834060669,0.16268786787986755,0.9998999834060669,5.6480371952056885,2.5744588375091553,0.0019080638885498047,2.474372625350952,0.08545541763305664,0.3955512046813965,0.002725362777709961
2,27,5.100803375244141,-7.550265312194824,0.4763410687446594,0.9998999834060669,0.7957380414009094,0.21333330869674683,5.09877872467041,2.7335078716278076,0.0019986629486083984,1.756347417831421,0.08609628677368164,0.4058561325073242,0.0018260478973388672
2,28,4.7657763957977295,-5.634005546569824,0.834281325340271,9.999999747378752e-05,0.5307636260986328,0.8342799544334412,4.763238906860352,3.0324249267578125,0.002503633499145508,1.133446216583252,0.0874943733215332,0.3923459053039551,0.001177072525024414
2,29,4.429519176483154,-4.279101371765137,0.9998999834060669,9.999999747378752e-05,0.5045462846755981,0.8386906385421753,4.427768230438232,2.591250419616699,0.0017230510711669922,1.2027719020843506,0.08512997627258301,0.42111635208129883,0.0012993812561035156
2,30,3.7853810787200928,-2.2939529418945312,0.9998999834060669,0.23734726011753082,9.999999747378752e-05,0.9998999834060669,3.78322696685791,2.1877925395965576,0.0021140575408935547,0.9561421871185303,0.0833730697631836,0.4224512577056885,0.0010592937469482422
3,2,5.760768413543701,-17.039946365356446,0.9902389049530029,0.04996002838015556,0.47796112298965454,0.9998999834060669,5.757533311843872,2.9053397178649902,0.003207683563232422,2.269439697265625,0.08708810806274414,0.38124966621398926,0.0030930042266845703
3,3,5.66951322555542,-12.552150535583497,0.7133914232254028,0.39534804224967957,9.999999747378752e-05,0.9998999834060669,5.667469263076782,3.2475709915161133,0.0020151138305664062,1.807983160018921,0.08744096755981445,0.40671467781066895,0.0019969940185546875
3,4,7.26147985458374,-24.925726699829102,0.9821957349777222,9.999999747378752e-05,0.6339520215988159,0.5183644890785217,7.2579734325408936,2.9920458793640137,0.0034749507904052734,3.681558609008789,0.08610057830810547,0.37529993057250977,0.0037450790405273438
3,5,5.173585653305054,-13.951727867126465,0.9998999834060669,9.999999747378752e-05,0.4292501211166382,0.8515500426292419,5.171746492385864,2.7814695835113525,0.0018100738525390625,1.8043744564056396,0.08563923835754395,0.3821554183959961,0.0021207332611083984
3,6,5.987485885620117,-21.489895629882813,0.9998999834060669,0.12316069006919861,0.44580140709877014,0.8141051530838013,5.984802484512329,2.6061925888061523,0.0026540756225585938,2.8041913509368896,0.08456110954284668,0.3777732849121094,0.003159046173095703
3,7,6.150301218032837,-24.022557067871094,0.9938828945159912,0.4770713150501251,0.3575328290462494,0.4578993320465088,6.14909553527832,2.6388916969299316,0.0011742115020751953,2.9401845932006836,0.08485078811645508,0.3737514019012451,0.0028858184814453125
3,8,4.93372368812561,-10.488554573059082,0.7552088499069214,0.26258397102355957,9.999999747378752e-05,0.9998999834060669,4.931755065917969,3.010589599609375,0.0019402503967285156,1.3473002910614014,0.08665657043457031,0.368649959564209,0.0014557838439941406
3,9,5.060546159744263,-12.247935771942139,0.6565219163894653,9.999999747378752e-05,0.39690378308296204,0.9998999834060669,5.058050155639648,3.1187140941619873,0.0024690628051757812,1.3209161758422852,0.08708739280700684,0.4143092632293701,0.001329183578491211
3,10,4.857034921646118,-9.522265625,0.9998999834060669,0.1779245287179947,9.999999747378752e-05,0.8049218654632568,4.8551671504974365,3.1718039512634277,0.0018391609191894531,1.0748255252838135,0.08748054504394531,0.40593671798706055,0.0011260509490966797
3,11,6.032585620880127,-14.183470726013184,0.8144914507865906,0.43978482484817505,9.999999747378752e-05,0.9998999834060669,6.030391454696655,3.1784677505493164,0.002164125442504883,2.2666053771972656,0.08721494674682617,0.3841831684112549,0.002191781997680664
3,12,5.017358303070068,-14.796880722045898,0.7580943703651428,0.4333254396915436,9.999999747378752e-05,0.878824770450592,5.015746355056763,2.7786262035369873,0.0015780925750732422,1.6586511135101318,0.08564877510070801,0.38349342346191406,0.0018188953399658203
3,13,5.658962726593018,-16.498135375976563,0.9998999834060669,0.12220782786607742,0.48568376898765564,0.4841820299625397,5.657354354858398,2.898684501647949,0.0015766620635986328,2.1658565998077393,0.08749270439147949,0.39072132110595703,0.0024704933166503906
3,14,6.154033422470093,-22.403550148010254,0.9998999834060669,0.3769180178642273,0.2355370968580246,0.787848949432373,6.152324914932251,2.6187427043914795,0.0016810894012451172,2.951169729232788,0.08454537391662598,0.3761591911315918,0.0030188560485839844
3,15,5.188769340515137,-12.89283561706543,0.9998999834060669,0.08924297988414764,0.47375622391700745,0.43335455656051636,5.1860527992248535,3.0136587619781494,0.0026879310607910156,1.548184871673584,0.08704185485839844,0.42192888259887695,0.0015821456909179688
3,16,6.4804017543792725,-26.133676719665527,0.9998999834060669,0.3135739862918854,0.4873831570148468,0.5925816297531128,6.478538274765015,2.725767135620117,0.0018339157104492188,3.1889474391937256,0.08673334121704102,0.3616065979003906,0.003185272216796875
3,17,6.599552631378174,-21.69287853240967,0.5078001618385315,0.29734575748443604,0.48115044832229614,0.9998999834060669,6.597614049911499,3.2941627502441406,0.0019049644470214844,2.711644172668457,0.08783555030822754,0.38288235664367676,0.002496480941772461
3,18,5.32909369468689,-14.1607590675354,0.9998999834060669,0.49233224987983704,9.999999747378752e-05,0.8050466179847717,5.326984882354736,2.836721181869507,0.0020818710327148438,1.947033405303955,0.08602476119995117,0.3551802635192871,0.0023505687713623047
3,19,6.176243782043457,-19.08061122894287,0.9998999834060669,0.13536101579666138,0.30886921286582947,0.9998999834060669,6.174348592758179,3.015944480895996,0.0018658638000488281,2.562910795211792,0.08638930320739746,0.4001157283782959,0.0024471282958984375
3,20,6.147367715835571,-22.42233772277832,0.7295612096786499,0.4125339686870575,0.145879864692688,0.9998999834060669,6.145013093948364,2.8968780040740967,0.002321004867553711,2.69364333152771,0.0865316390991211,0.3527107238769531,0.0028018951416015625
3,21,6.720258712768555,-22.39459991455078,0.43335792422294617,0.3276134431362152,0.4835617244243622,0.9998999834060669,6.718078136444092,2.886047124862671,0.0021524429321289062,3.268576145172119,0.08714127540588379,0.36609840393066406,0.003030061721801758
3,22,5.504997491836548,-10.927306747436523,0.9998999834060669,9.999999747378752e-05,0.31109854578971863,0.9998999834060669,5.503031492233276,2.999060869216919,0.0019388198852539062,1.9636037349700928,0.08997416496276855,0.3483603000640869,0.0021479129791259766
3,23,5.454631567001343,-15.006249618530273,0.9998999834060669,0.08750581741333008,0.4772118628025055,0.5436556339263916,5.453206300735474,3.1531567573547363,0.0013861656188964844,1.72141695022583,0.09270381927490234,0.37851572036743164,0.0015904903411865234
3,24,5.052022457122803,-10.444158363342286,0.9998999834060669,9.999999747378752e-05,0.47736856341362,0.3724295198917389,5.050877332687378,2.926865339279175,0.0011053085327148438,1.5671494007110596,0.08860635757446289,0.3606572151184082,0.0016415119171142578
3,25,6.007542371749878,-20.855573463439942,0.9758033752441406,0.1071680337190628,0.38587820529937744,0.9998999834060669,6.005370140075684,2.6007819175720215,0.0021376609802246094,2.8559811115264893,0.08562541007995605,0.3547956943511963,0.0031549930572509766
3,26,4.798286437988281,-15.606204509735107,0.9998999834060669,0.108373261988163,0.4743933379650116,0.4646890163421631,4.796227931976318,2.614950180053711,0.0020232200622558594,1.656360387802124,0.08628630638122559,0.33219027519226074,0.0016677379608154297
3,27,7.21549391746521,-27.23597354888916,0.9998999834060669,0.3606394827365875,0.3721008598804474,0.7883323431015015,7.213648557662964,2.786196708679199,0.0018167495727539062,3.8720743656158447,0.08687639236450195,0.35425639152526855,0.0037899017333984375
3,28,5.176777601242065,-12.302748680114746,0.9998999834060669,0.3100781738758087,9.999999747378752e-05,0.8605350255966187,5.174874544143677,2.7803733348846436,0.001875162124633789,1.8464813232421875,0.08716225624084473,0.35416197776794434,0.0017714500427246094
3,29,6.161992073059082,-19.65028495788574,0.9723461866378784,0.07113660871982574,0.4553804099559784,0.9998999834060669,6.16098427772522,2.6943089962005615,0.0009684562683105469,2.906979560852051,0.08655762672424316,0.3630697727203369,0.002692699432373047
3,30,5.276142358779907,-16.05918159484863,0.9700889587402344,0.590809166431427,9.999999747378752e-05,0.6304446458816528,5.274224758148193,2.665292263031006,0.0018837451934814453,2.053929567337036,0.08558940887451172,0.3645298480987549,0.002496480941772461
4,1,6.2688658237457275,-44.55046691894531,0.9418653249740601,0.05038993060588837,0.4747868776321411,0.8701003193855286,6.266042947769165,2.963914394378662,0.002789020538330078,2.719832181930542,0.08644747734069824,0.3723738193511963,0.0032410621643066406
4,2,6.504463195800781,-45.394064331054686,0.9998999834060669,0.0638984888792038,0.44132527709007263,0.7178429961204529,6.50251030921936,3.134833812713623,0.0019221305847167969,2.798422336578369,0.08714818954467773,0.3693721294403076,0.0031337738037109375
4,3,7.334818124771118,-54.04137115478515,0.9348089694976807,0.0621817484498024,0.4751766324043274,0.9262630343437195,7.332989931106567,3.0865042209625244,0.001795053482055664,3.6977615356445312,0.08659172058105469,0.34554076194763184,0.004349470138549805
4,4,8.875895023345947,-71.39628524780274,0.7663090229034424,0.3910802900791168,0.24105314910411835,0.9998999834060669,8.873378276824951,3.0456085205078125,0.002485990524291992,5.242447376251221,0.08653831481933594,0.3747386932373047,0.007565736770629883
4,5,6.446600914001465,-46.17365417480469,0.9998999834060669,0.04318896308541298,0.4559675455093384,0.7475406527519226,6.443862676620483,3.030061960220337,0.0027053356170654297,2.8482236862182617,0.08663582801818848,0.36889076232910156,0.00337982177734375
4,6,7.5007476806640625,-51.3146556854248,0.9998999834060669,0.12907344102859497,0.2820272147655487,0.9998999834060669,7.498783349990845,3.1239371299743652,0.0019342899322509766,3.8071298599243164,0.08940362930297852,0.37216758728027344,0.0040130615234375
4,7,6.468655109405518,-55.05357894897461,0.9728087782859802,0.12542447447776794,0.4793055057525635,0.7319649457931519,6.4664387702941895,2.7240495681762695,0.002177715301513672,3.161856174468994,0.08434820175170898,0.3806929588317871,0.003506183624267578
4,8,6.246089220046997,-31.739474868774415,0.9998999834060669,9.999999747378752e-05,0.30661022663116455,0.9998999834060669,6.243131160736084,2.962796449661255,0.002923727035522461,2.7282207012176514,0.08588671684265137,0.352996826171875,0.0033104419708251953
4,9,7.379263639450073,-53.3992374420166,0.9998999834060669,0.18483565747737885,0.46882107853889465,0.5790299773216248,7.377076148986816,3.121143102645874,0.002151966094970703,3.70976185798645,0.0872194766998291,0.3557243347167969,0.003626108169555664
4,10,7.1793718338012695,-52.95573120117187,0.9976921081542969,0.11393320560455322,0.46998417377471924,0.6833105087280273,7.1770851612091064,2.991763114929199,0.0022580623626708984,3.6251027584075928,0.08644413948059082,0.3598506450653076,0.0038852691650390625
4,11,6.77012038230896,-38.1410514831543,0.9998999834060669,9.999999747378752e-05,0.44270044565200806,0.7563063502311707,6.767938137054443,3.2474524974823,0.002142190933227539,2.954869031906128,0.09341168403625488,0.36001110076904297,0.0034132003784179688
4,12,6.373152494430542,-45.989414596557616,0.9998999834060669,0.07411015778779984,0.4613919258117676,0.7650155425071716,6.370748281478882,2.9387335777282715,0.0023717880249023438,2.878519296646118,0.08640694618225098,0.35489392280578613,0.003284931182861328
4,13,6.733078956604004,-39.29835205078125,0.8965483903884888,9.999999747378752e-05,0.4638533294200897,0.7374315857887268,6.731065511703491,3.0940394401550293,0.0019838809967041016,3.074967861175537,0.08943796157836914,0.36393189430236816,0.003406047821044922
4,14,6.414558172225952,-32.94942779541016,0.9998999834060669,9.999999747378752e-05,0.39940571784973145,0.7977197766304016,6.411968946456909,3.1810250282287598,0.0025534629821777344,2.674884557723999,0.08834958076477051,0.3672523498535156,0.003022432327270508
4,15,6.873328924179077,-53.122195434570315,0.9998999834060669,0.09619959443807602,0.47736427187919617,0.7394406199455261,6.871333837509155,3.054905652999878,0.001966238021850586,3.246598482131958,0.08733153343200684,0.3706216812133789,0.003471851348876953
4,16,7.0002148151397705,-54.90992431640625,0.9998999834060669,0.15084664523601532,0.4788368344306946,0.5814945101737976,6.997947454452515,2.8637139797210693,0.0022382736206054688,3.5731053352355957,0.08645749092102051,0.3607807159423828,0.0038776397705078125
4,17,7.836586952209473,-58.47538452148437,0.9998999834060669,0.21088196337223053,0.47604572772979736,0.5856663584709167,7.834657669067383,3.0540056228637695,0.001894235610961914,4.223276615142822,0.0876152515411377,0.3539011478424072,0.004148721694946289
4,18,5.80925178527832,-31.41950454711914,0.9998999834060669,0.3945893347263336,9.999999747378752e-05,0.5696657299995422,5.807247638702393,2.955615758895874,0.0019752979278564453,2.2903707027435303,0.08628058433532715,0.36534762382507324,0.0027005672454833984
4,19,8.53579831123352,-70.40262756347656,0.9998999834060669,0.35008299350738525,0.37905260920524597,0.5359370112419128,8.533602237701416,2.987530469894409,0.002161741256713867,4.974942445755005,0.08804202079772949,0.36313438415527344,0.005250453948974609
4,20,6.564720630645752,-42.88791999816895,0.9998999834060669,0.03186444938182831,0.4638634920120239,0.8070163130760193,6.562743663787842,3.1871583461761475,0.0019485950469970703,2.8280961513519287,0.08991479873657227,0.3456699848175049,0.003239870071411133
4,21,7.823738098144531,-55.4702205657959,0.9998999834060669,0.2119620442390442,0.48069533705711365,0.49771785736083984,7.821631669998169,3.195847749710083,0.0020661354064941406,4.063553810119629,0.0877828598022461,0.3601710796356201,0.00417780876159668
4,22,6.254438161849976,-34.72228584289551,0.9998999834060669,0.0030590100213885307,0.3053606152534485,0.9187045097351074,6.252620458602905,2.966496706008911,0.0017859935760498047,2.735593795776367,0.08559799194335938,0.35262060165405273,0.003231048583984375
4,23,6.74508261680603,-48.560486221313475,0.6019974946975708,0.10650592297315598,0.4732373058795929,0.9998999834060669,6.74306058883667,2.9974567890167236,0.001997709274291992,3.2094473838806152,0.08594799041748047,0.34215402603149414,0.0033445358276367188
4,24,7.984555959701538,-58.89685211181641,0.9998999834060669,0.27825039625167847,0.46692585945129395,0.5206979513168335,7.981764316558838,3.1559736728668213,0.002755403518676758,4.302708387374878,0.08664369583129883,0.333054780960083,0.004474163055419922
4,25,6.881824254989624,-54.420101928710935,0.7437034845352173,0.11039814352989197,0.48105746507644653,0.9220696687698364,6.879805564880371,3.084230661392212,0.001990079879760742,3.2867043018341064,0.08667397499084473,0.3195958137512207,0.0033864974975585938
4,26,7.074689626693726,-50.8735897064209,0.9998999834060669,0.08244818449020386,0.48289740085601807,0.7709740996360779,7.0735931396484375,3.1809864044189453,0.0010631084442138672,3.3574070930480957,0.08682370185852051,0.3419053554534912,0.0037021636962890625
4,27,6.695959806442261,-37.25168151855469,0.8241703510284424,0.5143860578536987,9.999999747378752e-05,0.6569708585739136,6.693695306777954,3.1160874366760254,0.0022368431091308594,3.058742046356201,0.0881338119506836,0.3307530879974365,0.0031621456146240234
4,28,6.945328950881958,-54.3034107208252,0.8266037106513977,0.08812788128852844,0.47566643357276917,0.9998999834060669,6.943219423294067,2.794049024581909,0.002080202102661133,3.621382474899292,0.08530926704406738,0.33534908294677734,0.004286289215087891
4,29,5.926198482513428,-35.018097686767575,0.8417404294013977,9.999999747378752e-05,0.3644077181816101,0.8755373358726501,5.924480676651001,3.108184337615967,0.001691579818725586,2.282048463821411,0.0874032974243164,0.34224987030029297,0.0026438236236572266
4,30,7.264212369918823,-52.63773651123047,0.9276610612869263,0.2320501059293747,0.4783509075641632,0.4683089852333069,7.263033390045166,3.035653829574585,0.0011429786682128906,3.690354585647583,0.08742094039916992,0.3473978042602539,0.003457307815551758
5,1,8.235093832015991,-129.8688606262207,0.7015548348426819,0.08493117988109589,0.47271570563316345,0.9400243759155273,8.233459234237671,3.21095871925354,0.0016069412231445312,4.488348722457886,0.08510255813598633,0.33966708183288574,0.005115985870361328
5,2,9.182555437088013,-156.18724670410157,0.8938578963279724,0.1890060305595398,0.4826379120349884,0.6386846303939819,9.178953409194946,3.0259664058685303,0.003563404083251953,5.639601707458496,0.08506059646606445,0.31995487213134766,0.006062030792236328
5,3,9.561773300170898,-159.10567932128907,0.693604052066803,0.1295631378889084,0.4814872145652771,0.9856590628623962,9.559226989746094,3.3912880420684814,0.0025107860565185547,5.652951717376709,0.08751416206359863,0.31910181045532227,0.00806570053100586
5,4,9.753073453903198,-162.2740463256836,0.9677162170410156,0.46732819080352783,0.24228575825691223,0.5561888217926025,9.7509024143219,3.300511360168457,0.0021371841430664062,5.942505598068237,0.0870366096496582,0.31479811668395996,0.00588226318359375
5,5,8.124992847442627,-123.32915878295898,0.5887446999549866,0.12020931392908096,0.4643523395061493,0.9998999834060669,8.122841835021973,3.206347942352295,0.002119779586791992,4.396887302398682,0.08609890937805176,0.32865428924560547,0.0047550201416015625
5,6,8.779863834381104,-138.77400970458984,0.9998999834060669,0.16366247832775116,0.47883471846580505,0.5566556453704834,8.776947736740112,3.3314130306243896,0.002886533737182617,4.910124778747559,0.08830714225769043,0.3353440761566162,0.005349159240722656
5,7,7.989729166030884,-139.2587097167969,0.7670722007751465,0.12847313284873962,0.47370412945747375,0.8185155391693115,7.988338470458984,3.109480381011963,0.001363992691040039,4.349259853363037,0.08606266975402832,0.34169530868530273,0.004672527313232422
5,8,8.421062469482422,-131.24410095214844,0.8948148488998413,0.121737040579319,0.48065030574798584,0.6418163776397705,8.418988466262817,3.269698143005371,0.0020422935485839844,4.637651443481445,0.0852804183959961,0.3196589946746826,0.005039215087890625
5,9,8.926206111907959,-130.49414825439453,0.9998999834060669,0.16103214025497437,0.4772171080112457,0.5147644281387329,8.923341751098633,3.22611927986145,0.0028324127197265625,5.161683082580566,0.08980393409729004,0.34038424491882324,0.005493879318237305
5,10,10.62079381942749,-174.28673706054687,0.9998999834060669,0.2517404556274414,0.48462626338005066,0.5386583805084229,10.619293451309204,3.4058728218078613,0.001474142074584961,6.695876598358154,0.08637046813964844,0.3204178810119629,0.006954669952392578
5,11,11.351582527160645,-161.5095474243164,0.6979427337646484,0.18307998776435852,0.4791027307510376,0.9012273550033569,10.431515216827393,3.6466760635375977,0.9200551509857178,5.121490240097046,0.13173174858093262,0.17563748359680176,1.290595531463623
5,12,8.503978729248047,-142.29957275390626,0.73576420545578,0.14492127299308777,0.4798472225666046,0.7983141541481018,8.50048828125,3.3794286251068115,0.0034613609313964844,4.6222922801971436,0.08354616165161133,0.32647085189819336,0.004988431930541992
5,13,8.903078317642212,-145.4242416381836,0.7406495809555054,0.09982769191265106,0.4779737889766693,0.9085214138031006,8.900965929031372,3.520444869995117,0.0020813941955566406,4.88614296913147,0.0851588249206543,0.31893134117126465,0.005486726760864258
5,14,7.636807918548584,-129.11652679443358,0.804185688495636,0.0961681380867958,0.47468650341033936,0.7485865354537964,7.634649991989136,3.0270941257476807,0.0021314620971679688,4.128474235534668,0.08303046226501465,0.3037285804748535,0.004592418670654297
5,15,8.823421001434326,-135.60699310302735,0.5896056294441223,0.1575147807598114,0.48279044032096863,0.888561487197876,8.82216739654541,3.5602598190307617,0.0012295246124267578,4.778234958648682,0.08423590660095215,0.30318593978881836,0.005110979080200195
5,16,8.269191026687622,-113.12193374633789,0.7344180345535278,0.04716034606099129,0.4456007480621338,0.8539263010025024,8.267826080322266,3.5455424785614014,0.001337289810180664,4.241543292999268,0.08441948890686035,0.3081049919128418,0.0048885345458984375
5,17,8.748914241790771,-150.3085968017578,0.8331727981567383,0.09408322721719742,0.48031729459762573,0.8784932494163513,8.747589588165283,3.095154047012329,0.0012965202331542969,5.196455240249634,0.08371448516845703,0.28438830375671387,0.0058972835540771484
5,18,9.352151870727539,-153.53914642333984,0.7122480273246765,0.12978912889957428,0.48350760340690613,0.9990586638450623,9.349936485290527,3.5890591144561768,0.0021872520446777344,5.278411149978638,0.08611512184143066,0.2956106662750244,0.005954265594482422
5,19,9.741807460784912,-170.4822799682617,0.6296612620353699,0.19400666654109955,0.4831429421901703,0.9907357096672058,9.739678144454956,3.5793511867523193,0.0021033287048339844,5.710860967636108,0.08572125434875488,0.27678585052490234,0.00609898567199707
5,20,8.062867403030396,-124.84517135620118,0.9584519863128662,0.10088878124952316,0.46529465913772583,0.6618818044662476,8.06065058708191,3.5898947715759277,0.0021800994873046875,4.005013704299927,0.08655309677124023,0.287341833114624,0.0044384002685546875
5,21,9.179234266281128,-155.89642181396485,0.8375178575515747,0.14739644527435303,0.48097583651542664,0.8007523417472839,9.177082538604736,3.4787044525146484,0.0021257400512695312,5.245208740234375,0.0868372917175293,0.2753119468688965,0.005537986755371094
5,22,9.021235227584839,-162.42760162353517,0.6853446364402771,0.1824284791946411,0.4809688925743103,0.8950667977333069,9.018609046936035,3.199589252471924,0.002599477767944336,5.3566107749938965,0.08592057228088379,0.28760337829589844,0.005723237991333008
5,23,8.38187551498413,-131.89081268310548,0.9998999834060669,0.18514518439769745,0.4730840027332306,0.5150606632232666,8.380160808563232,3.169144868850708,0.0016808509826660156,4.7251927852630615,0.08397746086120605,0.3028097152709961,0.005051136016845703
5,24,10.538005590438843,-181.68462524414062,0.9998999834060669,0.30644017457962036,0.2886294424533844,0.6879397034645081,10.536660194396973,3.5106709003448486,0.0013203620910644531,6.575506210327148,0.08547139167785645,0.26543402671813965,0.0070574283599853516
5,25,7.472681283950806,-101.77129745483398,0.7434841990470886,0.04204367473721504,0.4439743459224701,0.889523446559906,7.471442937850952,3.527606964111328,0.0012121200561523438,3.4750001430511475,0.0853428840637207,0.29233574867248535,0.003894805908203125
5,26,8.732688665390015,-150.85399017333984,0.6466422080993652,0.14839205145835876,0.47900402545928955,0.9998999834060669,8.73056697845459,3.175279378890991,0.0020873546600341797,5.026907444000244,0.08471822738647461,0.33490490913391113,0.005574464797973633
5,27,10.027950525283813,-166.87598419189453,0.9998999834060669,0.2709842622280121,0.3050832748413086,0.6578262448310852,10.026548147201538,3.4076945781707764,0.0013725757598876953,6.0633544921875,0.08441424369812012,0.3668045997619629,0.006559610366821289
5,28,9.275918006896973,-148.0669372558594,0.8932023644447327,0.07051092386245728,0.4746207892894745,0.9046912789344788,9.27312421798706,3.5724472999572754,0.002765655517578125,5.145348310470581,0.08573246002197266,0.36254143714904785,0.006025075912475586
5,29,10.092378616333008,-182.84602966308594,0.6050556302070618,0.2439434975385666,0.485400915145874,0.9394431710243225,10.090540409088135,3.2027764320373535,0.0018072128295898438,6.230219841003418,0.08272862434387207,0.43988609313964844,0.006476402282714844
5,30,6.981590270996094,-103.32571868896484,0.9998999834060669,0.5977256298065186,0.4900985062122345,0.8637993335723877,6.979159593582153,2.939962148666382,0.0024039745330810547,3.3950037956237793,0.08055257797241211,0.42159104347229004,0.003968715667724609
6,1,10.546261072158813,-349.6123321533203,0.8879504799842834,0.09118836373090744,0.4792235493659973,0.7531139850616455,10.543339967727661,3.72672438621521,0.002883434295654297,6.157975435256958,0.0855398178100586,0.43163084983825684,0.0070230960845947266
6,2,12.719933986663818,-424.8809112548828,0.9998999834060669,0.2739256024360657,0.26347658038139343,0.6975666284561157,12.717671394348145,3.9093210697174072,0.0022275447845458984,8.13732099533081,0.0877995491027832,0.4449269771575928,0.008827447891235352
6,3,5.465651273727417,-33.191100120544434,0.9998999834060669,0.08944123238325119,9.999999747378752e-05,0.6822198033332825,5.463516712188721,3.8447186946868896,0.002096891403198242,0.9811315536499023,0.0978689193725586,0.4209408760070801,0.0009431838989257812
6,4,5.3003222942352295,-29.706199073791502,0.9998999834060669,0.07515688985586166,9.999999747378752e-05,0.696585476398468,5.2979795932769775,3.830545425415039,0.0023081302642822266,0.8655910491943359,0.0878303050994873,0.4035615921020508,0.0008749961853027344
6,5,5.545508861541748,-27.644481468200684,0.9998999834060669,0.1947750300168991,9.999999747378752e-05,0.7268490195274353,5.5427327156066895,3.8844876289367676,0.002740144729614258,1.0489614009857178,0.09651637077331543,0.402008056640625,0.0013391971588134766
6,6,5.212899923324585,-27.903303337097167,0.9998999834060669,0.31930240988731384,9.999999747378752e-05,0.7169746160507202,5.210951566696167,3.6998112201690674,0.001918792724609375,0.8759565353393555,0.09271836280822754,0.41330599784851074,0.0007956027984619141
6,7,4.729388475418091,-28.27348937988281,0.9998999834060669,0.2188630849123001,9.999999747378752e-05,0.7315542697906494,4.727262020111084,3.1172564029693604,0.0020983219146728516,0.9753880500793457,0.08272743225097656,0.4302239418029785,0.0009372234344482422
6,8,5.40236759185791,-33.558030128479004,0.9998999834060669,9.999999747378752e-05,0.08156124502420425,0.7092360258102417,5.399591684341431,3.6925864219665527,0.0027382373809814453,1.0991218090057373,0.08948707580566406,0.4026377201080322,0.0011608600616455078
6,9,5.267046689987183,-39.11776962280273,0.9998999834060669,0.12803034484386444,9.999999747378752e-05,0.6411552429199219,5.264421224594116,3.6452949047088623,0.002590179443359375,1.0193743705749512,0.08605408668518066,0.3952353000640869,0.0010962486267089844
6,10,5.243634462356567,-27.973179626464844,0.9998999834060669,0.33980512619018555,9.999999747378752e-05,0.7162423133850098,5.241712331771851,3.746431589126587,0.0018954277038574219,0.8841547966003418,0.09665846824645996,0.39557957649230957,0.0007712841033935547
6,11,5.184096097946167,-30.378556632995604,0.9998999834060669,0.0703473761677742,9.999999747378752e-05,0.6968322396278381,5.1813554763793945,3.6971166133880615,0.0027053356170654297,0.8732831478118896,0.08383345603942871,0.4151022434234619,0.0008547306060791016
6,12,5.013165712356567,-0.012798309326171875,0.9998999834060669,9.999999747378752e-05,9.999999747378752e-05,0.9998999834060669,5.010944128036499,3.5682361125946045,0.0021877288818359375,0.8269731998443604,0.08527445793151855,0.415463924407959,0.0007958412170410156
6,13,4.863057374954224,-28.39656295776367,0.9998999834060669,0.18836160004138947,9.999999747378752e-05,0.7298985123634338,4.860211610794067,3.2847535610198975,0.002818584442138672,0.9529018402099609,0.08471536636352539,0.4200618267059326,0.0012273788452148438
6,14,4.6789679527282715,-28.073039245605468,0.9998999834060669,0.24436740577220917,9.999999747378752e-05,0.727123498916626,4.676634788513184,3.084817886352539,0.002306699752807617,0.9763340950012207,0.08408117294311523,0.4086029529571533,0.0009164810180664062
6,15,5.063675403594971,-27.69575729370117,0.9998999834060669,0.31533417105674744,9.999999747378752e-05,0.7146082520484924,5.061363697052002,3.586148977279663,0.0022857189178466797,0.8461089134216309,0.08530497550964355,0.4208104610443115,0.0007789134979248047
6,16,5.146461486816406,-34.01757621765137,0.9998999834060669,0.07328686118125916,9.999999747378752e-05,0.7187241315841675,5.144190549850464,3.55273699760437,0.0022432804107666016,1.023836374282837,0.08416962623596191,0.3755028247833252,0.0010690689086914062
6,17,4.981339454650879,-29.572266387939454,0.9998999834060669,0.057418469339609146,9.999999747378752e-05,0.7031283378601074,4.979119539260864,3.591989755630493,0.002193927764892578,0.848931074142456,0.08485245704650879,0.3569793701171875,0.0008821487426757812
6,18,5.124455213546753,-36.127417373657224,0.9998999834060669,9.999999747378752e-05,0.12113587558269501,0.660266101360321,5.122600317001343,3.5731356143951416,0.001825571060180664,1.0028352737426758,0.08403301239013672,0.36002111434936523,0.001041412353515625
6,19,4.619391441345215,-42.06458015441895,0.9998999834060669,0.5117715001106262,9.999999747378752e-05,0.7026984691619873,4.618149757385254,2.939035654067993,0.0012145042419433594,1.1445720195770264,0.08105778694152832,0.3469252586364746,0.0012383460998535156
6,20,4.534712314605713,-29.003279876708984,0.9998999834060669,0.22969353199005127,9.999999747378752e-05,0.7335157990455627,4.5323097705841064,3.019470453262329,0.002376556396484375,0.9784839153289795,0.08192777633666992,0.3460347652435303,0.0009391307830810547
6,21,4.508403062820435,-32.140098571777344,0.9998999834060669,0.3832468092441559,9.999999747378752e-05,0.726351261138916,4.50562596321106,2.912468194961548,0.002744913101196289,1.0605008602142334,0.0812978744506836,0.34595417976379395,0.001050710678100586
6,22,5.207523345947266,-40.22927742004394,0.9998999834060669,0.11796195060014725,9.999999747378752e-05,0.6794052720069885,5.2048938274383545,3.6113576889038086,0.0025949478149414062,1.1733038425445557,0.08449292182922363,0.2510337829589844,0.001219034194946289
6,23,4.915839433670044,-27.618830108642577,0.9998999834060669,0.1850588470697403,9.999999747378752e-05,0.7248440384864807,4.914631128311157,3.5515143871307373,0.0011823177337646484,0.9602386951446533,0.08438944816589355,0.24019384384155273,0.0008995532989501953
6,24,4.760965824127197,-30.31823596954346,0.9998999834060669,0.07602842152118683,9.999999747378752e-05,0.6920576095581055,4.759021997451782,3.5072367191314697,0.0019178390502929688,0.8533456325531006,0.08406877517700195,0.23624134063720703,0.0008904933929443359
6,25,5.07682204246521,-40.13681335449219,0.9934643507003784,0.11633104085922241,9.999999747378752e-05,0.6931658983230591,5.075425386428833,3.482799768447876,0.0013704299926757812,1.1928927898406982,0.08396363258361816,0.23665690422058105,0.0012531280517578125
6,26,5.012223958969116,-33.262017822265626,0.9998999834060669,0.0777854174375534,9.999999747378752e-05,0.681826114654541,5.0093770027160645,3.6790194511413574,0.002804279327392578,0.9359152317047119,0.08561944961547852,0.23114442825317383,0.0009706020355224609
6,27,5.056052207946777,-31.53142738342285,0.9998999834060669,0.41033637523651123,9.999999747378752e-05,0.7173713445663452,5.054114103317261,3.6120991706848145,0.0019142627716064453,1.0439767837524414,0.08518362045288086,0.23479127883911133,0.0009875297546386719
6,28,5.086797475814819,-40.47920951843262,0.9998999834060669,0.12923364341259003,9.999999747378752e-05,0.6544574499130249,5.085376262664795,3.4621710777282715,0.0013968944549560547,1.2199280261993408,0.08528852462768555,0.23871350288391113,0.001262664794921875
6,29,4.701900959014893,-27.226116752624513,0.9998999834060669,0.29430660605430603,9.999999747378752e-05,0.7107971906661987,4.700727462768555,3.442706346511841,0.0011489391326904297,0.8578479290008545,0.08329296112060547,0.23660898208618164,0.0007970333099365234
6,30,4.440273761749268,-27.01921863555908,0.9998999834060669,0.19487322866916656,9.999999747378752e-05,0.7237445116043091,4.438351154327393,3.0593478679656982,0.001898050308227539,0.9860227108001709,0.08084964752197266,0.2323009967803955,0.0009393692016601562
7,1,13.272808313369751,-907.8183349609375,0.9645105600357056,0.2585398852825165,0.2884257137775421,0.6437751054763794,13.269559144973755,3.8808693885803223,0.0032241344451904297,8.942676305770874,0.08309435844421387,0.27127575874328613,0.009536504745483398
7,2,12.731234073638916,-827.2964233398437,0.9998999834060669,0.1989014893770218,0.28862515091896057,0.6685046553611755,12.728394985198975,3.930414915084839,0.0028076171875,8.35962200164795,0.08513641357421875,0.2659134864807129,0.009208202362060547
7,3,12.35465955734253,-871.4097290039062,0.9288457036018372,0.19091299176216125,0.2915063500404358,0.7561610341072083,12.35143494606018,3.722230911254883,0.003198385238647461,8.170744895935059,0.08457207679748535,0.2882654666900635,0.008885860443115234
7,4,13.178145408630371,-950.2470092773438,0.9627319574356079,0.29357799887657166,0.29009711742401123,0.6192272901535034,13.175665140151978,3.2789156436920166,0.002454996109008789,9.454560279846191,0.08211827278137207,0.2599010467529297,0.010109424591064453
7,5,12.95716381072998,-925.9770751953125,0.9629886746406555,0.2656353712081909,0.29088833928108215,0.6434091925621033,12.953796625137329,3.5650885105133057,0.0033359527587890625,8.944247484207153,0.0828862190246582,0.2670741081237793,0.009695053100585938
7,6,13.246675729751587,-923.1634155273438,0.9583277702331543,0.2598569393157959,0.2770741879940033,0.671039879322052,13.244032621383667,3.9583048820495605,0.0026178359985351562,8.853154420852661,0.08428049087524414,0.25164055824279785,0.009510278701782227
7,7,12.47834849357605,-892.5702758789063,0.9478435516357422,0.22789113223552704,0.3345075249671936,0.6453461647033691,12.474905967712402,3.613128185272217,0.003416776657104492,8.421963214874268,0.08410525321960449,0.26775360107421875,0.008977413177490234
7,8,12.317510843276978,-879.185205078125,0.9837160110473633,0.22251367568969727,0.27601709961891174,0.6793755888938904,12.313677787780762,3.4913272857666016,0.003807544708251953,8.380361795425415,0.08242464065551758,0.2745082378387451,0.00912165641784668
7,9,12.32631778717041,-900.981298828125,0.9537034034729004,0.270853191614151,0.28604966402053833,0.6481890678405762,12.323121786117554,3.2985665798187256,0.003168821334838867,8.582969903945923,0.08164119720458984,0.2705514430999756,0.009168148040771484
7,10,12.925762176513672,-918.5095336914062,0.9721392393112183,0.2664221227169037,0.3156451880931854,0.6107702851295471,12.923105716705322,3.598313570022583,0.0026302337646484375,8.866897344589233,0.08327031135559082,0.2891249656677246,0.009427785873413086
7,11,12.910120964050293,-888.16318359375,0.9987043738365173,0.21747733652591705,0.2920200526714325,0.6574633121490479,12.907723903656006,3.9700779914855957,0.0023660659790039062,8.512975215911865,0.08487153053283691,0.24645280838012695,0.009202241897583008
7,12,13.39523696899414,-874.2741088867188,0.9998999834060669,0.25120308995246887,0.29013219475746155,0.6196273565292358,13.39283537864685,3.772932767868042,0.002374410629272461,9.17625617980957,0.08549380302429199,0.26444077491760254,0.00985407829284668
7,13,12.823849201202393,-891.0192321777344,0.9799772500991821,0.24424545466899872,0.2865120768547058,0.6538492441177368,12.821394205093384,3.764549732208252,0.002428293228149414,8.603614807128906,0.08588171005249023,0.2793760299682617,0.009201526641845703
7,14,13.58417558670044,-884.9103515625,0.9998999834060669,0.23503832519054413,0.30347615480422974,0.6255987882614136,13.580878019332886,3.965972423553467,0.0032651424407958984,9.174947500228882,0.08515620231628418,0.26269078254699707,0.009770393371582031
7,15,13.462953090667725,-887.3420166015625,0.9998999834060669,0.2402685582637787,0.28041091561317444,0.6426838040351868,13.459721565246582,3.9621310234069824,0.003203868865966797,9.065228939056396,0.08655357360839844,0.25397801399230957,0.009824752807617188
7,16,12.755010843276978,-857.8245300292969,0.9998999834060669,0.22232717275619507,0.2918400764465332,0.6383330225944519,12.751391649246216,3.8504340648651123,0.003593921661376953,8.444978952407837,0.08362126350402832,0.28167200088500977,0.009199857711791992
7,17,13.63517141342163,-923.8804748535156,0.9772266745567322,0.26019206643104553,0.2960622310638428,0.6346092224121094,13.631950616836548,3.974619150161743,0.0031893253326416016,9.2153959274292,0.08443975448608398,0.261364221572876,0.009907722473144531
7,18,12.805288076400757,-875.991015625,0.9574876427650452,0.23481068015098572,0.27479371428489685,0.6893667578697205,12.801837682723999,3.9899492263793945,0.003423452377319336,8.367278099060059,0.08525919914245605,0.2747514247894287,0.009075403213500977
7,19,12.544767141342163,-911.19853515625,0.9631311893463135,0.26297566294670105,0.3091650903224945,0.6276779174804688,12.541501760482788,3.2413461208343506,0.0032377243041992188,8.833826541900635,0.08127856254577637,0.29188084602355957,0.009529590606689453
7,20,12.621180772781372,-888.6203247070313,0.9872373938560486,0.20829997956752777,0.29760652780532837,0.6724097728729248,12.61730432510376,3.644371509552002,0.003835916519165039,8.526188611984253,0.08399772644042969,0.26587677001953125,0.009466886520385742
7,21,13.060732364654541,-914.6898803710938,0.9689286351203918,0.2630716860294342,0.2714001536369324,0.6609175205230713,13.057406663894653,3.9392707347869873,0.0032968521118164062,8.67254114151001,0.08496451377868652,0.2681405544281006,0.00926518440246582
7,22,13.082183361053467,-892.3516662597656,0.9755744934082031,0.2461264282464981,0.2696022093296051,0.6754674911499023,13.078948497772217,3.974219560623169,0.0032100677490234375,8.665369510650635,0.08622360229492188,0.2602849006652832,0.009366750717163086
7,23,12.225568056106567,-861.2586547851563,0.9850593209266663,0.20613765716552734,0.2850111722946167,0.6847724318504333,12.223088264465332,3.3966481685638428,0.002454042434692383,8.377658367156982,0.0818643569946289,0.27158045768737793,0.009165763854980469
7,24,13.29849910736084,-959.4266662597656,0.8895806670188904,0.28989800810813904,0.31398439407348633,0.6607771515846252,13.295936107635498,3.9573376178741455,0.002524137496948242,8.897094964981079,0.08541226387023926,0.26444458961486816,0.00929713249206543
7,25,12.651448965072632,-852.7054321289063,0.9706400632858276,0.193972647190094,0.29157403111457825,0.708813488483429,12.648172378540039,4.030402898788452,0.003244638442993164,8.17707371711731,0.08539557456970215,0.2573096752166748,0.00888824462890625
7,26,13.2006516456604,-898.674658203125,0.9660109281539917,0.23388685286045074,0.30023500323295593,0.664160966873169,13.196449279785156,4.069610595703125,0.004175901412963867,8.652528524398804,0.08576130867004395,0.2894752025604248,0.009368896484375
7,27,12.985829830169678,-879.124462890625,0.9662019610404968,0.23149219155311584,0.2857215106487274,0.6832059621810913,12.982673645019531,4.064605951309204,0.0031282901763916016,8.42137598991394,0.08675312995910645,0.30510711669921875,0.009026288986206055
7,28,12.963838338851929,-883.9258239746093,0.9998999834060669,0.24271541833877563,0.2595928907394409,0.6651819944381714,12.960421562194824,3.969836711883545,0.003387928009033203,8.483365297317505,0.08553767204284668,0.3150756359100342,0.009408235549926758
7,29,12.376523733139038,-941.2580688476562,0.6300279498100281,0.20169563591480255,0.4829454720020294,0.8639448881149292,12.373376846313477,3.4114766120910645,0.0031189918518066406,8.445720672607422,0.08249902725219727,0.3196258544921875,0.009015083312988281
7,30,12.94824743270874,-909.4145812988281,0.7357826232910156,0.2052479237318039,0.3798621892929077,0.8254927396774292,12.945131540298462,3.8998396396636963,0.003088712692260742,8.532373905181885,0.085235595703125,0.31806421279907227,0.009068489074707031
8,1,9.343303203582764,-2111.22216796875,0.9998999834060669,0.20196406543254852,0.3028371334075928,0.6618556380271912,9.33784556388855,4.2307305335998535,0.005429267883300781,4.62862491607666,0.0852060317993164,0.2928128242492676,0.0046541690826416016
8,2,9.3609037399292,-2235.43154296875,0.9785831570625305,0.25503477454185486,0.2962142825126648,0.644356369972229,9.35629677772522,4.2076380252838135,0.004579305648803711,4.637755870819092,0.08417916297912598,0.3330256938934326,0.00458073616027832
8,3,9.181477308273315,-2237.699072265625,0.9852194786071777,0.25388655066490173,0.27970221638679504,0.6540217995643616,9.176575422286987,3.944322347640991,0.004874706268310547,4.724228620529175,0.0812232494354248,0.3317739963531494,0.004700183868408203
8,4,9.461472034454346,-2314.437353515625,0.9592879414558411,0.2781049311161041,0.28554779291152954,0.6491762399673462,9.45584487915039,4.169695615768433,0.005597591400146484,4.805862188339233,0.0834650993347168,0.30139589309692383,0.004826545715332031
8,5,9.253819942474365,-2199.902734375,0.9700806736946106,0.22721420228481293,0.29323610663414,0.6870834231376648,9.249080181121826,4.177613258361816,0.004714012145996094,4.551176071166992,0.08341073989868164,0.3510010242462158,0.004512786865234375
8,6,9.22504711151123,-2258.5945068359374,0.9231738448143005,0.2311108410358429,0.3274272680282593,0.6926528811454773,9.219701290130615,4.1829140186309814,0.0053174495697021484,4.504183053970337,0.08242273330688477,0.361269474029541,0.004466533660888672
8,7,8.602917194366455,-2195.1947265625,0.9885855317115784,0.2395477145910263,0.29488667845726013,0.6466307044029236,8.597360372543335,3.4560365676879883,0.005530834197998047,4.635043621063232,0.07841229438781738,0.3251802921295166,0.0046100616455078125
8,8,8.549314022064209,-2210.559423828125,0.9886051416397095,0.24927593767642975,0.281764417886734,0.6522794961929321,8.543897151947021,3.4114067554473877,0.005388736724853516,4.653041124343872,0.0786750316619873,0.29095983505249023,0.00466609001159668
8,9,9.186151027679443,-2298.682080078125,0.9287655353546143,0.2352517992258072,0.30835890769958496,0.6991037726402283,9.181285619735718,4.090728282928467,0.00484013557434082,4.569112539291382,0.08451700210571289,0.34230685234069824,0.0045244693756103516
8,10,9.493695974349976,-2253.483984375,0.9848629832267761,0.24334484338760376,0.3026513159275055,0.6470292806625366,9.488106966018677,4.148588418960571,0.005557060241699219,4.833543300628662,0.08496713638305664,0.33044886589050293,0.004874229431152344
8,11,9.16840648651123,-2337.3078857421874,0.9485564827919006,0.2851458489894867,0.30371057987213135,0.6337270736694336,9.163517236709595,3.9362993240356445,0.004855155944824219,4.706538200378418,0.08285403251647949,0.3470616340637207,0.004681825637817383
8,12,9.437506198883057,-2183.6609619140627,0.9998999834060669,0.2365531623363495,0.287110835313797,0.6448691487312317,9.432552099227905,4.143541574478149,0.0049288272857666016,4.779573678970337,0.08284354209899902,0.3362467288970947,0.004682302474975586
8,13,9.360551357269287,-2190.762646484375,0.9761074185371399,0.219331756234169,0.3074599802494049,0.669958770275116,9.354804277420044,4.194790601730347,0.005721092224121094,4.627516031265259,0.08501529693603516,0.36065101623535156,0.0045812129974365234
8,14,9.348085165023804,-2227.1350830078127,0.9998999834060669,0.2549452483654022,0.298308789730072,0.6153844594955444,9.343443393707275,4.027832984924316,0.0046155452728271484,4.8532538414001465,0.08394765853881836,0.26927876472473145,0.004831790924072266
8,15,9.128459453582764,-2231.9883056640624,0.9479077458381653,0.24322015047073364,0.29494407773017883,0.6850054860115051,9.123600006103516,4.136025667190552,0.0048313140869140625,4.469462633132935,0.08433151245117188,0.3417513370513916,0.004461765289306641
8,16,8.557249069213867,-2164.9879150390625,0.9998999834060669,0.21946758031845093,0.2970450520515442,0.655963659286499,8.551744937896729,3.460515260696411,0.0054700374603271484,4.574754476547241,0.07866764068603516,0.33394956588745117,0.0045719146728515625
8,17,9.49899959564209,-2306.54892578125,0.9729831218719482,0.27445119619369507,0.3064570426940918,0.617324709892273,9.382204055786133,4.113352537155151,0.11673140525817871,4.775474309921265,0.08349943161010742,0.3135814666748047,0.004746198654174805
8,18,9.287619829177856,-2289.91162109375,0.9507405161857605,0.27173781394958496,0.28826072812080383,0.6595541834831238,9.28280520439148,4.138160467147827,0.00478816032409668,4.632679224014282,0.08231186866760254,0.3379790782928467,0.004611015319824219
8,19,9.186600923538208,-2268.859521484375,0.9561648964881897,0.2509634792804718,0.29573312401771545,0.6664839386940002,9.181329011917114,4.068438768386841,0.005247354507446289,4.591916084289551,0.08195066452026367,0.3420243263244629,0.004647493362426758
8,20,9.253587245941162,-2202.310693359375,0.9821507334709167,0.23678116500377655,0.30125322937965393,0.6544846892356873,9.248638391494751,3.9900472164154053,0.0049228668212890625,4.768649101257324,0.08314323425292969,0.3108992576599121,0.00473785400390625
8,21,8.868346691131592,-2192.3574951171877,0.9521800875663757,0.19601893424987793,0.32129669189453125,0.7033758163452148,8.864324569702148,3.86112642288208,0.003996610641479492,4.47042441368103,0.08075785636901855,0.36180567741394043,0.004456281661987305
8,22,9.185487031936646,-2239.5390869140624,0.9518705010414124,0.2595994472503662,0.28941547870635986,0.6728537678718567,9.179542541503906,4.107694864273071,0.005912065505981445,4.539796352386475,0.08277273178100586,0.3604276180267334,0.0045053958892822266
8,23,9.396342754364014,-2265.867626953125,0.9617448449134827,0.24619698524475098,0.3159094750881195,0.6479091644287109,9.39218282699585,4.192375421524048,0.004134178161621094,4.704349517822266,0.08367514610290527,0.3103461265563965,0.0047266483306884766
8,24,9.398879528045654,-2261.0505859375,0.9615439176559448,0.23855821788311005,0.32914695143699646,0.6443417072296143,9.393827676773071,4.157120227813721,0.005025625228881836,4.740862607955933,0.0839996337890625,0.3188164234161377,0.004697322845458984
8,25,9.357747554779053,-2304.35146484375,0.9435300827026367,0.2583039402961731,0.29908764362335205,0.6689243912696838,9.352403402328491,4.241755723953247,0.00531005859375,4.579452276229858,0.08616328239440918,0.35428452491760254,0.004518747329711914
8,26,9.181043148040771,-2325.70419921875,0.9446851015090942,0.27779558300971985,0.30628272891044617,0.6423821449279785,9.17553997039795,3.974874258041382,0.005474567413330078,4.70703387260437,0.08313512802124023,0.3154487609863281,0.004664421081542969
8,27,9.228007793426514,-2190.88994140625,0.9655969738960266,0.23677481710910797,0.2929503321647644,0.6712019443511963,9.222857475280762,4.182496786117554,0.0051174163818359375,4.536822319030762,0.08734679222106934,0.31949377059936523,0.00452876091003418
8,28,9.364198923110962,-2203.7555908203126,0.9974011182785034,0.24037288129329681,0.29951485991477966,0.6375089883804321,9.358744144439697,4.1270856857299805,0.005425214767456055,4.725790739059448,0.08505463600158691,0.32991933822631836,0.0046846866607666016
8,29,9.27947998046875,-2235.4873779296877,0.9749498963356018,0.23947928845882416,0.2955777645111084,0.6614499688148499,9.275365114212036,4.181703805923462,0.0040874481201171875,4.587273836135864,0.08647012710571289,0.32505011558532715,0.0045549869537353516
8,30,9.363295555114746,-2237.3671630859376,0.9683073163032532,0.24424003064632416,0.29289036989212036,0.6631351709365845,9.35926365852356,4.219914436340332,0.004001140594482422,4.634966611862183,0.08679366111755371,0.3249073028564453,0.004616737365722656
9,1,10.571010828018188,-5584.790283203125,0.9571701884269714,0.25898265838623047,0.31393060088157654,0.6445057392120361,10.561647176742554,4.448322296142578,0.009334087371826172,5.639998435974121,0.0858469009399414,0.29706358909606934,0.005705118179321289
9,2,9.968948364257812,-5520.32294921875,0.9613738059997559,0.250589519739151,0.29782700538635254,0.6657832264900208,9.960685014724731,3.8798911571502686,0.008234500885009766,5.616964340209961,0.08054709434509277,0.2868192195892334,0.005731821060180664
9,3,10.447323560714722,-5509.19814453125,0.965485155582428,0.26295843720436096,0.30488121509552,0.6414188742637634,10.439669847488403,4.3339855670928955,0.007625102996826172,5.636901378631592,0.08223462104797363,0.2941596508026123,0.005721092224121094
9,4,10.58692479133606,-5554.50478515625,0.9618999361991882,0.26655638217926025,0.3076970875263214,0.6372274160385132,10.577964782714844,4.310235023498535,0.008925914764404297,5.809337377548218,0.08346033096313477,0.26584362983703613,0.005853176116943359
9,5,10.312529802322388,-5487.29443359375,0.9573894739151001,0.25724995136260986,0.3124364912509918,0.6458587646484375,10.297126531600952,4.2035417556762695,0.015369653701782227,5.590472936630249,0.08250975608825684,0.3321263790130615,0.008422374725341797
9,6,9.765645742416382,-5555.79482421875,0.9457061290740967,0.2575215697288513,0.30483707785606384,0.6677291989326477,9.75744366645813,3.781161069869995,0.008173465728759766,5.479413986206055,0.07893657684326172,0.31780409812927246,0.00556635856628418
9,7,10.631279468536377,-5661.72001953125,0.9479559063911438,0.2714554965496063,0.31387239694595337,0.6412201523780823,10.622834920883179,4.379729986190796,0.008407831192016602,5.757448673248291,0.08570098876953125,0.3020145893096924,0.005738496780395508
9,8,10.590779066085815,-5665.268994140625,0.9339507818222046,0.2735324203968048,0.31549781560897827,0.649551272392273,10.581003189086914,4.458671569824219,0.009743452072143555,5.639079809188843,0.08550667762756348,0.305011510848999,0.006124734878540039
9,9,10.327046394348145,-5459.344921875,0.967566192150116,0.24897190928459167,0.2889400124549866,0.6704283356666565,10.317956686019897,4.233351707458496,0.009046792984008789,5.598012447357178,0.08382868766784668,0.3010690212249756,0.005761623382568359
9,10,10.602030754089355,-5593.301318359375,0.9328303933143616,0.2642099857330322,0.3117189109325409,0.6637603640556335,10.593389511108398,4.5198423862457275,0.008605718612670898,5.598742723464966,0.08470916748046875,0.29282546043395996,0.005692005157470703
9,11,10.73759412765503,-5629.37587890625,0.9429813027381897,0.28464144468307495,0.31360721588134766,0.6298666596412659,10.729148864746094,4.429794549942017,0.00840616226196289,5.807539463043213,0.08657670021057129,0.3037867546081543,0.005862712860107422
9,12,10.655229091644287,-5576.891162109375,0.9559743404388428,0.2690034508705139,0.3053855895996094,0.6446869373321533,10.645786046981812,4.419769525527954,0.009412765502929688,5.761053800582886,0.08717966079711914,0.2791147232055664,0.006134748458862305
9,13,10.460368871688843,-5399.85390625,0.9636164307594299,0.2585426867008209,0.2872677147388458,0.6615934371948242,10.451395750045776,4.361342191696167,0.008944034576416016,5.600069761276245,0.08382415771484375,0.3123500347137451,0.005618095397949219
9,14,10.154473781585693,-5568.710205078125,0.9482179284095764,0.268684446811676,0.3235566318035126,0.6345553398132324,10.145828008651733,4.05268120765686,0.00861501693725586,5.591821670532227,0.08253645896911621,0.33182668685913086,0.005655527114868164
9,15,10.658215522766113,-5549.714794921875,0.9743925929069519,0.270575612783432,0.3033582270145416,0.6258049011230469,10.649340152740479,4.280393600463867,0.008843660354614258,5.900209426879883,0.08378267288208008,0.27919554710388184,0.005994558334350586
9,16,10.473648309707642,-5506.90419921875,0.9613081812858582,0.25158336758613586,0.30482152104377747,0.6562426090240479,10.464701890945435,4.414833068847656,0.008915901184082031,5.569316148757935,0.08414721488952637,0.2980637550354004,0.005604982376098633
9,17,10.563669681549072,-5586.196533203125,0.9459821581840515,0.2715338170528412,0.327406108379364,0.6265148520469666,10.555106401443481,4.437291383743286,0.008533477783203125,5.658900737762451,0.08456158638000488,0.28174471855163574,0.005657672882080078
9,18,10.499389171600342,-5594.0556640625,0.9483516216278076,0.27074432373046875,0.29334574937820435,0.6620604991912842,10.490617990493774,4.311713218688965,0.008741140365600586,5.711714744567871,0.08539080619812012,0.2785031795501709,0.00568079948425293
9,19,10.214505195617676,-5640.284716796875,0.9348888993263245,0.27374088764190674,0.3047790825366974,0.6606730222702026,10.205533504486084,4.119467496871948,0.008944988250732422,5.614528179168701,0.08381485939025879,0.2823350429534912,0.005625724792480469
9,20,10.07166862487793,-5562.059765625,0.9617681503295898,0.2613675594329834,0.3152371048927307,0.6346487402915955,10.062812089920044,3.872396469116211,0.008826494216918945,5.6951329708099365,0.08240008354187012,0.31137919425964355,0.005792856216430664
9,21,10.50232219696045,-5593.3326171875,0.9293424487113953,0.27648159861564636,0.3161509931087494,0.6470707654953003,10.494353532791138,4.448599576950073,0.007941246032714844,5.526995420455933,0.08561921119689941,0.351604700088501,0.0055735111236572266
9,22,10.469472885131836,-5725.190380859375,0.929929256439209,0.29272711277008057,0.3129860758781433,0.6383681893348694,10.461210012435913,4.348240613937378,0.008229255676269531,5.6262688636779785,0.08487272262573242,0.3110172748565674,0.005621433258056641
9,23,10.497641324996948,-5589.032568359375,0.951428234577179,0.2647191286087036,0.30408337712287903,0.653887927532196,10.48935055732727,4.436176300048828,0.008255958557128906,5.567509412765503,0.08535242080688477,0.3059542179107666,0.005625486373901367
9,24,10.631459712982178,-5613.2017578125,0.9513082504272461,0.2738301753997803,0.3103225827217102,0.6373493075370789,10.622590780258179,4.40947699546814,0.008840322494506836,5.726243257522583,0.08383703231811523,0.31428098678588867,0.0057451725006103516
9,25,10.151588201522827,-5547.151318359375,0.953178882598877,0.25432610511779785,0.3091978132724762,0.654123842716217,10.142616033554077,4.066461801528931,0.008939027786254883,5.574878692626953,0.0831906795501709,0.3253042697906494,0.005713224411010742
9,26,10.501278638839722,-5396.86826171875,0.9758493900299072,0.2423126995563507,0.29501765966415405,0.6627879738807678,10.492313623428345,4.388163089752197,0.008938312530517578,5.646013259887695,0.08438754081726074,0.27150678634643555,0.0057141780853271484
9,27,10.508062362670898,-5396.16748046875,0.9678641557693481,0.2417481243610382,0.3109607398509979,0.6522204279899597,10.499868154525757,4.433993577957153,0.008166790008544922,5.591875314712524,0.08357882499694824,0.2977869510650635,0.00567936897277832
9,28,10.36969804763794,-5531.958837890625,0.9621541500091553,0.26576897501945496,0.3076334595680237,0.6371695399284363,10.360934972763062,4.1143786907196045,0.008726119995117188,5.770834922790527,0.08333063125610352,0.2980461120605469,0.005928993225097656
9,29,10.499834537506104,-5409.734716796875,0.9706616997718811,0.25473061203956604,0.3010466992855072,0.6447625160217285,10.49095106124878,4.36006760597229,0.008856058120727539,5.647592067718506,0.0855097770690918,0.3047022819519043,0.005686759948730469
9,30,10.423543930053711,-5432.96328125,0.9558911919593811,0.2430652529001236,0.2809695303440094,0.6966221928596497,10.414602518081665,4.4245288372039795,0.008914947509765625,5.505192518234253,0.08489823341369629,0.3043098449707031,0.005589723587036133
10,1,12.141839504241943,-13664.794921875,0.9281824827194214,0.28310471773147583,0.3247089385986328,0.6373010277748108,12.124398469924927,4.52781867980957,0.01741194725036621,7.131356239318848,0.08578705787658691,0.27579402923583984,0.007376909255981445
10,2,12.1499764919281,-13732.64755859375,0.9311091899871826,0.27366188168525696,0.32093602418899536,0.6497422456741333,12.132965326309204,4.539652109146118,0.016972780227661133,7.133206367492676,0.08680129051208496,0.2767765522003174,0.007376432418823242
10,3,12.103523015975952,-13909.51484375,0.9319730401039124,0.2976779043674469,0.3350659906864166,0.609196662902832,12.086795330047607,4.240507364273071,0.016688823699951172,7.37073016166687,0.08426570892333984,0.2826230525970459,0.008008241653442383
10,4,12.291866540908813,-14243.94765625,0.9048240184783936,0.31731700897216797,0.3366643488407135,0.6155408620834351,12.275143146514893,4.593343734741211,0.01669454574584961,7.2461395263671875,0.08647894859313965,0.25036168098449707,0.007415294647216797
10,5,12.270398616790771,-13883.657421875,0.9197880625724792,0.30026331543922424,0.3192824125289917,0.6342353224754333,12.25347089767456,4.669270277023315,0.016889333724975586,7.137977361679077,0.08491873741149902,0.2692084312438965,0.00739598274230957
10,6,12.464087963104248,-14036.796484375,0.9171378016471863,0.2987971901893616,0.3253336548805237,0.6341221332550049,12.44763708114624,4.732078313827515,0.01642155647277832,7.268915891647339,0.08860206604003906,0.26291322708129883,0.007380008697509766
10,7,12.390886545181274,-13812.798046875,0.9329038262367249,0.3016093373298645,0.31705185770988464,0.6228360533714294,12.373583555221558,4.6553308963775635,0.01727437973022461,7.289180278778076,0.08554935455322266,0.24824786186218262,0.007493495941162109
10,8,12.321037769317627,-13862.5572265625,0.9241618514060974,0.2939751446247101,0.32544100284576416,0.6318854689598083,12.303390979766846,4.651554822921753,0.017610788345336914,7.208936929702759,0.0849306583404541,0.26140832901000977,0.00745844841003418
10,9,12.044846296310425,-13858.150390625,0.9265621304512024,0.29282015562057495,0.32579609751701355,0.6298572421073914,12.027732133865356,4.391122817993164,0.017081022262573242,7.192523002624512,0.08314347267150879,0.2573261260986328,0.007497310638427734
10,10,11.947568893432617,-13870.9603515625,0.9197978973388672,0.2970503270626068,0.33238542079925537,0.6246545910835266,11.930777788162231,4.277027130126953,0.016760826110839844,7.194899320602417,0.08282685279846191,0.28106212615966797,0.007400989532470703
10,11,12.347009897232056,-13941.8759765625,0.9264936447143555,0.30406057834625244,0.32862526178359985,0.6155917644500732,12.330769777297974,4.5586488246917725,0.016211748123168945,7.3248209953308105,0.08489799499511719,0.265810489654541,0.007631063461303711
10,12,12.469565391540527,-13646.45576171875,0.9300639033317566,0.2847977876663208,0.3185923099517822,0.6397330164909363,12.29751443862915,4.6608593463897705,0.17201828956604004,7.17259955406189,0.08524560928344727,0.28250551223754883,0.007417201995849609
10,13,12.19540786743164,-13667.9296875,0.9329463243484497,0.29274284839630127,0.31388700008392334,0.635129451751709,12.179777145385742,4.472810983657837,0.015601396560668945,7.2202653884887695,0.0842125415802002,0.3099844455718994,0.007407188415527344
10,14,12.119342565536499,-13780.0841796875,0.9291290044784546,0.28122204542160034,0.3206883668899536,0.6442586183547974,12.102871417999268,4.500336170196533,0.016439199447631836,7.117053747177124,0.0835871696472168,0.31348133087158203,0.007374763488769531
10,15,12.078714370727539,-13885.78515625,0.9196521639823914,0.29960715770721436,0.32760900259017944,0.6265504956245422,12.06233024597168,4.4351067543029785,0.016353130340576172,7.140993595123291,0.08253693580627441,0.31408095359802246,0.007375240325927734
10,16,12.189599990844727,-13923.9888671875,0.9209669232368469,0.29613712430000305,0.3265276849269867,0.6308034062385559,12.17288851737976,4.55826997756958,0.016681671142578125,7.1795690059661865,0.08329200744628906,0.26131343841552734,0.007480144500732422
10,17,12.31971287727356,-14068.9552734375,0.9078884124755859,0.3113258183002472,0.3406287729740143,0.6141851544380188,12.303186178207397,4.56069803237915,0.01648235321044922,7.2861762046813965,0.08487582206726074,0.26897263526916504,0.007463932037353516
10,18,12.369305610656738,-13900.36044921875,0.9257996082305908,0.29937687516212463,0.32762154936790466,0.6221516132354736,12.352584838867188,4.606863021850586,0.016688823699951172,7.280563831329346,0.08607172966003418,0.2839341163635254,0.007634162902832031
10,19,12.156829833984375,-13796.2234375,0.9179773330688477,0.28904828429222107,0.31974563002586365,0.6470211744308472,12.140616178512573,4.651305913925171,0.016182661056518555,7.043873071670532,0.08490371704101562,0.2658572196960449,0.0072612762451171875
10,20,12.239787578582764,-13871.334375,0.9177430868148804,0.2967456579208374,0.32776039838790894,0.6309890151023865,12.223230838775635,4.6533942222595215,0.016516447067260742,7.118713855743408,0.0840003490447998,0.2746541500091553,0.007574319839477539
10,21,12.317684888839722,-13841.0201171875,0.9244130253791809,0.2914881110191345,0.3294251561164856,0.628719687461853,12.301054954528809,4.6658735275268555,0.016590356826782227,7.170961856842041,0.08391642570495605,0.28788018226623535,0.0074231624603271484
10,22,12.577236890792847,-13758.32900390625,0.9185105562210083,0.2960829734802246,0.3225964605808258,0.635936439037323,12.560721397399902,4.73534369468689,0.016478776931762695,7.333460807800293,0.08754754066467285,0.29772496223449707,0.007322549819946289
10,23,12.102259874343872,-14125.83828125,0.9124910831451416,0.30590102076530457,0.330530047416687,0.6264591813087463,12.084471225738525,4.428130626678467,0.017759084701538086,7.184344530105591,0.08336710929870605,0.28925299644470215,0.007475376129150391
10,24,11.836847305297852,-13698.2369140625,0.932718813419342,0.28782668709754944,0.3238634467124939,0.6294116377830505,11.821554899215698,4.133829355239868,0.015253543853759766,7.184857368469238,0.08226728439331055,0.326430082321167,0.007536649703979492
10,25,11.66576361656189,-13844.55234375,0.9275855422019958,0.2991529405117035,0.32371971011161804,0.6238924264907837,11.649016380310059,3.995487689971924,0.016718149185180664,7.2068164348602295,0.08082962036132812,0.2602047920227051,0.007497310638427734
10,26,12.244460821151733,-14113.05673828125,0.9127228260040283,0.31078168749809265,0.3317933678627014,0.6195301413536072,12.227846622467041,4.527047872543335,0.016584157943725586,7.231833457946777,0.08334803581237793,0.2794792652130127,0.007408857345581055
10,27,12.575011253356934,-13918.24326171875,0.9232363700866699,0.3042253255844116,0.3290046155452728,0.618010938167572,12.559651374816895,4.730531215667725,0.015327215194702148,7.37176513671875,0.08487534523010254,0.2681097984313965,0.007626533508300781
10,28,12.398585557937622,-14003.5677734375,0.9161050319671631,0.29772719740867615,0.3336035907268524,0.62614905834198,12.38232159614563,4.647233963012695,0.016221284866333008,7.27370810508728,0.08685111999511719,0.28091001510620117,0.007552385330200195
10,29,12.615575313568115,-14140.5666015625,0.8981858491897583,0.3166014552116394,0.33508217334747314,0.6248449087142944,12.599523544311523,4.814080715179443,0.016011714935302734,7.314335823059082,0.08895421028137207,0.28859400749206543,0.007460594177246094
10,30,12.380175590515137,-14044.00322265625,0.9183511734008789,0.3057982623577118,0.32834386825561523,0.6218759417533875,12.364139318466187,4.609346151351929,0.0160062313079834,7.293960809707642,0.08617734909057617,0.2831110954284668,0.007536172866821289
11,1,14.877709150314331,-32825.4890625,0.8769525289535522,0.3383563458919525,0.3661251962184906,0.5806795358657837,14.845937490463257,4.801427364349365,0.03173470497131348,9.613624334335327,0.0864861011505127,0.2469794750213623,0.009988784790039062
11,2,14.94084644317627,-32433.1578125,0.8882390260696411,0.3280961215496063,0.3610140383243561,0.5853630304336548,14.908155679702759,4.894235610961914,0.03264808654785156,9.575264930725098,0.0861351490020752,0.24871540069580078,0.00996255874633789
11,3,14.62167739868164,-32559.81640625,0.883851170539856,0.3304823935031891,0.3567490577697754,0.5917457342147827,14.588864803314209,4.611680507659912,0.032781362533569336,9.514982461929321,0.08402013778686523,0.28592443466186523,0.009918689727783203
11,4,14.94228982925415,-32438.7130859375,0.8863401412963867,0.32575875520706177,0.35823386907577515,0.5917235016822815,14.7439546585083,4.696544408798218,0.1983034610748291,9.606486558914185,0.08413171768188477,0.26352787017822266,0.010100126266479492
11,5,14.957719564437866,-33143.06640625,0.8715517520904541,0.347175270318985,0.37000522017478943,0.574120044708252,14.92578673362732,4.816688537597656,0.0318906307220459,9.67244839668274,0.08426022529602051,0.25281429290771484,0.010082721710205078
11,6,14.918172121047974,-32658.18125,0.8820661902427673,0.3388666808605194,0.3653899133205414,0.5759607553482056,14.885661840438843,4.735671281814575,0.03247833251953125,9.694231748580933,0.0854029655456543,0.27445268630981445,0.009962797164916992
11,7,14.755897521972656,-32665.8328125,0.8850538730621338,0.32679489254951477,0.3626064956188202,0.588337779045105,14.725114822387695,4.729090929031372,0.03074789047241211,9.551891326904297,0.08468985557556152,0.26262617111206055,0.009909629821777344
11,8,14.969803810119629,-32571.0763671875,0.884535014629364,0.33152449131011963,0.36536821722984314,0.5813592672348022,14.937453031539917,4.895076036453247,0.03230905532836914,9.617913007736206,0.08511471748352051,0.23898029327392578,0.010109901428222656
11,9,14.967178106307983,-32919.962890625,0.8755633234977722,0.3418961465358734,0.3691270351409912,0.5762642621994019,14.936195611953735,4.821808815002441,0.030948638916015625,9.680938482284546,0.0860755443572998,0.23849773406982422,0.010082244873046875
11,10,14.814518690109253,-32532.228125,0.883151113986969,0.3287360668182373,0.35904544591903687,0.5914254188537598,14.782796144485474,4.8012168407440186,0.03168439865112305,9.522903680801392,0.08502936363220215,0.2798597812652588,0.009911298751831055
11,11,14.993314504623413,-32745.6021484375,0.8816896080970764,0.33707916736602783,0.36491796374320984,0.5789952278137207,14.96191120147705,4.8084306716918945,0.031369924545288086,9.713744640350342,0.08465838432312012,0.25017499923706055,0.011270523071289062
11,12,14.398144245147705,-32633.736328125,0.8797627091407776,0.3371715843677521,0.3583817481994629,0.5866285562515259,14.36715030670166,4.406769037246704,0.030958890914916992,9.502378463745117,0.08232855796813965,0.2813260555267334,0.00999760627746582
11,13,14.919228553771973,-32707.619921875,0.8871108293533325,0.3316322863101959,0.36842378973960876,0.575747013092041,14.887816190719604,4.743177652359009,0.031378746032714844,9.69220495223999,0.0851447582244873,0.2707698345184326,0.01008462905883789
11,14,14.857980728149414,-32199.71875,0.8929036855697632,0.3333826959133148,0.3543703258037567,0.5816548466682434,14.672614812850952,4.597750902175903,0.1853334903717041,9.627604246139526,0.08380484580993652,0.2663087844848633,0.010103940963745117
11,15,14.500633716583252,-32801.8314453125,0.8767136335372925,0.3395073413848877,0.3625403344631195,0.5835776925086975,14.468981266021729,4.461750507354736,0.03161978721618652,9.561471223831177,0.08256053924560547,0.26880931854248047,0.009966611862182617
11,16,14.846059083938599,-32933.413671875,0.8719932436943054,0.34661760926246643,0.36449936032295227,0.5789886713027954,14.814330577850342,4.771312475204468,0.031691789627075195,9.594998359680176,0.08529806137084961,0.27020955085754395,0.009890079498291016
11,17,14.9521803855896,-32762.1828125,0.8812856078147888,0.34446704387664795,0.362991064786911,0.5737420916557312,14.92084550857544,4.747970104217529,0.03130292892456055,9.732881307601929,0.08308529853820801,0.25389695167541504,0.010119915008544922
11,18,14.861363172531128,-32831.7421875,0.8788912296295166,0.3389582931995392,0.3615664839744568,0.5837745666503906,14.829102277755737,4.725194692611694,0.032216787338256836,9.680330514907837,0.08546590805053711,0.24053144454956055,0.009989738464355469
11,19,14.835288286209106,-33245.51171875,0.8689557909965515,0.3530139923095703,0.3711278736591339,0.569652259349823,14.803872108459473,4.680136203765869,0.03138256072998047,9.681031465530396,0.08507347106933594,0.2542605400085449,0.009953498840332031
11,20,14.556642532348633,-32399.3205078125,0.8871803283691406,0.32672762870788574,0.3579879701137543,0.5908019542694092,14.525404214859009,4.5533623695373535,0.03119969367980957,9.529356956481934,0.0838310718536377,0.272153377532959,0.009919166564941406
11,21,14.743408203125,-32793.91171875,0.8812437057495117,0.3386334180831909,0.36602193117141724,0.576350748538971,14.712834358215332,4.613862991333008,0.030543088912963867,9.640191316604614,0.08422017097473145,0.2733020782470703,0.009949684143066406
11,22,14.813976764678955,-32414.020703125,0.8817787766456604,0.3347492814064026,0.35832223296165466,0.5865969061851501,14.782803535461426,4.768559455871582,0.031141996383666992,9.57050371170044,0.08327865600585938,0.2671542167663574,0.009961128234863281
11,23,14.653055429458618,-32562.161328125,0.8816423416137695,0.33202460408210754,0.3633742034435272,0.5856602787971497,14.622045278549194,4.628089904785156,0.03097820281982422,9.565360307693481,0.08335638046264648,0.24127554893493652,0.009994745254516602
11,24,14.467976570129395,-32771.309375,0.8701741695404053,0.3454926609992981,0.3620742857456207,0.5841293334960938,14.435857057571411,4.4811506271362305,0.032082319259643555,9.49136233329773,0.08240509033203125,0.28408265113830566,0.010082721710205078
11,25,15.026591777801514,-32355.1451171875,0.8936854600906372,0.3285914659500122,0.35977932810783386,0.5801734328269958,14.993288040161133,4.892961502075195,0.033270835876464844,9.654948711395264,0.08499741554260254,0.2555873394012451,0.010136604309082031
11,26,14.520817041397095,-32647.980859375,0.8800511956214905,0.33621296286582947,0.3626951277256012,0.5830279588699341,14.488042831420898,4.511920690536499,0.03274226188659668,9.512128591537476,0.0838158130645752,0.2919306755065918,0.009978294372558594
11,27,14.544173955917358,-32533.959375,0.8823319673538208,0.3313027620315552,0.35798224806785583,0.5902433395385742,14.334464311599731,4.4388041496276855,0.20967674255371094,9.459179162979126,0.08214473724365234,0.2669377326965332,0.009853124618530273
11,28,14.7632315158844,-32528.9517578125,0.8832589983940125,0.3244249224662781,0.36088722944259644,0.5936933159828186,14.731139898300171,4.8411242961883545,0.03206014633178711,9.457499027252197,0.08450794219970703,0.2546088695526123,0.009824037551879883
11,29,14.989184379577637,-32645.425390625,0.8875247836112976,0.3348446786403656,0.3637412190437317,0.5769602656364441,14.957937240600586,4.855648040771484,0.03121018409729004,9.669134140014648,0.08539581298828125,0.2601170539855957,0.010187149047851562
11,30,14.890732526779175,-32591.0646484375,0.882279098033905,0.3348778486251831,0.3596678078174591,0.5852605700492859,14.85925579071045,4.81793999671936,0.03143477439880371,9.603876829147339,0.0854330062866211,0.2622251510620117,0.010027170181274414
12,1,18.35074758529663,-81106.7734375,0.8520630598068237,0.36756131052970886,0.38982999324798584,0.5589033365249634,18.283663034439087,4.926379919052124,0.06704306602478027,12.940810680389404,0.08667302131652832,0.23163223266601562,0.013583660125732422
12,2,18.16301941871643,-81263.6546875,0.852043867111206,0.37154364585876465,0.39114272594451904,0.5536797642707825,18.095489740371704,4.707123756408691,0.06749105453491211,12.942522287368774,0.08499574661254883,0.2640082836151123,0.013511896133422852
12,3,18.315531253814697,-81202.2828125,0.8480499386787415,0.37477463483810425,0.3941653072834015,0.5508095026016235,18.249930381774902,4.88692831993103,0.06556153297424316,12.938765287399292,0.08461880683898926,0.245208740234375,0.013472795486450195
12,4,18.605061531066895,-81051.49453125,0.8514450788497925,0.37225341796875,0.39456334710121155,0.5495588183403015,18.37894058227539,4.980984449386597,0.22608089447021484,12.969836711883545,0.08439826965332031,0.24182367324829102,0.013614654541015625
12,5,18.485400915145874,-81312.6125,0.8498973846435547,0.37432730197906494,0.3962087333202362,0.5478225946426392,18.418317794799805,4.979464530944824,0.06704497337341309,13.008124828338623,0.08444070816040039,0.2515740394592285,0.013584613800048828
12,6,17.956554651260376,-81167.91484375,0.8495340943336487,0.3701876401901245,0.3948877155780792,0.553292453289032,17.890550136566162,4.566919326782227,0.06596660614013672,12.872633695602417,0.08176803588867188,0.2808389663696289,0.01339864730834961
12,7,18.026943683624268,-81380.0609375,0.8483495116233826,0.3749360144138336,0.3963981866836548,0.548525869846344,17.961329460144043,4.577769994735718,0.06557154655456543,12.938799142837524,0.08228373527526855,0.26369595527648926,0.013661623001098633
12,8,18.14194893836975,-81359.95859375,0.8450704216957092,0.3723390996456146,0.3941003978252411,0.5567843317985535,18.076579332351685,4.8136115074157715,0.06533026695251465,12.813342571258545,0.08422136306762695,0.2752573490142822,0.013258934020996094
12,9,18.548685312271118,-81700.43125,0.8462397456169128,0.3758644461631775,0.3983890116214752,0.5480637550354004,18.32135820388794,4.956958532333374,0.22728967666625977,12.952506303787231,0.08436870574951172,0.22882890701293945,0.013658523559570312
12,10,18.53819704055786,-81532.9421875,0.8462333679199219,0.3794969320297241,0.39763450622558594,0.5448632836341858,18.47123885154724,4.969998598098755,0.06692075729370117,13.06967306137085,0.08450508117675781,0.2535083293914795,0.013680219650268555
12,11,18.569286584854126,-81089.703125,0.8524174690246582,0.37093451619148254,0.3939692974090576,0.5509751439094543,18.501050233840942,5.0479819774627686,0.06819581985473633,13.023035764694214,0.08573102951049805,0.24369597434997559,0.01370549201965332
12,12,18.557007312774658,-81165.040625,0.8496807217597961,0.37037596106529236,0.3963437080383301,0.5519334077835083,18.49060869216919,5.1044840812683105,0.0663595199584961,12.943128108978271,0.08715295791625977,0.2547900676727295,0.013541221618652344
12,13,18.466541051864624,-80510.05078125,0.8533526659011841,0.3670862317085266,0.3898235857486725,0.5574245452880859,18.40047287940979,5.107267379760742,0.06602692604064941,12.86588168144226,0.08739066123962402,0.2424159049987793,0.013547182083129883
12,14,18.58461833000183,-81548.7921875,0.8457825779914856,0.37534230947494507,0.396507203578949,0.5504883527755737,18.51772689819336,5.115188360214233,0.06685328483581543,12.96284532546997,0.08674287796020508,0.2519052028656006,0.013478755950927734
12,15,18.290364742279053,-81231.20234375,0.8481227159500122,0.37517690658569336,0.39440467953681946,0.5503122210502625,18.221705436706543,4.862038850784302,0.06862139701843262,12.921605825424194,0.08507728576660156,0.2568964958190918,0.013614892959594727
12,16,18.77476739883423,-80915.934375,0.8545652627944946,0.37020888924598694,0.3898855149745941,0.5534738898277283,18.51119637489319,5.088731527328491,0.2635324001312256,12.98585057258606,0.08691024780273438,0.25537681579589844,0.013661623001098633
12,17,18.57141613960266,-81726.234375,0.8433627486228943,0.37970083951950073,0.39801713824272156,0.547085702419281,18.504430532455444,5.057112455368042,0.06694531440734863,12.987896203994751,0.08656549453735352,0.2737617492675781,0.013434648513793945
12,18,18.20847725868225,-80892.31875,0.8517281413078308,0.366804301738739,0.3953322172164917,0.5539172291755676,18.14066243171692,4.805925607681274,0.06777691841125488,12.897098779678345,0.084442138671875,0.26114630699157715,0.013533830642700195
12,19,18.462218523025513,-81399.92890625,0.8477053046226501,0.373170405626297,0.3967016041278839,0.5506269335746765,18.39537501335144,5.000224351882935,0.06680488586425781,12.962365627288818,0.08714962005615234,0.2466592788696289,0.013531923294067383
12,20,18.103017568588257,-81205.15,0.8521910905838013,0.36921003460884094,0.3935650885105133,0.5532265901565552,18.036786794662476,4.661373615264893,0.0661928653717041,12.924702405929565,0.08442878723144531,0.2723982334136963,0.01356649398803711
12,21,18.397398710250854,-80915.64765625,0.8526095151901245,0.3677058219909668,0.39401257038116455,0.5534083843231201,18.330289602279663,4.96747612953186,0.06706500053405762,12.91147255897522,0.08595085144042969,0.26962804794311523,0.013470649719238281
12,22,18.537582874298096,-81369.68828125,0.8495096564292908,0.3775504529476166,0.394621342420578,0.5463895797729492,18.292734146118164,4.854176998138428,0.2448112964630127,13.003453969955444,0.08501458168029785,0.2503523826599121,0.0135955810546875
12,23,18.30748724937439,-80837.85,0.8544986248016357,0.36824026703834534,0.3944408595561981,0.5505791306495667,18.238555192947388,4.845385313034058,0.06889486312866211,12.941484451293945,0.08462166786193848,0.27544593811035156,0.013733625411987305
12,24,18.628660440444946,-81721.5375,0.8453760147094727,0.3807748258113861,0.3952654004096985,0.547080934047699,18.561439275741577,5.085680723190308,0.06718039512634277,13.052663326263428,0.08711123466491699,0.2328803539276123,0.01348257064819336
12,25,18.66361951828003,-81675.59140625,0.8475914001464844,0.378254771232605,0.39665722846984863,0.5461348295211792,18.59725308418274,5.08354926109314,0.06632876396179199,13.072249174118042,0.08730435371398926,0.253619909286499,0.013650655746459961
12,26,18.123197317123413,-81100.6125,0.848603367805481,0.37155914306640625,0.3940683901309967,0.5538161993026733,18.055713891983032,4.741856098175049,0.06744647026062012,12.87719988822937,0.0854787826538086,0.2552158832550049,0.013427257537841797
12,27,18.50472378730774,-80978.1875,0.8545774817466736,0.3693042993545532,0.3869383931159973,0.5576226115226746,18.43712615966797,5.082597732543945,0.06755995750427246,12.91866135597229,0.08708500862121582,0.25431156158447266,0.013630151748657227
12,28,18.69018816947937,-81532.37109375,0.8483453989028931,0.3785429000854492,0.39579176902770996,0.5456582903862,18.621365785598755,5.111257314682007,0.06878137588500977,13.07228398323059,0.08677530288696289,0.25425100326538086,0.013791084289550781
12,29,18.618478298187256,-81262.8390625,0.8486257195472717,0.3710774779319763,0.39401277899742126,0.5547433495521545,18.355085134506226,5.017257213592529,0.2633543014526367,12.91600751876831,0.08596587181091309,0.24605655670166016,0.013498306274414062
12,30,18.5733163356781,-81049.05546875,0.8496520519256592,0.3711329698562622,0.395672082901001,0.5511967539787292,18.50558638572693,5.112675189971924,0.06769227981567383,12.961705207824707,0.0878288745880127,0.25378918647766113,0.013532161712646484
13,1,23.596210718154907,-204947.9015625,0.8184660077095032,0.41035196185112,0.42669162154197693,0.5225803852081299,23.440974712371826,5.352275609970093,0.15518593788146973,17.65184211730957,0.08805203437805176,0.24628210067749023,0.01849532127380371
13,2,23.38130474090576,-204473.446875,0.8204843997955322,0.4081728160381317,0.42467576265335083,0.5248175859451294,23.22843050956726,5.161152601242065,0.15282249450683594,17.626193046569824,0.08695697784423828,0.25554561614990234,0.0185546875
13,3,23.823606491088867,-204444.65625,0.8221306204795837,0.4061465561389923,0.42620256543159485,0.5235801339149475,23.48481273651123,5.363705635070801,0.33874082565307617,17.686461448669434,0.08790731430053711,0.2420034408569336,0.018693208694458008
13,4,23.39268946647644,-205319.315625,0.8130328059196472,0.41342511773109436,0.42569440603256226,0.5258650779724121,23.237993955612183,5.364114284515381,0.15464115142822266,17.45056676864624,0.08621406555175781,0.23574090003967285,0.01819896697998047
13,5,23.665496349334717,-204446.11875,0.8192409873008728,0.40870437026023865,0.425573468208313,0.5244479179382324,23.34778356552124,5.348188400268555,0.3176615238189697,17.562215566635132,0.087066650390625,0.24588394165039062,0.018262386322021484
13,6,23.470175981521606,-204756.0015625,0.8184024095535278,0.4077379107475281,0.42612889409065247,0.5256878137588501,23.315632581710815,5.327558994293213,0.15448784828186035,17.561970949172974,0.08805227279663086,0.23779058456420898,0.018625259399414062
13,7,23.542950868606567,-204835.621875,0.8187980055809021,0.4082648754119873,0.42628753185272217,0.524744987487793,23.38840627670288,5.345547199249268,0.15449047088623047,17.597758531570435,0.0879831314086914,0.25356411933898926,0.01857590675354004
13,8,23.497167348861694,-204767.1828125,0.8176829814910889,0.40861180424690247,0.4277598559856415,0.5239630937576294,23.150315046310425,5.122386932373047,0.3467979431152344,17.574871063232422,0.08782172203063965,0.26091599464416504,0.018250703811645508
13,9,23.387332916259766,-204807.2765625,0.817824125289917,0.40939393639564514,0.42548349499702454,0.5253787636756897,23.233831882476807,5.254689455032349,0.15344691276550293,17.533828258514404,0.08718657493591309,0.2521789073944092,0.01835322380065918
13,10,22.9925799369812,-204463.9078125,0.8218030333518982,0.4090096056461334,0.42594173550605774,0.5211847424507141,22.83964467048645,4.8048999309539795,0.15288567543029785,17.585878610610962,0.0845785140991211,0.26730942726135254,0.018484115600585938
13,11,23.43223261833191,-204875.853125,0.8158701062202454,0.4096848964691162,0.4256860911846161,0.526701033115387,23.088842391967773,5.198946714401245,0.3433382511138916,17.452430963516235,0.08552837371826172,0.2468276023864746,0.018416404724121094
13,12,23.478041172027588,-204414.4875,0.8197699189186096,0.40723079442977905,0.4253021478652954,0.5256265997886658,23.327385187149048,5.372561454772949,0.1506056785583496,17.51136326789856,0.08742117881774902,0.25463414192199707,0.01828765869140625
13,13,23.607354402542114,-204208.5390625,0.8217316269874573,0.4053418040275574,0.4250023066997528,0.52573162317276,23.298035383224487,5.32408332824707,0.309262752532959,17.53689956665039,0.08824896812438965,0.24639582633972168,0.018390178680419922
13,14,23.215205669403076,-204713.240625,0.8164359331130981,0.4105169475078583,0.42534276843070984,0.5257510542869568,23.058166027069092,5.16812801361084,0.1569828987121582,17.464858055114746,0.08641576766967773,0.23087358474731445,0.018237590789794922
13,15,23.663607597351074,-204546.925,0.8162156343460083,0.4091854691505432,0.42559975385665894,0.5268846750259399,23.34878373146057,5.361226558685303,0.3147711753845215,17.557678699493408,0.08674955368041992,0.24094676971435547,0.01842045783996582
13,16,23.52746033668518,-204160.6640625,0.8202558755874634,0.40626761317253113,0.42466822266578674,0.5266145467758179,23.372706174850464,5.3408613204956055,0.15470194816589355,17.602323055267334,0.08597326278686523,0.24494528770446777,0.018419265747070312
13,17,23.453198671340942,-204787.9625,0.8193915486335754,0.40863046050071716,0.42733755707740784,0.5226001143455505,23.299976587295532,5.273451566696167,0.15317177772521973,17.59680461883545,0.08580350875854492,0.24425029754638672,0.01838850975036621
13,18,23.48087215423584,-204684.25625,0.8179224729537964,0.4084332585334778,0.4281357526779175,0.5234721899032593,23.12567377090454,5.073378801345825,0.3551499843597412,17.60283875465393,0.08441567420959473,0.2670116424560547,0.018411874771118164
13,19,23.486003875732422,-204628.7875,0.8181033730506897,0.4089567959308624,0.42565637826919556,0.5252149701118469,23.332903623580933,5.350248098373413,0.15305161476135254,17.54290270805359,0.08629369735717773,0.2570962905883789,0.0184938907623291
13,20,23.32321047782898,-205142.9953125,0.8154649138450623,0.40861696004867554,0.42794352769851685,0.52607661485672,23.171689748764038,5.314467668533325,0.15147161483764648,17.43200969696045,0.08663678169250488,0.23131537437438965,0.018344402313232422
13,21,23.655100107192993,-204439.178125,0.8189843893051147,0.40688520669937134,0.4266071915626526,0.5254480838775635,23.308577060699463,5.340683460235596,0.34647417068481445,17.53238010406494,0.08620524406433105,0.2503342628479004,0.0183103084564209
13,22,23.473276615142822,-203987.8125,0.8234569430351257,0.4052642583847046,0.42490193247795105,0.5242415070533752,23.319440603256226,5.3424391746521,0.15378594398498535,17.5429584980011,0.0867316722869873,0.2506594657897949,0.01848292350769043
13,23,23.597728729248047,-205625.61875,0.8135411739349365,0.41152113676071167,0.43002185225486755,0.5230507850646973,23.283753395080566,5.334329843521118,0.313922643661499,17.51594042778015,0.08620119094848633,0.24771881103515625,0.018275737762451172
13,24,23.30648422241211,-204519.3046875,0.8191773295402527,0.40492093563079834,0.42575621604919434,0.5281216502189636,23.15362024307251,5.294442653656006,0.152815580368042,17.430912017822266,0.08617496490478516,0.23747920989990234,0.01833510398864746
13,25,23.276227712631226,-204790.7375,0.8182383179664612,0.40834230184555054,0.4269002079963684,0.5244961977005005,23.126128673553467,5.2161948680877686,0.15004754066467285,17.481992483139038,0.08538198471069336,0.2435922622680664,0.0183103084564209
13,26,23.59992480278015,-204933.140625,0.8189752101898193,0.40761464834213257,0.42738714814186096,0.5242215394973755,23.256264448165894,5.289579629898071,0.3436126708984375,17.53840136528015,0.08732724189758301,0.23977255821228027,0.018403291702270508
13,27,23.417848587036133,-204847.7890625,0.8186405897140503,0.40887531638145447,0.4243587255477905,0.5262962579727173,23.264102697372437,5.265112400054932,0.15369343757629395,17.56438899040222,0.08629012107849121,0.2491769790649414,0.018458127975463867
13,28,23.1380774974823,-204394.55,0.8199843168258667,0.4074540436267853,0.42606043815612793,0.5243882536888123,22.985324144363403,5.061933517456055,0.15270209312438965,17.506916761398315,0.08474206924438477,0.2394275665283203,0.01827526092529297
13,29,23.567357540130615,-204714.2390625,0.8193795084953308,0.4076845347881317,0.4269982874393463,0.5239031910896301,23.236436128616333,5.307690382003784,0.3308689594268799,17.505444765090942,0.08605575561523438,0.244110107421875,0.01816105842590332
13,30,23.477089166641235,-204609.5875,0.8222663402557373,0.4080828130245209,0.4263541102409363,0.5213793516159058,23.320831537246704,5.2823357582092285,0.15620779991149902,17.614769220352173,0.08548188209533691,0.24563980102539062,0.018610239028930664
14,1,29.108630657196045,-485260.134375,0.7956293821334839,0.4326556324958801,0.4511944651603699,0.4992374777793884,28.622611045837402,5.525187253952026,0.4859461784362793,22.6519992351532,0.08540630340576172,0.25671935081481934,0.02434539794921875
14,2,28.837647199630737,-485846.45,0.7941715717315674,0.4325469732284546,0.4518145024776459,0.5003705024719238,28.331990003585815,5.372330904006958,0.5055840015411377,22.518625736236572,0.08640241622924805,0.26271748542785645,0.02386784553527832
14,3,28.975142002105713,-485815.503125,0.7942438721656799,0.4335857927799225,0.4521495997905731,0.4989153742790222,28.451006412506104,5.3913280963897705,0.5240564346313477,22.63097620010376,0.08593511581420898,0.24892425537109375,0.023927927017211914
14,4,28.783357858657837,-485764.6,0.7959328293800354,0.4295010566711426,0.4511096775531769,0.5023545622825623,28.435118198394775,5.397899866104126,0.34816622734069824,22.588057041168213,0.08598446846008301,0.264190673828125,0.024159669876098633
14,5,29.08723211288452,-485717.8625,0.7946805357933044,0.4312661290168762,0.4509304165840149,0.5019962191581726,28.511419773101807,5.514362096786499,0.575737476348877,22.555473566055298,0.08749961853027344,0.25333356857299805,0.024085521697998047
14,6,29.10727858543396,-486919.315625,0.7920650839805603,0.4337197244167328,0.4521680176258087,0.5010203123092651,28.597100973129272,5.539507627487183,0.5101046562194824,22.593743801116943,0.08696174621582031,0.28072571754455566,0.023877859115600586
14,7,29.246739625930786,-486276.75,0.7943165898323059,0.4340149164199829,0.45175546407699585,0.49882838129997253,28.736124277114868,5.543705463409424,0.5105435848236084,22.737226486206055,0.08690857887268066,0.26137447357177734,0.023585081100463867
14,8,29.24834942817688,-485923.840625,0.7931644320487976,0.4326869547367096,0.45323503017425537,0.49964943528175354,28.7082097530365,5.598095655441284,0.5400521755218506,22.660870790481567,0.08747506141662598,0.2610032558441162,0.023926973342895508
14,9,29.075523853302002,-486138.00625,0.7946430444717407,0.4343855381011963,0.4515484869480133,0.49830469489097595,28.731675624847412,5.5377891063690186,0.34377145767211914,22.750153064727783,0.08776164054870605,0.2551555633544922,0.024105310440063477
14,10,29.187641143798828,-486435.15,0.7926929593086243,0.4338447153568268,0.45170658826828003,0.5006347298622131,28.569681644439697,5.5457563400268555,0.6178839206695557,22.589890480041504,0.08786463737487793,0.24595189094543457,0.023934125900268555
14,11,29.3236985206604,-485631.60625,0.7960564494132996,0.43009600043296814,0.4507283866405487,0.5020162463188171,28.78589177131653,5.6089606285095215,0.537726879119873,22.725013494491577,0.08826756477355957,0.2532496452331543,0.023962974548339844
14,12,29.07487988471985,-486687.996875,0.7923300266265869,0.4345352053642273,0.45185309648513794,0.5001853704452515,28.7250235080719,5.57302451133728,0.3497810363769531,22.697906494140625,0.08815145492553711,0.258516788482666,0.02390575408935547
14,13,29.182789087295532,-485753.43125,0.7961550951004028,0.43120136857032776,0.4509102702140808,0.5007112622261047,28.577223300933838,5.390831232070923,0.6054773330688477,22.733384609222412,0.08697295188903809,0.26044726371765137,0.02400970458984375
14,14,29.318168878555298,-486551.20625,0.7933569550514221,0.4340023994445801,0.45262500643730164,0.49898433685302734,28.81401753425598,5.614542484283447,0.504075288772583,22.73799705505371,0.08863329887390137,0.25793027877807617,0.02411055564880371
14,15,29.18268394470215,-485425.290625,0.7959133982658386,0.43057647347450256,0.45094847679138184,0.5014597773551941,28.66631841659546,5.527491331100464,0.5162911415100098,22.68664264678955,0.0877542495727539,0.26090073585510254,0.0238797664642334
14,16,28.972744941711426,-486147.775,0.7953888177871704,0.4331856667995453,0.4508136510848999,0.4995829463005066,28.442213535308838,5.325231552124023,0.530449628829956,22.667458534240723,0.08615565299987793,0.2668731212615967,0.0239713191986084
14,17,28.94741177558899,-485086.94375,0.7969307899475098,0.4304065704345703,0.44908446073532104,0.5024359226226807,28.59599494934082,5.553752183914185,0.35134339332580566,22.590067625045776,0.08663773536682129,0.2595040798187256,0.02388787269592285
14,18,28.851978302001953,-485433.51875,0.7948883175849915,0.43095964193344116,0.45101863145828247,0.5019170045852661,28.277232885360718,5.369004011154175,0.5746700763702393,22.469980239868164,0.08563733100891113,0.25603437423706055,0.02374577522277832
14,19,29.232450008392334,-485846.65625,0.7955437898635864,0.43160346150398254,0.4514765739440918,0.5002705454826355,28.71403479576111,5.596558570861816,0.5177786350250244,22.67426300048828,0.08606767654418945,0.2523927688598633,0.023866891860961914
14,20,28.98789691925049,-486588.65625,0.7924262285232544,0.43317851424217224,0.4502274990081787,0.5031645894050598,28.456857442855835,5.527913331985474,0.5309638977050781,22.448320388793945,0.08607888221740723,0.3001701831817627,0.023680448532104492
14,21,29.116777896881104,-487004.7375,0.7917453050613403,0.43585917353630066,0.4528481066226959,0.49849748611450195,28.764810800552368,5.551487922668457,0.3518850803375244,22.754716873168945,0.0866081714630127,0.2643148899078369,0.024024486541748047
14,22,29.2473886013031,-486695.659375,0.7921509146690369,0.4335680902004242,0.4528537392616272,0.5003393292427063,28.66002321243286,5.567492246627808,0.5872793197631836,22.63480830192566,0.08806395530700684,0.26807188987731934,0.023816347122192383
14,23,28.87803840637207,-486218.653125,0.7936267256736755,0.43301403522491455,0.4531468451023102,0.4991046190261841,28.35546040534973,5.313176393508911,0.5225048065185547,22.626591205596924,0.08505773544311523,0.23354649543762207,0.023969173431396484
14,24,29.16767120361328,-486131.225,0.7934815883636475,0.4342368543148041,0.45105358958244324,0.5000483989715576,28.637891054153442,5.541029214859009,0.5297021865844727,22.656533241271973,0.08668303489685059,0.24829578399658203,0.024028539657592773
14,25,28.96753168106079,-486668.55625,0.7933201789855957,0.4351149797439575,0.452741414308548,0.49779266119003296,28.62275242805481,5.492286443710327,0.3446953296661377,22.689637899398804,0.08582305908203125,0.2514526844024658,0.023926496505737305
14,26,29.104283571243286,-486853.615625,0.7916689515113831,0.4342566132545471,0.4524485170841217,0.5006720423698425,28.51548671722412,5.510699987411499,0.5887153148651123,22.543282747268677,0.08602213859558105,0.28009748458862305,0.023835420608520508
14,27,29.082273244857788,-486427.340625,0.7925482988357544,0.4325360655784607,0.45221400260925293,0.5015674233436584,28.5736243724823,5.5201029777526855,0.5085644721984863,22.60867691040039,0.08766746520996094,0.25808095932006836,0.023656129837036133
14,28,28.44936203956604,-486601.334375,0.7926012277603149,0.43365737795829773,0.45251134037971497,0.5001288056373596,27.92039442062378,5.469483137130737,0.5288944244384766,22.05402684211731,0.08761167526245117,0.22126102447509766,0.02395772933959961
14,29,27.263436555862427,-486094.665625,0.7934602499008179,0.4329778552055359,0.452380508184433,0.5000280141830444,26.7434504032135,5.26569128036499,0.5199024677276611,21.219381093978882,0.08178067207336426,0.09973812103271484,0.024080753326416016
14,30,27.0349223613739,-486564.81875,0.7928451299667358,0.43447887897491455,0.45163190364837646,0.4999820291996002,26.715511322021484,5.255484104156494,0.3193395137786865,21.20127248764038,0.08313488960266113,0.0993204116821289,0.022516727447509766
15,1,39.88743472099304,-1139105.8125,0.7730780243873596,0.45288753509521484,0.47246649861335754,0.48067039251327515,35.50529909133911,6.080772876739502,4.381995677947998,28.846164226531982,0.08745574951171875,0.2975771427154541,0.030257225036621094
15,2,36.84747934341431,-1139779.6125,0.7724713683128357,0.452757328748703,0.47257983684539795,0.4812997877597809,35.7523410320282,6.077887773513794,1.094996690750122,29.075799226760864,0.08769536018371582,0.3158280849456787,0.03043842315673828
15,3,36.858946323394775,-1139642.8875,0.7726967930793762,0.45321890711784363,0.4720795750617981,0.48116010427474976,35.63437747955322,6.112947940826416,1.2244160175323486,29.025993585586548,0.0865776538848877,0.26540160179138184,0.030265092849731445
15,4,36.66311740875244,-1139537.1,0.7730960845947266,0.4531872570514679,0.4725087881088257,0.4803026616573334,35.568185329437256,5.992274761199951,1.0947916507720947,29.124738931655884,0.08739280700683594,0.24808859825134277,0.030875205993652344
15,5,36.5922110080719,-1140126.2125,0.771515965461731,0.4540308117866516,0.4733392298221588,0.48020750284194946,35.34353256225586,5.789149045944214,1.2485356330871582,29.10913348197937,0.08628296852111816,0.2471463680267334,0.03049492835998535
15,6,36.770880699157715,-1139818.2875,0.7726150155067444,0.45245298743247986,0.4725468158721924,0.4814913868904114,35.65067791938782,6.098067998886108,1.1200642585754395,29.11029863357544,0.08772063255310059,0.24130010604858398,0.030837535858154297
15,7,36.810516357421875,-1139697.7875,0.7722925543785095,0.45439088344573975,0.47333475947380066,0.4790852963924408,35.6942138671875,6.090572834014893,1.116163730621338,29.160732746124268,0.08735203742980957,0.2459254264831543,0.030686140060424805
15,8,36.95842480659485,-1138983.0375,0.7737528681755066,0.45346546173095703,0.4721485674381256,0.479708731174469,35.75754475593567,6.100923299789429,1.2007391452789307,29.20875334739685,0.0880589485168457,0.24547910690307617,0.030823230743408203
15,9,36.93978714942932,-1139073.625,0.7738072872161865,0.45141640305519104,0.4723438322544098,0.48153969645500183,35.68983030319214,6.090372800827026,1.2498157024383545,29.155259370803833,0.08770227432250977,0.24926447868347168,0.03054976463317871
15,10,36.89144206047058,-1139439.4625,0.773053765296936,0.45304131507873535,0.4730485677719116,0.4799763858318329,35.768991231918335,6.1084747314453125,1.1223082542419434,29.22105383872986,0.08750557899475098,0.2457289695739746,0.031217336654663086
15,11,36.83506417274475,-1139173.925,0.7730814218521118,0.453097403049469,0.4724244177341461,0.4805039167404175,35.7299063205719,6.1129865646362305,1.105027198791504,29.16341233253479,0.08791542053222656,0.25087451934814453,0.030567407608032227
15,12,36.788764238357544,-1139162.425,0.7724106311798096,0.45316624641418457,0.47138088941574097,0.4820859134197235,35.685911655426025,6.124988555908203,1.102719783782959,29.11100149154663,0.08836936950683594,0.25071215629577637,0.030632972717285156
15,13,37.0736517906189,-1138858.275,0.7737409472465515,0.4524424374103546,0.4723372161388397,0.4806138873100281,35.83763861656189,6.128890037536621,1.2358736991882324,29.263134956359863,0.08797359466552734,0.2516062259674072,0.031052112579345703
15,14,36.881810903549194,-1138167.1875,0.7748420238494873,0.45151904225349426,0.4719667136669159,0.48077771067619324,35.78467917442322,6.111044883728027,1.096992015838623,29.234691619873047,0.08779001235961914,0.24644017219543457,0.031076908111572266
15,15,36.730196952819824,-1138839.1125,0.7735358476638794,0.4521598815917969,0.47184544801712036,0.4815136194229126,35.61911082267761,6.097224712371826,1.1109488010406494,29.077433824539185,0.0879373550415039,0.24998259544372559,0.031047821044921875
15,16,36.84005260467529,-1138999.5875,0.7724016308784485,0.45272374153137207,0.47226813435554504,0.48166990280151367,35.5851948261261,6.095883369445801,1.2547240257263184,29.04196000099182,0.08805203437805176,0.24691104888916016,0.030502796173095703
15,17,36.81451678276062,-1138812.475,0.7733110189437866,0.45200398564338684,0.47157490253448486,0.48214805126190186,35.57105875015259,6.090165615081787,1.2433257102966309,29.03765034675598,0.08625936508178711,0.2487480640411377,0.03042125701904297
15,18,36.65837550163269,-1138724.5125,0.7738561034202576,0.451459139585495,0.4718796908855438,0.4818638861179352,35.55700993537903,5.970065355300903,1.1011850833892822,29.14143657684326,0.08726882934570312,0.24843430519104004,0.03055405616760254
15,19,36.493470191955566,-1139649.5625,0.7725560665130615,0.45349156856536865,0.4729398488998413,0.48012781143188477,35.40816283226013,5.819094896316528,1.0851762294769287,29.14142346382141,0.08651351928710938,0.25274062156677246,0.03078937530517578
15,20,36.91577625274658,-1139472.95,0.7725422382354736,0.4525797367095947,0.4730687141418457,0.4809122085571289,35.692535400390625,6.073987007141113,1.2230968475341797,29.170361757278442,0.08734297752380371,0.2522425651550293,0.030413389205932617
15,21,36.79457473754883,-1139117.2625,0.7738556861877441,0.4522722065448761,0.472234308719635,0.4807635247707367,35.70091676712036,6.10733437538147,1.093517780303955,29.146056175231934,0.08789467811584473,0.24698591232299805,0.031183242797851562
15,22,36.979392766952515,-1138757.875,0.7745829224586487,0.4524902403354645,0.47221454977989197,0.47983288764953613,35.73727059364319,6.080534219741821,1.2419805526733398,29.209487676620483,0.0876164436340332,0.24813055992126465,0.03089427947998047
15,23,37.36975288391113,-1138802.3,0.7729231119155884,0.45194053649902344,0.47202351689338684,0.4821292757987976,36.24823570251465,6.102236032485962,1.1213712692260742,29.679986476898193,0.08833575248718262,0.26563453674316406,0.030459880828857422
15,24,37.47900462150574,-1139500.65,0.7717185020446777,0.45371079444885254,0.47314733266830444,0.4805179536342621,36.365288972854614,6.134345769882202,1.1135661602020264,29.753530263900757,0.08812880516052246,0.27292323112487793,0.031070470809936523
15,25,37.43964910507202,-1139202.8125,0.7725605368614197,0.4529484808444977,0.4724111258983612,0.481150358915329,36.33461904525757,6.132998943328857,1.1048591136932373,29.725456476211548,0.08830142021179199,0.274017333984375,0.030768394470214844
15,26,37.759523153305054,-1139010.5125,0.774274468421936,0.4520187973976135,0.47202473878860474,0.48078808188438416,36.51185655593872,6.1463446617126465,1.2474722862243652,29.881372213363647,0.08828282356262207,0.2757253646850586,0.03632831573486328
15,27,37.457608699798584,-1139355.4375,0.7726141214370728,0.45356330275535583,0.4728934168815613,0.48008427023887634,36.35429501533508,6.10013484954834,1.103163242340088,29.777692794799805,0.08823370933532715,0.27295923233032227,0.03091740608215332
15,28,37.74581003189087,-1138653.575,0.7733682990074158,0.45247572660446167,0.4720824360847473,0.4811254143714905,36.521185636520386,6.153515100479126,1.2244839668273926,29.88973617553711,0.08816146850585938,0.2762572765350342,0.031023263931274414
15,29,37.55625677108765,-1138250.8,0.7741864919662476,0.4525427222251892,0.4718979597091675,0.4804113507270813,36.444284439086914,6.1431660652160645,1.1118221282958984,29.823740243911743,0.08889150619506836,0.27382826805114746,0.030863046646118164
15,30,37.63959360122681,-1139252.8125,0.7723219990730286,0.45246222615242004,0.47256597876548767,0.48169127106666565,36.39719367027283,6.153548955917358,1.242255449295044,29.767672300338745,0.08844256401062012,0.2766447067260742,0.031022071838378906
16,1,26.927783489227295,-2657685.775,0.755850613117218,0.4689231812953949,0.4887583255767822,0.4660836458206177,24.366325616836548,6.340571880340576,2.561046600341797,17.498819828033447,0.08859610557556152,0.3209547996520996,0.01877880096435547
16,2,27.214550495147705,-2656915.85,0.7557915449142456,0.46909087896347046,0.4884903132915497,0.4662460684776306,24.357120513916016,6.344552993774414,2.857034683227539,17.472463607788086,0.08848166465759277,0.32442641258239746,0.01867961883544922
16,3,27.678375244140625,-2656972.15,0.7560754418373108,0.46932026743888855,0.488211989402771,0.46600598096847534,24.986400365829468,6.2803261280059814,2.691598415374756,18.19618821144104,0.08815264701843262,0.316234827041626,0.01935291290283203
16,4,28.0397789478302,-2657082.925,0.7557973265647888,0.4696533679962158,0.48841091990470886,0.4657370448112488,25.195646047592163,6.319861888885498,2.8437693119049072,18.36554479598999,0.08814501762390137,0.31680822372436523,0.01946544647216797
16,5,28.29683756828308,-2655836.6,0.7570124268531799,0.4677306115627289,0.48830610513687134,0.4665427505970001,25.598601579666138,6.4256591796875,2.6978683471679688,18.652188539505005,0.08911585807800293,0.32018136978149414,0.01956939697265625
16,6,27.457297563552856,-2658519.175,0.7552068829536438,0.4694705009460449,0.4888957142829895,0.4660600423812866,24.785330533981323,6.271390199661255,2.6715872287750244,17.993691444396973,0.08825993537902832,0.3193027973175049,0.01928114891052246
16,7,28.06496024131775,-2656471.375,0.7567287087440491,0.46857377886772156,0.48780345916748047,0.4665134847164154,25.393087148666382,6.301280498504639,2.671494722366333,18.57649874687195,0.08790159225463867,0.31641578674316406,0.019368648529052734
16,8,27.242088556289673,-2658373.925,0.7555299401283264,0.46977871656417847,0.48880741000175476,0.46546676754951477,24.5236554145813,6.361938953399658,2.7179653644561768,17.623660802841187,0.08849573135375977,0.3278329372406006,0.019088029861450195
16,9,28.280418395996094,-2657518.975,0.7560146450996399,0.4694027602672577,0.48871758580207825,0.4654754102230072,25.59350299835205,6.394002437591553,2.68652606010437,18.685849905014038,0.08861470222473145,0.31627321243286133,0.01947641372680664
16,10,27.107908248901367,-2657484.6,0.7558445334434509,0.4698569178581238,0.4886997640132904,0.4652332365512848,24.4772207736969,6.351035118103027,2.630216360092163,17.587520360946655,0.08856606483459473,0.32404494285583496,0.018558502197265625
16,11,27.85440158843994,-2657622.675,0.7558025121688843,0.46992039680480957,0.48812922835350037,0.4657832682132721,25.298840045928955,6.324146032333374,2.5552005767822266,18.467461347579956,0.08833813667297363,0.3125889301300049,0.019426584243774414
16,12,27.223789930343628,-2658048.55,0.7556725740432739,0.4693439304828644,0.48861250281333923,0.466010183095932,24.49640703201294,6.347419500350952,2.727020740509033,17.606335401535034,0.08820939064025879,0.3291816711425781,0.01859140396118164
16,13,27.38088297843933,-2655788.525,0.7564519643783569,0.468660831451416,0.48862287402153015,0.4658755362033844,24.548945426940918,6.288565635681152,2.8315463066101074,17.723480224609375,0.08809256553649902,0.32596445083618164,0.018991947174072266
16,14,28.110780000686646,-2657097.875,0.7559986114501953,0.4688146114349365,0.48821762204170227,0.46656593680381775,25.419836282730103,6.394273281097412,2.6905863285064697,18.511842489242554,0.08846545219421387,0.3186337947845459,0.01915264129638672
16,15,27.498807907104492,-2657292.175,0.75579833984375,0.469620019197464,0.4881589114665985,0.46602916717529297,24.841082334518433,6.386832237243652,2.657331705093384,17.946399688720703,0.08606171607971191,0.3138127326965332,0.0189208984375
16,16,27.410356760025024,-2657494.525,0.7559211254119873,0.46954789757728577,0.4882259666919708,0.46594226360321045,24.661494970321655,6.373814105987549,2.7484548091888428,17.752894401550293,0.0884714126586914,0.3224339485168457,0.01895761489868164
16,17,27.69861888885498,-2656824.95,0.7558712363243103,0.469065397977829,0.4886704683303833,0.4659668803215027,25.162238836288452,6.310411214828491,2.5360219478607178,18.345816612243652,0.08812308311462402,0.3157963752746582,0.019070148468017578
16,18,27.241315603256226,-2657230.475,0.7563303709030151,0.4692454934120178,0.4882376492023468,0.4658397138118744,24.51445508003235,6.354767799377441,2.726484537124634,17.61868929862976,0.08823275566101074,0.3260641098022461,0.018731355667114258
16,19,27.619231700897217,-2656235.875,0.7564540505409241,0.46887561678886414,0.48860040307044983,0.4656919836997986,24.798592805862427,6.350474119186401,2.820148468017578,17.91376543045044,0.08872699737548828,0.3238525390625,0.018329858779907227
16,20,28.27631640434265,-2656735.65,0.755820631980896,0.4693317115306854,0.4888201951980591,0.4655935764312744,25.547202825546265,6.46479606628418,2.728684186935425,18.514451503753662,0.08819699287414551,0.33719944953918457,0.019530773162841797
16,21,28.11837410926819,-2657022.575,0.7556508779525757,0.46868669986724854,0.48877987265586853,0.4664511978626251,25.36005210876465,6.378560304641724,2.757932186126709,18.423219919204712,0.08888459205627441,0.3300940990447998,0.019183635711669922
16,22,28.327892303466797,-2656149.45,0.756647527217865,0.4688414931297302,0.4883353114128113,0.4657941460609436,25.79902148246765,6.357961654663086,2.5285141468048096,18.868589162826538,0.08847522735595703,0.34717798233032227,0.01941537857055664
16,23,27.666518688201904,-2656946.95,0.7557392120361328,0.46892252564430237,0.4885287880897522,0.46638134121894836,24.92394495010376,6.340319395065308,2.742130756378174,18.023268222808838,0.0883631706237793,0.3284320831298828,0.018880605697631836
16,24,27.800155639648438,-2657055.725,0.7565189003944397,0.46966060996055603,0.4884694516658783,0.4650017023086548,25.188497066497803,6.352842569351196,2.611205577850342,18.279387950897217,0.08858656883239746,0.3289971351623535,0.021512269973754883
16,25,25.59405279159546,-2657816.15,0.7554001212120056,0.4697362780570984,0.48836973309516907,0.46612057089805603,22.863385438919067,6.23330283164978,2.730264186859131,16.150898933410645,0.08726000785827637,0.2592644691467285,0.01800227165222168
16,26,26.07578206062317,-2656999.525,0.7564622759819031,0.46926072239875793,0.4880610704421997,0.4657987952232361,23.36461853981018,6.24128794670105,2.7108302116394043,16.618327856063843,0.08734822273254395,0.2743995189666748,0.018143892288208008
16,27,25.970877408981323,-2656535.375,0.7564464807510376,0.46910718083381653,0.48845624923706055,0.46559470891952515,23.405598163604736,6.293878555297852,2.564943313598633,16.615715503692627,0.08717536926269531,0.273374080657959,0.01818227767944336
16,28,25.653138637542725,-2657452.45,0.7559152841567993,0.46833252906799316,0.488619327545166,0.4667680561542511,23.137431144714355,6.234094142913818,2.51538348197937,16.421725034713745,0.0878746509552002,0.26246142387390137,0.018263578414916992
16,29,26.043514490127563,-2656425.5,0.7568000555038452,0.4686366319656372,0.4881324768066406,0.4660259187221527,23.321571111679077,6.2367939949035645,2.7215945720672607,16.58166217803955,0.08722972869873047,0.2744176387786865,0.018111705780029297
16,30,25.990178108215332,-2656359.5,0.7560663223266602,0.46898725628852844,0.4887523949146271,0.4657852053642273,23.377383947372437,6.303307294845581,2.6124863624572754,16.58070158958435,0.08745455741882324,0.27648091316223145,0.018088102340698242
17,1,35.45821475982666,-6161528.9,0.7396416664123535,0.4837193489074707,0.5014073252677917,0.4550982713699341,29.494522094726562,6.609093189239502,5.962503433227539,21.909101247787476,0.08630228042602539,0.4919919967651367,0.023124217987060547
17,2,35.82201313972473,-6158679.4,0.7407422065734863,0.48335909843444824,0.5012337565422058,0.4545263350009918,29.639206647872925,6.6119256019592285,6.181504487991333,22.244996070861816,0.08727669715881348,0.42595338821411133,0.02354717254638672
17,3,36.21705627441406,-6159749.55,0.7402228116989136,0.4833196997642517,0.5011757016181946,0.4551704227924347,30.24651336669922,6.610124111175537,5.9694294929504395,22.938674688339233,0.08745884895324707,0.39548230171203613,0.023403167724609375
17,4,35.601057291030884,-6161073.45,0.7403305172920227,0.48277756571769714,0.5009802579879761,0.45576921105384827,29.492225408554077,6.61642050743103,6.1077330112457275,22.04488754272461,0.08706068992614746,0.4449191093444824,0.022779464721679688
17,5,35.56025290489197,-6160799.85,0.7398855686187744,0.48330211639404297,0.5011147856712341,0.4555531144142151,29.424874544143677,6.608041763305664,6.134277820587158,22.03505539894104,0.08692169189453125,0.4229898452758789,0.022491455078125
17,6,35.790637731552124,-6160519.5,0.7400498390197754,0.4832633435726166,0.5009638667106628,0.4555951654911041,29.520967721939087,6.637194633483887,6.2680065631866455,22.131879091262817,0.08694696426391602,0.41569018363952637,0.022797107696533203
17,7,35.7532103061676,-6160630.45,0.7401139140129089,0.4833594858646393,0.5011085867881775,0.45528435707092285,29.741530418395996,6.611572504043579,6.010587453842163,22.28893208503723,0.08677101135253906,0.4367544651031494,0.023783206939697266
17,8,35.67373585700989,-6160107.3,0.7403459548950195,0.4830015003681183,0.5012097358703613,0.4553286135196686,29.485690116882324,6.6094560623168945,6.187089204788208,22.067869663238525,0.0871119499206543,0.4320359230041504,0.022690534591674805
17,9,35.98253297805786,-6157986.5,0.7408923506736755,0.4827883541584015,0.5009320974349976,0.45523789525032043,29.671792030334473,6.559774160385132,6.309686660766602,22.27226758003235,0.08689308166503906,0.4338686466217041,0.022691965103149414
17,10,35.5214421749115,-6160088.7,0.7400208115577698,0.48298436403274536,0.501186192035675,0.4556727111339569,29.460105895996094,6.598934888839722,6.060150861740112,22.01012945175171,0.0865943431854248,0.43953633308410645,0.023070335388183594
17,11,35.750773191452026,-6159877.6,0.7403786182403564,0.4834209978580475,0.5009316802024841,0.4551331102848053,29.720458984375,6.604917526245117,6.029223442077637,22.213796138763428,0.08713245391845703,0.48209357261657715,0.023183107376098633
17,12,35.49691128730774,-6159715.35,0.7403184175491333,0.4828331768512726,0.5012025237083435,0.4555106461048126,29.299851894378662,6.569487810134888,6.19588828086853,22.02195715904236,0.08690690994262695,0.401623010635376,0.02359747886657715
17,13,35.39738702774048,-6159833.55,0.7405012249946594,0.4829544126987457,0.5010335445404053,0.45538827776908875,29.51758313179016,6.525243043899536,5.878389835357666,22.20176887512207,0.08690667152404785,0.41747140884399414,0.023771047592163086
17,14,35.50228190422058,-6159899.7,0.7403284907341003,0.4830993115901947,0.5010601282119751,0.45540037751197815,29.485275983810425,6.602802276611328,6.015859842300415,22.095972537994385,0.08732962608337402,0.44217419624328613,0.02254962921142578
17,15,35.83419966697693,-6159892.7,0.7402167916297913,0.4835553765296936,0.5012445449829102,0.45485949516296387,29.5893976688385,6.600902080535889,6.243576526641846,22.13635802268982,0.08687114715576172,0.4613652229309082,0.02359318733215332
17,16,35.868648052215576,-6161542.9,0.7399478554725647,0.483568012714386,0.5009939670562744,0.45538443326950073,29.582777500152588,6.587708950042725,6.2846479415893555,22.137554168701172,0.08710169792175293,0.45108890533447266,0.02304863929748535
17,17,35.774482011795044,-6160279.8,0.7405139803886414,0.4832576811313629,0.5010846853256226,0.45503076910972595,29.71075415611267,6.6105523109436035,6.062504529953003,22.284683227539062,0.08664512634277344,0.4382619857788086,0.022840261459350586
17,18,35.21059727668762,-6160377.4,0.7397264242172241,0.48319438099861145,0.5012036561965942,0.45572811365127563,29.345200061798096,6.591028213500977,5.864305019378662,22.03424835205078,0.08686017990112305,0.4014627933502197,0.022736549377441406
17,19,35.753265619277954,-6160237.15,0.7402716875076294,0.4830506145954132,0.5012491345405579,0.4552863538265228,29.34767436981201,6.604754686355591,6.4044482707977295,22.046290636062622,0.086578369140625,0.3936421871185303,0.023055553436279297
17,20,35.447808027267456,-6158931.7,0.7403112053871155,0.4832821786403656,0.500899076461792,0.45536795258522034,29.41625189781189,6.6079699993133545,6.030275583267212,22.037810564041138,0.08693885803222656,0.42320942878723145,0.02283501625061035
17,21,35.464598178863525,-6159381.35,0.7407776713371277,0.48328468203544617,0.5012799501419067,0.4545208513736725,29.474651336669922,6.601474761962891,5.988861560821533,22.057755947113037,0.08672165870666504,0.4308619499206543,0.0234830379486084
17,22,35.87408375740051,-6160935.05,0.7399367094039917,0.4834279417991638,0.5009065866470337,0.45559778809547424,29.381163597106934,6.597755193710327,6.491722583770752,22.02383065223694,0.08736228942871094,0.41991162300109863,0.023149490356445312
17,23,35.54104280471802,-6159450.65,0.740971028804779,0.48284712433815,0.500893771648407,0.4551752507686615,29.51900029182434,6.612501621246338,6.020879030227661,22.07581877708435,0.0866250991821289,0.45458221435546875,0.023366689682006836
17,24,35.35899472236633,-6160766.1,0.740139901638031,0.48322516679763794,0.5011701583862305,0.4553404450416565,29.526017427444458,6.606804132461548,5.831876993179321,22.098890781402588,0.08672094345092773,0.44001150131225586,0.022512197494506836
17,25,36.03984785079956,-6158916.9,0.7409179210662842,0.4829903244972229,0.5010988116264343,0.4548679292201996,29.618027925491333,6.590540170669556,6.420684099197388,22.123950242996216,0.08628964424133301,0.4626595973968506,0.022702455520629883
17,26,35.51304364204407,-6160046.0,0.7399614453315735,0.4834219515323639,0.5010333061218262,0.45544692873954773,29.432267665863037,6.620923280715942,6.079343795776367,21.92672896385193,0.08719277381896973,0.44688916206359863,0.022905826568603516
17,27,36.297802686691284,-6160284.15,0.7399764657020569,0.483325719833374,0.501512348651886,0.4550457000732422,30.366795778274536,6.636287212371826,5.929887533187866,22.770735025405884,0.0868682861328125,0.47622156143188477,0.022653579711914062
17,28,39.7190682888031,-6159561.7,0.7404825091362,0.4832586646080017,0.5011629462242126,0.4549703001976013,33.3769154548645,6.52679181098938,6.341053009033203,25.685023069381714,0.08741235733032227,0.6194586753845215,0.02585315704345703
17,29,39.81911563873291,-6161654.45,0.7397162914276123,0.4832918345928192,0.5012967586517334,0.45554402470588684,33.32214879989624,6.649273633956909,6.4955737590789795,25.698179006576538,0.08770990371704102,0.5438988208770752,0.02540135383605957
17,30,39.81913447380066,-6158098.4,0.7412320375442505,0.48269110918045044,0.5007843375205994,0.4551852345466614,33.37403225898743,6.649884462356567,6.443777561187744,25.756024837493896,0.08797025680541992,0.5593209266662598,0.026170730590820312
18,1,60.739418268203735,-14216084.9,0.7244641184806824,0.49482065439224243,0.5111202001571655,0.4495333135128021,47.47064208984375,6.910245418548584,13.265657663345337,36.824546813964844,0.0863339900970459,0.6447122097015381,0.0373075008392334
18,2,61.17876839637756,-14217845.1,0.7244823575019836,0.49509942531585693,0.5111821293830872,0.4491865038871765,46.123621463775635,6.830819845199585,15.052002906799316,35.517199754714966,0.08719539642333984,0.6368787288665771,0.035028696060180664
18,3,59.34358811378479,-14216589.3,0.7244284152984619,0.49505385756492615,0.5112888216972351,0.4491713345050812,45.30866193771362,6.912795543670654,14.030864953994751,35.556249380111694,0.08772492408752441,0.6043047904968262,0.03470253944396973
18,4,59.68169641494751,-14216429.0,0.7246205806732178,0.49498462677001953,0.5112367272377014,0.4490918815135956,45.43708920478821,6.913088321685791,14.241519689559937,35.56578969955444,0.08785223960876465,0.605954647064209,0.035828590393066406
18,5,60.25983810424805,-14216312.7,0.7246673703193665,0.4950271248817444,0.5109474062919617,0.4493113160133362,45.32937955856323,6.905893564224243,14.927385091781616,35.5637001991272,0.08781862258911133,0.6112155914306641,0.03486037254333496
18,6,59.43615984916687,-14216610.8,0.7246065735816956,0.49485284090042114,0.5110167860984802,0.44947341084480286,45.372214555740356,6.908969163894653,14.059701204299927,35.50499892234802,0.0889887809753418,0.5996296405792236,0.03567814826965332
18,7,60.380695104599,-14213041.0,0.7250590920448303,0.49460601806640625,0.5111456513404846,0.44912129640579224,45.400237798690796,6.907119035720825,14.976915121078491,35.43390154838562,0.08777809143066406,0.6111290454864502,0.0354464054107666
18,8,60.48325181007385,-14214368.9,0.7249256372451782,0.49464118480682373,0.5110705494880676,0.44930607080459595,45.51353859901428,6.910894155502319,14.966733932495117,35.500521421432495,0.08810138702392578,0.6172671318054199,0.035221099853515625
18,9,59.94179630279541,-14214651.9,0.724807620048523,0.49478018283843994,0.5110681056976318,0.44929495453834534,45.524603843688965,6.920909881591797,14.41469931602478,35.495697021484375,0.08789253234863281,0.6162905693054199,0.03554177284240723
18,10,59.99136972427368,-14215463.3,0.7247255444526672,0.49499377608299255,0.5109757781028748,0.44923949241638184,45.347320795059204,6.905178785324097,14.640985488891602,35.41161775588989,0.08772587776184082,0.6080687046051025,0.0350041389465332
18,11,59.75956201553345,-14215094.7,0.7248607873916626,0.4947488009929657,0.5111849308013916,0.4491606056690216,45.43226861953735,6.8674702644348145,14.32412600517273,35.652312994003296,0.08697175979614258,0.6095371246337891,0.0353853702545166
18,12,59.98140215873718,-14214833.6,0.7250317931175232,0.49480465054512024,0.5108420252799988,0.4492780566215515,45.40464806556702,6.913820743560791,14.5734224319458,35.632821798324585,0.08758306503295898,0.5820610523223877,0.03494977951049805
18,13,59.62220025062561,-14214461.3,0.7250665426254272,0.49465203285217285,0.5111132860183716,0.449123740196228,45.156193017959595,6.912626504898071,14.462180852890015,35.45362997055054,0.08751273155212402,0.6078693866729736,0.03519415855407715
18,14,59.85548543930054,-14217445.8,0.7243581414222717,0.4950948655605316,0.5111332535743713,0.4493648111820221,45.293184995651245,6.915268659591675,14.558232307434082,35.54611659049988,0.08772993087768555,0.6000721454620361,0.03483247756958008
18,15,60.07857847213745,-14213591.6,0.7249391078948975,0.4946485459804535,0.511182963848114,0.4491766691207886,45.363932609558105,6.9195287227630615,14.710956811904907,35.549076795578,0.08797740936279297,0.6251850128173828,0.03524923324584961
18,16,59.654484272003174,-14215368.3,0.7248166799545288,0.4949184060096741,0.5109885334968567,0.4492248296737671,45.55025386810303,6.917253494262695,14.100558042526245,35.684778928756714,0.08829474449157715,0.6121933460235596,0.03531289100646973
18,17,59.585153579711914,-14216083.4,0.7245585918426514,0.49498212337493896,0.5110554099082947,0.44935232400894165,45.30408763885498,6.924143075942993,14.277766466140747,35.436336517333984,0.08917021751403809,0.6094202995300293,0.03531050682067871
18,18,59.48955988883972,-14217051.1,0.7245720624923706,0.49511387944221497,0.5112500190734863,0.4489976167678833,45.44487714767456,6.889744758605957,14.04149079322815,35.57108235359192,0.08866405487060547,0.6182317733764648,0.03537392616271973
18,19,59.78078055381775,-14215646.2,0.724600076675415,0.4950557053089142,0.5110644698143005,0.4492286145687103,45.172290325164795,6.893336057662964,14.604914665222168,35.386571168899536,0.08839011192321777,0.604562520980835,0.03671383857727051
18,20,60.18369245529175,-14215355.5,0.7248335480690002,0.4949791431427002,0.5109549164772034,0.4491734206676483,45.46955108642578,6.91108775138855,14.71046233177185,35.50036811828613,0.08804082870483398,0.5958247184753418,0.0354306697845459
18,21,59.97372484207153,-14214648.7,0.7247859835624695,0.4950708746910095,0.5108751654624939,0.44921451807022095,45.72364640235901,6.917756795883179,14.246181964874268,35.62370276451111,0.0876774787902832,0.6434781551361084,0.03579354286193848
18,22,60.51879906654358,-14214286.0,0.7249181866645813,0.4947691559791565,0.5109121203422546,0.4493508040904999,45.73736095428467,6.920311212539673,14.778109550476074,35.57516360282898,0.08811712265014648,0.6262891292572021,0.036202192306518555
18,23,60.45840120315552,-14215688.8,0.7247334122657776,0.49499279260635376,0.5109297037124634,0.44929906725883484,45.68121075630188,6.918011903762817,14.773494005203247,35.71198010444641,0.08776307106018066,0.6288928985595703,0.03582191467285156
18,24,59.901267528533936,-14216745.9,0.7245369553565979,0.4952123761177063,0.5109658241271973,0.44924065470695496,45.50469350814819,6.9230382442474365,14.393151760101318,35.62584090232849,0.08741450309753418,0.5982506275177002,0.03573179244995117
18,25,57.674402713775635,-14218362.4,0.7241424322128296,0.49497082829475403,0.5112308859825134,0.4496062397956848,43.345219373703,6.859477996826172,14.325616121292114,33.74773168563843,0.08607792854309082,0.5922386646270752,0.03580164909362793
18,26,52.26288056373596,-14216716.5,0.724466860294342,0.4950193762779236,0.5110787153244019,0.44938185811042786,38.521661043167114,5.750910043716431,13.738750696182251,29.55595111846924,0.08146977424621582,0.49591994285583496,0.03048253059387207
18,27,52.23193907737732,-14217786.5,0.724554717540741,0.4948351979255676,0.5110968351364136,0.4494548439979553,38.766029596328735,6.832235336303711,13.463288068771362,29.69195818901062,0.08382773399353027,0.4992852210998535,0.029971599578857422
18,28,52.27988529205322,-14216272.2,0.7246251702308655,0.49513667821884155,0.5111139416694641,0.4490738809108734,38.597705364227295,6.810686111450195,13.679831743240356,29.575883150100708,0.08271670341491699,0.49599123001098633,0.029753923416137695
18,29,52.30487537384033,-14215012.4,0.7249956130981445,0.49478936195373535,0.5109996199607849,0.4491758644580841,38.74630570411682,6.832705736160278,13.556061029434204,29.761307954788208,0.08509135246276855,0.5046029090881348,0.030945777893066406
18,30,52.43891906738281,-14215043.0,0.7248063087463379,0.4948878884315491,0.5108985900878906,0.44934138655662537,38.82501029968262,6.8115234375,13.611545085906982,29.646976709365845,0.084747314453125,0.49766111373901367,0.03078174591064453
19,1,93.26295924186707,-32685437.6,0.7077131271362305,0.5045611262321472,0.518821120262146,0.4487411379814148,64.40700173377991,6.931787490844727,28.850127696990967,40.88335943222046,0.15195775032043457,0.6935229301452637,4.8392112255096436
19,2,89.57242560386658,-32683624.6,0.7079445123672485,0.5045464038848877,0.5187055468559265,0.4486398994922638,61.63450241088867,6.982802391052246,27.931975603103638,43.14794707298279,0.08057308197021484,0.6960604190826416,0.04585123062133789
19,3,91.89208841323853,-32683562.2,0.7078664898872375,0.5046517848968506,0.5189018249511719,0.44841253757476807,60.88575029373169,6.991492509841919,31.000380754470825,42.40239906311035,0.07948708534240723,0.6971168518066406,0.04547595977783203
19,4,92.33517909049988,-32682417.0,0.7079629898071289,0.5045422315597534,0.5187332034111023,0.4485989511013031,60.86706209182739,7.048954725265503,31.460591077804565,41.1150586605072,0.07995390892028809,0.774651288986206,0.0426790714263916
19,5,94.8501923084259,-32681525.0,0.7080011367797852,0.5045100450515747,0.5188055038452148,0.4485117793083191,62.662431716918945,7.0726354122161865,32.181973934173584,40.61121368408203,0.07894206047058105,0.8796086311340332,0.0422968864440918
19,6,94.8239095211029,-32686063.0,0.7077232599258423,0.5045711994171143,0.5189160704612732,0.44862377643585205,64.6405074596405,7.068434476852417,30.177045583724976,42.55313682556152,0.08010268211364746,0.8875982761383057,0.04415726661682129
19,7,96.14573454856873,-32682988.6,0.7079246044158936,0.50471031665802,0.518886923789978,0.44830942153930664,64.88125944137573,7.080931663513184,31.258458375930786,42.88655066490173,0.08161520957946777,0.8765733242034912,0.04454755783081055
19,8,95.88258171081543,-32686569.4,0.7077847123146057,0.5044980645179749,0.5188097953796387,0.44873687624931335,63.97142028808594,7.187697410583496,31.903641939163208,41.9500732421875,0.08297181129455566,0.8699970245361328,0.04374980926513672
19,9,95.52819776535034,-32685874.2,0.7077921628952026,0.5045615434646606,0.5187785625457764,0.4487096667289734,63.871604681015015,7.109292030334473,31.64913773536682,41.83285045623779,0.08228302001953125,0.8741750717163086,0.04288172721862793
19,10,94.50639843940735,-32684311.6,0.7077457308769226,0.5046327114105225,0.5188930034637451,0.44855719804763794,63.912312746047974,7.0195534229278564,30.588053464889526,41.828937292099,0.08046340942382812,0.8753821849822998,0.044408321380615234
19,11,96.58328032493591,-32684034.2,0.7078421711921692,0.5046005249023438,0.5188203454017639,0.44857916235923767,64.31745147705078,7.032534599304199,32.25829792022705,42.26348519325256,0.08145022392272949,0.889423131942749,0.0440058708190918
19,12,94.58146142959595,-32686335.6,0.7077504396438599,0.5045764446258545,0.5187251567840576,0.4487895369529724,63.50383496284485,7.112389087677002,31.07017683982849,41.51264834403992,0.08067965507507324,0.8621859550476074,0.04239392280578613
19,13,91.29111766815186,-32687199.0,0.7076113224029541,0.5045800805091858,0.5188714861869812,0.44876447319984436,60.71028232574463,7.0784149169921875,30.573238134384155,42.209744691848755,0.0801689624786377,0.711146354675293,0.043680429458618164
19,14,91.2550048828125,-32683833.2,0.7079439759254456,0.5046266913414001,0.518765389919281,0.44849681854248047,59.90918231010437,7.078839063644409,31.338072538375854,41.433130502700806,0.07969284057617188,0.6881563663482666,0.04405617713928223
19,15,93.17755341529846,-32684054.4,0.7078059911727905,0.5048065781593323,0.5189319849014282,0.4482821226119995,61.41426110267639,7.083503246307373,31.75564694404602,41.76454973220825,0.08027935028076172,0.7630538940429688,0.043633460998535156
20,1,170.94333052635193,-75001015.2,0.6892831921577454,0.5117998719215393,0.5243135690689087,0.4542923867702484,104.37988924980164,6.865834474563599,66.5455048084259,56.3930230140686,0.08090615272521973,1.3075106143951416,0.058002471923828125
20,2,176.28078603744507,-74999789.6,0.6893643736839294,0.5117332339286804,0.5242887735366821,0.4542998671531677,104.05404591560364,7.3068578243255615,72.20829606056213,56.35621762275696,0.08051061630249023,1.283959150314331,0.06021881103515625
20,3,178.56276726722717,-74998231.2,0.689352810382843,0.511465847492218,0.5243927240371704,0.4544725716114044,104.60932207107544,7.293385982513428,73.93454074859619,56.47191643714905,0.08058023452758789,1.3163280487060547,0.057083845138549805
20,4,175.49911403656006,-75000945.6,0.6892632246017456,0.5117687582969666,0.5242996215820312,0.4543595612049103,104.27662491798401,7.281954765319824,71.20375919342041,56.458922147750854,0.08119416236877441,1.3123219013214111,0.05843186378479004
20,5,169.44353938102722,-74998120.0,0.6894150972366333,0.511570394039154,0.5243630409240723,0.4543404281139374,97.90070295333862,7.279935359954834,71.52512264251709,56.070509910583496,0.08050107955932617,1.1848526000976562,0.05708813667297363
20,6,173.6756763458252,-75003381.6,0.6892232298851013,0.5118321180343628,0.5242931842803955,0.45434194803237915,100.56301283836365,6.9380011558532715,73.0932924747467,57.494335889816284,0.08297085762023926,1.2189383506774902,0.05902695655822754
20,7,175.38248133659363,-74997206.4,0.6894471049308777,0.5115522146224976,0.5243138670921326,0.45437538623809814,105.13023972511292,7.293987035751343,70.23405909538269,57.09703350067139,0.08135771751403809,1.3137621879577637,0.06038832664489746
20,8,174.7281951904297,-75001860.8,0.6893129944801331,0.5115293860435486,0.5244142413139343,0.45442497730255127,103.26586508750916,7.295448303222656,71.44420647621155,55.11553239822388,0.0809776782989502,1.2991204261779785,0.05577683448791504
20,9,173.86185002326965,-75001943.2,0.6893371343612671,0.5116367340087891,0.5242476463317871,0.45447346568107605,103.46198034286499,7.286062955856323,70.3816614151001,55.338621377944946,0.08025121688842773,1.2964341640472412,0.05603480339050293
20,10,176.31267929077148,-75002374.4,0.6893172860145569,0.5117162466049194,0.5243884921073914,0.4542675018310547,102.66340661048889,7.2871692180633545,73.63133406639099,54.612727642059326,0.08005285263061523,1.265838623046875,0.05853915214538574
20,11,169.36678981781006,-74995241.6,0.6896042823791504,0.5116087794303894,0.5242512822151184,0.45422476530075073,97.96074748039246,7.295544385910034,71.38700342178345,56.95203351974487,0.08040857315063477,1.1653687953948975,0.059941768646240234
20,12,171.2433750629425,-74998032.8,0.6894269585609436,0.5116981267929077,0.524319589138031,0.4542410969734192,98.63113164901733,7.274372100830078,72.5930073261261,55.40972304344177,0.08028078079223633,1.1919312477111816,0.05890321731567383
20,13,175.64299321174622,-74994516.8,0.689507782459259,0.5116251707077026,0.5242687463760376,0.45428285002708435,103.6028003692627,7.248424768447876,72.02243518829346,55.703529596328735,0.08060288429260254,1.2959778308868408,0.05778145790100098
20,14,174.1779191493988,-74997144.0,0.6893483400344849,0.5117642283439636,0.5243299007415771,0.4542427062988281,102.48150062561035,7.264427423477173,71.67797017097473,54.20805525779724,0.08056759834289551,1.2890808582305908,0.05533432960510254
20,15,173.79521942138672,-75002137.6,0.6892725229263306,0.5115647912025452,0.5243685245513916,0.4544786214828491,103.4697892665863,6.5611793994903564,70.30775356292725,55.30460047721863,0.08074474334716797,1.2915675640106201,0.05552077293395996
20,16,162.79427313804626,-74993510.4,0.6895182132720947,0.5116006135940552,0.5243374109268188,0.4542270004749298,97.1192376613617,6.996337652206421,65.65668988227844,55.287745237350464,0.13037872314453125,1.1491646766662598,1.285461664199829
20,17,176.5428068637848,-74997504.8,0.6894487738609314,0.5116801261901855,0.5242993235588074,0.45426231622695923,100.38668298721313,7.261541128158569,76.13678646087646,54.51908564567566,0.08036613464355469,1.233424425125122,0.05856823921203613
20,18,174.72014594078064,-74997936.0,0.6893647313117981,0.5116354823112488,0.5243435502052307,0.45434048771858215,104.04320120811462,7.2978761196136475,70.65880179405212,55.83089590072632,0.08022093772888184,1.2843151092529297,0.05782580375671387
20,19,175.9064118862152,-75000212.8,0.689296305179596,0.5116243958473206,0.5242908596992493,0.45447519421577454,102.07862091064453,7.30268406867981,73.80950903892517,53.97334051132202,0.07974767684936523,1.2742979526519775,0.05671262741088867
20,20,172.4215588569641,-74999476.0,0.6893309354782104,0.5115144848823547,0.524398684501648,0.4544382393360138,102.28398180007935,7.0358054637908936,70.11921334266663,54.519559144973755,0.08105850219726562,1.2678673267364502,0.05726003646850586
20,21,177.53775906562805,-75006100.0,0.6890541911125183,0.5117226839065552,0.5243574380874634,0.45455288887023926,103.72729516029358,7.310088157653809,73.79231715202332,55.65334463119507,0.07934713363647461,1.3010525703430176,0.05682253837585449
