k,s,total_time_seconds,best_log_likelihood,full_fit,gradient_gpu,init_cpu_gpu,mcmc_cpu,optimizer_gpu,transfer_pcie,warm_up_mcmc_cpu
1,1,3.773135185241699,-0.0004000663757324219,3.77030348777771,2.530933141708374,0.002796649932861328,0.9702801704406738,0.10048627853393555,0.11043381690979004,0.0009005069732666016
1,2,4.2396461963653564,-0.0004000663757324219,4.238367080688477,2.8878419399261475,0.0012423992156982422,1.0623044967651367,0.11133360862731934,0.11628174781799316,0.0008895397186279297
1,3,4.27682089805603,-0.0004000663757324219,4.273977994918823,2.8636693954467773,0.002808809280395508,1.1281065940856934,0.10896587371826172,0.11212325096130371,0.0012302398681640625
1,4,4.186051607131958,-0.0004000663757324219,4.183338642120361,2.8209986686706543,0.0026717185974121094,1.0835754871368408,0.1052253246307373,0.11115336418151855,0.0012476444244384766
1,5,3.8862357139587402,-0.0004000663757324219,3.883575201034546,2.984229564666748,0.002629518508911133,0.5934219360351562,0.11775064468383789,0.12141561508178711,0.0004336833953857422
1,6,4.308725833892822,-0.0004000663757324219,4.305910348892212,2.8723151683807373,0.002783536911010742,1.1501922607421875,0.10891556739807129,0.1134328842163086,0.0012507438659667969
1,7,3.9652373790740967,-0.0004000663757324219,3.9623382091522217,2.980485677719116,0.002861499786376953,0.5910379886627197,0.11826300621032715,0.19615769386291504,0.0004696846008300781
1,8,3.104515790939331,-0.0004000663757324219,3.1015541553497314,2.1758646965026855,0.0029325485229492188,0.46255064010620117,0.10002708435058594,0.27531933784484863,0.0005354881286621094
1,9,2.8167991638183594,-0.0004000663757324219,2.813711404800415,1.9473466873168945,0.0030596256256103516,0.4268515110015869,0.09502649307250977,0.26099538803100586,0.00043320655822753906
1,10,2.8195183277130127,-0.0004000663757324219,2.81396484375,1.9474520683288574,0.005524873733520508,0.42700719833374023,0.09503865242004395,0.26117825508117676,0.0004429817199707031
1,11,4.1535515785217285,-0.0004000663757324219,4.150186538696289,2.716444730758667,0.0033292770385742188,1.0033023357391357,0.09945082664489746,0.23223352432250977,0.0009980201721191406
1,12,4.26503324508667,-0.0004000663757324219,4.2615368366241455,2.7889440059661865,0.0034575462341308594,1.011354684829712,0.10041952133178711,0.2714557647705078,0.0010328292846679688
1,13,4.083991765975952,-0.0004000663757324219,4.0804603099823,3.001816511154175,0.0034971237182617188,0.5891983509063721,0.1187899112701416,0.28893589973449707,0.00043964385986328125
1,14,4.271099090576172,-0.0004000663757324219,4.267568588256836,2.7839202880859375,0.003499269485473633,1.0152838230133057,0.09993505477905273,0.27872800827026367,0.001249551773071289
1,15,4.089840650558472,-0.0004000663757324219,4.086328744888306,3.009702682495117,0.0034775733947753906,0.5907158851623535,0.11877608299255371,0.2757861614227295,0.0004305839538574219
1,16,3.3994264602661133,-0.0004000663757324219,3.395817756652832,2.0309019088745117,0.0035767555236816406,0.8888182640075684,0.09694242477416992,0.2920067310333252,0.0011026859283447266
1,17,3.9866483211517334,-0.0004000663757324219,3.983442783355713,2.9131417274475098,0.003173828125,0.5776371955871582,0.11656427383422852,0.28528738021850586,0.00042819976806640625
1,18,3.652397394180298,0.0,3.6489264965057373,2.6609444618225098,0.0034248828887939453,0.3618776798248291,0.12116885185241699,0.3908393383026123,0.000316619873046875
1,19,4.286772727966309,-0.0004000663757324219,4.282257795333862,3.0563008785247803,0.00447535514831543,0.5728483200073242,0.12160706520080566,0.4129359722137451,0.0007510185241699219
1,20,3.624948740005493,0.0,3.6198415756225586,2.6425087451934814,0.005062580108642578,0.3649017810821533,0.1195688247680664,0.3732609748840332,0.00033926963806152344
1,21,4.412390947341919,-0.0004000663757324219,4.408268690109253,2.7767672538757324,0.004082679748535156,1.0229363441467285,0.10103631019592285,0.38352465629577637,0.001264333724975586
1,22,4.011804580688477,-0.0004000663757324219,4.008296251296997,2.399569034576416,0.003467559814453125,0.9907515048980713,0.0984799861907959,0.3949754238128662,0.0009963512420654297
1,23,4.2913596630096436,-0.0004000663757324219,4.287272214889526,3.0355169773101807,0.004052400588989258,0.5793266296386719,0.11854124069213867,0.42902708053588867,0.0004291534423828125
1,24,4.658263921737671,-0.0004000663757324219,4.654042482376099,3.339865207672119,0.0041654109954833984,0.6365072727203369,0.13390588760375977,0.42049574851989746,0.0005319118499755859
1,25,4.213529348373413,-0.0004000663757324219,4.208043575286865,2.94765043258667,0.005447864532470703,0.5927057266235352,0.12216496467590332,0.4213681221008301,0.0007579326629638672
1,26,3.545027256011963,0.0,3.5411179065704346,2.5327367782592773,0.003875255584716797,0.3442091941833496,0.11438417434692383,0.42806339263916016,0.0002529621124267578
1,27,5.304678916931152,-0.0004000663757324219,5.300720691680908,3.8539371490478516,0.003924369812011719,0.7410411834716797,0.1449880599975586,0.4390833377838135,0.0005159378051757812
1,28,3.993324041366577,-0.0004000663757324219,3.99130916595459,2.8208250999450684,0.001984119415283203,0.5455715656280518,0.11315393447875977,0.3913090229034424,0.00051116943359375
1,29,4.072317838668823,-0.0004000663757324219,4.068894863128662,2.4465246200561523,0.0033898353576660156,1.008718729019165,0.0995023250579834,0.40300726890563965,0.000993967056274414
1,30,4.289839267730713,-0.0004000663757324219,4.287498950958252,3.031268835067749,0.002306222915649414,0.5795073509216309,0.11862301826477051,0.4305739402770996,0.0004265308380126953
2,1,5.218310356140137,-5.229887008666992,5.214057207107544,2.9989278316497803,0.004213809967041016,1.5882556438446045,0.10021567344665527,0.406374454498291,0.0021266937255859375
2,2,4.978979825973511,-4.457286024093628,4.9753711223602295,3.0070087909698486,0.0035767555236816406,1.330200433731079,0.10148000717163086,0.413982629776001,0.0013508796691894531
2,3,5.41180944442749,-5.229886531829834,5.4076995849609375,3.1361210346221924,0.0040781497955322266,1.603869915008545,0.1086888313293457,0.43157434463500977,0.001600027084350586
2,4,5.133969306945801,-3.744004011154175,5.130286931991577,3.066699504852295,0.0036530494689941406,1.431229829788208,0.10010075569152832,0.41402602195739746,0.001444101333618164
2,5,4.80679178237915,-4.838961124420166,4.80285906791687,3.0367157459259033,0.003893613815307617,1.136911153793335,0.09935188293457031,0.40610456466674805,0.001352548599243164
2,6,4.09929895401001,-1.4356350421905517,4.095145225524902,2.9056029319763184,0.004125833511352539,0.5885119438171387,0.10207414627075195,0.3909950256347656,0.0005183219909667969
2,7,4.728404521942139,-4.2791008949279785,4.7245707511901855,2.779625654220581,0.003802776336669922,1.3383681774139404,0.10008120536804199,0.38826799392700195,0.0013492107391357422
2,8,4.708511590957642,-3.5903183937072756,4.70445990562439,3.0921642780303955,0.004021644592285156,1.013556718826294,0.10234618186950684,0.3771030902862549,0.000978708267211914
2,9,5.207070350646973,-4.279101371765137,5.203379392623901,3.2571067810058594,0.0036504268646240234,1.3236312866210938,0.10957574844360352,0.3985157012939453,0.0012669563293457031
2,10,5.382353067398071,-3.7342302799224854,5.3783652782440186,3.71464204788208,0.003942251205444336,1.0362510681152344,0.12352824211120605,0.38687968254089355,0.0010080337524414062
2,11,4.841897249221802,-3.478757381439209,4.838227033615112,3.219614267349243,0.0036382675170898438,0.9722647666931152,0.10483026504516602,0.41997623443603516,0.0010712146759033203
2,12,4.645250558853149,-3.5125084400177,4.641063928604126,3.0160481929779053,0.004157543182373047,0.9922690391540527,0.09982132911682129,0.41726183891296387,0.0009667873382568359
2,13,5.272543907165527,-2.6161422729492188,5.269592046737671,3.068464756011963,0.002917051315307617,1.5850825309753418,0.10295796394348145,0.38977503776550293,0.001688241958618164
2,14,4.631070613861084,-3.49649555683136,4.628618955612183,3.033885955810547,0.0024156570434570312,0.9704463481903076,0.10076141357421875,0.41106343269348145,0.0009634494781494141
2,15,4.879437446594238,-4.281283378601074,4.875829696655273,3.019071340560913,0.0035605430603027344,1.2383205890655518,0.10108232498168945,0.40258002281188965,0.0013301372528076172
2,16,4.214327573776245,-1.3882283210754394,4.210696458816528,3.021188497543335,0.003598451614379883,0.5786128044128418,0.10087895393371582,0.4006204605102539,0.0005466938018798828
2,17,5.5718371868133545,-6.817917013168335,5.5682384967803955,3.0189690589904785,0.003563404083251953,1.9320476055145264,0.10041475296020508,0.3948638439178467,0.0017354488372802734
2,18,4.075817823410034,-1.3419462203979493,4.072096586227417,2.917459011077881,0.0036857128143310547,0.5729119777679443,0.10071873664855957,0.3713805675506592,0.0005192756652832031
2,19,4.428280591964722,-0.0004000663757324219,4.424402475357056,2.8067355155944824,0.0038471221923828125,1.0021381378173828,0.09946537017822266,0.39990925788879395,0.0012233257293701172
2,20,6.2826080322265625,-7.79435977935791,6.278764963150024,3.046903133392334,0.0037984848022460938,2.5888419151306152,0.10016679763793945,0.41201186180114746,0.002493619918823242
2,21,6.292843580245972,-3.732487940788269,5.239250898361206,2.5670390129089355,1.0535800457000732,1.008293628692627,0.14832186698913574,0.10646271705627441,1.3588523864746094
2,22,5.2815797328948975,-4.500598907470703,5.280261278152466,3.108333110809326,0.0012772083282470703,1.7980265617370605,0.1042170524597168,0.19139504432678223,0.001848459243774414
2,23,4.353748798370361,-4.758896160125732,4.350282669067383,2.902519941329956,0.003426790237426758,0.9902210235595703,0.10006427764892578,0.2750833034515381,0.0010225772857666016
2,24,4.962130308151245,-4.280575752258301,4.957240343093872,3.0663013458251953,0.004854679107666016,1.4125149250030518,0.10289692878723145,0.28803515434265137,0.001424551010131836
2,25,4.9485719203948975,-4.838961124420166,4.945031642913818,3.085866928100586,0.003503084182739258,1.3246967792510986,0.10490679740905762,0.32990312576293945,0.0013394355773925781
2,26,6.10994029045105,-4.223550796508789,6.106290817260742,2.676950454711914,0.0036077499389648438,2.779797315597534,0.10379719734191895,0.41802048683166504,0.002885580062866211
2,27,5.57574725151062,-7.6967630863189695,5.572477102279663,2.7919604778289795,0.0032317638397216797,2.0843870639801025,0.10890388488769531,0.44103479385375977,0.003002643585205078
2,28,5.044192790985107,-6.557872581481933,5.04032301902771,2.9181203842163086,0.0038390159606933594,1.4513826370239258,0.10781216621398926,0.4265720844268799,0.0013790130615234375
2,29,4.801194667816162,-4.282769203186035,4.7969982624053955,2.681226968765259,0.004166364669799805,1.4333670139312744,0.10436844825744629,0.4346773624420166,0.0014836788177490234
2,30,4.725986957550049,-2.293954372406006,4.722235441207886,2.8481812477111816,0.0037169456481933594,1.1894681453704834,0.10584378242492676,0.4401731491088867,0.0011973381042480469
3,2,6.013029098510742,-17.01485404968262,6.010807275772095,2.8300843238830566,0.0021924972534179688,2.508657455444336,0.10422706604003906,0.4255492687225342,0.0026650428771972656
3,3,5.753294229507446,-12.530307483673095,5.749644994735718,3.050672769546509,0.0036134719848632812,2.041897773742676,0.10504794120788574,0.42278456687927246,0.0022253990173339844
3,4,7.05829381942749,-20.79004325866699,7.056166887283325,3.0259315967559814,0.002092123031616211,3.345745801925659,0.1023399829864502,0.43952131271362305,0.0038824081420898438
3,5,5.6474769115448,-14.20513162612915,5.644622564315796,2.907501220703125,0.0028221607208251953,2.0680394172668457,0.1062161922454834,0.42269444465637207,0.0022535324096679688
3,6,7.216359615325928,-21.46443614959717,7.212559700012207,3.3392655849456787,0.0037717819213867188,3.1708908081054688,0.10876893997192383,0.45507049560546875,0.0033538341522216797
3,7,6.787289619445801,-22.70197811126709,6.783010482788086,2.9823482036590576,0.004239320755004883,3.18620228767395,0.1049196720123291,0.3841710090637207,0.003103017807006836
3,8,5.254859209060669,-10.502068328857423,5.250730037689209,2.982431650161743,0.004090547561645508,1.6007201671600342,0.10778641700744629,0.4216914176940918,0.002832174301147461
3,9,5.10594630241394,-11.860811138153077,5.1023643016815186,2.8819844722747803,0.003548145294189453,1.5890405178070068,0.11304998397827148,0.3934783935546875,0.0020411014556884766
3,10,4.901760101318359,-9.36670150756836,4.897820472717285,2.954775810241699,0.003912210464477539,1.2739262580871582,0.1081087589263916,0.4192345142364502,0.001239776611328125
3,11,5.712663650512695,-15.22322883605957,5.708882093429565,2.7815887928009033,0.003745555877685547,2.276660442352295,0.10097837448120117,0.4140799045562744,0.002310514450073242
3,12,5.379409074783325,-18.342235565185547,5.3759236335754395,2.78926682472229,0.0034449100494384766,1.9777202606201172,0.10227656364440918,0.3887815475463867,0.001959562301635742
3,13,5.777204513549805,-16.344141006469727,5.774329662322998,2.8230698108673096,0.0028374195098876953,2.3238325119018555,0.10064172744750977,0.3912465572357178,0.002625703811645508
3,14,6.920742988586426,-21.748252296447752,6.91772723197937,3.1090943813323975,0.002981901168823242,3.1248695850372314,0.10216641426086426,0.4420921802520752,0.003201723098754883
3,15,5.541696310043335,-11.748460578918458,5.538316011428833,3.1059160232543945,0.0033457279205322266,1.7451722621917725,0.10356378555297852,0.43737292289733887,0.0017294883728027344
3,16,6.826749801635742,-25.78176670074463,6.822669744491577,2.8819477558135986,0.004044294357299805,3.322139024734497,0.10085225105285645,0.3826756477355957,0.003248929977416992
3,17,6.385668516159058,-18.918765830993653,6.383533000946045,2.9851577281951904,0.0021026134490966797,2.7718706130981445,0.10218071937561035,0.4005129337310791,0.0026831626892089844
3,18,5.731844663619995,-14.117772674560547,5.7281036376953125,2.94144606590271,0.003707408905029297,2.188889741897583,0.10362935066223145,0.3808467388153076,0.0024967193603515625
3,19,6.175412654876709,-19.055430603027343,6.172502279281616,2.811843156814575,0.0028777122497558594,2.7321298122406006,0.10264968872070312,0.3965015411376953,0.0027284622192382812
3,20,5.958360910415649,-21.880461502075196,5.954749345779419,2.55167555809021,0.0035750865936279297,2.8237900733947754,0.10118937492370605,0.35311388969421387,0.002943277359008789
3,21,6.94029426574707,-21.486238098144533,6.938184499740601,3.0146572589874268,0.0020728111267089844,3.3357763290405273,0.10354161262512207,0.3550689220428467,0.003223419189453125
3,22,5.571756839752197,-10.861978340148926,5.567962884902954,2.8781094551086426,0.0037577152252197266,2.0315775871276855,0.10110092163085938,0.42152929306030273,0.0023369789123535156
3,23,5.34601354598999,-14.626362323760986,5.3418965339660645,2.8975472450256348,0.004085540771484375,1.7842791080474854,0.10227370262145996,0.4248993396759033,0.0017955303192138672
3,24,5.069249391555786,-10.340948581695557,5.066119909286499,2.708029270172119,0.0030989646911621094,1.7236380577087402,0.10077905654907227,0.4086263179779053,0.0018076896667480469
3,25,6.438717842102051,-20.922936630249023,6.436512470245361,2.783322811126709,0.002178192138671875,3.0442841053009033,0.10066461563110352,0.3749215602874756,0.002950906753540039
3,26,5.357281446456909,-15.085749626159668,5.3538453578948975,2.89560604095459,0.0033986568450927734,1.8533577919006348,0.10309267044067383,0.38503551483154297,0.0018529891967773438
3,27,7.691240549087524,-27.62194194793701,7.689278602600098,2.9379255771636963,0.0019288063049316406,4.121005296707153,0.10535955429077148,0.39667367935180664,0.003937721252441406
3,28,5.5600974559783936,-12.305253791809083,5.555748224258423,2.930267810821533,0.004319190979003906,1.9577171802520752,0.10551929473876953,0.43467187881469727,0.002735137939453125
3,29,6.585675477981567,-19.929995918273924,6.581464529037476,3.001620292663574,0.004173994064331055,2.994614601135254,0.10224008560180664,0.36536264419555664,0.002924680709838867
3,30,5.953551530838013,-16.06446762084961,5.949645280838013,2.984855890274048,0.003870725631713867,2.3395040035247803,0.1042487621307373,0.40286993980407715,0.0026552677154541016
4,1,6.711843490600586,-47.01028289794922,6.707667112350464,3.0054893493652344,0.004141569137573242,3.108220338821411,0.10248470306396484,0.3726029396057129,0.0033445358276367188
4,2,7.0259010791778564,-45.246162033081056,7.018660306930542,3.2805497646331787,0.007199525833129883,3.1232051849365234,0.10599851608276367,0.37470006942749023,0.003285646438598633
4,3,7.9852070808410645,-57.510868072509766,7.982475757598877,3.349242687225342,0.0026993751525878906,4.034698247909546,0.10465383529663086,0.3665347099304199,0.004328012466430664
4,4,9.473148345947266,-71.11879425048828,9.469271659851074,3.3531463146209717,0.0038251876831054688,5.485536098480225,0.10466194152832031,0.40007925033569336,0.006117105484008789
4,5,6.9983203411102295,-46.713854217529295,6.995080947875977,3.2750399112701416,0.0032052993774414062,3.1056814193725586,0.10367894172668457,0.38271665573120117,0.0036585330963134766
4,6,7.712233543395996,-51.247288131713866,7.708418369293213,3.184192180633545,0.003782987594604492,3.9368505477905273,0.10346007347106934,0.36161017417907715,0.004242897033691406
4,7,7.031368255615234,-50.28694953918457,7.027818202972412,3.0852982997894287,0.0035169124603271484,3.3665943145751953,0.10228157043457031,0.3569915294647217,0.0035829544067382812
4,8,6.792109727859497,-31.71359786987305,6.789029359817505,3.297398567199707,0.0030450820922851562,2.915806293487549,0.10587048530578613,0.35483598709106445,0.0038580894470214844
4,9,7.238569498062134,-48.4647216796875,7.236409664154053,2.9523918628692627,0.0021271705627441406,3.696751594543457,0.10032439231872559,0.36954307556152344,0.0038247108459472656
4,10,7.212435722351074,-49.68325996398926,7.208781719207764,2.8246536254882812,0.003627300262451172,3.8095250129699707,0.10076403617858887,0.34372925758361816,0.004029750823974609
4,11,6.197391033172607,-37.8261116027832,6.1935875415802,2.803579568862915,0.003767251968383789,2.7720394134521484,0.10018110275268555,0.3953995704650879,0.003606557846069336
4,12,6.625529527664185,-42.35862998962402,6.62148642539978,2.9861111640930176,0.004014015197753906,3.052983522415161,0.10124945640563965,0.3591759204864502,0.0034673213958740234
4,13,6.870740175247192,-45.677838516235354,6.867014646530151,3.147207736968994,0.003687620162963867,3.1414949893951416,0.10172343254089355,0.36244821548461914,0.0033915042877197266
4,14,6.21158766746521,-30.99743766784668,6.208002805709839,2.967116355895996,0.0035521984100341797,2.665152072906494,0.10113787651062012,0.362438440322876,0.003190755844116211
4,15,6.860674142837524,-50.50550804138184,6.856857061386108,2.882026433944702,0.003783702850341797,3.403902053833008,0.10086989402770996,0.3498709201812744,0.003739595413208008
4,16,7.359537124633789,-52.64398460388183,7.355170965194702,3.0407838821411133,0.0043294429779052734,3.7466561794281006,0.10152316093444824,0.345257043838501,0.004652500152587891
4,17,7.824812650680542,-50.33245735168457,7.821924686431885,3.221654176712036,0.0028581619262695312,4.010110139846802,0.10237669944763184,0.3639342784881592,0.004323005676269531
4,18,5.8268163204193115,-33.18725242614746,5.822953701019287,2.8366010189056396,0.003832578659057617,2.400038719177246,0.10030937194824219,0.36971044540405273,0.0028269290924072266
4,19,8.74030327796936,-70.71968383789063,8.73635458946228,3.085653305053711,0.0039212703704833984,5.06546425819397,0.10234832763671875,0.35849428176879883,0.005173921585083008
4,20,6.528648138046265,-39.55467414855957,6.524589538574219,2.9929966926574707,0.004021167755126953,2.9437451362609863,0.10146427154541016,0.37544727325439453,0.003471851348876953
4,21,7.461294412612915,-53.42066879272461,7.458349704742432,2.859959602355957,0.002915620803833008,4.011541128158569,0.10008835792541504,0.3638632297515869,0.00424647331237793
4,22,6.131726264953613,-34.69677581787109,6.1280763149261475,2.8006982803344727,0.0036199092864990234,2.7615885734558105,0.10163760185241699,0.35209131240844727,0.0034017562866210938
4,23,6.792979955673218,-47.832037353515624,6.789283037185669,2.940979242324829,0.003664255142211914,3.2653579711914062,0.10100150108337402,0.3565843105316162,0.003580808639526367
4,24,7.7623069286346436,-53.00687141418457,7.757477283477783,3.069175958633423,0.00479435920715332,4.114811897277832,0.1025381088256836,0.345639705657959,0.0044498443603515625
4,25,7.099872589111328,-52.45090942382812,7.0954978466033936,3.0828769207000732,0.004343986511230469,3.4095351696014404,0.10341072082519531,0.3770925998687744,0.0035653114318847656
4,26,7.174143075942993,-48.85665092468262,7.1703901290893555,3.0808069705963135,0.003724336624145508,3.5196304321289062,0.10402250289916992,0.34456634521484375,0.0038444995880126953
4,27,6.832613229751587,-42.67933578491211,6.829022169113159,3.041703462600708,0.003554821014404297,3.216688632965088,0.10141301155090332,0.36154723167419434,0.003340482711791992
4,28,7.025039196014404,-53.56371994018555,7.021400690078735,2.7232887744903564,0.003602743148803711,3.70532488822937,0.09936714172363281,0.37282371520996094,0.004221439361572266
4,29,6.035391807556152,-41.0481071472168,6.032516717910767,2.8298537731170654,0.0028464794158935547,2.6474609375,0.10217118263244629,0.348036527633667,0.0028417110443115234
4,30,7.125917673110962,-43.0228687286377,7.122870445251465,3.1943366527557373,0.0030210018157958984,3.3679726123809814,0.10457825660705566,0.34166574478149414,0.0036187171936035156
5,1,8.858382940292358,-127.97654266357422,8.854509115219116,3.446918487548828,0.00383758544921875,4.823899030685425,0.10878300666809082,0.35222458839416504,0.0054473876953125
5,2,9.765084028244019,-148.94622650146485,9.761372327804565,3.4237403869628906,0.0036802291870117188,5.721680641174316,0.1043694019317627,0.3856203556060791,0.007569789886474609
5,3,9.77600908279419,-156.06004333496094,9.772676229476929,3.3955771923065186,0.003298521041870117,5.814935207366943,0.10021758079528809,0.3509407043457031,0.006525993347167969
5,4,9.469375848770142,-149.2666778564453,9.465478897094727,3.141629695892334,0.003870725631713867,5.759174346923828,0.10204243659973145,0.3420751094818115,0.007928848266601562
5,5,7.816259860992432,-117.14924240112305,7.811856269836426,2.907581090927124,0.00436711311340332,4.348308324813843,0.09935259819030762,0.34091925621032715,0.004916667938232422
5,6,8.658773422241211,-132.25163726806642,8.653560400009155,3.085477352142334,0.005169868469238281,5.007702112197876,0.10183334350585938,0.3498368263244629,0.0055522918701171875
5,7,8.151079416275024,-126.2863265991211,8.147017478942871,3.2438488006591797,0.004021644592285156,4.350466251373291,0.10205245018005371,0.33856987953186035,0.004845380783081055
5,8,8.57652473449707,-126.56795349121094,8.572704553604126,3.1737587451934814,0.0037848949432373047,4.826779365539551,0.10260748863220215,0.3576209545135498,0.005441188812255859
5,9,9.47248101234436,-125.45188827514649,9.467837810516357,3.6081478595733643,0.0046079158782958984,5.305953502655029,0.10298585891723633,0.34053945541381836,0.007220029830932617
5,10,10.794780492782593,-167.33075408935548,10.791576862335205,3.402708053588867,0.0031621456146240234,6.838361501693726,0.1043996810913086,0.3386836051940918,0.007130861282348633
5,11,8.659966468811035,-149.70884857177734,8.655969858169556,3.0956363677978516,0.003960132598876953,5.032530784606934,0.10142803192138672,0.32561159133911133,0.005664348602294922
5,12,8.242214918136597,-131.00387115478514,8.239916324615479,3.1567490100860596,0.002270936965942383,4.5670716762542725,0.0999288558959961,0.31992149353027344,0.005107879638671875
5,13,8.825043439865112,-146.3011032104492,8.820993423461914,3.1577253341674805,0.0040166378021240234,5.128634214401245,0.103424072265625,0.3269782066345215,0.005708217620849609
5,14,7.981842994689941,-126.42059020996093,7.9777607917785645,3.124965190887451,0.004051923751831055,4.300394773483276,0.10312771797180176,0.3411388397216797,0.004748821258544922
5,15,8.652021884918213,-132.75335845947265,8.65004563331604,3.187047243118286,0.0019421577453613281,4.929426431655884,0.10142397880554199,0.3237001895904541,0.0051958560943603516
5,16,8.457996606826782,-120.57971496582032,8.454233884811401,3.182525396347046,0.00372314453125,4.721944808959961,0.10200285911560059,0.339754581451416,0.0050275325775146484
5,17,9.562159538269043,-149.84720764160156,9.559126853942871,3.421536445617676,0.003002643585205078,5.596031188964844,0.1040506362915039,0.3276021480560303,0.006085634231567383
5,18,9.264196872711182,-144.13448333740234,9.261070013046265,3.380337715148926,0.0030977725982666016,5.339433908462524,0.10227537155151367,0.33786535263061523,0.006116151809692383
5,19,12.119935989379883,-162.09502563476562,11.176098823547363,3.6101553440093994,0.9438228607177734,5.6135804653167725,0.1567537784576416,0.2857835292816162,1.4207127094268799
5,20,7.88893723487854,-112.0798568725586,7.883179664611816,3.5209949016571045,0.005710124969482422,3.867649555206299,0.09915471076965332,0.30179667472839355,0.004326581954956055
5,21,9.05638599395752,-143.39742736816407,9.052918195724487,3.538787603378296,0.003434419631958008,5.029965877532959,0.09974265098571777,0.29138922691345215,0.005607128143310547
5,22,9.395203113555908,-154.50098114013673,9.391287088394165,3.695901870727539,0.003886699676513672,5.209695100784302,0.0988013744354248,0.28864502906799316,0.005653858184814453
5,23,8.572712421417236,-122.36356048583984,8.568759441375732,3.5138132572174072,0.003923892974853516,4.564711809158325,0.09792566299438477,0.30065441131591797,0.00503849983215332
5,24,10.544705867767334,-180.25284881591796,10.541672945022583,3.480024814605713,0.003008127212524414,6.588132858276367,0.09719324111938477,0.2847707271575928,0.007080793380737305
5,25,7.458274841308594,-98.50357589721679,7.455374240875244,3.460979700088501,0.0028722286224365234,3.5017879009246826,0.09648394584655762,0.3107318878173828,0.0039637088775634766
5,26,8.68656325340271,-140.28397674560546,8.682913541793823,3.2753384113311768,0.0036242008209228516,4.931155204772949,0.09576892852783203,0.2912724018096924,0.005660057067871094
5,27,9.693180322647095,-165.2985809326172,9.689346075057983,3.169956922531128,0.003808259963989258,6.024904727935791,0.09438157081604004,0.30353808403015137,0.006707191467285156
5,28,9.329932689666748,-146.50527801513672,9.326159715652466,3.523646354675293,0.0037488937377929688,5.34217095375061,0.09629297256469727,0.2740950584411621,0.006039142608642578
5,29,9.782546520233154,-174.2628616333008,9.778865337371826,3.2555923461914062,0.0036475658416748047,6.046225070953369,0.09599804878234863,0.2898688316345215,0.00648951530456543
5,30,7.6210174560546875,-104.03213729858399,7.618085861206055,3.572293996810913,0.002904653549194336,3.5575966835021973,0.09757637977600098,0.30703186988830566,0.003952980041503906
6,1,10.06020474433899,-338.6911254882813,10.055452108383179,3.5203096866607666,0.004719257354736328,6.059164524078369,0.09753799438476562,0.28873181343078613,0.006928205490112305
6,2,12.480768918991089,-423.39121704101564,12.476959943771362,3.901610851287842,0.003768444061279297,8.065303564071655,0.09857726097106934,0.312946081161499,0.008779048919677734
6,3,5.051684617996216,-33.048973655700685,5.048008680343628,3.6585044860839844,0.003641843795776367,0.9291775226593018,0.09843087196350098,0.27891063690185547,0.0009708404541015625
6,4,4.533088445663452,-29.808716773986816,4.528913736343384,3.232149600982666,0.0041501522064208984,0.8500521183013916,0.09515881538391113,0.2661130428314209,0.0008587837219238281
6,5,4.885908603668213,-26.760623359680174,4.88156533241272,3.499264717102051,0.004309415817260742,0.9523355960845947,0.09686541557312012,0.2531599998474121,0.0009829998016357422
6,6,4.218657493591309,-26.820917320251464,4.2152814865112305,3.0223639011383057,0.0033516883850097656,0.7630541324615479,0.09403491020202637,0.2522115707397461,0.0007939338684082031
6,7,4.453855752944946,-26.739368629455566,4.45025110244751,3.101471424102783,0.0035772323608398438,0.9140946865081787,0.09649944305419922,0.25727415084838867,0.0009334087371826172
6,8,4.637529373168945,-33.681799697875974,4.633901119232178,3.0514869689941406,0.0036013126373291016,1.0340330600738525,0.09715819358825684,0.34234023094177246,0.0011091232299804688
6,9,5.226074695587158,-39.475093078613284,5.222801923751831,3.6196258068084717,0.003239154815673828,1.0643651485443115,0.0990297794342041,0.3330965042114258,0.001125335693359375
6,10,4.96977424621582,-26.462298965454103,4.9666595458984375,3.590177536010742,0.0030832290649414062,0.79758620262146,0.0992581844329834,0.3796217441558838,0.0007758140563964844
6,11,5.247190475463867,-29.82993221282959,5.243371248245239,3.7754108905792236,0.00379180908203125,0.8854320049285889,0.10823678970336914,0.36446452140808105,0.0009267330169677734
6,12,4.404738903045654,-0.012798309326171875,4.401074409484863,3.042102336883545,0.0036325454711914062,0.7895631790161133,0.10040760040283203,0.35652637481689453,0.0009620189666748047
6,13,4.769339561462402,-26.78454246520996,4.765888452529907,3.3104946613311768,0.003424406051635742,0.8898172378540039,0.0981135368347168,0.3624279499053955,0.0008831024169921875
6,14,4.659552097320557,-26.53902244567871,4.654548645019531,3.1896069049835205,0.0049724578857421875,0.9254934787750244,0.0985107421875,0.3375716209411621,0.0009484291076660156
6,15,4.336381673812866,-26.268410873413085,4.33263373374939,3.0214450359344482,0.0037217140197753906,0.7617723941802979,0.0967714786529541,0.3442270755767822,0.0007960796356201172
6,16,4.458010911941528,-34.041852188110354,4.456514596939087,2.905567169189453,0.0014679431915283203,0.9783878326416016,0.0964958667755127,0.3617281913757324,0.0010418891906738281
6,17,5.110796213150024,-30.0165002822876,5.106836557388306,3.5803067684173584,0.00392603874206543,0.8855810165405273,0.10358881950378418,0.4113948345184326,0.0009069442749023438
6,18,5.489888906478882,-36.034630584716794,5.4863810539245605,3.8517088890075684,0.003473997116088867,1.0055010318756104,0.10108351707458496,0.4059607982635498,0.0010330677032470703
6,19,5.386849403381348,-39.293192291259764,5.382749795913696,3.5688159465789795,0.004065990447998047,1.1836669445037842,0.0983879566192627,0.4047825336456299,0.0012357234954833984
6,20,4.66199803352356,-26.59807415008545,4.659178256988525,3.1037917137145996,0.0027954578399658203,0.9131724834442139,0.09328222274780273,0.41905951499938965,0.0009455680847167969
6,21,4.648164510726929,-30.24394245147705,4.643885135650635,3.0290675163269043,0.0042531490325927734,0.9662771224975586,0.09315299987792969,0.42498278617858887,0.0010187625885009766
6,22,4.990727186203003,-41.79819564819336,4.986954212188721,3.22554612159729,0.003747701644897461,1.1454894542694092,0.09566879272460938,0.39075183868408203,0.0012307167053222656
6,23,4.600442409515381,-26.84619770050049,4.596402168273926,3.0588459968566895,0.004013776779174805,0.8849637508392334,0.09602046012878418,0.4381895065307617,0.0008900165557861328
6,24,4.8813042640686035,-30.4961820602417,4.877370119094849,3.402042865753174,0.003905057907104492,0.848919153213501,0.09554553031921387,0.40406370162963867,0.0008978843688964844
6,25,5.109786748886108,-39.859065246582034,5.106135606765747,3.2882094383239746,0.003618478775024414,1.1793546676635742,0.09689712524414062,0.4134707450866699,0.001287698745727539
6,26,5.030948877334595,-33.51637306213379,5.0267040729522705,3.44415545463562,0.004220008850097656,0.945587158203125,0.10072040557861328,0.41828060150146484,0.0009586811065673828
6,27,5.051526069641113,-30.69457836151123,5.047465562820435,3.4519851207733154,0.00402379035949707,0.9661221504211426,0.0971219539642334,0.4087510108947754,0.00103759765625
6,28,5.044549942016602,-38.95713310241699,5.040471792221069,3.2392659187316895,0.004046440124511719,1.169560194015503,0.09525156021118164,0.410473108291626,0.0012781620025634766
6,29,4.8075642585754395,-26.590152549743653,4.803387403488159,3.365065813064575,0.004147768020629883,0.7801365852355957,0.09478521347045898,0.44245386123657227,0.0008037090301513672
6,30,4.730632781982422,-26.667707443237305,4.726874828338623,3.1724138259887695,0.0037300586700439453,0.9169015884399414,0.0950615406036377,0.4223647117614746,0.0009703636169433594
7,1,13.469902753829956,-891.8340576171875,13.462939262390137,4.042178392410278,0.006936073303222656,8.744125366210938,0.09902524948120117,0.432553768157959,0.009645938873291016
7,2,13.133895874023438,-811.2363647460937,13.128786087036133,4.1665778160095215,0.005083322525024414,8.271381378173828,0.10216355323791504,0.4445018768310547,0.00910043716430664
7,3,12.593525409698486,-841.9698608398437,12.587857723236084,3.9996728897094727,0.0056383609771728516,8.030157804489136,0.09923052787780762,0.34813690185546875,0.00893092155456543
7,4,13.831276178359985,-917.5236755371094,13.826017141342163,4.0224504470825195,0.0052242279052734375,9.250212669372559,0.10049772262573242,0.3379507064819336,0.009939193725585938
7,5,12.861109256744385,-909.0384399414063,12.856187105178833,3.504577875137329,0.004895448684692383,8.749039649963379,0.09566617012023926,0.39961814880371094,0.009503841400146484
7,6,13.145758867263794,-891.4627624511719,13.140315055847168,4.018969297409058,0.005411624908447266,8.639697074890137,0.09916234016418457,0.2923698425292969,0.009468317031860352
7,7,12.717239379882812,-843.5418579101563,12.713080883026123,4.075086355209351,0.0041234493255615234,8.183460474014282,0.09837055206298828,0.2761828899383545,0.009035348892211914
7,8,12.771243572235107,-863.7345581054688,12.76634669303894,4.050819635391235,0.004861593246459961,8.265724182128906,0.09922122955322266,0.25919270515441895,0.009221792221069336
7,9,12.679236888885498,-851.0342834472656,12.674917459487915,3.8994922637939453,0.0042912960052490234,8.337814569473267,0.09820365905761719,0.2526204586029053,0.009130716323852539
7,10,13.036343812942505,-875.7045959472656,13.030880451202393,4.017583131790161,0.005438089370727539,8.588881015777588,0.09810209274291992,0.23566079139709473,0.009277582168579102
7,11,12.685005187988281,-877.4087463378906,12.679955005645752,3.909449338912964,0.005019426345825195,8.339996337890625,0.09879207611083984,0.24317264556884766,0.00906062126159668
7,12,12.5665602684021,-844.2133544921875,12.562087535858154,3.2413530349731445,0.004445791244506836,8.860785484313965,0.09594345092773438,0.27573323249816895,0.009840011596679688
7,13,12.868147850036621,-856.84970703125,12.863019704818726,4.015474796295166,0.005098819732666016,8.4125075340271,0.1014254093170166,0.2480297088623047,0.009081125259399414
7,14,13.404301166534424,-863.5051879882812,13.400242328643799,4.0363922119140625,0.004032611846923828,8.93344259262085,0.09958457946777344,0.24892902374267578,0.009791374206542969
7,15,13.362451553344727,-871.9959411621094,13.358396530151367,4.030439615249634,0.004029273986816406,8.896411895751953,0.09964632987976074,0.24054718017578125,0.009784698486328125
7,16,12.693703413009644,-851.524169921875,12.689499139785767,3.9155054092407227,0.004179477691650391,8.30754280090332,0.09820151329040527,0.2913625240325928,0.009138107299804688
7,17,13.499791383743286,-898.0926940917968,13.494764804840088,4.009043455123901,0.00499272346496582,9.041515827178955,0.10260176658630371,0.25104761123657227,0.009725093841552734
7,18,12.748076915740967,-853.8307434082031,12.743030309677124,4.0795488357543945,0.00500035285949707,8.214570999145508,0.10476851463317871,0.2514162063598633,0.009054183959960938
7,19,13.140011072158813,-870.1726684570312,13.135497093200684,4.082488059997559,0.0044863224029541016,8.605198621749878,0.09931278228759766,0.264415979385376,0.009664297103881836
7,20,12.865589380264282,-858.2286010742188,12.86068844795227,4.001707077026367,0.0048754215240478516,8.412538290023804,0.0996553897857666,0.2620811462402344,0.009443044662475586
7,21,13.053922891616821,-894.1732849121094,13.049156904220581,4.0880115032196045,0.004740476608276367,8.513179540634155,0.09793949127197266,0.27222204208374023,0.009347677230834961
7,22,12.916022777557373,-870.8238098144532,12.910315036773682,4.036334991455078,0.005681514739990234,8.444543838500977,0.09925031661987305,0.24004077911376953,0.009315967559814453
7,23,12.744000434875488,-839.333984375,12.73999834060669,3.989784002304077,0.0039691925048828125,8.287067413330078,0.10135245323181152,0.28006434440612793,0.009166955947875977
7,24,13.145182847976685,-936.9340637207031,13.140462398529053,4.071410417556763,0.0046939849853515625,8.647689819335938,0.09794044494628906,0.23003888130187988,0.009215593338012695
7,25,12.546177387237549,-847.3049011230469,12.541112661361694,4.057495594024658,0.0050241947174072266,8.01928973197937,0.09812593460083008,0.2779567241668701,0.008893728256225586
7,26,13.029044389724731,-886.5807861328125,13.024726867675781,4.08149266242981,0.004285573959350586,8.478301525115967,0.09907841682434082,0.2862124443054199,0.009305000305175781
7,27,12.621528148651123,-830.7855529785156,12.617324113845825,4.023015022277832,0.004172325134277344,8.151716947555542,0.09912109375,0.2537376880645752,0.009068489074707031
7,28,12.576653242111206,-881.9739929199219,12.570862531661987,3.8105978965759277,0.0057659149169921875,8.290056705474854,0.0973670482635498,0.2915499210357666,0.009227275848388672
7,29,12.530671834945679,-797.4003356933594,12.526557445526123,4.064117193222046,0.004088878631591797,7.993432998657227,0.09959602355957031,0.28780031204223633,0.009010791778564453
7,30,12.823314189910889,-873.7739135742188,12.8180091381073,4.036119699478149,0.0052793025970458984,8.324260950088501,0.0978391170501709,0.27640867233276367,0.008981704711914062
8,1,9.18449354171753,-2065.199365234375,9.177457332611084,4.101035118103027,0.007009029388427734,4.627463340759277,0.09799790382385254,0.26611852645874023,0.004571437835693359
8,2,9.303707122802734,-2159.581640625,9.296617031097412,4.214579343795776,0.007063627243041992,4.640498638153076,0.09897065162658691,0.26171112060546875,0.004609823226928711
8,3,9.44316291809082,-2178.7438720703126,9.438818454742432,4.24343204498291,0.004315614700317383,4.73744535446167,0.09910011291503906,0.27440905570983887,0.004711627960205078
8,4,9.385941982269287,-2264.85576171875,9.37889814376831,4.1209187507629395,0.007010221481323242,4.795036792755127,0.09815382957458496,0.2676424980163574,0.0047800540924072266
8,5,9.288806200027466,-2138.2578369140624,9.281117916107178,4.248422384262085,0.0076618194580078125,4.544508934020996,0.0983881950378418,0.30392026901245117,0.0045015811920166016
8,6,9.174469947814941,-2118.143994140625,9.168673276901245,4.190233945846558,0.005770683288574219,4.499850511550903,0.0984048843383789,0.295560359954834,0.0045244693756103516
8,7,8.549720287322998,-2107.5937744140624,8.54238748550415,3.4214248657226562,0.007306814193725586,4.63139009475708,0.09371376037597656,0.3036930561065674,0.004656076431274414
8,8,8.89022445678711,-2148.131689453125,8.883687973022461,3.735729455947876,0.006506443023681641,4.665938854217529,0.09602475166320801,0.28095006942749023,0.0047070980072021484
8,9,9.20056414604187,-2237.067578125,9.194812059402466,4.113713026046753,0.0057256221771240234,4.5674192905426025,0.09861540794372559,0.32297515869140625,0.004547834396362305
8,10,9.448237180709839,-2186.03720703125,9.442405462265015,4.167723655700684,0.005803108215332031,4.8106513023376465,0.09893536567687988,0.25810790061950684,0.004793882369995117
8,11,9.481263637542725,-2241.9846923828127,9.474588394165039,4.280349969863892,0.006643056869506836,4.725672483444214,0.09951567649841309,0.2732858657836914,0.004778146743774414
8,12,9.566776990890503,-2164.6985107421874,9.56024432182312,4.3069539070129395,0.006507396697998047,4.768998861312866,0.10276365280151367,0.287520170211792,0.004650115966796875
8,13,9.412132978439331,-2113.6833251953126,9.40613603591919,4.272836923599243,0.005970954895019531,4.629870176315308,0.0993340015411377,0.30623674392700195,0.004678249359130859
8,14,9.039692878723145,-2202.5296630859375,9.03284478187561,3.6697678565979004,0.0068204402923583984,4.849018812179565,0.09713625907897949,0.3033318519592285,0.00481724739074707
8,15,8.730952262878418,-2145.22216796875,8.724404335021973,3.7127926349639893,0.0065157413482666016,4.451073408126831,0.09635353088378906,0.37965917587280273,0.004474639892578125
8,16,9.099536895751953,-2123.4304931640627,9.09264850616455,3.9975697994232178,0.006859302520751953,4.614611387252808,0.09727740287780762,0.2877628803253174,0.004561901092529297
8,17,9.534968614578247,-2195.5762451171877,9.527652263641357,4.260362148284912,0.0072858333587646484,4.778526306152344,0.09888315200805664,0.285736083984375,0.004720926284790039
8,18,9.644355535507202,-2199.0531982421876,9.527464389801025,4.267539739608765,0.11686301231384277,4.796306848526001,0.1001279354095459,0.2515068054199219,0.004728078842163086
8,19,9.48045301437378,-2135.20986328125,9.473754167556763,4.2198967933654785,0.006670951843261719,4.771368503570557,0.10050415992736816,0.2794620990753174,0.004684925079345703
8,20,9.584931135177612,-2047.3394287109375,9.57864236831665,4.235038995742798,0.006260395050048828,4.873443603515625,0.0986788272857666,0.25290465354919434,0.004954338073730469
8,21,9.335226774215698,-2144.1450927734377,9.328774213790894,4.189297676086426,0.006425619125366211,4.628437757492065,0.09807944297790527,0.3241434097290039,0.004594326019287109
8,22,9.240129470825195,-2151.4075927734375,9.233797550201416,4.101686716079712,0.00630640983581543,4.621462345123291,0.09711194038391113,0.32155823707580566,0.004562854766845703
8,23,9.48461389541626,-2215.8986572265626,9.47762680053711,4.1242921352386475,0.006958961486816406,4.8521504402160645,0.09881210327148438,0.298520565032959,0.004909992218017578
8,24,9.660729885101318,-2123.1117919921876,9.653520107269287,4.274059772491455,0.0071811676025390625,4.9021828174591064,0.10096597671508789,0.2689080238342285,0.004889011383056641
8,25,9.336018800735474,-2190.44130859375,9.329627752304077,4.196127891540527,0.006360769271850586,4.634504318237305,0.10013914108276367,0.30878400802612305,0.00468134880065918
8,26,9.6757652759552,-2191.9387451171874,9.669337749481201,4.2740395069122314,0.006390094757080078,4.902676343917847,0.10115218162536621,0.2820253372192383,0.004800319671630859
8,27,9.022469997406006,-2137.0619140625,9.016656875610352,3.9184136390686035,0.005774021148681641,4.590479612350464,0.09817957878112793,0.31661415100097656,0.004627227783203125
8,28,9.345072507858276,-2109.7977783203123,9.338602066040039,4.121153831481934,0.006445169448852539,4.732837200164795,0.09927487373352051,0.27455615997314453,0.004748344421386719
8,29,9.387460470199585,-2129.8635009765626,9.38028621673584,4.216996431350708,0.007147312164306641,4.653921842575073,0.1040036678314209,0.3029160499572754,0.004632234573364258
8,30,9.058621644973755,-2156.9593017578127,9.052282571792603,3.858135461807251,0.006311893463134766,4.694387435913086,0.09780120849609375,0.30252957344055176,0.004642486572265625
9,1,10.43971037864685,-5298.810498046875,10.428993701934814,4.2923903465271,0.01067972183227539,5.63478684425354,0.09928679466247559,0.3009047508239746,0.005686283111572266
9,2,10.614623785018921,-5342.341357421875,10.604003429412842,4.422842502593994,0.010592937469482422,5.662725210189819,0.10080194473266602,0.31084513664245605,0.005731105804443359
9,3,10.660874843597412,-5221.08193359375,10.650439262390137,4.501627206802368,0.010403871536254883,5.666008949279785,0.09997272491455078,0.2759077548980713,0.00571751594543457
9,4,10.852455139160156,-5345.06630859375,10.841875076293945,4.5621984004974365,0.010549306869506836,5.782457590103149,0.09906244277954102,0.2894108295440674,0.005860805511474609
9,5,10.532479286193848,-5330.305615234375,10.521733045578003,4.395156145095825,0.01071786880493164,5.612537860870361,0.09927010536193848,0.31583213806152344,0.0060274600982666016
9,6,10.411378860473633,-5268.771240234375,10.400933742523193,4.370508670806885,0.010417938232421875,5.510957956314087,0.09697747230529785,0.33209872245788574,0.005549430847167969
9,7,10.543227195739746,-5440.1083984375,10.534677267074585,4.402178049087524,0.008513212203979492,5.659788608551025,0.0971519947052002,0.2869107723236084,0.005763053894042969
9,8,10.343836545944214,-5433.842626953125,10.334130764007568,4.302515506744385,0.009675979614257812,5.5704286098480225,0.09713625907897949,0.2756667137145996,0.005629301071166992
9,9,10.519404172897339,-5332.061083984375,10.509637832641602,4.44262433052063,0.009735345840454102,5.581871509552002,0.09903192520141602,0.29374217987060547,0.00571131706237793
9,10,9.81101131439209,-5376.801806640625,9.800697803497314,3.752580165863037,0.010285615921020508,5.503954648971558,0.09676241874694824,0.36409640312194824,0.005631923675537109
9,11,10.410091638565063,-5450.16904296875,10.400343179702759,4.224423170089722,0.009716987609863281,5.721053123474121,0.09676194190979004,0.27001261711120605,0.005792856216430664
9,12,10.13351559638977,-5336.586865234375,10.12215805053711,3.996595621109009,0.011325359344482422,5.64638614654541,0.0975954532623291,0.2771883010864258,0.0057718753814697266
9,13,10.568336963653564,-5233.46435546875,10.558279752731323,4.526630640029907,0.010017633438110352,5.550111770629883,0.09908509254455566,0.2909536361694336,0.005622148513793945
9,14,10.49484395980835,-5179.686181640625,10.48583722114563,4.39124059677124,0.00897073745727539,5.580643653869629,0.09987688064575195,0.3307156562805176,0.005685567855834961
9,15,10.672588586807251,-5297.112353515625,10.66212272644043,4.289679765701294,0.010434389114379883,5.877678394317627,0.09942936897277832,0.29881978034973145,0.0059070587158203125
9,16,10.37805962562561,-5289.32392578125,10.367775440216064,4.331533908843994,0.010251760482788086,5.544516563415527,0.09819483757019043,0.30892133712768555,0.005651235580444336
9,17,10.435179710388184,-5244.982421875,10.424717426300049,4.294564247131348,0.010432720184326172,5.6091437339782715,0.09607529640197754,0.33765196800231934,0.005677938461303711
9,18,10.576047658920288,-5247.11552734375,10.565529346466064,4.427687883377075,0.010489225387573242,5.6396191120147705,0.0975186824798584,0.30988144874572754,0.005718231201171875
9,19,10.469336032867432,-5432.82060546875,10.458724021911621,4.383501291275024,0.010580062866210938,5.613440036773682,0.09864687919616699,0.2672595977783203,0.005764484405517578
9,20,10.249423265457153,-5288.796044921875,10.241134881973267,4.107999563217163,0.008238554000854492,5.6647138595581055,0.09765625,0.27076292037963867,0.005835294723510742
9,21,10.241782188415527,-5359.51044921875,10.23056435585022,4.194932460784912,0.011183500289916992,5.523927688598633,0.09903645515441895,0.3235769271850586,0.005567312240600586
9,22,10.288349628448486,-5393.165966796875,10.278441429138184,4.198824167251587,0.009874105453491211,5.581486940383911,0.09763121604919434,0.30805087089538574,0.0056498050689697266
9,23,10.443541288375854,-5324.0958984375,10.434605598449707,4.339112043380737,0.008903026580810547,5.587691307067871,0.10155749320983887,0.3114645481109619,0.005585670471191406
9,24,10.447843313217163,-5446.077880859375,10.438238382339478,4.266469717025757,0.009575366973876953,5.708919525146484,0.09814310073852539,0.2652883529663086,0.005859375
9,25,10.380621433258057,-5324.762939453125,10.370388269424438,4.322354316711426,0.010201454162597656,5.564444065093994,0.09868979454040527,0.30338311195373535,0.00565791130065918
9,26,10.467382669448853,-5303.578125,10.456747055053711,4.336612939834595,0.010604381561279297,5.624879598617554,0.09708642959594727,0.3008546829223633,0.005726814270019531
9,27,10.11453366279602,-5142.2783203125,10.104698181152344,4.058967590332031,0.009807586669921875,5.536626100540161,0.09641861915588379,0.3206501007080078,0.005685091018676758
9,28,10.541707038879395,-5354.72333984375,10.531416893005371,4.326603889465332,0.010255813598632812,5.7380475997924805,0.0972449779510498,0.2669260501861572,0.005803346633911133
9,29,10.046650171279907,-5106.94013671875,10.036909818649292,3.989859104156494,0.009711265563964844,5.549998760223389,0.09581255912780762,0.29818010330200195,0.00574183464050293
9,30,10.217975616455078,-5322.838330078125,10.208446025848389,4.22172474861145,0.009495973587036133,5.463752746582031,0.0980226993560791,0.3400228023529053,0.0055294036865234375
10,1,12.202453374862671,-13130.62724609375,12.182880878448486,4.588844537734985,0.01954030990600586,7.091415166854858,0.09853124618530273,0.29784059524536133,0.00741267204284668
10,2,12.48305058479309,-13191.1521484375,12.465129613876343,4.782353639602661,0.017890214920043945,7.173281192779541,0.10101103782653809,0.3067631721496582,0.007529020309448242
10,3,12.41894268989563,-13280.17587890625,12.401357650756836,4.584821701049805,0.017551183700561523,7.329363822937012,0.09973740577697754,0.28496742248535156,0.007724285125732422
10,4,12.05036449432373,-13379.40361328125,12.032162427902222,4.418303966522217,0.018170833587646484,7.136429071426392,0.09821629524230957,0.2803168296813965,0.007944345474243164
10,5,12.34972333908081,-13310.521875,12.331026077270508,4.71445369720459,0.018664836883544922,7.125545024871826,0.1000983715057373,0.28902506828308105,0.007399797439575195
10,6,12.334319114685059,-13239.99873046875,12.31676197052002,4.7061522006988525,0.01752614974975586,7.122405290603638,0.09909749031066895,0.29341602325439453,0.007400989532470703
10,7,12.390360355377197,-13249.015234375,12.371798276901245,4.715962171554565,0.018523454666137695,7.2073118686676025,0.09907388687133789,0.25556159019470215,0.007536172866821289
10,8,12.280078172683716,-13223.73583984375,12.261673212051392,4.607643365859985,0.018378496170043945,7.188588380813599,0.10058975219726562,0.26677775382995605,0.0074367523193359375
10,9,11.692403316497803,-13340.925,11.674760103225708,4.082996845245361,0.017611980438232422,7.078850269317627,0.09468865394592285,0.330019474029541,0.007500171661376953
10,10,12.29308009147644,-13304.89599609375,12.27456283569336,4.678138256072998,0.018488168716430664,7.143969774246216,0.09896969795227051,0.25983548164367676,0.007476806640625
10,11,12.299241304397583,-13293.15986328125,12.280889511108398,4.588082790374756,0.01832103729248047,7.239973783493042,0.09879350662231445,0.2556791305541992,0.007660627365112305
10,12,12.183549165725708,-13305.9244140625,12.164921522140503,4.565426349639893,0.01859593391418457,7.12278413772583,0.09847187995910645,0.2982182502746582,0.007422208786010742
10,13,12.331701040267944,-13118.63466796875,12.313130617141724,4.695021867752075,0.018537282943725586,7.134145498275757,0.09916162490844727,0.30029296875,0.00746917724609375
10,14,12.221158266067505,-13195.47705078125,12.204020738601685,4.671280384063721,0.017107009887695312,7.071557998657227,0.10009312629699707,0.2699880599975586,0.007474660873413086
10,15,12.454374551773071,-13085.7283203125,12.270260572433472,4.744355916976929,0.1840832233428955,7.080251693725586,0.10114359855651855,0.2553532123565674,0.0075266361236572266
10,16,12.028487920761108,-13169.319140625,12.010955810546875,4.440660238265991,0.0175020694732666,7.101105690002441,0.09801054000854492,0.27579736709594727,0.007404327392578125
10,17,12.260998249053955,-13449.590625,12.241937637329102,4.589881181716919,0.019031524658203125,7.192836761474609,0.09848499298095703,0.2719993591308594,0.007594108581542969
10,18,12.515505313873291,-13220.7876953125,12.497804880142212,4.763105392456055,0.0176694393157959,7.2667624950408936,0.10098958015441895,0.26891613006591797,0.007483720779418945
10,19,12.240149974822998,-13438.89873046875,12.22237229347229,4.713916301727295,0.017746448516845703,7.016828775405884,0.10184478759765625,0.2961289882659912,0.007402658462524414
10,20,11.974545240402222,-13163.95400390625,11.956380128860474,4.411125421524048,0.01813507080078125,7.047882556915283,0.09876537322998047,0.29936933517456055,0.007409572601318359
10,21,12.108752727508545,-13235.9427734375,12.091498374938965,4.5265889167785645,0.017223358154296875,7.103519678115845,0.09922599792480469,0.2709205150604248,0.007549285888671875
10,22,12.208038568496704,-13049.1775390625,12.19086480140686,4.631013631820679,0.017144441604614258,7.073957681655884,0.09912514686584473,0.2971503734588623,0.007547616958618164
10,23,12.335343837738037,-13390.67880859375,12.318367004394531,4.619781732559204,0.016945600509643555,7.209048271179199,0.09986662864685059,0.29398179054260254,0.007487773895263672
10,24,12.201991081237793,-13054.816796875,12.183621644973755,4.547648191452026,0.018335580825805664,7.175997018814087,0.0967721939086914,0.2670912742614746,0.007470846176147461
10,25,12.29270601272583,-13166.95078125,12.275084733963013,4.602354526519775,0.017592430114746094,7.210793495178223,0.09689521789550781,0.2774333953857422,0.007597446441650391
10,26,12.002080202102661,-13455.7359375,11.984353065490723,4.377943515777588,0.01769542694091797,7.1265740394592285,0.09689855575561523,0.2864971160888672,0.007519245147705078
10,27,12.363591432571411,-13091.75126953125,12.346463203430176,4.641963243484497,0.01708817481994629,7.225771427154541,0.09793686866760254,0.28915953636169434,0.007587432861328125
10,28,12.246743202209473,-13428.72373046875,12.22904920578003,4.408578395843506,0.01766180992126465,7.303330421447754,0.1015481948852539,0.31929707527160645,0.0077059268951416016
10,29,12.281857252120972,-13345.80166015625,12.264873027801514,4.688037157058716,0.01694631576538086,7.089094638824463,0.09989070892333984,0.3026916980743408,0.007403850555419922
10,30,12.03580379486084,-13323.2001953125,12.018198490142822,4.396477937698364,0.017576932907104492,7.156785011291504,0.09817099571228027,0.27530694007873535,0.007571697235107422
11,1,14.45948076248169,-30751.33203125,14.426934003829956,4.5770978927612305,0.03251457214355469,9.360889434814453,0.09774470329284668,0.28962016105651855,0.010129690170288086
11,2,14.772826671600342,-30821.7443359375,14.740326881408691,4.857341289520264,0.03246903419494629,9.393943548202515,0.09769964218139648,0.2911341190338135,0.009985685348510742
11,3,14.484980821609497,-30846.97734375,14.452502489089966,4.711224317550659,0.032445430755615234,9.285749435424805,0.09680509567260742,0.2660212516784668,0.009869813919067383
11,4,14.684906482696533,-30920.1041015625,14.651525497436523,4.826894760131836,0.033347129821777344,9.360291004180908,0.09769535064697266,0.2685365676879883,0.009961843490600586
11,5,15.061162233352661,-31160.29453125,14.85496973991394,4.88770318031311,0.2061598300933838,9.497421741485596,0.09835433959960938,0.2748284339904785,0.009953975677490234
11,6,14.844349384307861,-30894.221875,14.811840772628784,4.908228635787964,0.032475948333740234,9.463505506515503,0.09932160377502441,0.24530434608459473,0.009967565536499023
11,7,14.805012226104736,-30858.6884765625,14.772481918334961,4.934174537658691,0.03249692916870117,9.362857103347778,0.09953594207763672,0.28936195373535156,0.010071277618408203
11,8,14.663197994232178,-30716.5482421875,14.630529880523682,4.77796196937561,0.03263378143310547,9.406819105148315,0.09836316108703613,0.260408878326416,0.010002374649047852
11,9,14.623441457748413,-30732.297265625,14.59155011177063,4.6916868686676025,0.03185772895812988,9.454930543899536,0.09763598442077637,0.2530651092529297,0.009962320327758789
11,10,14.688835620880127,-30878.430859375,14.655262231826782,4.85865044593811,0.033541202545166016,9.333922386169434,0.09916925430297852,0.27291083335876465,0.009821891784667969
11,11,14.86751914024353,-30897.01328125,14.835328102111816,4.879444360733032,0.03215956687927246,9.4998939037323,0.09988903999328613,0.2627279758453369,0.010084867477416992
11,12,14.56395149230957,-30742.63125,14.532084941864014,4.739910364151001,0.03183579444885254,9.316912174224854,0.0979001522064209,0.2788846492767334,0.00993657112121582
11,13,14.63538408279419,-30979.758203125,14.602977752685547,4.6501195430755615,0.03236722946166992,9.507365226745605,0.09753227233886719,0.26140642166137695,0.010053396224975586
11,14,14.843168497085571,-30506.9095703125,14.810485601425171,4.90080451965332,0.032651424407958984,9.425383806228638,0.09920859336853027,0.29524755477905273,0.009992122650146484
11,15,14.967136144638062,-31046.1484375,14.771185874938965,4.917646884918213,0.19591832160949707,9.410642623901367,0.10068011283874512,0.25243639945983887,0.01000666618347168
11,16,14.744269609451294,-30949.50703125,14.712047815322876,4.883002519607544,0.032187700271606445,9.365583419799805,0.09999608993530273,0.2751476764678955,0.010199785232543945
11,17,14.166440486907959,-30907.605859375,14.134546279907227,4.226705312728882,0.0318601131439209,9.440016508102417,0.09684205055236816,0.2775132656097412,0.010252237319946289
11,18,14.528384447097778,-31075.9169921875,14.495540380477905,4.597686529159546,0.032810211181640625,9.442413568496704,0.09828662872314453,0.2635645866394043,0.009882688522338867
11,19,14.798383235931396,-30984.6359375,14.765570640563965,4.822690486907959,0.03277897834777832,9.49553370475769,0.10132455825805664,0.2544119358062744,0.010075807571411133
11,20,14.691385269165039,-30841.996484375,14.659150123596191,4.837860345840454,0.03220081329345703,9.359861850738525,0.09929203987121582,0.2765944004058838,0.009896278381347656
11,21,14.811310052871704,-31055.512109375,14.777097702026367,4.891086578369141,0.0341799259185791,9.4649977684021,0.09973526000976562,0.23561787605285645,0.010100841522216797
11,22,14.735870122909546,-30704.0490234375,14.703360080718994,4.9224231243133545,0.03247714042663574,9.341289520263672,0.09886884689331055,0.25635647773742676,0.009987592697143555
11,23,14.661105155944824,-30745.237109375,14.629849195480347,4.802096366882324,0.031224489212036133,9.388614892959595,0.09938383102416992,0.25292110443115234,0.009968280792236328
11,24,14.514760494232178,-30883.3240234375,14.482519149780273,4.75963568687439,0.032210350036621094,9.263969898223877,0.09916448593139648,0.27934837341308594,0.01009225845336914
11,25,14.760172367095947,-30651.74609375,14.726409912109375,4.862620830535889,0.033724069595336914,9.430624008178711,0.10066747665405273,0.23654627799987793,0.010071992874145508
11,26,14.43321180343628,-30954.9689453125,14.399470090866089,4.610790014266968,0.033708810806274414,9.323723793029785,0.09784865379333496,0.272505521774292,0.010016918182373047
11,27,14.671540975570679,-30608.131640625,14.637121200561523,4.9165284633636475,0.034386634826660156,9.254498958587646,0.09831857681274414,0.28846144676208496,0.009856700897216797
11,28,14.859638929367065,-30886.5611328125,14.642525672912598,4.895514965057373,0.2170698642730713,9.285772800445557,0.09981107711791992,0.2770802974700928,0.009891986846923828
11,29,14.801514387130737,-30930.6390625,14.768183708190918,4.842069387435913,0.033296823501586914,9.47828221321106,0.1000523567199707,0.2452678680419922,0.010082244873046875
11,30,14.711376428604126,-30827.726953125,14.677630424499512,4.843102693557739,0.03371286392211914,9.362862348556519,0.0987100601196289,0.2752540111541748,0.009927988052368164
12,1,18.368953227996826,-77492.48125,18.300265073776245,5.097768783569336,0.0686488151550293,12.72051215171814,0.09988784790039062,0.2815592288970947,0.013652801513671875
12,2,18.33126425743103,-76880.8921875,18.261987447738647,5.055086374282837,0.06923794746398926,12.721456050872803,0.09967207908630371,0.2891969680786133,0.01367807388305664
12,3,18.11848521232605,-77448.9734375,18.050413846969604,4.912270545959473,0.06803035736083984,12.680086374282837,0.09855318069458008,0.2596855163574219,0.013488054275512695
12,4,18.3259494304657,-77231.746875,18.258907079696655,5.021341323852539,0.06700444221496582,12.775256395339966,0.09901094436645508,0.269519567489624,0.013858318328857422
12,5,18.614189863204956,-77132.6453125,18.371679067611694,5.130837917327881,0.24246501922607422,12.776116371154785,0.1003873348236084,0.27584290504455566,0.013689041137695312
12,6,18.230827808380127,-77180.5546875,18.158976554870605,4.968655824661255,0.07181310653686523,12.727478742599487,0.09915328025817871,0.27298617362976074,0.013588190078735352
12,7,18.2830753326416,-77615.01328125,18.2157940864563,5.00190806388855,0.06724071502685547,12.761232376098633,0.09796142578125,0.26561927795410156,0.013817071914672852
12,8,18.324155569076538,-77829.92734375,18.254909992218018,5.135984897613525,0.06920623779296875,12.637930154800415,0.10107684135437012,0.287625789642334,0.01353907585144043
12,9,18.38969087600708,-77874.065625,18.320806741714478,5.102298974990845,0.06883859634399414,12.748421430587769,0.10082483291625977,0.2787961959838867,0.013514518737792969
12,10,18.05660581588745,-77869.1953125,17.988121509552002,4.718471527099609,0.06844425201416016,12.828770875930786,0.09817004203796387,0.2423093318939209,0.013743162155151367
12,11,18.342453956604004,-77362.6609375,18.27152705192566,5.056928873062134,0.07088780403137207,12.755343437194824,0.10031414031982422,0.2677314281463623,0.013543367385864258
12,12,18.56130838394165,-77310.96875,18.293758392333984,5.119712829589844,0.26751184463500977,12.723433017730713,0.1001279354095459,0.26223039627075195,0.013326883316040039
12,13,18.312482833862305,-76831.80703125,18.24284029006958,5.14093804359436,0.06959819793701172,12.63890266418457,0.0992581844329834,0.2828071117401123,0.013455867767333984
12,14,18.378828525543213,-77619.70078125,18.3101327419281,5.115550994873047,0.0686500072479248,12.727478265762329,0.10127806663513184,0.2743103504180908,0.013571500778198242
12,15,18.413896560668945,-77148.85546875,18.20931887626648,5.0586793422698975,0.20453715324401855,12.687018394470215,0.1010892391204834,0.27857494354248047,0.013589143753051758
12,16,18.196402549743652,-77215.5765625,18.12651515007019,4.912475109100342,0.06984448432922363,12.72663688659668,0.0985710620880127,0.2969324588775635,0.013606786727905273
12,17,18.392117500305176,-77873.97109375,18.323662996292114,5.1397905349731445,0.06841468811035156,12.723795413970947,0.10049009323120117,0.2741279602050781,0.013563394546508789
12,18,18.315446376800537,-77148.9796875,18.2495174407959,5.092527627944946,0.06587815284729004,12.697872638702393,0.10096383094787598,0.27093935012817383,0.013609647750854492
12,19,18.39435386657715,-77818.48046875,18.326168060302734,5.116195917129517,0.06814789772033691,12.757319927215576,0.10106182098388672,0.26053452491760254,0.013486146926879883
12,20,18.443701028823853,-77458.42265625,18.213049173355103,4.966243028640747,0.23061299324035645,12.7930166721344,0.09920692443847656,0.2628638744354248,0.013628244400024414
12,21,18.463096857070923,-77448.01796875,18.394248485565186,5.170879364013672,0.06880760192871094,12.753233671188354,0.10265946388244629,0.2800605297088623,0.013459205627441406
12,22,18.421090602874756,-77515.2375,18.352261543273926,5.142170190811157,0.06878876686096191,12.796325206756592,0.10139846801757812,0.2182445526123047,0.013569116592407227
12,23,18.0996732711792,-77380.68515625,18.031854152679443,4.822450160980225,0.06777501106262207,12.739873886108398,0.09985566139221191,0.2760186195373535,0.013513326644897461
12,24,18.654128551483154,-78063.96484375,18.43701720237732,5.140011310577393,0.21706485748291016,12.855223894119263,0.10190987586975098,0.2435159683227539,0.013465642929077148
12,25,18.251144647598267,-77732.28125,18.18287205696106,4.90642786026001,0.06823539733886719,12.810155868530273,0.09943747520446777,0.275393009185791,0.013714790344238281
12,26,18.12565040588379,-77387.80859375,18.057772397994995,4.881561279296875,0.06783485412597656,12.70695161819458,0.09917330741882324,0.2861173152923584,0.013430118560791016
12,27,18.19658637046814,-77096.09453125,18.129210710525513,4.979564428329468,0.0673363208770752,12.690536260604858,0.09879732131958008,0.2684140205383301,0.013408660888671875
12,28,18.367099046707153,-78066.634375,18.298952102661133,5.030966520309448,0.06810855865478516,12.803125143051147,0.09859228134155273,0.27861857414245605,0.013576269149780273
12,29,18.297740697860718,-77534.54765625,18.073349952697754,4.940078258514404,0.22435259819030762,12.664875030517578,0.09777545928955078,0.28349757194519043,0.013397932052612305
12,30,18.12846875190735,-77463.8609375,18.059448957443237,4.949026823043823,0.06898069381713867,12.667882442474365,0.0982673168182373,0.2616007328033447,0.013495683670043945
13,1,23.12922167778015,-197161.7765625,22.978795766830444,5.2150938510894775,0.1503760814666748,17.291588306427002,0.09879469871520996,0.27213549613952637,0.01836419105529785
13,2,23.300654411315918,-196872.5484375,22.993016481399536,5.185656547546387,0.307586669921875,17.35438823699951,0.09947991371154785,0.2597677707672119,0.01836252212524414
13,3,23.328417539596558,-197202.9375,23.170952081680298,5.316848516464233,0.1574094295501709,17.393495559692383,0.10018110275268555,0.26093101501464844,0.018619298934936523
13,4,23.153512716293335,-197106.4890625,22.99628758430481,5.360506534576416,0.15717077255249023,17.16797924041748,0.10019564628601074,0.28085780143737793,0.018181324005126953
13,5,23.511457920074463,-196516.8921875,23.160587310791016,5.396901607513428,0.35082006454467773,17.315802812576294,0.10158634185791016,0.2534353733062744,0.018503904342651367
13,6,23.302926301956177,-197676.0078125,23.14966893196106,5.353495121002197,0.15320682525634766,17.340548038482666,0.10085892677307129,0.26665663719177246,0.018204927444458008
13,7,23.402873516082764,-197281.8453125,23.251060962677002,5.420328855514526,0.1517493724822998,17.367506742477417,0.10073137283325195,0.2741577625274658,0.01837944984436035
13,8,23.417109966278076,-197139.990625,23.058517456054688,5.289692640304565,0.35854077339172363,17.311506271362305,0.10032892227172852,0.25758838653564453,0.01824021339416504
13,9,23.278398513793945,-197336.0703125,23.12457847595215,5.406677007675171,0.15377068519592285,17.2689311504364,0.10104799270629883,0.251833438873291,0.018295764923095703
13,10,23.29934310913086,-197065.6078125,23.143685579299927,5.2714056968688965,0.1556079387664795,17.417354822158813,0.1006922721862793,0.26089906692504883,0.018526077270507812
13,11,23.39398956298828,-197015.1265625,23.046799898147583,5.306827783584595,0.3471367359161377,17.292521238327026,0.10244393348693848,0.24875187873840332,0.01830434799194336
13,12,23.307313203811646,-196686.640625,23.152693033218384,5.3490471839904785,0.1545712947845459,17.328426599502563,0.10049009323120117,0.2821180820465088,0.018525123596191406
13,13,23.501040935516357,-196785.7,23.186670541763306,5.3921403884887695,0.3143191337585449,17.340994358062744,0.10307812690734863,0.24705290794372559,0.01860976219177246
13,14,23.254892826080322,-197238.703125,23.09780478477478,5.402951955795288,0.15703701972961426,17.24098491668701,0.10134363174438477,0.262070894241333,0.018536806106567383
13,15,23.237261533737183,-196794.5640625,23.081976413726807,5.397536754608154,0.15523052215576172,17.23070740699768,0.10190391540527344,0.25469470024108887,0.018380403518676758
13,16,23.54141068458557,-196443.8390625,23.182911157608032,5.412294149398804,0.3584434986114502,17.321995973587036,0.10218310356140137,0.2531614303588867,0.018285274505615234
13,17,23.380818367004395,-197606.76875,23.22574734687805,5.357143402099609,0.15500640869140625,17.413341760635376,0.10120368003845215,0.2613065242767334,0.018474817276000977
13,18,23.16276264190674,-196987.9296875,23.010533094406128,5.210896968841553,0.15217804908752441,17.332640647888184,0.09979486465454102,0.2788810729980469,0.018494844436645508
13,19,23.43122625350952,-197072.1484375,23.076332569122314,5.34032416343689,0.3548431396484375,17.27885365486145,0.10015654563903809,0.27153849601745605,0.01833319664001465
13,20,23.113812685012817,-197481.4390625,22.96031355857849,5.3377721309661865,0.1534414291381836,17.18371891975403,0.0997314453125,0.2549564838409424,0.018279314041137695
13,21,23.180903673171997,-197603.003125,23.025118827819824,5.349435091018677,0.15572643280029297,17.236499071121216,0.10017919540405273,0.24633526802062988,0.018153667449951172
13,22,23.51085591316223,-196928.946875,23.153297662734985,5.362199783325195,0.3574998378753662,17.355559587478638,0.10056352615356445,0.24434638023376465,0.018628597259521484
13,23,23.21979022026062,-197292.5546875,23.063812971115112,5.397442817687988,0.1559276580810547,17.1973819732666,0.10033345222473145,0.2789466381072998,0.018331050872802734
13,24,23.199171781539917,-197973.753125,23.045870780944824,5.373839855194092,0.15324974060058594,17.207102298736572,0.10032796859741211,0.2801213264465332,0.018530607223510742
13,25,23.500168561935425,-197239.86875,23.147228717803955,5.374950647354126,0.3528866767883301,17.330767154693604,0.10018014907836914,0.2461872100830078,0.01832890510559082
13,26,23.18073034286499,-197156.440625,23.02647304534912,5.370199680328369,0.15420794486999512,17.23833990097046,0.10025191307067871,0.2274477481842041,0.01843428611755371
13,27,23.16496753692627,-197341.2328125,23.008405208587646,5.327032566070557,0.15651440620422363,17.239817142486572,0.10013651847839355,0.24744105339050293,0.01839280128479004
13,28,23.10447120666504,-196714.30625,22.757386445999146,5.020344018936157,0.3470308780670166,17.27690601348877,0.10028386116027832,0.2664318084716797,0.01833200454711914
13,29,23.18161106109619,-197560.2015625,23.02780771255493,5.253219127655029,0.15374422073364258,17.320056438446045,0.10023784637451172,0.2663538455963135,0.018357276916503906
13,30,23.443416595458984,-197129.1640625,23.292352437973022,5.385193347930908,0.15101361274719238,17.463523387908936,0.10049724578857422,0.2456049919128418,0.018439292907714844
14,1,29.110995054244995,-470805.43125,28.579379081726074,5.5219080448150635,0.5315394401550293,22.578011751174927,0.10074567794799805,0.27936410903930664,0.024105072021484375
14,2,28.499213695526123,-470900.428125,27.981670379638672,5.205259799957275,0.5174643993377686,22.307183742523193,0.0989527702331543,0.2735137939453125,0.023746013641357422
14,3,28.972881317138672,-470913.228125,28.45472526550293,5.547802448272705,0.5180819034576416,22.424830675125122,0.0995931625366211,0.28672266006469727,0.023783206939697266
14,4,28.739288806915283,-471622.159375,28.393807649612427,5.5607969760894775,0.34540224075317383,22.38108229637146,0.10048723220825195,0.2608942985534668,0.024137496948242188
14,5,28.9956796169281,-471004.903125,28.40660333633423,5.626744508743286,0.5889976024627686,22.335776567459106,0.1005864143371582,0.24752283096313477,0.023789644241333008
14,6,29.10642433166504,-471890.990625,28.591387271881104,5.7097673416137695,0.5149619579315186,22.429874897003174,0.10077404975891113,0.25408244132995605,0.02362680435180664
14,7,29.00862216949463,-471249.134375,28.4894802570343,5.62769889831543,0.5190639495849609,22.419114112854004,0.10090374946594238,0.24223589897155762,0.02381157875061035
14,8,28.558488368988037,-471121.415625,28.021888494491577,5.3256614208221436,0.5365228652954102,22.24282932281494,0.09923291206359863,0.2580113410949707,0.02379155158996582
14,9,28.81289768218994,-470973.09375,28.473321199417114,5.59827995300293,0.33949875831604004,22.43320369720459,0.10065364837646484,0.24454760551452637,0.024012088775634766
14,10,29.094467878341675,-471241.715625,28.4733407497406,5.630566358566284,0.6210496425628662,22.392085552215576,0.10134482383728027,0.25238990783691406,0.02402210235595703
14,11,28.885420322418213,-471050.89375,28.33873200416565,5.452722787857056,0.5466094017028809,22.419493198394775,0.10047459602355957,0.271679162979126,0.02405095100402832
14,12,28.436643362045288,-471852.18125,28.088141918182373,5.398301362991333,0.3484201431274414,22.244325637817383,0.10015583038330078,0.2538888454437256,0.023858308792114258
14,13,28.54386329650879,-470749.246875,27.954586505889893,5.238713502883911,0.5891966819763184,22.26165461540222,0.09918642044067383,0.2633175849914551,0.023665904998779297
14,14,28.45988130569458,-472450.959375,27.96319580078125,5.212528705596924,0.4966108798980713,22.297211170196533,0.0985114574432373,0.2595376968383789,0.023897409439086914
14,15,28.738428592681885,-470904.084375,28.239076375961304,5.453656196594238,0.4992678165435791,22.301208019256592,0.10009407997131348,0.29309988021850586,0.023715496063232422
14,16,28.54285740852356,-470987.746875,28.023285150527954,5.301116466522217,0.5194897651672363,22.259281158447266,0.09887027740478516,0.27074742317199707,0.023860692977905273
14,17,28.551995277404785,-470450.265625,28.20927357673645,5.485961675643921,0.3426477909088135,22.227987051010132,0.09963369369506836,0.3038349151611328,0.023816823959350586
14,18,28.72071886062622,-470257.159375,28.136184692382812,5.4515416622161865,0.584458589553833,22.216503143310547,0.10017704963684082,0.2777872085571289,0.023754596710205078
14,19,28.74716544151306,-470801.684375,28.233453273773193,5.4420623779296875,0.5136287212371826,22.34522533416748,0.09981894493103027,0.25170326232910156,0.023779869079589844
14,20,28.857815504074097,-471762.728125,28.337265014648438,5.598416090011597,0.5204644203186035,22.241087675094604,0.10048031806945801,0.30700230598449707,0.02382826805114746
14,21,28.863083362579346,-472004.721875,28.513946771621704,5.585602521896362,0.3490612506866455,22.47490954399109,0.0994422435760498,0.25187087059020996,0.023988723754882812
14,22,28.979822397232056,-471442.378125,28.397904872894287,5.567368507385254,0.5818428993225098,22.366535663604736,0.10069894790649414,0.26506543159484863,0.02386760711669922
14,23,29.14512586593628,-471716.45625,28.590383768081665,5.647807359695435,0.554664134979248,22.483296155929565,0.1019585132598877,0.24317336082458496,0.023910999298095703
14,24,29.1494779586792,-471102.2125,28.6164448261261,5.677181720733643,0.5329573154449463,22.469515562057495,0.10104489326477051,0.26897716522216797,0.024031877517700195
14,25,28.813300132751465,-471226.63125,28.464137315750122,5.504805564880371,0.34906482696533203,22.49177861213684,0.09975743293762207,0.2672841548919678,0.023954391479492188
14,26,29.029279232025146,-471991.015625,28.43968653678894,5.610713005065918,0.5895109176635742,22.369945287704468,0.10219931602478027,0.26579833030700684,0.02409052848815918
14,27,28.951632022857666,-472185.725,28.441041707992554,5.602794885635376,0.5105133056640625,22.37317991256714,0.10283708572387695,0.2693910598754883,0.023694753646850586
14,28,28.825873613357544,-471646.234375,28.304830312728882,5.452406406402588,0.5209622383117676,22.379339933395386,0.09994101524353027,0.27730751037597656,0.023830175399780273
14,29,28.964489221572876,-471481.209375,28.43207859992981,5.575484991073608,0.5323259830474854,22.401191473007202,0.10066699981689453,0.25704431533813477,0.024022340774536133
14,30,28.829516172409058,-471491.140625,28.482380867004395,5.6421051025390625,0.3470616340637207,22.38814353942871,0.10132050514221191,0.25668954849243164,0.02372002601623535
15,1,39.0306441783905,-1111763.85,34.705137729644775,6.016805410385132,4.3253796100616455,28.259276866912842,0.10028529167175293,0.21791720390319824,0.030655384063720703
15,2,35.25717878341675,-1112747.7,34.20588970184326,6.01806116104126,1.0511505603790283,27.771592140197754,0.10066628456115723,0.20815134048461914,0.03004288673400879
15,3,35.54228711128235,-1112040.8875,34.34070682525635,6.036303281784058,1.201444149017334,27.891857385635376,0.10027647018432617,0.20943546295166016,0.030153274536132812
15,4,35.46331548690796,-1112643.5375,34.40696883201599,6.0339930057525635,1.0561976432800293,27.951293230056763,0.10003447532653809,0.2157144546508789,0.030024290084838867
15,5,35.50350284576416,-1111410.9375,34.2925124168396,6.037023544311523,1.2108535766601562,27.835138082504272,0.10017991065979004,0.2110614776611328,0.03012824058532715
15,6,35.39670467376709,-1111451.6,34.29540467262268,6.028336048126221,1.1011614799499512,27.849437952041626,0.10077905654907227,0.20906662940979004,0.030080795288085938
15,7,35.461971282958984,-1111653.0,34.36137843132019,6.024305582046509,1.100447416305542,27.925424575805664,0.0998544692993164,0.20609807968139648,0.030574798583984375
15,8,35.50934815406799,-1109880.7625,34.33914303779602,6.01800012588501,1.1700718402862549,27.903781175613403,0.09997177124023438,0.2102947235107422,0.03015899658203125
15,9,35.43316674232483,-1111557.2875,34.22424674034119,5.953479290008545,1.2087833881378174,27.850166082382202,0.10133647918701172,0.21053814888000488,0.030078887939453125
15,10,35.4825873374939,-1110916.125,34.381606578826904,6.03029465675354,1.1008427143096924,27.932416915893555,0.10225367546081543,0.21009302139282227,0.030262231826782227
15,11,35.36378359794617,-1111106.3375,34.2818329334259,5.9743852615356445,1.0818233489990234,27.89561152458191,0.10213327407836914,0.20443153381347656,0.030014514923095703
15,12,35.15914344787598,-1110951.525,34.09420561790466,5.85628604888916,1.064793348312378,27.813052654266357,0.10185456275939941,0.21552181243896484,0.030081987380981445
15,13,35.61037468910217,-1111049.725,34.3936562538147,6.0372254848480225,1.2165892124176025,27.935147285461426,0.10233235359191895,0.21164512634277344,0.03017449378967285
15,14,35.51965665817261,-1111528.3625,34.4443621635437,6.036043882369995,1.075165033340454,27.98257279396057,0.10266232490539551,0.2153778076171875,0.030619144439697266
15,15,35.36137580871582,-1110894.0125,34.30042052268982,6.042458534240723,1.0608248710632324,27.840460777282715,0.10243391990661621,0.21100807189941406,0.030011653900146484
15,16,35.45594549179077,-1111721.8875,34.241156816482544,6.03404426574707,1.2146542072296143,27.785863161087036,0.10216569900512695,0.21192240715026855,0.0300140380859375
15,17,35.4225013256073,-1110905.8,34.20930743217468,6.004781246185303,1.2130603790283203,27.790957927703857,0.10187005996704102,0.20634126663208008,0.029753684997558594
15,18,35.30676484107971,-1110686.4375,34.226821422576904,5.986785173416138,1.07981276512146,27.824023723602295,0.10208368301391602,0.20472931861877441,0.03036022186279297
15,19,35.39495491981506,-1112059.8375,34.340272426605225,6.035477161407471,1.0545501708984375,27.879272937774658,0.10256814956665039,0.21397113800048828,0.030374526977539062
15,20,35.518534660339355,-1111916.325,34.3213415145874,6.032224416732788,1.1970593929290771,27.87378454208374,0.1030569076538086,0.2093052864074707,0.0299224853515625
15,21,35.4314980506897,-1111319.2,34.35523700714111,5.979227781295776,1.0761303901672363,27.96125102043152,0.10310196876525879,0.20679163932800293,0.030103206634521484
15,22,35.66436958312988,-1110762.6375,34.44837164878845,6.048232078552246,1.215869665145874,27.97650170326233,0.10246038436889648,0.20896124839782715,0.030051469802856445
15,23,35.376333713531494,-1111496.825,34.26214241981506,6.006899118423462,1.114060640335083,27.83425998687744,0.1004037857055664,0.2072007656097412,0.02988576889038086
15,24,35.41435432434082,-1111301.0875,34.33706021308899,6.020580768585205,1.077164888381958,27.899161100387573,0.10009551048278809,0.2061917781829834,0.029977798461914062
15,25,35.36028552055359,-1110806.7375,34.3024115562439,6.021769046783447,1.0577392578125,27.860795497894287,0.10018277168273926,0.2092907428741455,0.030102014541625977
15,26,35.53410029411316,-1110998.3,34.34274339675903,6.005802392959595,1.1912283897399902,27.917941570281982,0.10009598731994629,0.20722723007202148,0.030271530151367188
15,27,35.3814423084259,-1111013.35,34.322794675827026,6.010996580123901,1.05851149559021,27.890044450759888,0.09998679161071777,0.20751094818115234,0.03028702735900879
15,28,35.5043728351593,-1111962.5,34.33200263977051,6.019494533538818,1.1722335815429688,27.89435887336731,0.10019350051879883,0.2073976993560791,0.030127286911010742
15,29,35.451499223709106,-1110757.1875,34.38036847114563,6.029649257659912,1.0710020065307617,27.92285180091858,0.10012364387512207,0.21297097206115723,0.030272960662841797
15,30,35.50508499145508,-1111484.7,34.30807065963745,6.016582727432251,1.1968822479248047,27.807578563690186,0.09996533393859863,0.23978900909423828,0.030081987380981445
16,1,25.20633625984192,-2608332.375,22.802886962890625,6.302034139633179,2.403017282485962,16.001814603805542,0.10116100311279297,0.27626729011535645,0.017748117446899414
16,2,25.41081404685974,-2607682.375,22.732847213745117,6.282731771469116,2.677626609802246,15.97197961807251,0.10068321228027344,0.26525163650512695,0.017783641815185547
16,3,25.251370429992676,-2606149.1,22.74405574798584,6.29633641242981,2.5069525241851807,15.970054149627686,0.10059666633605957,0.26627588272094727,0.017638206481933594
16,4,25.09332823753357,-2606007.15,22.383761405944824,5.959726333618164,2.7092597484588623,15.949852466583252,0.10070562362670898,0.26425743103027344,0.017759084701538086
16,5,25.45641851425171,-2606505.7,22.915640354156494,6.393568754196167,2.540452003479004,16.008096933364868,0.10291743278503418,0.28081655502319336,0.0176393985748291
16,6,25.312337160110474,-2608498.6,22.70980405807495,6.307474136352539,2.602224111557007,15.928816795349121,0.1028745174407959,0.26248812675476074,0.017262697219848633
16,7,25.487558364868164,-2605376.475,22.883788108825684,6.383558750152588,2.6034722328186035,15.96320652961731,0.10260748863220215,0.2927546501159668,0.017151594161987305
16,8,25.371524810791016,-2606269.825,22.755489349365234,6.312367677688599,2.6156435012817383,15.959311962127686,0.10069417953491211,0.2683756351470947,0.018014192581176758
16,9,25.54854416847229,-2608345.1,22.970813751220703,6.375723838806152,2.577394485473633,16.058204412460327,0.10051178932189941,0.2961859703063965,0.01793384552001953
16,10,25.314615488052368,-2607950.125,22.758658409118652,6.299818992614746,2.5556228160858154,15.971677541732788,0.10071134567260742,0.2683110237121582,0.017818689346313477
16,11,25.249561548233032,-2607960.875,22.79086661338806,6.290390253067017,2.4583513736724854,15.987772226333618,0.1007378101348877,0.280559778213501,0.017781972885131836
16,12,25.448410511016846,-2608632.4,22.799240827560425,6.297027111053467,2.648850202560425,15.985815048217773,0.10123038291931152,0.2857484817504883,0.01797199249267578
16,13,25.500221729278564,-2607051.025,22.77121353149414,6.3037309646606445,2.7286272048950195,15.992211818695068,0.10059618949890137,0.26432132720947266,0.017729520797729492
16,14,25.449949264526367,-2607922.075,22.856058597564697,6.370448589324951,2.5935616493225098,15.99000859260559,0.1011955738067627,0.27599501609802246,0.017565250396728516
16,15,25.360368967056274,-2607315.975,22.801013469696045,6.29051947593689,2.559004068374634,15.995569229125977,0.10079646110534668,0.28365015983581543,0.017801284790039062
16,16,25.473357439041138,-2607572.375,22.82422375679016,6.306363582611084,2.648787021636963,16.021138668060303,0.10110116004943848,0.275104284286499,0.0176999568939209
16,17,25.194326639175415,-2607553.325,22.76431131362915,6.290287733078003,2.429673671722412,15.985884666442871,0.10118269920349121,0.2717421054840088,0.01777482032775879
16,18,25.474076747894287,-2607225.3,22.83769416809082,6.302221775054932,2.636056661605835,16.022212028503418,0.1014256477355957,0.2845785617828369,0.017710447311401367
16,19,25.62456488609314,-2606690.25,22.899210453033447,6.3031017780303955,2.7249815464019775,16.081432580947876,0.10096073150634766,0.2834475040435791,0.017710208892822266
16,20,25.496554851531982,-2607406.9,22.907973289489746,6.384435653686523,2.5882654190063477,16.0090491771698,0.10181856155395508,0.2709176540374756,0.017734289169311523
16,21,25.437816858291626,-2606496.6,22.786054849624634,6.303955793380737,2.651435136795044,15.990391254425049,0.10127615928649902,0.2644076347351074,0.017688274383544922
16,22,25.25336980819702,-2606590.325,22.812152862548828,6.29430627822876,2.440714120864868,16.006507635116577,0.10077285766601562,0.27009057998657227,0.017820358276367188
16,23,25.492967128753662,-2607648.6,22.796307802200317,6.304169654846191,2.6963236331939697,15.986773490905762,0.10107231140136719,0.2729940414428711,0.017786502838134766
16,24,25.242730617523193,-2607564.55,22.811802625656128,6.296169757843018,2.4305872917175293,16.025158405303955,0.10091280937194824,0.260789155960083,0.017957687377929688
16,25,26.497332334518433,-2608611.7,23.88163995742798,6.3501787185668945,2.6153969764709473,17.004226446151733,0.10156130790710449,0.29444026947021484,0.017206430435180664
16,26,27.729209661483765,-2607026.025,24.807208776474,6.398569345474243,2.921619415283203,17.838507175445557,0.10189461708068848,0.325899600982666,0.019843339920043945
16,27,28.03229546546936,-2606465.5,25.41433882713318,6.489405632019043,2.6175997257232666,18.356157779693604,0.10257983207702637,0.33177709579467773,0.01852130889892578
16,28,27.82815146446228,-2607322.925,25.247233629226685,6.422883749008179,2.5805246829986572,18.265886783599854,0.102447509765625,0.3348407745361328,0.018754959106445312
16,29,27.57722806930542,-2606808.575,24.798184871673584,6.401604890823364,2.7786242961883545,17.834456205368042,0.10229754447937012,0.3289933204650879,0.01848459243774414
16,30,27.997583627700806,-2605885.575,25.347251653671265,6.506916522979736,2.6499099731445312,18.27773642539978,0.10436058044433594,0.3277890682220459,0.018818140029907227
17,1,39.46794629096985,-6074935.15,33.427671909332275,6.72878360748291,6.038913726806641,25.775217533111572,0.10312914848327637,0.40415143966674805,0.025765657424926758
17,2,39.78433871269226,-6074769.45,33.45533323287964,6.729748487472534,6.327913999557495,25.949503183364868,0.10319304466247559,0.3936953544616699,0.026412010192871094
17,3,39.41172552108765,-6074586.75,33.30608558654785,6.730500936508179,6.104696035385132,25.83686661720276,0.10376286506652832,0.4041130542755127,0.025770902633666992
17,4,39.69819188117981,-6075823.25,33.42165279388428,6.729551792144775,6.275343179702759,25.83564257621765,0.1029200553894043,0.39786314964294434,0.025942087173461914
17,5,39.58359742164612,-6074564.6,33.283323764801025,6.713098049163818,6.299111366271973,25.79093074798584,0.10201358795166016,0.3979804515838623,0.026427507400512695
17,6,39.79008197784424,-6075030.85,33.425657510757446,6.739247560501099,6.363095045089722,25.86746883392334,0.1026921272277832,0.401583194732666,0.026243925094604492
17,7,39.57580542564392,-6075752.4,33.473758697509766,6.733461380004883,6.100980281829834,25.856155395507812,0.10211825370788574,0.40611863136291504,0.025949716567993164
17,8,39.715250968933105,-6075153.1,33.463733434677124,6.7274556159973145,6.250297784805298,25.853711366653442,0.10229229927062988,0.4060943126678467,0.025836944580078125
17,9,39.93056344985962,-6073050.75,33.45418334007263,6.727694749832153,6.474868297576904,25.920429229736328,0.10286974906921387,0.40444397926330566,0.026638269424438477
17,10,39.671523094177246,-6075017.65,33.384580850601196,6.734004497528076,6.28553032875061,25.796019554138184,0.10277295112609863,0.41445326805114746,0.026032447814941406
17,11,39.57766032218933,-6074003.85,33.36111640930176,6.591963052749634,6.215269088745117,26.017640590667725,0.10304474830627441,0.3967258930206299,0.02584075927734375
17,12,39.76987957954407,-6074737.2,33.48215055465698,6.727703094482422,6.286576271057129,25.922109842300415,0.10259413719177246,0.4080202579498291,0.026437997817993164
17,13,39.43128943443298,-6075629.25,33.387617349624634,6.726477146148682,6.04261589050293,25.808003425598145,0.10345935821533203,0.397244930267334,0.026062965393066406
17,14,39.69863510131836,-6073972.05,33.547128677368164,6.693864822387695,6.150378942489624,25.938016653060913,0.10284066200256348,0.3991422653198242,0.0262453556060791
17,15,39.62043809890747,-6074944.9,33.240110874176025,6.521085977554321,6.379244565963745,25.89828586578369,0.10320186614990234,0.4015774726867676,0.02595043182373047
17,16,39.771031618118286,-6075939.4,33.373631715774536,6.715697526931763,6.396050214767456,25.834927320480347,0.10255575180053711,0.41005682945251465,0.026684999465942383
17,17,39.579986572265625,-6075588.1,33.37901067733765,6.721219778060913,6.1999125480651855,25.92430353164673,0.10297703742980957,0.39739513397216797,0.025974273681640625
17,18,39.19296073913574,-6074966.05,33.165226221084595,6.610817193984985,6.026549816131592,25.755934715270996,0.10245609283447266,0.40070271492004395,0.025831937789916992
17,19,39.9532675743103,-6074278.4,33.3869891166687,6.732584238052368,6.565265655517578,25.823713541030884,0.10287046432495117,0.4057166576385498,0.026093244552612305
17,20,39.594321489334106,-6074225.1,33.36866593360901,6.732165575027466,6.224316120147705,25.801631927490234,0.10326313972473145,0.39740872383117676,0.026149511337280273
17,21,39.45524835586548,-6073808.35,33.37601399421692,6.728521108627319,6.0782670974731445,25.805923223495483,0.1030576229095459,0.4013044834136963,0.025684356689453125
17,22,40.043418645858765,-6075236.95,33.458518505096436,6.742400646209717,6.583871364593506,25.867966890335083,0.10288333892822266,0.3996119499206543,0.026052474975585938
17,23,39.959341287612915,-6074160.5,33.786134004592896,6.725078344345093,6.1719067096710205,26.17473030090332,0.10233330726623535,0.42250967025756836,0.026660680770874023
17,24,39.28897547721863,-6075287.0,33.310595989227295,6.70796012878418,5.977219581604004,25.547205686569214,0.10282301902770996,0.5439596176147461,0.026200532913208008
17,25,40.38666248321533,-6073163.0,33.616312742233276,6.839582681655884,6.769352197647095,25.841740608215332,0.10288190841674805,0.5450575351715088,0.026072978973388672
17,26,39.731565713882446,-6076843.95,33.529120206832886,6.853078842163086,6.201350212097168,25.746594667434692,0.10265564918518066,0.5340847969055176,0.02624344825744629
17,27,39.75149059295654,-6076660.35,33.652246952056885,6.8464882373809814,6.098193168640137,25.79994297027588,0.10311508178710938,0.5670208930969238,0.026525020599365234
17,28,40.59173011779785,-6074655.4,34.229833126068115,6.8513875007629395,6.36088752746582,26.042673110961914,0.10343337059020996,0.6591672897338867,0.026444196701049805
17,29,40.20514369010925,-6076964.55,33.77189493179321,6.754336595535278,6.432297229766846,25.747409105300903,0.10306859016418457,0.6451175212860107,0.025731563568115234
17,30,40.35744595527649,-6074099.95,33.613287925720215,6.715581178665161,6.743113994598389,25.513161420822144,0.10191726684570312,0.6574690341949463,0.026841402053833008
18,1,58.4216730594635,-14080016.7,45.17552399635315,6.965764999389648,13.24260926246643,35.17930006980896,0.10207319259643555,0.7605082988739014,0.03500628471374512
18,2,60.21672558784485,-14080766.1,45.39795660972595,6.965814590454102,14.815558433532715,35.24759912490845,0.10163426399230957,0.8385138511657715,0.03870201110839844
18,3,59.37901449203491,-14080327.4,45.36161828041077,6.970506906509399,14.013509273529053,35.35529923439026,0.10258293151855469,0.7828319072723389,0.03486824035644531
18,4,59.494136333465576,-14081819.5,45.16274619102478,6.967392921447754,14.328264474868774,35.26149654388428,0.10343122482299805,0.7090640068054199,0.03513383865356445
18,5,60.362866163253784,-14081009.5,45.379053831100464,6.965412378311157,14.980722904205322,35.43982720375061,0.10256743431091309,0.7370264530181885,0.035356998443603516
18,6,59.23764419555664,-14081157.2,45.20020389556885,6.972172737121582,14.03387188911438,35.27013444900513,0.10251688957214355,0.7157032489776611,0.03539729118347168
18,7,60.06491994857788,-14078071.1,45.10222792625427,6.977093696594238,14.959420442581177,35.29320311546326,0.10174870491027832,0.6842525005340576,0.03533029556274414
18,8,60.14317727088928,-14078748.2,45.31332993507385,6.9742231369018555,14.826295375823975,35.27844190597534,0.10265851020812988,0.7326390743255615,0.03567624092102051
18,9,59.7115375995636,-14078515.3,45.42483305931091,6.889638900756836,14.283401250839233,35.11761808395386,0.10241293907165527,0.7759933471679688,0.035068511962890625
18,10,60.33831810951233,-14081391.6,45.64851379394531,6.978491544723511,14.68725037574768,35.17007637023926,0.10188102722167969,0.8068747520446777,0.03576946258544922
18,11,60.0049946308136,-14078327.0,45.413819313049316,6.9867470264434814,14.58867621421814,35.23573136329651,0.10217905044555664,0.6836512088775635,0.035166025161743164
18,12,60.0877799987793,-14077938.5,45.39172172546387,6.979038715362549,14.693524837493896,35.311410903930664,0.10258340835571289,0.7313997745513916,0.03563499450683594
18,13,59.96973443031311,-14077196.2,45.38628911972046,6.97701358795166,14.580367803573608,35.30617094039917,0.10271263122558594,0.7518253326416016,0.035379886627197266
18,14,59.958945512771606,-14079994.2,45.39632034301758,6.976877450942993,14.559806823730469,35.218562602996826,0.10214853286743164,0.8230068683624268,0.03484034538269043
18,15,60.04311013221741,-14080221.7,45.30414080619812,6.9713592529296875,14.73638105392456,35.322065591812134,0.10263824462890625,0.7612965106964111,0.035408735275268555
18,16,59.386667013168335,-14079768.3,45.28838896751404,6.971299648284912,14.095205783843994,35.26994228363037,0.10203742980957031,0.7368683815002441,0.035088539123535156
18,17,59.5745370388031,-14080151.2,45.219303369522095,6.946194648742676,14.352596044540405,35.20790386199951,0.10193014144897461,0.7613341808319092,0.0351412296295166
18,18,59.426313638687134,-14080485.7,45.33150911331177,6.9760518074035645,14.092299222946167,35.3504683971405,0.10200762748718262,0.7761914730072021,0.03568410873413086
18,19,60.02564835548401,-14080340.2,45.315839767456055,6.972295761108398,14.707363843917847,35.18988060951233,0.10251045227050781,0.8240113258361816,0.03584742546081543
18,20,60.0010027885437,-14078020.8,45.39600610733032,6.971413850784302,14.602271795272827,35.28387641906738,0.10263991355895996,0.7856016159057617,0.035246849060058594
18,21,59.57935857772827,-14079346.1,45.37471389770508,6.943038463592529,14.20168137550354,35.241639852523804,0.10239696502685547,0.8098020553588867,0.03588104248046875
18,22,60.06091570854187,-14077713.6,45.36061930656433,6.975620746612549,14.697768449783325,35.228641986846924,0.10209321975708008,0.7637386322021484,0.035056352615356445
18,23,60.179415702819824,-14078608.7,45.42268443107605,6.975199460983276,14.753765106201172,35.17028594017029,0.10245108604431152,0.7673735618591309,0.03701353073120117
18,24,52.22461700439453,-14079149.2,38.486170053482056,6.95317530632019,13.735868215560913,29.037161111831665,0.09508728981018066,0.907029390335083,0.030234813690185547
18,25,51.877286434173584,-14081843.6,38.59168243408203,6.9752891063690186,13.283062934875488,29.07969307899475,0.09651732444763184,0.8437056541442871,0.030014514923095703
18,26,52.300809144973755,-14078952.2,38.563570499420166,6.973360538482666,13.734840154647827,29.072563648223877,0.09557604789733887,0.8816056251525879,0.0305025577545166
18,27,52.04403877258301,-14083607.5,38.55123710632324,6.937906980514526,13.490127325057983,29.04306936264038,0.09746932983398438,0.8994503021240234,0.03105616569519043
18,28,52.36052680015564,-14079915.9,38.656718015670776,6.765321493148804,13.701432466506958,28.934572219848633,0.09749197959899902,0.9284412860870361,0.031190872192382812
18,29,51.1074001789093,-14078113.2,37.45702290534973,6.458348512649536,13.647389888763428,28.768447875976562,0.09271788597106934,0.48767876625061035,0.03021550178527832
18,30,50.703118562698364,-14077746.4,37.27704095840454,6.506446361541748,13.423670768737793,28.61567997932434,0.09294605255126953,0.47396063804626465,0.03032374382019043
19,1,114.82935166358948,-32481612.6,64.84544563293457,6.58894157409668,49.9746515750885,43.6780846118927,0.0942678451538086,0.8296449184417725,0.0461125373840332
19,2,96.47367930412292,-32478974.8,64.82871913909912,6.311395168304443,31.636594533920288,42.77135705947876,0.09420537948608398,0.894782543182373,0.04711270332336426
19,3,96.18938040733337,-32486358.0,63.11268162727356,6.587490797042847,33.068742990493774,41.13265943527222,0.0943598747253418,0.858269453048706,0.042276859283447266
19,4,94.51358890533447,-32482464.2,63.5767457485199,6.950829029083252,30.928040027618408,41.63590097427368,0.09538435935974121,0.8571150302886963,0.04485726356506348
19,5,98.49569582939148,-32484990.4,65.86301350593567,6.4505932331085205,32.62492275238037,43.76476335525513,0.09535670280456543,0.8701362609863281,0.04482555389404297
19,6,98.5465018749237,-32482455.4,65.773606300354,6.410830020904541,32.765230655670166,43.63314485549927,0.09384298324584961,0.8743588924407959,0.045012474060058594
19,7,97.19945359230042,-32481416.2,65.8544762134552,6.566371917724609,31.3371160030365,43.69132995605469,0.09338641166687012,0.8771131038665771,0.045018672943115234
19,8,97.08083534240723,-32479229.2,65.88195276260376,6.941660404205322,31.19275689125061,43.80614709854126,0.09353828430175781,0.8649530410766602,0.04444122314453125
19,9,96.18793797492981,-32482585.0,64.74426317214966,6.965399742126465,31.435453176498413,43.34662652015686,0.09340763092041016,0.8472270965576172,0.04526710510253906
20,1,173.5918984413147,-74698372.0,103.99705910682678,7.193874835968018,69.58088874816895,54.90274477005005,0.09409117698669434,1.314685583114624,0.05656599998474121
20,2,175.6748080253601,-74696145.6,103.67933344841003,7.143268585205078,71.97964978218079,54.99321961402893,0.09452986717224121,1.2769653797149658,0.0547792911529541
20,3,174.75086641311646,-74700541.6,103.42810273170471,7.104775905609131,71.30815100669861,54.792497634887695,0.09522700309753418,1.237978458404541,0.05560660362243652
20,4,176.62422108650208,-74696934.4,103.74673819541931,7.191117763519287,72.86345028877258,55.04199552536011,0.09539294242858887,1.271501064300537,0.05571722984313965
20,5,177.07013034820557,-74694628.0,103.53795456886292,7.203716039657593,73.51812934875488,54.36111068725586,0.09414219856262207,1.3021254539489746,0.05540776252746582
20,6,188.46761870384216,-74701552.0,116.50667810440063,7.214476108551025,71.94445657730103,54.6541805267334,0.09322643280029297,2.0360872745513916,0.05629897117614746
20,7,190.74711060523987,-74693085.6,115.71460938453674,7.21748685836792,75.01621437072754,54.602585315704346,0.09441781044006348,1.9804105758666992,0.055803537368774414
20,8,182.86528825759888,-74698001.6,112.68170094490051,6.735597848892212,70.16712689399719,54.35114860534668,0.09410548210144043,1.969770908355713,0.05514693260192871
20,9,171.26041460037231,-74696868.0,96.32621192932129,7.205808401107788,74.91980481147766,54.60049891471863,0.09340333938598633,1.5841913223266602,0.056058645248413086
20,10,171.56954169273376,-74697332.0,106.89063358306885,7.296071290969849,64.6608157157898,57.10909700393677,0.15772438049316406,1.324291467666626,1.297090768814087
20,11,176.85929679870605,-74696126.4,103.69421434402466,7.111648797988892,73.14748120307922,55.98350763320923,0.0946660041809082,1.293792724609375,0.05805611610412598
20,12,171.8415081501007,-74696823.2,96.83819437026978,7.1645238399505615,74.98434042930603,56.40982747077942,0.09439373016357422,1.1455926895141602,0.0574190616607666
20,13,174.72111415863037,-74689305.6,103.59793281555176,6.536355018615723,71.1091537475586,55.807631969451904,0.09481287002563477,1.273780345916748,0.05772686004638672
20,14,174.41031336784363,-74695127.2,102.8770682811737,7.2935569286346436,71.51463222503662,54.66618728637695,0.0938253402709961,1.2939913272857666,0.05720853805541992
20,15,177.26344799995422,-74698014.4,103.4680426120758,6.985626459121704,73.77695965766907,55.43272161483765,0.09399175643920898,1.3102891445159912,0.057958126068115234
20,16,172.88822078704834,-74692252.8,103.60595488548279,7.276204824447632,69.26384592056274,55.545624017715454,0.09375190734863281,1.3033006191253662,0.05862736701965332
20,17,172.43999791145325,-74693771.2,102.73257446289062,7.245497226715088,69.68899345397949,54.63593769073486,0.09372711181640625,1.2877705097198486,0.05648612976074219
20,18,166.87640714645386,-74697865.6,94.89955139160156,7.298894882202148,71.95870327949524,54.510878801345825,0.09352564811706543,1.122145414352417,0.05606579780578613
20,19,177.5611321926117,-74701229.6,102.00549149513245,7.25814151763916,75.53714609146118,54.06084871292114,0.09360718727111816,1.286543846130371,0.054222822189331055
20,20,174.2991237640381,-74708783.2,102.57508707046509,7.294928789138794,71.70551633834839,54.563395738601685,0.09257888793945312,1.2809710502624512,0.05699968338012695
20,21,173.4434666633606,-74703679.2,103.51810073852539,7.283935070037842,69.90707397460938,55.35307550430298,0.0930628776550293,1.2845313549041748,0.05640101432800293
20,22,173.78579998016357,-74691738.4,102.08617186546326,7.295167922973633,71.68109083175659,53.90943884849548,0.09271025657653809,1.2803750038146973,0.05434608459472656
20,23,175.6997652053833,-74696146.4,102.11795496940613,7.225465536117554,73.56311249732971,53.884459495544434,0.09287786483764648,1.2758874893188477,0.05507063865661621
20,24,164.83400869369507,-74692676.8,95.10585069656372,7.320035219192505,69.70904493331909,54.694655895233154,0.093505859375,1.1291680335998535,0.05831718444824219
20,25,176.85008549690247,-74701304.0,102.78786420822144,7.287201642990112,74.04414796829224,54.85594177246094,0.09305953979492188,1.3120017051696777,0.057092905044555664
20,26,174.9394190311432,-74696195.2,102.19057178497314,7.308309555053711,72.73053765296936,54.15740346908569,0.09361386299133301,1.3011503219604492,0.05572104454040527
20,27,175.63598608970642,-74696249.6,101.88957524299622,7.234424114227295,73.72860622406006,53.87427568435669,0.0923166275024414,1.2690508365631104,0.05510401725769043
