k,s,total_time_seconds,best_log_likelihood,full_fit,gradient_gpu,init_cpu_gpu,mcmc_cpu,optimizer_gpu,transfer_pcie,warm_up_mcmc_cpu
1,1,4.152837038040161,-0.0004000663757324219,4.151286363601685,2.742889642715454,0.001512289047241211,0.9307248592376709,0.10118269920349121,0.29103589057922363,0.0008833408355712891
1,2,4.1503660678863525,-0.0004000663757324219,4.148485898971558,2.7356386184692383,0.0018475055694580078,0.9292058944702148,0.10106801986694336,0.28798818588256836,0.0008790493011474609
1,3,4.192860126495361,-0.0004000663757324219,4.191432476043701,2.705559015274048,0.0013856887817382812,1.0238287448883057,0.10112261772155762,0.2828636169433594,0.0010044574737548828
1,4,3.8029720783233643,-0.0004000663757324219,3.801219940185547,2.3508141040802,0.0017201900482177734,0.99153733253479,0.09835028648376465,0.28624391555786133,0.0009908676147460938
1,5,3.983642101287842,-0.0004000663757324219,3.9811975955963135,2.937635660171509,0.002412557601928711,0.5517964363098145,0.11468315124511719,0.2921121120452881,0.0004324913024902344
1,6,3.727354049682617,-0.0004000663757324219,3.7254555225372314,2.2958405017852783,0.0018699169158935547,0.9846229553222656,0.09793233871459961,0.26210641860961914,0.0011322498321533203
1,7,3.53210711479187,-0.0004000663757324219,3.5302627086639404,2.5457799434661865,0.0018115043640136719,0.5126428604125977,0.10850644111633301,0.27593135833740234,0.0004439353942871094
1,8,3.99104642868042,-0.0004000663757324219,3.989150285720825,2.9364120960235596,0.0018613338470458984,0.5548758506774902,0.1154627799987793,0.3001289367675781,0.0005083084106445312
1,9,3.960848569869995,-0.0004000663757324219,3.958716869354248,2.931684970855713,0.0020990371704101562,0.5470430850982666,0.11440706253051758,0.28018712997436523,0.0005481243133544922
1,10,4.001221656799316,-0.0004000663757324219,3.999300479888916,2.924405336380005,0.0018880367279052734,0.5483298301696777,0.11555671691894531,0.31999826431274414,0.00051116943359375
1,11,4.259681701660156,-0.0004000663757324219,4.257772922515869,2.6357100009918213,0.0018727779388427734,0.998441219329834,0.09932899475097656,0.3949449062347412,0.0011668205261230469
1,12,4.217437505722046,-0.0004000663757324219,4.215269565582275,2.577838659286499,0.002131938934326172,1.0052812099456787,0.10023093223571777,0.41359496116638184,0.0009889602661132812
1,13,3.0506246089935303,-0.0004000663757324219,3.048675060272217,1.995706558227539,0.0019176006317138672,0.4327094554901123,0.09556818008422852,0.39465832710266113,0.0004382133483886719
1,14,4.399606466293335,-0.0004000663757324219,4.398354768753052,2.769664764404297,0.0012216567993164062,0.9928505420684814,0.09944963455200195,0.41229772567749023,0.0011479854583740234
1,15,4.134013414382935,-0.0004000663757324219,4.131896495819092,2.9391415119171143,0.0020842552185058594,0.5339720249176025,0.11304497718811035,0.42798519134521484,0.00043129920959472656
1,16,4.338623046875,-0.0004000663757324219,4.336963891983032,2.7721571922302246,0.0016291141510009766,0.9124441146850586,0.09952783584594727,0.44298791885375977,0.0010266304016113281
1,17,4.169858932495117,-0.0004000663757324219,4.167562961578369,2.954700469970703,0.0022563934326171875,0.5573909282684326,0.11628985404968262,0.42281198501586914,0.0004267692565917969
1,18,3.7100107669830322,0.0,3.7078142166137695,2.6375017166137695,0.0021581649780273438,0.3837594985961914,0.12711358070373535,0.43183183670043945,0.00030732154846191406
1,19,4.164202928543091,-0.0004000663757324219,4.161291599273682,2.9364328384399414,0.0028786659240722656,0.5554814338684082,0.11607956886291504,0.42824244499206543,0.0007154941558837891
1,20,3.5780558586120605,0.0,3.5762531757354736,2.5600075721740723,0.0017709732055664062,0.3534517288208008,0.11579203605651855,0.42356348037719727,0.00030541419982910156
1,21,4.412683486938477,-0.0004000663757324219,4.410217761993408,2.769644260406494,0.0024361610412597656,1.017669439315796,0.10120654106140137,0.407116174697876,0.0011572837829589844
1,22,4.402373313903809,-0.0004000663757324219,4.400119066238403,2.7761988639831543,0.002225637435913086,1.0196008682250977,0.1017923355102539,0.3871302604675293,0.0009992122650146484
1,23,4.068470478057861,-0.0004000663757324219,4.066144227981567,2.8639259338378906,0.0022923946380615234,0.5456616878509521,0.11440730094909668,0.4281773567199707,0.00044417381286621094
1,24,4.143334865570068,-0.0004000663757324219,4.141294956207275,2.9459264278411865,0.0020105838775634766,0.5681583881378174,0.11705708503723145,0.4021027088165283,0.0005033016204833984
1,25,4.153173446655273,-0.0004000663757324219,4.151200771331787,2.9384536743164062,0.0019428730010986328,0.5697486400604248,0.11709785461425781,0.41965174674987793,0.0005116462707519531
1,26,3.632127046585083,0.0,3.630443811416626,2.620199680328369,0.001638174057006836,0.37663936614990234,0.12347030639648438,0.3980238437652588,0.00030040740966796875
1,27,3.156254529953003,-0.0004000663757324219,3.1536221504211426,2.0898830890655518,0.002599477767944336,0.4431283473968506,0.09997224807739258,0.38732385635375977,0.000698089599609375
1,28,2.997675895690918,-0.0004000663757324219,2.9953207969665527,1.9435875415802002,0.0023260116577148438,0.4278092384338379,0.09569072723388672,0.3881094455718994,0.000446319580078125
1,29,4.18567967414856,-0.0004000663757324219,4.183423280715942,2.5778071880340576,0.0022225379943847656,0.990311861038208,0.10111713409423828,0.39128875732421875,0.0009877681732177734
1,30,4.2762041091918945,-0.0004000663757324219,4.274085283279419,3.0352048873901367,0.0020744800567626953,0.568122148513794,0.12254571914672852,0.42919158935546875,0.0004203319549560547
2,1,5.623361587524414,-5.229886054992676,5.620607376098633,3.2864749431610107,0.002712249755859375,1.6869258880615234,0.11711597442626953,0.4049499034881592,0.002148151397705078
2,2,4.817551374435425,-4.423574924468994,4.815577983856201,2.828537702560425,0.001932382583618164,1.3398382663726807,0.10573935508728027,0.4331326484680176,0.0017037391662597656
2,3,5.200627088546753,-5.229886054992676,5.198305130004883,3.039592981338501,0.0022835731506347656,1.5382440090179443,0.1048574447631836,0.40102481842041016,0.0016124248504638672
2,4,5.040302515029907,-3.7433300018310547,5.038405418395996,2.985231637954712,0.001859426498413086,1.432044267654419,0.10447239875793457,0.4090712070465088,0.001461029052734375
2,5,4.555434942245483,-4.838961601257324,4.553230047225952,2.790947198867798,0.002164602279663086,1.1318161487579346,0.10277938842773438,0.4202389717102051,0.00115966796875
2,6,4.254505634307861,-1.3161816596984863,4.252390384674072,2.9903223514556885,0.0020856857299804688,0.6094226837158203,0.10548901557922363,0.43198728561401367,0.0005512237548828125
2,7,4.929643630981445,-4.2791008949279785,4.927329063415527,2.9660980701446533,0.002287149429321289,1.3435111045837402,0.10134387016296387,0.4011247158050537,0.0013515949249267578
2,8,4.541369438171387,-3.588563346862793,4.539093255996704,2.987490653991699,0.0022478103637695312,0.9936680793762207,0.10045194625854492,0.34236860275268555,0.0009598731994628906
2,9,4.809892177581787,-4.279499053955078,4.8079822063446045,2.9803175926208496,0.0018804073333740234,1.232860803604126,0.10041379928588867,0.37505197525024414,0.0012652873992919922
2,10,4.4438254833221436,-3.7186617851257324,4.4420599937438965,2.9764492511749268,0.001737833023071289,0.8690192699432373,0.10035872459411621,0.38565778732299805,0.0008320808410644531
2,11,4.535084962844849,-3.5768233060836794,4.53269100189209,2.979260206222534,0.002363443374633789,0.926499605178833,0.10050487518310547,0.4136686325073242,0.0009074211120605469
2,12,4.542849063873291,-3.447216033935547,4.541008472442627,2.969569683074951,0.0018112659454345703,0.9785377979278564,0.10099649429321289,0.3870418071746826,0.0009684562683105469
2,13,5.180187463760376,-2.6161422729492188,5.178338527679443,2.9765818119049072,0.0018198490142822266,1.5931437015533447,0.10460400581359863,0.37871313095092773,0.0017075538635253906
2,14,4.761125564575195,-3.4352405071258545,4.759810209274292,3.0896430015563965,0.0012853145599365234,1.0712575912475586,0.11505579948425293,0.3691854476928711,0.000942230224609375
2,15,5.107983350753784,-4.2796125411987305,5.10645866394043,3.1761081218719482,0.0014951229095458984,1.3185343742370605,0.11102151870727539,0.38007354736328125,0.0012965202331542969
2,16,6.692444086074829,-1.4181770086288452,5.675964593887329,3.014806032180786,1.016465425491333,0.6776282787322998,0.16994500160217285,0.2847473621368408,1.4378788471221924
2,17,5.430259466171265,-6.407243728637695,5.4284093379974365,2.9910318851470947,0.001821279525756836,1.9629771709442139,0.10248160362243652,0.27652430534362793,0.002230405807495117
2,18,4.0566370487213135,-1.3666319847106934,4.055392026901245,2.9348137378692627,0.001219034194946289,0.6498839855194092,0.10560226440429688,0.2753593921661377,0.0005848407745361328
2,19,4.292038202285767,-0.0004000663757324219,4.290074825286865,2.6021151542663574,0.001935720443725586,1.1025614738464355,0.11176586151123047,0.3554825782775879,0.0015766620635986328
2,20,6.108695983886719,-7.775108718872071,6.106738567352295,2.754974126815796,0.0019202232360839844,2.7046303749084473,0.10963177680969238,0.40170884132385254,0.002530813217163086
2,21,4.71330714225769,-3.73797664642334,4.712109327316284,2.985873222351074,0.001161813735961914,1.0531065464019775,0.11984467506408691,0.4229462146759033,0.0008831024169921875
2,22,5.2837746143341064,-4.500598907470703,5.281271934509277,2.867570638656616,0.0024712085723876953,1.7132861614227295,0.11251592636108398,0.44422459602355957,0.0017058849334716797
2,23,4.337599754333496,-4.7198169231414795,4.3346452713012695,2.7592172622680664,0.0029273033142089844,0.8987841606140137,0.11118149757385254,0.4304211139678955,0.0008754730224609375
2,24,4.53902268409729,-4.279102325439453,4.537091016769409,2.5607097148895264,0.0018963813781738281,1.2893154621124268,0.10676360130310059,0.4382193088531494,0.0013086795806884766
2,25,4.627765655517578,-4.838961601257324,4.625442028045654,2.7732346057891846,0.0022881031036376953,1.2138032913208008,0.11167383193969727,0.3963158130645752,0.0012354850769042969
2,26,6.586407423019409,-4.223551559448242,6.583987236022949,3.2003676891326904,0.0023882389068603516,2.7130978107452393,0.11663818359375,0.4167506694793701,0.0027856826782226562
2,27,5.666042804718018,-7.620558643341065,5.663445472717285,3.0939016342163086,0.0025634765625,1.9065964221954346,0.11459040641784668,0.41756534576416016,0.0018351078033447266
2,28,4.484168291091919,-6.5604352951049805,4.482214450836182,2.599905252456665,0.0019257068634033203,1.2524888515472412,0.10731792449951172,0.39708566665649414,0.0017731189727783203
2,29,4.849089860916138,-4.279101848602295,4.84716796875,2.9144909381866455,0.0018873214721679688,1.2760400772094727,0.10660004615783691,0.4248387813568115,0.001302480697631836
2,30,4.710991859436035,-2.293952465057373,4.7091240882873535,2.956712245941162,0.0018413066864013672,1.0999176502227783,0.11190414428710938,0.4124617576599121,0.0010631084442138672
3,2,6.19300389289856,-17.2746524810791,6.190607070922852,3.048987627029419,0.0023679733276367188,2.5288805961608887,0.11282515525817871,0.37836647033691406,0.0025131702423095703
3,3,5.573768138885498,-12.609507179260254,5.5725908279418945,2.944288730621338,0.001146078109741211,1.9599344730377197,0.10970377922058105,0.41759705543518066,0.002034902572631836
3,4,7.112964391708374,-20.689313888549805,7.108946084976196,3.0449283123016357,0.003969669342041016,3.3796496391296387,0.11374092102050781,0.42752718925476074,0.005003690719604492
3,5,5.385822057723999,-14.139907169342042,5.383633613586426,2.812560558319092,0.0021555423736572266,1.8875212669372559,0.10712981224060059,0.4307107925415039,0.0021474361419677734
3,6,6.647930860519409,-21.6278169631958,6.645378112792969,3.0065722465515137,0.0025238990783691406,2.98168683052063,0.1123054027557373,0.40572237968444824,0.0031554698944091797
3,7,6.47913384437561,-22.687560272216796,6.477219581604004,2.950165271759033,0.0018739700317382812,2.9245963096618652,0.10464191436767578,0.36555027961730957,0.002920866012573242
3,8,4.976763486862183,-10.759632968902588,4.9754979610443115,2.861442804336548,0.0012292861938476562,1.4651141166687012,0.10642242431640625,0.413463830947876,0.0015265941619873047
3,9,4.945878267288208,-11.954313850402832,4.943979263305664,2.9599478244781494,0.0018587112426757812,1.343841791152954,0.10608983039855957,0.40393805503845215,0.001359701156616211
3,10,4.91280460357666,-9.392548561096191,4.910643100738525,3.0386977195739746,0.0021293163299560547,1.2019867897033691,0.11357831954956055,0.41888427734375,0.0011365413665771484
3,11,5.20743465423584,-14.808978176116943,5.205572605133057,2.513644218444824,0.0018274784088134766,2.083765745162964,0.10336565971374512,0.38530850410461426,0.0021982192993164062
3,12,5.302112579345703,-18.106052207946778,5.299975156784058,2.8207485675811768,0.002100706100463867,1.854813575744629,0.10526633262634277,0.3912045955657959,0.0018475055694580078
3,13,5.846951723098755,-16.42587356567383,5.844849109649658,2.9875850677490234,0.002068758010864258,2.250751256942749,0.11264395713806152,0.37096261978149414,0.002574920654296875
3,14,6.214072227478027,-21.884320640563963,6.2101218700408936,2.602537155151367,0.0039119720458984375,3.0006251335144043,0.10576486587524414,0.3727998733520508,0.003100872039794922
3,15,4.884504556655884,-11.774226093292237,4.882408857345581,2.7065505981445312,0.00206756591796875,1.5717029571533203,0.10349917411804199,0.37929868698120117,0.0016222000122070312
3,16,6.397510766983032,-25.78316535949707,6.395861387252808,2.639024257659912,0.0016181468963623047,3.1800179481506348,0.10534238815307617,0.3483285903930664,0.0032405853271484375
3,17,5.671839714050293,-19.214925003051757,5.669187545776367,2.461021900177002,0.0026235580444335938,2.5741469860076904,0.10310149192810059,0.3978724479675293,0.002661466598510742
3,18,5.998964309692383,-14.139860343933105,5.996535301208496,3.2564401626586914,0.002384662628173828,2.080820083618164,0.10813117027282715,0.4136536121368408,0.0024290084838867188
3,19,5.975057363510132,-19.535609245300293,5.972782850265503,2.6829452514648438,0.002237081527709961,2.6036789417266846,0.10615205764770508,0.43404507637023926,0.002580404281616211
3,20,6.123644590377808,-22.254961204528808,6.121388673782349,2.7989449501037598,0.002222299575805664,2.6922953128814697,0.10375642776489258,0.3989603519439697,0.0028543472290039062
3,21,6.418889045715332,-21.016309928894042,6.417687177658081,2.6405222415924072,0.001165151596069336,3.1559360027313232,0.10510110855102539,0.3775603771209717,0.003005504608154297
3,22,5.444790601730347,-10.86228141784668,5.442740440368652,2.9419004917144775,0.0020151138305664062,1.9049625396728516,0.10607361793518066,0.37028050422668457,0.0022068023681640625
3,23,5.165431976318359,-14.801123142242432,5.164193391799927,2.8647115230560303,0.0011992454528808594,1.7151756286621094,0.10820817947387695,0.36074137687683105,0.0016825199127197266
3,24,5.487018346786499,-10.480159568786622,5.484347581863403,3.2632501125335693,0.00263214111328125,1.6017827987670898,0.10896062850952148,0.3827338218688965,0.0026869773864746094
3,25,6.632638454437256,-20.984683418273924,6.630252122879028,3.014692544937134,0.002355813980102539,3.004977226257324,0.10968184471130371,0.37631750106811523,0.002849578857421875
3,26,5.4185285568237305,-15.3434419631958,5.417195558547974,2.9722371101379395,0.0012965202331542969,1.8223400115966797,0.11451935768127441,0.3897385597229004,0.0017228126525878906
3,27,7.277808427810669,-26.770126342773438,7.2748987674713135,2.728466033935547,0.002880096435546875,3.9308269023895264,0.10532164573669434,0.38071298599243164,0.005128383636474609
3,28,4.80349063873291,-12.302421569824219,4.8015735149383545,2.5063889026641846,0.0018782615661621094,1.6942856311798096,0.1043856143951416,0.375504732131958,0.0018129348754882812
3,29,6.319192886352539,-19.55588893890381,6.316401243209839,2.7647287845611572,0.0027625560760498047,2.9477853775024414,0.10686254501342773,0.380906343460083,0.0038492679595947266
3,30,5.482562780380249,-15.941319465637207,5.479989767074585,2.7971596717834473,0.0025458335876464844,2.118497848510742,0.10651516914367676,0.348862886428833,0.0025026798248291016
4,1,6.640426397323608,-46.07406806945801,6.639195442199707,3.1003780364990234,0.001199960708618164,2.957200288772583,0.10546517372131348,0.3587357997894287,0.003568410873413086
4,2,6.50649881362915,-45.413700866699216,6.504076719284058,2.9280948638916016,0.0023877620697021484,2.9402031898498535,0.10480380058288574,0.40130066871643066,0.003131389617919922
4,3,7.367715358734131,-56.72411994934082,7.365569114685059,2.9587996006011963,0.0021169185638427734,3.804330587387085,0.10504865646362305,0.3728296756744385,0.004190921783447266
4,4,9.077666759490967,-70.63753509521484,9.075634717941284,3.078714609146118,0.001996755599975586,5.381776571273804,0.11024069786071777,0.38052988052368164,0.006012439727783203
4,5,6.895148754119873,-46.27395896911621,6.8932881355285645,3.2314724922180176,0.0018162727355957031,3.0540103912353516,0.10984325408935547,0.38011813163757324,0.0033774375915527344
4,6,7.531509637832642,-51.43567047119141,7.5288591384887695,3.103537082672119,0.0026154518127441406,3.836738109588623,0.10726284980773926,0.3655860424041748,0.005444049835205078
4,7,6.613368511199951,-50.25564689636231,6.611465692520142,2.8280394077301025,0.0018756389617919922,3.1891558170318604,0.10405802726745605,0.3718268871307373,0.0034804344177246094
4,8,6.3167266845703125,-31.603826904296874,6.314639091491699,2.9819910526275635,0.002050638198852539,2.727293014526367,0.1056058406829834,0.3786897659301758,0.0032570362091064453
4,9,7.08519983291626,-48.026061630249025,7.083129167556763,2.873537302017212,0.0020308494567871094,3.61149263381958,0.10596156120300293,0.3682372570037842,0.003737926483154297
4,10,7.307478189468384,-51.61820602416992,7.305473566055298,2.9732606410980225,0.0019731521606445312,3.7428109645843506,0.10511040687561035,0.3677396774291992,0.004082202911376953
4,11,6.237152814865112,-37.664995193481445,6.235527038574219,3.033374309539795,0.0015895366668701172,2.6295456886291504,0.10629582405090332,0.35239577293395996,0.0034241676330566406
4,12,6.608145713806152,-42.74357566833496,6.606025218963623,3.0361011028289795,0.002090930938720703,2.9808855056762695,0.10566020011901855,0.37215566635131836,0.0032303333282470703
4,13,6.601625680923462,-46.85308303833008,6.5995423793792725,2.979336977005005,0.0020551681518554688,3.0521931648254395,0.10583066940307617,0.35338497161865234,0.003385782241821289
4,14,6.303058624267578,-30.752027702331542,6.301111459732056,3.16957426071167,0.0019164085388183594,2.559326648712158,0.10649800300598145,0.35310888290405273,0.003045797348022461
4,15,6.7276270389556885,-50.472145080566406,6.725645542144775,2.882389783859253,0.0019478797912597656,3.255441427230835,0.10328793525695801,0.3660287857055664,0.003509998321533203
4,16,6.954102516174316,-52.90145835876465,6.952430725097656,2.804821252822876,0.0016353130340576172,3.59040904045105,0.10461091995239258,0.3387632369995117,0.0037648677825927734
4,17,7.426840782165527,-50.746085739135744,7.425337553024292,2.9662888050079346,0.00147247314453125,3.8923656940460205,0.1075289249420166,0.34133481979370117,0.004173755645751953
4,18,5.977370023727417,-30.798243904113768,5.974751710891724,3.120681047439575,0.002586841583251953,2.2784628868103027,0.1068105697631836,0.3638629913330078,0.002725839614868164
4,19,8.611157417297363,-70.56920471191407,8.609242916107178,3.05148983001709,0.0018846988677978516,4.959698438644409,0.10622286796569824,0.3686826229095459,0.004964351654052734
4,20,6.268177509307861,-40.62213325500488,6.265890598297119,2.8731393814086914,0.0022590160369873047,2.797261953353882,0.10489654541015625,0.37751173973083496,0.003262758255004883
4,21,7.517230033874512,-53.98340339660645,7.515278339385986,2.9614391326904297,0.0019199848175048828,3.9751460552215576,0.10754942893981934,0.348543643951416,0.004118442535400391
4,22,5.900927305221558,-33.21407470703125,5.898713827133179,2.7722370624542236,0.002186298370361328,2.549193859100342,0.10395240783691406,0.35608720779418945,0.003260374069213867
4,23,6.708921432495117,-47.61991310119629,6.70780086517334,2.934485673904419,0.0010876655578613281,3.188610076904297,0.10731005668640137,0.3702371120452881,0.003405332565307617
4,24,7.946448087692261,-52.90340576171875,7.944643020629883,3.2875280380249023,0.0017733573913574219,4.091943740844727,0.11148428916931152,0.33998942375183105,0.0042536258697509766
4,25,7.054420709609985,-52.33021011352539,7.0517048835754395,3.14825439453125,0.0026845932006835938,3.3221726417541504,0.10569047927856445,0.3588731288909912,0.0034575462341308594
4,26,6.85138201713562,-48.67742691040039,6.848944902420044,2.8788082599639893,0.0024042129516601562,3.4066267013549805,0.10715937614440918,0.33780789375305176,0.0037267208099365234
4,27,6.310096025466919,-42.029788970947266,6.308940172195435,2.6970901489257812,0.0011174678802490234,3.0317142009735107,0.10201597213745117,0.3704087734222412,0.0032286643981933594
4,28,7.146949529647827,-52.82370262145996,7.143718957901001,2.9510295391082764,0.003204822540283203,3.621685266494751,0.10464167594909668,0.35133934020996094,0.004166603088378906
4,29,6.171616077423096,-40.881442642211915,6.170589923858643,3.0701522827148438,0.0009975433349609375,2.547255039215088,0.10664248466491699,0.3398168087005615,0.0026633739471435547
4,30,6.9363322257995605,-43.71413230895996,6.9346232414245605,3.1440253257751465,0.001674652099609375,3.2376391887664795,0.10788536071777344,0.3338954448699951,0.0034911632537841797
5,1,8.735758781433105,-130.2337448120117,8.73427939414978,3.435243844985962,0.001440286636352539,4.747880697250366,0.10945725440979004,0.33420228958129883,0.005110025405883789
5,2,9.352511882781982,-150.27035217285157,9.350279092788696,3.3104190826416016,0.002204418182373047,5.480798244476318,0.10693669319152832,0.3422813415527344,0.0059587955474853516
5,3,9.585831642150879,-156.4988235473633,9.582952499389648,3.323044776916504,0.00283050537109375,5.685811758041382,0.10632085800170898,0.34978270530700684,0.006355762481689453
5,4,9.633246421813965,-149.92375640869142,9.6313316822052,3.388767719268799,0.0018854141235351562,5.668719053268433,0.10755395889282227,0.34635281562805176,0.00840616226196289
5,5,8.233856439590454,-117.41845321655273,8.231640100479126,3.2833144664764404,0.0021865367889404297,4.365883827209473,0.10789918899536133,0.3620772361755371,0.004863262176513672
5,6,8.68568730354309,-133.77211837768556,8.683829069137573,3.2538344860076904,0.0018215179443359375,4.881859064102173,0.10729646682739258,0.3265213966369629,0.0053708553314208984
5,7,8.145691633224487,-124.05207824707031,8.1433584690094,3.3365590572357178,0.002299070358276367,4.2589733600616455,0.10670757293701172,0.33077383041381836,0.00614476203918457
5,8,8.701095819473267,-127.20227432250977,8.699254512786865,3.46292781829834,0.0018124580383300781,4.707730293273926,0.10579729080200195,0.32613086700439453,0.006700754165649414
5,9,8.750890731811523,-124.17502670288086,8.748829126358032,3.157989263534546,0.002028942108154297,5.070843935012817,0.10555052757263184,0.3122270107269287,0.00550389289855957
5,10,10.425639152526855,-168.23917694091796,10.42324447631836,3.1797475814819336,0.0023593902587890625,6.699123859405518,0.10489487648010254,0.3292665481567383,0.006971120834350586
5,11,8.698285102844238,-147.91226196289062,8.69567084312439,3.1869261264801025,0.0025844573974609375,4.96580696105957,0.10583710670471191,0.3322141170501709,0.006644725799560547
5,12,8.448516845703125,-129.89251708984375,8.445197582244873,3.3733065128326416,0.003283977508544922,4.524015665054321,0.10682368278503418,0.3310840129852295,0.00496363639831543
5,13,8.626331567764282,-146.5387420654297,8.623723983764648,3.0793468952178955,0.0025763511657714844,5.0030975341796875,0.1040186882019043,0.32486677169799805,0.005553245544433594
5,14,8.007662296295166,-124.39209213256837,8.00631070137024,3.2335150241851807,0.0013208389282226562,4.226565837860107,0.10784912109375,0.3328239917755127,0.00470733642578125
5,15,8.71707534790039,-131.48674926757812,8.715807437896729,3.343782663345337,0.0012350082397460938,4.836087942123413,0.10717344284057617,0.32836031913757324,0.005080699920654297
5,16,8.425756454467773,-119.30687942504883,8.423666000366211,3.3566601276397705,0.002061605453491211,4.544727563858032,0.1055445671081543,0.3200650215148926,0.004910469055175781
5,17,11.985381126403809,-148.6008056640625,11.008690118789673,3.7319819927215576,0.976677417755127,5.3286707401275635,0.16131091117858887,0.30773138999938965,1.3888845443725586
5,18,9.353351831436157,-145.40135040283204,9.349765062332153,3.6230766773223877,0.003556966781616211,5.246075630187988,0.10581660270690918,0.27377867698669434,0.005937814712524414
5,19,9.345298051834106,-160.1685806274414,9.342903137207031,3.2556779384613037,0.0023698806762695312,5.593863487243652,0.09989333152770996,0.29367494583129883,0.006041049957275391
5,20,8.075032949447632,-111.76023559570312,8.073297262191772,3.680023670196533,0.0017008781433105469,3.887965440750122,0.10322189331054688,0.31175661087036133,0.004317283630371094
5,21,8.883294820785522,-142.56549835205078,8.88117241859436,3.358579158782959,0.002096414566040039,5.02442193031311,0.10286331176757812,0.29854702949523926,0.005589723587036133
5,22,8.769557237625122,-154.02062377929687,8.768234491348267,3.1398251056671143,0.0012972354888916016,5.1539466381073,0.10203886032104492,0.27324557304382324,0.0056955814361572266
5,23,8.265725135803223,-121.80608215332032,8.263639688491821,3.221200466156006,0.002056598663330078,4.538023948669434,0.1017005443572998,0.30196499824523926,0.004979372024536133
5,24,10.634376049041748,-180.76679534912108,10.632546424865723,3.5479161739349365,0.0018031597137451172,6.609766960144043,0.10477852821350098,0.2762758731842041,0.007177591323852539
5,25,7.610687255859375,-99.28322982788086,7.608819246292114,3.5949110984802246,0.0018429756164550781,3.5017025470733643,0.10408663749694824,0.3212754726409912,0.0039055347442626953
5,26,9.176323890686035,-142.61366271972656,9.175055980682373,3.65458083152771,0.0012326240539550781,5.02816104888916,0.10796236991882324,0.295011043548584,0.005830049514770508
5,27,10.42846393585205,-167.8781967163086,10.426348686218262,3.6931118965148926,0.0020873546600341797,6.2300450801849365,0.11063671112060547,0.29221558570861816,0.0069696903228759766
5,28,9.44495177268982,-142.91505279541016,9.442164182662964,3.584937334060669,0.002753019332885742,5.3597636222839355,0.10277843475341797,0.2980022430419922,0.0060923099517822266
5,29,10.219437599182129,-171.45360260009767,10.21734070777893,3.6357529163360596,0.002062559127807617,6.092600107192993,0.10356855392456055,0.2957451343536377,0.006493091583251953
5,30,7.72447943687439,-103.64233474731445,7.722590923309326,3.6934688091278076,0.0018546581268310547,3.550243377685547,0.10318136215209961,0.2857961654663086,0.003936052322387695
6,1,10.566450834274292,-343.675390625,10.563530921936035,3.897773265838623,0.002892732620239258,6.112710475921631,0.10344982147216797,0.3314063549041748,0.006929159164428711
6,2,12.49564242362976,-423.6963165283203,12.492863178253174,3.845076084136963,0.0027527809143066406,8.070468664169312,0.10366606712341309,0.35537242889404297,0.008881092071533203
6,3,5.100260019302368,-33.7571475982666,5.098958492279053,3.599940061569214,0.00127410888671875,0.9376087188720703,0.10393524169921875,0.35221004486083984,0.0009474754333496094
6,4,5.029993295669556,-29.842658042907715,5.028039455413818,3.6099727153778076,0.0019278526306152344,0.8649008274078369,0.10438776016235352,0.34676027297973633,0.0008847713470458984
6,5,5.1979310512542725,-26.81396369934082,5.196451663970947,3.67289137840271,0.0014505386352539062,0.9577071666717529,0.10773110389709473,0.3459963798522949,0.0009565353393554688
6,6,4.864343881607056,-26.69929733276367,4.8624348640441895,3.474932909011841,0.0018758773803710938,0.8090550899505615,0.10506677627563477,0.37001514434814453,0.0007929801940917969
6,7,5.059455871582031,-26.983083534240723,5.0575597286224365,3.538970708847046,0.0018684864044189453,0.9517393112182617,0.10025215148925781,0.3639090061187744,0.0009589195251464844
6,8,5.143917083740234,-33.20556640625,5.142460823059082,3.515655040740967,0.0014297962188720703,1.0746021270751953,0.10210895538330078,0.34573817253112793,0.0011129379272460938
6,9,5.181736946105957,-39.727470016479494,5.180477619171143,3.563673496246338,0.0012345314025878906,1.0756864547729492,0.10320878028869629,0.3362863063812256,0.0011014938354492188
6,10,4.794058084487915,-26.75433406829834,4.79157829284668,3.4544997215270996,0.002450227737426758,0.7945992946624756,0.09956765174865723,0.3414154052734375,0.0007984638214111328
6,11,4.846564769744873,-29.863642120361327,4.844538450241089,3.372023344039917,0.0019981861114501953,0.8584034442901611,0.10018205642700195,0.3954579830169678,0.0008883476257324219
6,12,4.6967573165893555,-0.012798309326171875,4.694297790527344,3.25087833404541,0.002434253692626953,0.8043999671936035,0.10264921188354492,0.4202406406402588,0.0007529258728027344
6,13,4.786555290222168,-26.685841369628907,4.785136699676514,3.240187644958496,0.001386880874633789,0.9043254852294922,0.10356974601745605,0.4161200523376465,0.0009090900421142578
6,14,4.959701061248779,-26.525444984436035,4.957172155380249,3.3651256561279297,0.0025017261505126953,0.9463932514190674,0.10451745986938477,0.4272623062133789,0.0009522438049316406
6,15,4.419674634933472,-26.660466575622557,4.417220830917358,2.99550461769104,0.0024199485778808594,0.7637355327606201,0.10185742378234863,0.43114447593688965,0.0007915496826171875
6,16,4.526031732559204,-33.69606666564941,4.52383017539978,2.9065442085266113,0.002172708511352539,0.983543872833252,0.10118436813354492,0.3881692886352539,0.0010752677917480469
6,17,4.458504676818848,-30.248691177368165,4.456526517868042,2.989692449569702,0.001950979232788086,0.8289837837219238,0.10125732421875,0.4122312068939209,0.0008912086486816406
6,18,4.514571189880371,-36.010651397705075,4.511990308761597,2.951742172241211,0.0025446414947509766,0.93198561668396,0.10109949111938477,0.3897421360015869,0.00103759765625
6,19,5.277959823608398,-40.36690406799316,5.2754738330841064,3.420295238494873,0.0024585723876953125,1.2045619487762451,0.10347580909729004,0.4313015937805176,0.001234292984008789
6,20,5.345520973205566,-26.691300773620604,5.343449592590332,3.748166084289551,0.002026796340942383,0.9640302658081055,0.10662961006164551,0.4084162712097168,0.0009527206420898438
6,21,5.567712068557739,-30.131505012512207,5.565014362335205,3.9151599407196045,0.002663850784301758,1.026395320892334,0.1042635440826416,0.3985326290130615,0.0010364055633544922
6,22,5.297545909881592,-39.662249374389646,5.294697284698486,3.500255584716797,0.002820730209350586,1.1609046459197998,0.10479140281677246,0.4039442539215088,0.0014123916625976562
6,23,5.087316274642944,-26.646815872192384,5.084894180297852,3.556670904159546,0.0023887157440185547,0.9055848121643066,0.10403680801391602,0.3983290195465088,0.0009052753448486328
6,24,4.325326919555664,-30.142426681518554,4.323077917098999,2.840808629989624,0.00222015380859375,0.8103079795837402,0.10033845901489258,0.4334995746612549,0.0008745193481445312
6,25,5.097346305847168,-39.1086612701416,5.09529185295105,3.3274950981140137,0.002028942108154297,1.1715266704559326,0.10210990905761719,0.3717160224914551,0.0012607574462890625
6,26,5.035088300704956,-33.17160778045654,5.033130645751953,3.5635263919830322,0.001928567886352539,0.9287455081939697,0.10302591323852539,0.3309023380279541,0.0009496212005615234
6,27,5.0023016929626465,-30.401838302612305,5.0001606941223145,3.467494487762451,0.0021152496337890625,0.968062162399292,0.10197854042053223,0.35669422149658203,0.000989675521850586
6,28,5.061464309692383,-39.40645217895508,5.0601537227630615,3.374112606048584,0.0012853145599365234,1.1491799354553223,0.10118794441223145,0.3299069404602051,0.0012664794921875
6,29,4.8946921825408936,-26.36755790710449,4.892717599868774,3.5537869930267334,0.0019490718841552734,0.8001198768615723,0.10187864303588867,0.3366539478302002,0.0008003711700439453
6,30,5.049716949462891,-26.589827728271484,5.047802686691284,3.5377087593078613,0.0018794536590576172,0.9648385047912598,0.10284543037414551,0.34140992164611816,0.0009267330169677734
7,1,13.231145858764648,-896.639306640625,13.226698875427246,3.9106006622314453,0.004415988922119141,8.753382921218872,0.10128164291381836,0.3413078784942627,0.012183189392089844
7,2,12.751193284988403,-818.878173828125,12.74798846244812,3.955756902694702,0.0031778812408447266,8.223504543304443,0.10116958618164062,0.3542957305908203,0.009219169616699219
7,3,12.426697969436646,-854.6217834472657,12.42362642288208,3.8384552001953125,0.0030422210693359375,8.051344156265259,0.10297822952270508,0.30004167556762695,0.009060382843017578
7,4,13.48902678489685,-920.0031860351562,13.485288381576538,3.7589151859283447,0.003706693649291992,9.242737293243408,0.10266852378845215,0.28360795974731445,0.010063648223876953
7,5,13.330497980117798,-899.6979797363281,13.327873229980469,4.07352876663208,0.0025970935821533203,8.80414366722107,0.10361552238464355,0.2490842342376709,0.009536266326904297
7,6,13.156043767929077,-898.7187744140625,13.153521537780762,4.0566794872283936,0.0024962425231933594,8.639978170394897,0.10356330871582031,0.25864338874816895,0.009524106979370117
7,7,12.722392797470093,-849.5647277832031,12.719497203826904,4.055528402328491,0.002859354019165039,8.200207710266113,0.10304760932922363,0.2767977714538574,0.009002208709716797
7,8,12.632910013198853,-857.0853820800781,12.629163265228271,3.8849680423736572,0.003718137741088867,8.27011513710022,0.10285162925720215,0.28504419326782227,0.009140729904174805
7,9,12.830911636352539,-840.7896362304688,12.827593564987183,4.036745548248291,0.003290414810180664,8.33692717552185,0.10309457778930664,0.27049708366394043,0.009195566177368164
7,10,13.075414657592773,-875.1157104492188,13.071613788604736,4.037902355194092,0.00377655029296875,8.580363273620605,0.10320353507995605,0.2609977722167969,0.009485244750976562
7,11,12.689086198806763,-868.4731323242188,12.686752557754517,3.8928020000457764,0.0023071765899658203,8.3625328540802,0.10311198234558105,0.2406010627746582,0.009175300598144531
7,12,13.158871173858643,-855.1771911621094,13.154963731765747,3.78531813621521,0.0038814544677734375,8.932265281677246,0.1025240421295166,0.24534320831298828,0.009882450103759766
7,13,12.643946647644043,-857.9136413574219,12.641456127166748,3.855747938156128,0.00246429443359375,8.332481622695923,0.10299324989318848,0.2627444267272949,0.009307384490966797
7,14,13.271033525466919,-860.5243103027344,13.26864242553711,3.909895420074463,0.002363920211791992,8.909456014633179,0.10249590873718262,0.25026535987854004,0.009896516799926758
7,15,12.587414503097534,-873.8218383789062,12.584998369216919,3.269456148147583,0.002389192581176758,8.853639841079712,0.09950947761535645,0.27503180503845215,0.009829521179199219
7,16,11.982428312301636,-854.7985107421875,11.977880001068115,3.270897150039673,0.004523038864135742,8.238049983978271,0.09976339340209961,0.28236842155456543,0.009199380874633789
7,17,12.808990716934204,-904.5099792480469,12.806600570678711,3.425417423248291,0.0023658275604248047,8.922411680221558,0.10048627853393555,0.265653133392334,0.009804725646972656
7,18,12.747896671295166,-851.3796875,12.744024753570557,4.104277610778809,0.003838062286376953,8.178680658340454,0.10624861717224121,0.2660338878631592,0.008950233459472656
7,19,13.12832522392273,-877.1605773925781,13.125988960266113,4.0806403160095215,0.002309560775756836,8.611840724945068,0.10399985313415527,0.24149417877197266,0.009334325790405273
7,20,12.826680421829224,-870.9744018554687,12.82366418838501,3.9479801654815674,0.0029900074005126953,8.40534234046936,0.10322141647338867,0.2830533981323242,0.009500741958618164
7,21,12.860220193862915,-885.7252563476562,12.856924295425415,3.919516086578369,0.0032634735107421875,8.497922897338867,0.10337448120117188,0.24561429023742676,0.009294986724853516
7,22,12.997111558914185,-856.6566528320312,12.993176460266113,4.056358337402344,0.0039103031158447266,8.456612348556519,0.10366702079772949,0.29001903533935547,0.009578227996826172
7,23,12.811033964157104,-834.065087890625,12.808583974838257,4.098454236984253,0.0024225711822509766,8.25108003616333,0.10340189933776855,0.26488256454467773,0.009260416030883789
7,24,13.139894485473633,-939.0329040527344,13.136819124221802,4.02922511100769,0.0030393600463867188,8.671530961990356,0.10380029678344727,0.2421402931213379,0.009340047836303711
7,25,12.554701328277588,-851.1503479003907,12.551469326019287,4.052553176879883,0.003206014633178711,8.031359434127808,0.10251927375793457,0.2790679931640625,0.008900165557861328
7,26,12.727557897567749,-884.9237915039063,12.725165367126465,3.812542676925659,0.002357959747314453,8.460925817489624,0.10402607917785645,0.2491168975830078,0.009246587753295898
7,27,12.57649564743042,-842.0584350585938,12.572953462600708,3.9612925052642822,0.0035140514373779297,8.155341386795044,0.10335969924926758,0.25843358039855957,0.008971929550170898
7,28,12.784288883209229,-882.0053588867188,12.77980923652649,4.000112295150757,0.00445246696472168,8.31821584701538,0.10186433792114258,0.2710082530975342,0.009212732315063477
7,29,12.414698839187622,-812.3689880371094,12.411669492721558,3.930161237716675,0.0030028820037841797,7.979827165603638,0.10258340835571289,0.30042552947998047,0.008959054946899414
7,30,12.501672983169556,-870.7008911132813,12.498517274856567,3.689969778060913,0.0031299591064453125,8.304861545562744,0.10249519348144531,0.30395960807800293,0.009102344512939453
8,1,8.951140880584717,-2068.9570068359376,8.94704532623291,3.8314404487609863,0.0040705204010009766,4.616093635559082,0.10070013999938965,0.30526137351989746,0.004577159881591797
8,2,9.14608645439148,-2149.7429443359374,9.140274286270142,4.0083253383636475,0.0057871341705322266,4.643168926239014,0.10115647315979004,0.296539306640625,0.004564046859741211
8,3,8.908195972442627,-2155.64208984375,8.903582334518433,3.6936230659484863,0.004584789276123047,4.718082427978516,0.10040545463562012,0.2882969379425049,0.004697561264038086
8,4,9.156954050064087,-2201.1832275390625,9.152075290679932,3.894115686416626,0.004846811294555664,4.772121429443359,0.10048842430114746,0.2866191864013672,0.004816770553588867
8,5,9.069814920425415,-2123.058056640625,9.063833236694336,4.023651599884033,0.005954742431640625,4.542971134185791,0.10142397880554199,0.3052370548248291,0.004473209381103516
8,6,9.229582786560059,-2111.4202392578127,9.223817110061646,4.200145721435547,0.005738973617553711,4.486618757247925,0.10132956504821777,0.3455493450164795,0.004450321197509766
8,7,9.361958503723145,-2102.8427978515624,9.357028007507324,4.17522120475769,0.004903316497802734,4.683194875717163,0.10287117958068848,0.2901458740234375,0.004679441452026367
8,8,9.492788791656494,-2124.42255859375,9.48656702041626,4.270105600357056,0.006192445755004883,4.701349973678589,0.10428452491760254,0.3173844814300537,0.004685401916503906
8,9,9.311116218566895,-2223.8808837890624,9.306657314300537,4.22467041015625,0.004425764083862305,4.549628973007202,0.10290241241455078,0.3401763439178467,0.004550457000732422
8,10,9.435733079910278,-2177.18388671875,9.430532455444336,4.1741204261779785,0.0051724910736083984,4.795885324478149,0.10129022598266602,0.2501077651977539,0.0048465728759765625
8,11,9.186134338378906,-2225.248291015625,9.181332111358643,3.947892904281616,0.004773616790771484,4.69972825050354,0.10225129127502441,0.32591962814331055,0.004683256149291992
8,12,9.539563655853271,-2157.2302490234374,9.535168886184692,4.308858633041382,0.0043659210205078125,4.72911524772644,0.10425424575805664,0.28652334213256836,0.004689693450927734
8,13,9.333502292633057,-2136.03544921875,9.328392505645752,4.158258438110352,0.005080699920654297,4.676949739456177,0.10362958908081055,0.2885317802429199,0.004614353179931641
8,14,9.608642101287842,-2177.88701171875,9.603158235549927,4.208757162094116,0.005454301834106445,4.877002000808716,0.10374116897583008,0.31415271759033203,0.004826545715332031
8,15,9.301336765289307,-2126.1382080078124,9.29660439491272,4.264721870422363,0.004705190658569336,4.48557710647583,0.10396385192871094,0.3546772003173828,0.00445866584777832
8,16,9.438739538192749,-2111.1345458984374,9.43334674835205,4.24001145362854,0.005364418029785156,4.677189826965332,0.1072530746459961,0.31089305877685547,0.0045931339263916016
8,17,9.443145275115967,-2217.6734130859377,9.438201904296875,4.108264446258545,0.004912137985229492,4.80371880531311,0.10408568382263184,0.3203604221343994,0.004782438278198242
8,18,9.342429399490356,-2189.1184326171874,9.337589263916016,4.168961763381958,0.004812955856323242,4.656452894210815,0.10378217697143555,0.3113095760345459,0.004586219787597656
8,19,9.393142938613892,-2166.8769775390624,9.38826298713684,4.27507758140564,0.0048503875732421875,4.608422040939331,0.10328197479248047,0.30592989921569824,0.0045680999755859375
8,20,9.498956203460693,-2140.3058837890626,9.49346923828125,4.249344110488892,0.005459308624267578,4.731021881103516,0.10446429252624512,0.30103325843811035,0.0047168731689453125
8,21,9.22186827659607,-2147.5842529296874,9.216429948806763,4.184243202209473,0.005402088165283203,4.496506452560425,0.10370540618896484,0.3367745876312256,0.0045468807220458984
8,22,9.260739088058472,-2132.45693359375,9.255751848220825,4.181696891784668,0.004948616027832031,4.543442249298096,0.10366034507751465,0.3370521068572998,0.004523754119873047
8,23,9.52437949180603,-2226.018408203125,9.518977642059326,4.258969306945801,0.005374908447265625,4.743598937988281,0.10468649864196777,0.30925464630126953,0.004682779312133789
8,24,9.435583114624023,-2134.078466796875,9.430595397949219,4.192809820175171,0.004960060119628906,4.733043909072876,0.10408830642700195,0.29393839836120605,0.004935503005981445
8,25,9.324408054351807,-2225.8396728515627,9.319090127944946,4.2697553634643555,0.005290985107421875,4.53377628326416,0.10398006439208984,0.3093276023864746,0.004503011703491211
8,26,9.44171690940857,-2208.431494140625,9.436169385910034,4.225486993789673,0.00552058219909668,4.713171720504761,0.1034243106842041,0.2889561653137207,0.004721641540527344
8,27,9.193939208984375,-2141.774609375,9.189199924468994,4.140820026397705,0.004702329635620117,4.511741399765015,0.1030111312866211,0.3399190902709961,0.0044672489166259766
8,28,9.65398097038269,-2160.921728515625,9.649002075195312,4.3671510219573975,0.004949808120727539,4.803802967071533,0.1042633056640625,0.27290964126586914,0.0047724246978759766
8,29,9.375447034835815,-2130.4674072265625,9.37040638923645,4.251469850540161,0.005006313323974609,4.61931586265564,0.10419535636901855,0.2954263687133789,0.0045397281646728516
8,30,9.389275789260864,-2175.8848388671877,9.383599281311035,4.231395721435547,0.005639553070068359,4.640867710113525,0.10197710990905762,0.315018892288208,0.0046536922454833984
9,1,10.517415285110474,-5381.16142578125,10.508843898773193,4.371818780899048,0.008544206619262695,5.611205101013184,0.10126423835754395,0.33565711975097656,0.005716562271118164
9,2,10.399629831314087,-5306.688232421875,10.390994548797607,4.233071565628052,0.008607864379882812,5.637523174285889,0.10151529312133789,0.32094573974609375,0.005695343017578125
9,3,10.544546604156494,-5254.85439453125,10.5364830493927,4.3550124168396,0.008027076721191406,5.6714887619018555,0.10539913177490234,0.29199719429016113,0.0057561397552490234
9,4,10.877455234527588,-5408.6599609375,10.751993179321289,4.485882520675659,0.12543249130249023,5.764744520187378,0.10443568229675293,0.2900865077972412,0.005965709686279297
9,5,10.440934419631958,-5202.6498046875,10.43301010131836,4.357011079788208,0.007892370223999023,5.588075399398804,0.10379981994628906,0.29032158851623535,0.005674123764038086
9,6,10.512627124786377,-5243.998291015625,10.504586458206177,4.468933820724487,0.008009195327758789,5.5313684940338135,0.10403895378112793,0.3085625171661377,0.00561070442199707
9,7,10.392518281936646,-5435.57939453125,10.383585214614868,4.177856683731079,0.008897781372070312,5.717311143875122,0.10235786437988281,0.2760276794433594,0.005824565887451172
9,8,10.319119453430176,-5417.150830078125,10.310140371322632,4.2173802852630615,0.008941411972045898,5.586027383804321,0.10434293746948242,0.2951221466064453,0.0056688785552978516
9,9,10.570410013198853,-5293.8974609375,10.56170916557312,4.4928929805755615,0.008671998977661133,5.608403205871582,0.10420751571655273,0.25196027755737305,0.005758762359619141
9,10,10.568625688552856,-5357.2337890625,10.560941457748413,4.494476318359375,0.0076541900634765625,5.5581793785095215,0.10192680358886719,0.3162698745727539,0.005686044692993164
9,11,10.910537719726562,-5467.103125,10.901669263839722,4.58968448638916,0.008835315704345703,5.825999736785889,0.10552024841308594,0.2764403820037842,0.005918979644775391
9,12,10.606091022491455,-5382.897998046875,10.597872734069824,4.430444002151489,0.00818014144897461,5.689391136169434,0.1029047966003418,0.2776303291320801,0.005752086639404297
9,13,10.564470767974854,-5215.685302734375,10.555381059646606,4.439101457595825,0.009055614471435547,5.614233016967773,0.10349702835083008,0.3019270896911621,0.005631208419799805
9,14,10.7201988697052,-5168.92958984375,10.711294412612915,4.599377870559692,0.008875608444213867,5.629672288894653,0.10582518577575684,0.2759382724761963,0.006045103073120117
9,15,10.707027673721313,-5351.159033203125,10.697538614273071,4.282994747161865,0.009458541870117188,5.922569751739502,0.10530924797058105,0.2756211757659912,0.005974292755126953
9,16,10.573653936386108,-5203.533154296875,10.565268993377686,4.472089052200317,0.008356332778930664,5.581037282943726,0.1040799617767334,0.3193066120147705,0.005645275115966797
9,17,9.931051969528198,-5331.001806640625,9.922826290130615,3.834063768386841,0.008197546005249023,5.587212562561035,0.09893512725830078,0.30895495414733887,0.005693197250366211
9,18,10.166447877883911,-5287.583544921875,10.158326148986816,4.061057806015015,0.008089780807495117,5.619976043701172,0.10172009468078613,0.2692131996154785,0.005742311477661133
9,19,10.34915041923523,-5451.410009765625,10.340227603912354,4.2287983894348145,0.00889277458190918,5.6026434898376465,0.10202693939208984,0.3105502128601074,0.0057525634765625
9,20,10.6376371383667,-5343.37392578125,10.629506587982178,4.36811375617981,0.008092641830444336,5.763928174972534,0.1028134822845459,0.2874584197998047,0.005785465240478516
9,21,10.433235883712769,-5332.5583984375,10.42530369758606,4.391434907913208,0.007901906967163086,5.526861667633057,0.10279726982116699,0.32224154472351074,0.005583047866821289
9,22,10.016934871673584,-5412.1740234375,10.007709980010986,3.937772035598755,0.009185791015625,5.55842924118042,0.10096502304077148,0.3174557685852051,0.005770206451416016
9,23,10.390627384185791,-5318.9716796875,10.382322549819946,4.339779853820801,0.008274078369140625,5.549160957336426,0.10286927223205566,0.3017432689666748,0.005713224411010742
9,24,10.676903486251831,-5366.316748046875,10.668885231018066,4.451176643371582,0.007988691329956055,5.74839448928833,0.10561633110046387,0.25559353828430176,0.005780696868896484
9,25,10.559129238128662,-5251.948095703125,10.550366163253784,4.486018419265747,0.008734941482543945,5.5924272537231445,0.10432910919189453,0.2679159641265869,0.005620718002319336
9,26,10.705343961715698,-5313.749609375,10.696418046951294,4.524400234222412,0.008898258209228516,5.691469430923462,0.10647797584533691,0.27701759338378906,0.005732297897338867
9,27,10.291654586791992,-5197.941455078125,10.283723831176758,4.245100259780884,0.00790262222290039,5.574823617935181,0.1024935245513916,0.2600691318511963,0.005739450454711914
9,28,10.740406036376953,-5365.98134765625,10.731440544128418,4.482870101928711,0.008927345275878906,5.7870378494262695,0.1043400764465332,0.24802875518798828,0.005918979644775391
9,29,10.69490385055542,-5232.085888671875,10.6852126121521,4.497466325759888,0.009648323059082031,5.6775054931640625,0.10708856582641602,0.31162571907043457,0.005703926086425781
9,30,10.464152574539185,-5325.59462890625,10.45589280128479,4.420865535736084,0.008231163024902344,5.515139102935791,0.10502386093139648,0.325589656829834,0.005541563034057617
10,1,12.14272952079773,-13106.719921875,12.125574111938477,4.587260007858276,0.017122507095336914,7.022531509399414,0.10349750518798828,0.3180999755859375,0.00744938850402832
10,2,12.180155992507935,-13206.097265625,12.163482427597046,4.626049757003784,0.016644716262817383,7.04804801940918,0.10222697257995605,0.2917048931121826,0.007485866546630859
10,3,11.705498695373535,-13204.7861328125,11.68864917755127,3.943577766418457,0.016813993453979492,7.2302916049957275,0.09992265701293945,0.3083341121673584,0.007552623748779297
10,4,12.266560077667236,-13414.82265625,12.250186204910278,4.625732421875,0.016343355178833008,7.124723196029663,0.10128903388977051,0.3105792999267578,0.007538795471191406
10,5,12.219785928726196,-13215.7763671875,12.202919244766235,4.629626512527466,0.016829252243041992,7.0772693157196045,0.10180878639221191,0.30870914459228516,0.007440805435180664
10,6,12.20759916305542,-13389.456640625,12.190733432769775,4.55382227897644,0.016834497451782227,7.143126010894775,0.10413956642150879,0.3006768226623535,0.007405281066894531
10,7,12.407595872879028,-13182.51611328125,12.390729188919067,4.653965950012207,0.01683497428894043,7.242082834243774,0.10517215728759766,0.2986421585083008,0.00794363021850586
10,8,12.162520408630371,-13246.3537109375,12.14473843574524,4.504267692565918,0.017751216888427734,7.137677431106567,0.10335826873779297,0.31064438819885254,0.007476091384887695
10,9,11.981282711029053,-13326.1048828125,11.964070558547974,4.353578329086304,0.01717400550842285,7.113548755645752,0.10243678092956543,0.30424022674560547,0.007487773895263672
10,10,12.306968688964844,-13125.506640625,12.290185451507568,4.616588830947876,0.01675271987915039,7.179582834243774,0.10201644897460938,0.30632543563842773,0.007489919662475586
10,11,12.212774991989136,-13231.946875,12.195955038070679,4.512558460235596,0.016791343688964844,7.205475807189941,0.10132503509521484,0.27892541885375977,0.007574796676635742
10,12,12.229804992675781,-13116.55029296875,12.213031530380249,4.6511969566345215,0.016736984252929688,7.0612571239471436,0.10210537910461426,0.3163752555847168,0.007472991943359375
10,13,12.288591384887695,-13223.83759765625,12.272546529769897,4.666337728500366,0.01601552963256836,7.149985074996948,0.10439515113830566,0.2615475654602051,0.007569789886474609
10,14,12.177359580993652,-13089.12294921875,12.159794807434082,4.598091125488281,0.01753091812133789,7.0622193813323975,0.10256648063659668,0.31032609939575195,0.007415294647216797
10,15,11.950717210769653,-13172.3294921875,11.78157377243042,4.23843240737915,0.1690993309020996,7.03029727935791,0.10200166702270508,0.31340909004211426,0.007353544235229492
10,16,12.194445133209229,-13176.43271484375,12.178436040878296,4.585041761398315,0.01597309112548828,7.105037450790405,0.10408353805541992,0.2860872745513916,0.00748133659362793
10,17,12.373859167098999,-13537.7310546875,12.356526374816895,4.666677474975586,0.017299413681030273,7.215875148773193,0.10588860511779785,0.26395678520202637,0.007512331008911133
10,18,12.52023434638977,-13238.1298828125,12.502981424331665,4.777503252029419,0.017216205596923828,7.260249614715576,0.10813689231872559,0.24939680099487305,0.007609844207763672
10,19,12.217056035995483,-13264.27763671875,12.200220346450806,4.723729610443115,0.01680469512939453,6.978087902069092,0.10507488250732422,0.3064858913421631,0.007279157638549805
10,20,12.227740049362183,-13136.767578125,12.211410522460938,4.6847593784332275,0.016297101974487305,7.049450874328613,0.10532760620117188,0.27996039390563965,0.007366657257080078
10,21,12.339348793029785,-13328.2400390625,12.323569536209106,4.711832761764526,0.0157468318939209,7.112414598464966,0.10390257835388184,0.30641961097717285,0.007436037063598633
10,22,12.243841648101807,-13076.04130859375,12.22703242301941,4.685633897781372,0.016775846481323242,7.06510329246521,0.10454726219177246,0.2860419750213623,0.007514476776123047
10,23,12.291626453399658,-13242.10263671875,12.275569677352905,4.69171667098999,0.016027212142944336,7.1033408641815186,0.10560941696166992,0.2861795425415039,0.007454872131347656
10,24,12.135582685470581,-13150.68447265625,12.118901014328003,4.518441200256348,0.016650676727294922,7.123784303665161,0.1032869815826416,0.2831287384033203,0.007496356964111328
10,25,12.274903059005737,-13424.70830078125,12.258276224136353,4.52443528175354,0.016587018966674805,7.228225946426392,0.10584259033203125,0.29660820960998535,0.0075495243072509766
10,26,12.496865034103394,-13303.39404296875,12.481384754180908,4.746035099029541,0.015445232391357422,7.236367464065552,0.10801410675048828,0.2908291816711426,0.007457733154296875
10,27,12.061095714569092,-13178.1169921875,12.04555058479309,4.402222633361816,0.015515565872192383,7.174623250961304,0.10294198989868164,0.26165342330932617,0.0075855255126953125
10,28,11.501572132110596,-13335.1025390625,11.485761165618896,3.8864223957061768,0.015778541564941406,7.110036849975586,0.10042905807495117,0.2913382053375244,0.007506370544433594
10,29,12.340779304504395,-13393.77978515625,12.324815034866333,4.712557554244995,0.015929698944091797,7.11711049079895,0.10375332832336426,0.303605318069458,0.00756072998046875
10,30,12.338226556777954,-13437.391015625,12.322952032089233,4.6183922290802,0.015242338180541992,7.196118354797363,0.10435962677001953,0.3153953552246094,0.007544994354248047
11,1,14.496852397918701,-30876.42734375,14.46511721611023,4.595539808273315,0.03170061111450195,9.392414569854736,0.10274195671081543,0.27627134323120117,0.01005244255065918
11,2,14.577513694763184,-30816.4494140625,14.545479774475098,4.660838603973389,0.03199934959411621,9.384053945541382,0.10377120971679688,0.30308008193969727,0.009947061538696289
11,3,14.834699630737305,-30965.289453125,14.801970958709717,4.904893398284912,0.03269505500793457,9.389940977096558,0.1042642593383789,0.30728626251220703,0.009996414184570312
11,4,14.927729845046997,-30832.7845703125,14.731876134872437,4.8296356201171875,0.19582271575927734,9.397800207138062,0.10375356674194336,0.31821298599243164,0.009984016418457031
11,5,14.140148401260376,-30959.112109375,14.108654737472534,4.2204062938690186,0.031459808349609375,9.400564432144165,0.10139346122741699,0.29038453102111816,0.010012626647949219
11,6,14.997808456420898,-30844.2951171875,14.965437650680542,4.951319932937622,0.032335519790649414,9.557932138442993,0.10575461387634277,0.25898146629333496,0.010102033615112305
11,7,14.79533576965332,-30746.845703125,14.763211488723755,4.921658515930176,0.0320887565612793,9.365053415298462,0.10397911071777344,0.2829124927520752,0.010057926177978516
11,8,14.753442764282227,-30865.7369140625,14.721707820892334,4.816823720932007,0.031701087951660156,9.425678968429565,0.10366439819335938,0.2874617576599121,0.010010242462158203
11,9,15.021315097808838,-30939.0044921875,14.989914417266846,4.961318492889404,0.03135943412780762,9.539172887802124,0.10557103157043457,0.29413533210754395,0.010064363479614258
11,10,14.622932434082031,-30833.039453125,14.59254264831543,4.749939680099487,0.030358076095581055,9.362030744552612,0.1041419506072998,0.28500795364379883,0.00994253158569336
11,11,14.877328634262085,-30792.70546875,14.846619606018066,4.917492151260376,0.030673980712890625,9.46109127998352,0.10467863082885742,0.27993178367614746,0.010064840316772461
11,12,14.267161130905151,-31054.776953125,14.23665714263916,4.434828758239746,0.030469894409179688,9.303891897201538,0.09928727149963379,0.30867791175842285,0.01003718376159668
11,13,14.853551626205444,-30821.076171875,14.82339358329773,4.904649257659912,0.030124664306640625,9.470919370651245,0.10364985466003418,0.2550957202911377,0.01015472412109375
11,14,14.755064725875854,-30769.591015625,14.567490816116333,4.68139910697937,0.18754220008850098,9.418017864227295,0.1022801399230957,0.27361607551574707,0.010062932968139648
11,15,14.638323783874512,-30956.8333984375,14.606927394866943,4.762821912765503,0.03136396408081055,9.387670516967773,0.10306000709533691,0.26241254806518555,0.009975671768188477
11,16,14.748196125030518,-30625.328125,14.716400623321533,4.919177770614624,0.03176093101501465,9.326873540878296,0.10360193252563477,0.2759218215942383,0.010034322738647461
11,17,14.887112855911255,-30844.00859375,14.855774879455566,4.86680793762207,0.03130483627319336,9.518534898757935,0.10511159896850586,0.2737722396850586,0.010187625885009766
11,18,14.913283824920654,-31108.49140625,14.881943464279175,4.933037757873535,0.03130483627319336,9.492242813110352,0.10373091697692871,0.26383209228515625,0.010082721710205078
11,19,14.863387107849121,-31088.5984375,14.831663608551025,4.910966157913208,0.031690120697021484,9.460079193115234,0.1045987606048584,0.26847267150878906,0.010136842727661133
11,20,14.75560998916626,-30680.2203125,14.724063158035278,4.907209873199463,0.031514644622802734,9.357434511184692,0.10506415367126465,0.2690012454986572,0.01003575325012207
11,21,14.850727796554565,-30895.185546875,14.818753957748413,4.917442560195923,0.031942129135131836,9.434715747833252,0.10362410545349121,0.27982497215270996,0.010035276412963867
11,22,14.716439008712769,-30908.425,14.686024188995361,4.897700786590576,0.030382394790649414,9.347007274627686,0.10291886329650879,0.25154781341552734,0.010025978088378906
11,23,14.763564109802246,-30781.097265625,14.732049465179443,4.897931814193726,0.03148078918457031,9.3488290309906,0.10421037673950195,0.29500436782836914,0.009897947311401367
11,24,14.743554830551147,-30957.383203125,14.71109127998352,4.904653787612915,0.032430410385131836,9.330328226089478,0.1046898365020752,0.2825307846069336,0.009894371032714844
11,25,14.767317771911621,-30565.1484375,14.734757661819458,4.8741021156311035,0.03252053260803223,9.428203582763672,0.10510087013244629,0.2324211597442627,0.01007080078125
11,26,14.733650922775269,-30783.42578125,14.701353788375854,4.886981725692749,0.032263994216918945,9.35082483291626,0.10340332984924316,0.2740440368652344,0.009882450103759766
11,27,14.921910285949707,-30765.736328125,14.707682132720947,4.9274444580078125,0.21419668197631836,9.282626628875732,0.10357046127319336,0.30939245223999023,0.009813308715820312
11,28,14.685078382492065,-30787.212890625,14.653650999069214,4.879850387573242,0.03139328956604004,9.28119945526123,0.10277843475341797,0.3059382438659668,0.00997781753540039
11,29,14.943337678909302,-30920.9015625,14.909437656402588,4.931438207626343,0.03386235237121582,9.520938634872437,0.10362672805786133,0.25699305534362793,0.010089635848999023
11,30,14.411451816558838,-30721.30625,14.380434513092041,4.572070837020874,0.03098440170288086,9.353538036346436,0.10268306732177734,0.2590949535369873,0.01006174087524414
12,1,17.971941471099854,-77719.159375,17.904943704605103,4.777049541473389,0.06695985794067383,12.66196584701538,0.10255169868469238,0.26517653465270996,0.013469219207763672
12,2,18.301058769226074,-77468.27578125,18.232957363128662,4.982417345046997,0.06806111335754395,12.774992942810059,0.10441708564758301,0.2772345542907715,0.01349329948425293
12,3,18.394306898117065,-77142.478125,18.179076433181763,5.014558553695679,0.21519064903259277,12.708939790725708,0.10234236717224121,0.2635002136230469,0.01346588134765625
12,4,18.303858280181885,-77182.94296875,18.23609495162964,5.03191351890564,0.06771969795227051,12.762708902359009,0.10314679145812988,0.2506747245788574,0.01358342170715332
12,5,18.43477201461792,-77346.090625,18.367122173309326,5.089476823806763,0.06760263442993164,12.815487384796143,0.10452628135681152,0.26619982719421387,0.013566017150878906
12,6,17.957329988479614,-77352.5328125,17.89014220237732,4.7364959716796875,0.06714844703674316,12.672938823699951,0.10340023040771484,0.2819399833679199,0.013426542282104492
12,7,18.5181143283844,-77603.14921875,18.450544118881226,5.17438530921936,0.06753134727478027,12.800562143325806,0.1033623218536377,0.27993273735046387,0.01357579231262207
12,8,18.333324432373047,-77596.73828125,18.10375952720642,4.9783806800842285,0.22952008247375488,12.677069902420044,0.10354924201965332,0.24533772468566895,0.01356959342956543
12,9,17.93463373184204,-77954.66640625,17.866649627685547,4.690873146057129,0.06794476509094238,12.704020977020264,0.10300230979919434,0.26970553398132324,0.013554096221923828
12,10,18.749324321746826,-77616.71796875,18.68208909034729,5.243149280548096,0.06718802452087402,12.988626956939697,0.10574936866760254,0.24687743186950684,0.013878583908081055
12,11,18.4427170753479,-77312.403125,18.374828338623047,5.129229307174683,0.06784701347351074,12.777604103088379,0.10548019409179688,0.26392650604248047,0.013502836227416992
12,12,18.417954444885254,-77418.871875,18.350390672683716,5.145244836807251,0.06752562522888184,12.729050636291504,0.10578036308288574,0.2779061794281006,0.013506412506103516
12,13,18.580520153045654,-76859.2015625,18.34611701965332,5.111335754394531,0.23436450958251953,12.76944637298584,0.10614871978759766,0.26212167739868164,0.01353597640991211
12,14,18.308793306350708,-77872.61875,18.240780115127563,5.059894800186157,0.06797218322753906,12.733459949493408,0.10341215133666992,0.2520256042480469,0.013382911682128906
12,15,18.111851930618286,-77189.08671875,18.045355796813965,4.886071681976318,0.06645488739013672,12.705775022506714,0.10181760787963867,0.2625243663787842,0.013779401779174805
12,16,18.430574655532837,-77678.89375,18.364517211914062,5.01336669921875,0.06601834297180176,12.881709337234497,0.10382294654846191,0.2736835479736328,0.01362466812133789
12,17,18.309468507766724,-77819.16640625,18.24313712120056,5.023366451263428,0.06629204750061035,12.764690637588501,0.10395693778991699,0.25751304626464844,0.013437986373901367
12,18,18.41334056854248,-77103.86484375,18.346415758132935,5.120715618133545,0.06687760353088379,12.765511274337769,0.10437917709350586,0.2666635513305664,0.013527870178222656
12,19,18.47266387939453,-77915.4515625,18.22430443763733,5.027760744094849,0.248321533203125,12.73435664176941,0.1038968563079834,0.267026424407959,0.013778924942016602
12,20,18.255767107009888,-77621.053125,18.18897294998169,4.957953453063965,0.06675338745117188,12.766798734664917,0.10305142402648926,0.264754056930542,0.013666391372680664
12,21,18.03617024421692,-77175.45703125,17.970285177230835,4.821239471435547,0.06584620475769043,12.681151628494263,0.10152435302734375,0.27832508087158203,0.013385534286499023
12,22,18.40758752822876,-77515.625,18.342753171920776,5.068440675735474,0.06479263305664062,12.816874265670776,0.10348701477050781,0.2635214328765869,0.013695240020751953
12,23,18.330228805541992,-77381.97421875,18.263617753982544,5.0621337890625,0.06656479835510254,12.72530746459961,0.10349440574645996,0.28623485565185547,0.013586044311523438
12,24,18.41154432296753,-77715.20703125,18.34300971031189,5.087778329849243,0.06848788261413574,12.814656734466553,0.10409760475158691,0.23293042182922363,0.013638973236083984
12,25,18.735198736190796,-77454.9140625,18.482173442840576,5.080535888671875,0.2529866695404053,12.9399733543396,0.10540056228637695,0.2608530521392822,0.013724088668823242
12,26,18.419777631759644,-77446.81640625,18.350464820861816,5.160854339599609,0.0692739486694336,12.71604871749878,0.1056814193725586,0.2727622985839844,0.013523340225219727
12,27,18.368289470672607,-77076.93203125,18.301917552947998,5.1267924308776855,0.06632781028747559,12.715967416763306,0.10511064529418945,0.25679779052734375,0.013489723205566406
12,28,18.498454093933105,-77645.21015625,18.432430028915405,5.133466482162476,0.06598424911499023,12.857141971588135,0.10313773155212402,0.2459261417388916,0.013573169708251953
12,29,18.41035509109497,-77834.53828125,18.342841625213623,5.152205228805542,0.06747245788574219,12.721115827560425,0.1050570011138916,0.27016210556030273,0.013406515121459961
12,30,18.287506580352783,-77163.76171875,18.22050976753235,5.0287792682647705,0.06694817543029785,12.733280181884766,0.1047525405883789,0.26084089279174805,0.013663053512573242
13,1,23.493329286575317,-197219.9171875,23.15091609954834,5.324560642242432,0.3423619270324707,17.366249561309814,0.10403895378112793,0.261871337890625,0.01868414878845215
13,2,23.144643545150757,-197146.4296875,22.992391109466553,5.260359048843384,0.15220093727111816,17.262542724609375,0.10371947288513184,0.27060604095458984,0.01849818229675293
13,3,23.130595445632935,-197272.828125,22.978501558303833,5.195497274398804,0.15204334259033203,17.32717227935791,0.10323405265808105,0.25792431831359863,0.018269062042236328
13,4,23.09902048110962,-197454.66875,22.767085075378418,5.160012483596802,0.33188509941101074,17.154150247573853,0.10215544700622559,0.26006269454956055,0.01805877685546875
13,5,23.156929969787598,-196799.3609375,23.007652759552002,5.247888803482056,0.14922881126403809,17.296480655670166,0.10371780395507812,0.26883530616760254,0.018204927444458008
13,6,22.69200325012207,-196872.553125,22.394635438919067,4.741662263870239,0.2973194122314453,17.203922271728516,0.10147404670715332,0.2552969455718994,0.018030643463134766
13,7,22.91712236404419,-197067.45625,22.765097856521606,5.053343057632446,0.15197229385375977,17.21042227745056,0.10219597816467285,0.30927538871765137,0.01828169822692871
13,8,23.24083709716797,-197572.19375,22.94245958328247,5.2381062507629395,0.298328161239624,17.23067021369934,0.10340547561645508,0.28521299362182617,0.018185853958129883
13,9,22.92389965057373,-197059.91875,22.770713806152344,5.104727745056152,0.1531383991241455,17.199400186538696,0.10275959968566895,0.27257370948791504,0.0183413028717041
13,10,23.0624258518219,-197426.89375,22.76253080368042,4.971832990646362,0.29984545707702637,17.328826427459717,0.10196089744567871,0.26932263374328613,0.018176555633544922
13,11,22.98641324043274,-197279.553125,22.836824893951416,5.226600885391235,0.14953827857971191,17.147804498672485,0.10323715209960938,0.2658684253692627,0.01820993423461914
13,12,23.29373264312744,-196777.7046875,22.988982439041138,5.259863376617432,0.3046987056732178,17.264506340026855,0.10355758666992188,0.27332353591918945,0.018079519271850586
13,13,23.114339113235474,-196701.8875,22.964921236038208,5.244724750518799,0.1493697166442871,17.263521909713745,0.10356283187866211,0.26378917694091797,0.018313884735107422
13,14,23.20041537284851,-197310.259375,22.902647018432617,5.155567407608032,0.29772019386291504,17.266610145568848,0.10257577896118164,0.2888939380645752,0.01832437515258789
13,15,22.992380619049072,-197027.453125,22.841880798339844,5.1426544189453125,0.1504518985748291,17.23653793334961,0.10202527046203613,0.2735750675201416,0.018177509307861328
13,16,23.23768711090088,-196708.134375,22.935088396072388,5.212737321853638,0.3025491237640381,17.247247457504272,0.103057861328125,0.28363537788391113,0.018418550491333008
13,17,23.07518434524536,-196879.74375,22.925456285476685,5.200513601303101,0.14967799186706543,17.27075743675232,0.10351014137268066,0.2556006908416748,0.018523216247558594
13,18,23.427043199539185,-197031.253125,23.129271030426025,5.3425962924957275,0.29770398139953613,17.32697296142578,0.10498332977294922,0.2574341297149658,0.018096923828125
13,19,23.16669535636902,-197014.5265625,23.01231575012207,5.288837432861328,0.1543264389038086,17.277677297592163,0.10568356513977051,0.2460639476776123,0.01843094825744629
13,20,23.273505926132202,-197182.44375,22.970938205718994,5.29035496711731,0.3025081157684326,17.22179937362671,0.1046605110168457,0.26242756843566895,0.018195152282714844
13,21,23.298001766204834,-197151.2859375,23.145217180252075,5.37834620475769,0.15272760391235352,17.303695917129517,0.10765767097473145,0.26301145553588867,0.018260478973388672
13,22,23.38676691055298,-196774.24375,23.084289073944092,5.250820159912109,0.3024277687072754,17.35767149925232,0.1045682430267334,0.2765347957611084,0.018532514572143555
13,23,23.137905836105347,-197409.8203125,22.9901340007782,5.289430618286133,0.14772248268127441,17.25756573677063,0.1053774356842041,0.24020075798034668,0.018178224563598633
13,24,23.340322256088257,-197056.51875,23.040502786636353,5.32548451423645,0.29976439476013184,17.23969793319702,0.10513043403625488,0.2819254398345947,0.018470048904418945
13,25,23.14019250869751,-197269.6109375,22.99200987815857,5.309594392776489,0.14812779426574707,17.243417978286743,0.10431814193725586,0.25058817863464355,0.018551111221313477
13,26,23.326980590820312,-197007.9921875,23.02448606491089,5.29908561706543,0.30243825912475586,17.25415539741516,0.1045525074005127,0.2812354564666748,0.018223047256469727
13,27,23.11290216445923,-197262.8796875,22.963805198669434,5.213763952255249,0.14903879165649414,17.282190561294556,0.10480594635009766,0.27047228813171387,0.018176555633544922
13,28,23.408586025238037,-196874.828125,23.104415893554688,5.2603394985198975,0.3041200637817383,17.383357048034668,0.10406374931335449,0.26207876205444336,0.018504619598388672
13,29,23.214104413986206,-197237.809375,23.063374280929565,5.230815649032593,0.15067481994628906,17.364225149154663,0.10522890090942383,0.2745497226715088,0.01842808723449707
13,30,23.58121943473816,-197197.896875,23.28133511543274,5.331564903259277,0.2998223304748535,17.503662109375,0.10524487495422363,0.249068021774292,0.018640518188476562
14,1,29.203634023666382,-470575.0375,28.696667194366455,5.683184385299683,0.5068905353546143,22.53982639312744,0.10622763633728027,0.26502037048339844,0.0239715576171875
14,2,28.899040699005127,-470630.821875,28.53680682182312,5.660641670227051,0.36216020584106445,22.404227256774902,0.10487484931945801,0.26724696159362793,0.023865699768066406
14,3,29.082500457763672,-471547.303125,28.48164701461792,5.617040157318115,0.6007757186889648,22.420732736587524,0.1042947769165039,0.2445993423461914,0.024216413497924805
14,4,28.994060277938843,-471463.20625,28.47369146347046,5.621600151062012,0.5202939510345459,22.41685152053833,0.10481691360473633,0.23632049560546875,0.02404928207397461
14,5,28.770222902297974,-471381.7875,28.264160633087158,5.408301830291748,0.5059876441955566,22.37461018562317,0.10413813591003418,0.2840690612792969,0.023613452911376953
14,6,28.711793661117554,-472290.8,28.18866515159607,5.393372297286987,0.5230472087860107,22.32280683517456,0.10460472106933594,0.2727530002593994,0.023848772048950195
14,7,29.03654170036316,-470940.36875,28.49407649040222,5.539241552352905,0.5423905849456787,22.489011764526367,0.10397195816040039,0.2680649757385254,0.023684978485107422
14,8,28.87423014640808,-471560.740625,28.525699377059937,5.643906354904175,0.34844064712524414,22.405635118484497,0.1046602725982666,0.2712557315826416,0.024224519729614258
14,9,28.905725955963135,-471462.628125,28.3115451335907,5.469656705856323,0.5941023826599121,22.373090505599976,0.10407638549804688,0.2739105224609375,0.02404642105102539
14,10,28.697859525680542,-472019.25,28.182904720306396,5.480346441268921,0.5148739814758301,22.245702743530273,0.10467863082885742,0.25585007667541504,0.02413034439086914
14,11,28.93145990371704,-470911.103125,28.39319109916687,5.438667297363281,0.5381944179534912,22.4881272315979,0.10503673553466797,0.26511096954345703,0.023922443389892578
14,12,28.97120761871338,-471825.81875,28.626846313476562,5.663594722747803,0.3442857265472412,22.494770526885986,0.10411906242370605,0.2678542137145996,0.02385997772216797
14,13,29.296679735183716,-470812.7125,28.690563678741455,5.705709218978882,0.6060357093811035,22.491750478744507,0.10421991348266602,0.2953331470489502,0.023998498916625977
14,14,29.20748281478882,-471986.4375,28.67083978652954,5.656944036483765,0.5365676879882812,22.528896808624268,0.1045529842376709,0.2762892246246338,0.024498462677001953
14,15,29.016796827316284,-470888.075,28.662469387054443,5.643410682678223,0.3542485237121582,22.54122304916382,0.10427975654602051,0.2738363742828369,0.02391672134399414
14,16,29.244710445404053,-471761.6625,28.64961004257202,5.65558934211731,0.5950205326080322,22.49113941192627,0.1043539047241211,0.2941262722015381,0.024118661880493164
14,17,29.023056030273438,-470736.86875,28.506093978881836,5.629709243774414,0.5168852806091309,22.408267736434937,0.1044151782989502,0.26395273208618164,0.024025440216064453
14,18,28.958943843841553,-470462.76875,28.44451332092285,5.6250433921813965,0.5143561363220215,22.352760791778564,0.10491466522216797,0.26488685607910156,0.023654937744140625
14,19,29.022944688796997,-471030.371875,28.505578994750977,5.612746238708496,0.5172860622406006,22.435251235961914,0.10515713691711426,0.25037598609924316,0.023827552795410156
14,20,28.81692385673523,-471408.65625,28.283154249191284,5.559662580490112,0.5336878299713135,22.245349645614624,0.10509157180786133,0.2803363800048828,0.023714780807495117
14,21,28.662992477416992,-472197.35625,28.312196016311646,5.525661945343018,0.3507046699523926,22.318592071533203,0.10574007034301758,0.26958155632019043,0.023731708526611328
14,22,28.755332946777344,-471586.184375,28.149112224578857,5.419589519500732,0.6061460971832275,22.248047828674316,0.10432195663452148,0.2830040454864502,0.02394556999206543
14,23,28.65587019920349,-471722.796875,28.14844012260437,5.332747459411621,0.5073573589324951,22.33058476448059,0.10368633270263672,0.28473329544067383,0.023795366287231445
14,24,28.70663094520569,-471157.65,28.18346095085144,5.434668302536011,0.5230956077575684,22.280351161956787,0.10472869873046875,0.26875805854797363,0.023693084716796875
14,25,28.76314926147461,-471934.259375,28.410686492919922,5.525884628295898,0.3523857593536377,22.431886672973633,0.10516095161437988,0.2516286373138428,0.023732900619506836
14,26,28.818484783172607,-471734.1,28.226166248321533,5.472889423370361,0.5922446250915527,22.28946852684021,0.10502767562866211,0.26412224769592285,0.023590564727783203
14,27,28.96344232559204,-471393.05625,28.43310570716858,5.603384733200073,0.5302627086639404,22.35789728164673,0.10459542274475098,0.272432804107666,0.02353501319885254
14,28,29.021112203598022,-471371.671875,28.48656678199768,5.607901096343994,0.5344650745391846,22.41892647743225,0.10582304000854492,0.2572305202484131,0.023916244506835938
14,29,28.688278436660767,-471678.425,28.33983874320984,5.550553560256958,0.3483610153198242,22.33995771408081,0.10455679893493652,0.2539854049682617,0.023588180541992188
14,30,28.190673351287842,-471518.99375,27.60711932182312,5.532369613647461,0.5834774971008301,21.664479732513428,0.10483551025390625,0.2209935188293457,0.023801803588867188
15,1,40.400808572769165,-1111802.7125,35.9639675617218,6.14620566368103,4.436703205108643,29.174508094787598,0.10669517517089844,0.3297133445739746,0.030770063400268555
15,2,37.30665111541748,-1112271.6,36.20687174797058,6.178666830062866,1.0996308326721191,29.19127368927002,0.10668373107910156,0.42248034477233887,0.030698060989379883
15,3,37.43103504180908,-1112445.35,36.18587040901184,6.1707987785339355,1.245023250579834,29.168701648712158,0.10642409324645996,0.4109320640563965,0.03080916404724121
15,4,37.33891940116882,-1111637.025,36.22247886657715,6.176211833953857,1.1162948608398438,29.203137636184692,0.10678720474243164,0.4272444248199463,0.03074502944946289
15,5,37.46734380722046,-1112272.4625,36.2055447101593,6.183413743972778,1.2616550922393799,29.186563968658447,0.10654520988464355,0.40293264389038086,0.030614376068115234
15,6,37.09865689277649,-1111403.3125,35.95817685127258,5.950247526168823,1.1403326988220215,29.14961814880371,0.10667657852172852,0.42186903953552246,0.03058481216430664
15,7,37.29717302322388,-1112225.625,36.16723918914795,6.0803000926971436,1.1297898292541504,29.22747039794922,0.10645389556884766,0.43081235885620117,0.03062295913696289
15,8,37.74268841743469,-1111989.2125,36.53082251548767,6.197512626647949,1.2117204666137695,29.5671443939209,0.10692954063415527,0.38494133949279785,0.03093433380126953
15,9,36.78820276260376,-1111175.525,35.53895020484924,6.085818290710449,1.2491130828857422,28.835543394088745,0.10590147972106934,0.31981658935546875,0.030645132064819336
15,10,36.79391384124756,-1111459.25,35.66678476333618,6.124499559402466,1.1269896030426025,28.9256649017334,0.10635113716125488,0.3083639144897461,0.030903339385986328
15,11,36.58902931213379,-1111351.5625,35.48055553436279,6.126509189605713,1.1083416938781738,28.869643449783325,0.10624384880065918,0.2544116973876953,0.030654430389404297
15,12,36.52943181991577,-1112259.15,35.43815088272095,6.130468368530273,1.091139554977417,28.835007429122925,0.1067819595336914,0.2480318546295166,0.030560970306396484
15,13,36.5417959690094,-1111408.9375,35.32162117958069,5.9730424880981445,1.2200322151184082,28.885083436965942,0.10540556907653809,0.24818754196166992,0.030466079711914062
15,14,36.48324751853943,-1110783.9125,35.37964487075806,6.0104146003723145,1.103471279144287,28.906028509140015,0.10621261596679688,0.2454359531402588,0.03074359893798828
15,15,36.52548432350159,-1111223.0625,35.43639302253723,6.125715017318726,1.088953971862793,28.839153051376343,0.10663771629333496,0.24878287315368652,0.031205415725708008
15,16,36.673630475997925,-1110772.2625,35.419445753097534,6.117530584335327,1.2540431022644043,28.834137201309204,0.1067965030670166,0.2491152286529541,0.03029465675354004
15,17,36.689754247665405,-1111110.15,35.431983947753906,6.132819890975952,1.2576394081115723,28.829542636871338,0.10703778266906738,0.2505018711090088,0.030345678329467773
15,18,36.57815170288086,-1110647.225,35.46534037590027,6.100108861923218,1.1126761436462402,28.89855408668518,0.10708308219909668,0.24623417854309082,0.031239748001098633
15,19,36.61854648590088,-1111338.7125,35.537055015563965,6.138535737991333,1.0813581943511963,28.919588327407837,0.10692787170410156,0.2530810832977295,0.030425071716308594
15,20,36.63158059120178,-1112108.125,35.40383720397949,6.028887510299683,1.2275893688201904,28.901896715164185,0.10679030418395996,0.24669218063354492,0.030681133270263672
15,21,36.323140382766724,-1111758.175,35.22289752960205,5.854923248291016,1.1001043319702148,28.91314196586609,0.10578083992004395,0.24506640434265137,0.03063035011291504
15,22,36.82444787025452,-1111146.5,35.59117650985718,6.141279458999634,1.2331418991088867,28.97322130203247,0.10624170303344727,0.24410200119018555,0.0305631160736084
15,23,36.54532289505005,-1111689.125,35.42113780975342,6.120738506317139,1.1240522861480713,28.836538314819336,0.10713386535644531,0.24246644973754883,0.030371665954589844
15,24,36.5763578414917,-1111681.9375,35.49280071258545,6.138443946838379,1.083406925201416,28.88545536994934,0.10684084892272949,0.24395275115966797,0.030401945114135742
15,25,36.507070541381836,-1111880.0875,35.42776346206665,6.113167762756348,1.0791599750518799,28.843722105026245,0.10654950141906738,0.24634456634521484,0.03014397621154785
15,26,36.75804162025452,-1111681.6,35.5501971244812,6.126006841659546,1.2077040672302246,28.945738077163696,0.10696029663085938,0.251692533493042,0.030339956283569336
15,27,36.59230160713196,-1111474.6125,35.51870799064636,6.106734752655029,1.073457956314087,28.94054889678955,0.10729002952575684,0.24921607971191406,0.03070354461669922
15,28,36.728458404541016,-1111661.2375,35.524460792541504,6.123079776763916,1.2038547992706299,28.93239164352417,0.10659933090209961,0.24951410293579102,0.030496835708618164
15,29,36.6428005695343,-1111222.175,35.55274987220764,6.149078130722046,1.089906930923462,28.930273056030273,0.10694074630737305,0.24688291549682617,0.031007766723632812
15,30,36.63284349441528,-1111965.3625,35.41141939163208,6.12631893157959,1.2212891578674316,28.81612229347229,0.10640692710876465,0.24830937385559082,0.030876874923706055
16,1,26.345000505447388,-2608814.375,23.859989404678345,6.311954498291016,2.4845542907714844,17.06646418571472,0.10663270950317383,0.28006815910339355,0.01792454719543457
16,2,26.742684364318848,-2607293.725,23.989070177078247,6.317712306976318,2.753244400024414,17.18333625793457,0.10663485527038574,0.28427910804748535,0.018812894821166992
16,3,26.590064764022827,-2607874.575,23.972866535186768,6.327157735824585,2.616820812225342,17.16130757331848,0.10680055618286133,0.2823059558868408,0.018037080764770508
16,4,26.670186281204224,-2607365.15,23.928832530975342,6.328502893447876,2.74088191986084,17.116703271865845,0.10645818710327148,0.28207993507385254,0.01842522621154785
16,5,26.675729513168335,-2606709.6,24.02673363685608,6.3886706829071045,2.648684024810791,17.14820957183838,0.10645437240600586,0.28342342376708984,0.01814103126525879
16,6,26.637404441833496,-2607869.775,23.989103078842163,6.330240964889526,2.647977352142334,17.166791439056396,0.10687255859375,0.286578893661499,0.018351316452026367
16,7,26.735002756118774,-2606004.925,24.0627703666687,6.404408693313599,2.6719155311584473,17.1692111492157,0.1065211296081543,0.28549671173095703,0.018320322036743164
16,8,26.59293484687805,-2607884.725,23.921746730804443,6.323225736618042,2.6707868576049805,17.114412784576416,0.10661888122558594,0.28112244606018066,0.018169164657592773
16,9,26.692176818847656,-2607781.3,24.097606420516968,6.403428316116333,2.594177484512329,17.203409433364868,0.10668778419494629,0.2896707057952881,0.017575740814208984
16,10,26.66033172607422,-2607825.975,24.04609179496765,6.334166526794434,2.613919258117676,17.220744371414185,0.10704922676086426,0.28645801544189453,0.018451452255249023
16,11,26.51446270942688,-2608679.175,23.98767852783203,6.3259546756744385,2.526454210281372,17.173059225082397,0.10643959045410156,0.2829117774963379,0.01799917221069336
16,12,27.106776237487793,-2610132.825,24.36786389350891,6.357008218765259,2.7385287284851074,17.476081132888794,0.10743498802185059,0.3222379684448242,0.018377065658569336
16,13,27.28555679321289,-2607744.55,24.423213005065918,6.3615806102752686,2.86199951171875,17.510197162628174,0.10760903358459473,0.329791784286499,0.020291566848754883
16,14,27.558303594589233,-2608335.875,24.818881034851074,6.449955940246582,2.739074230194092,17.81038236618042,0.10795402526855469,0.32146644592285156,0.01854991912841797
16,15,27.581734895706177,-2607086.75,24.88773536682129,6.379941940307617,2.693657159805298,17.95732855796814,0.10712575912475586,0.31429266929626465,0.018228530883789062
16,16,27.458256006240845,-2608031.775,24.72214102745056,6.145848989486694,2.7356648445129395,18.03617262840271,0.1060953140258789,0.3127458095550537,0.019163131713867188
16,17,27.288434982299805,-2608744.725,24.747722864151,6.405815839767456,2.5402703285217285,17.77712607383728,0.1076803207397461,0.32324910163879395,0.01847386360168457
16,18,27.772637605667114,-2607789.1,25.040400743484497,6.39967155456543,2.731818675994873,18.101043462753296,0.10784196853637695,0.3145904541015625,0.018975019454956055
16,19,27.355281591415405,-2607211.225,24.550094842910767,6.354151248931885,2.804830312728882,17.644371271133423,0.1073007583618164,0.32731008529663086,0.018001079559326172
16,20,27.667457818984985,-2606642.125,25.00077247619629,6.437757730484009,2.666328191757202,18.021324157714844,0.10721015930175781,0.3126962184906006,0.01833939552307129
16,21,27.26288628578186,-2607668.3,24.52693819999695,6.36034893989563,2.7355291843414307,17.60999894142151,0.10719823837280273,0.32811832427978516,0.018973588943481445
16,22,27.443158388137817,-2607007.475,24.898740530014038,6.376274824142456,2.544090747833252,17.978361129760742,0.10705971717834473,0.31252598762512207,0.01907801628112793
16,23,27.26926565170288,-2607431.1,24.54808807373047,6.361976146697998,2.720855951309204,17.632423639297485,0.10718846321105957,0.3285243511199951,0.01867818832397461
16,24,27.24526023864746,-2608308.7,24.727535486221313,6.390625,2.517348527908325,17.786012649536133,0.10771918296813965,0.33133792877197266,0.018932580947875977
16,25,27.455044507980347,-2608966.425,24.750159978866577,6.21288800239563,2.704516887664795,17.996491193771362,0.10641169548034668,0.31503963470458984,0.018246173858642578
16,26,27.502654314041138,-2606897.9,24.733399152755737,6.423390626907349,2.768869638442993,17.749817848205566,0.10706353187561035,0.3195066452026367,0.019309520721435547
16,27,27.344485998153687,-2606835.125,24.71667790412903,6.439675569534302,2.627396821975708,17.73983407020569,0.10712575912475586,0.32393693923950195,0.01860976219177246
16,28,27.472957849502563,-2607544.35,24.905241012573242,6.374589920043945,2.5673232078552246,17.971856355667114,0.10759520530700684,0.31606006622314453,0.018981456756591797
16,29,27.329022884368896,-2606638.875,24.550636291503906,6.355492115020752,2.7780067920684814,17.641743183135986,0.10755419731140137,0.3293478488922119,0.019183635711669922
16,30,27.283101320266724,-2606362.55,24.63108777999878,6.416312217712402,2.651559829711914,17.66669249534607,0.10723280906677246,0.3281290531158447,0.01857280731201172
17,1,39.021750688552856,-6076106.1,33.009116411209106,6.699920415878296,6.011610984802246,25.69356083869934,0.10739016532897949,0.3781929016113281,0.02753901481628418
17,2,39.11571788787842,-6074573.5,32.87200355529785,6.666162967681885,6.242668867111206,25.594578981399536,0.10640788078308105,0.37654590606689453,0.026093244552612305
17,3,38.95723819732666,-6074095.5,32.794806241989136,6.656420469284058,6.161469221115112,25.52704882621765,0.10650086402893066,0.37729644775390625,0.026746034622192383
17,4,39.24650502204895,-6075578.8,32.93772482872009,6.6885764598846436,6.307442665100098,25.63412070274353,0.1074213981628418,0.3786790370941162,0.026058197021484375
17,5,39.57516837120056,-6074861.5,33.12166357040405,6.7617926597595215,6.452340841293335,25.747907161712646,0.10672163963317871,0.37877655029296875,0.02620553970336914
17,6,39.56717658042908,-6076743.05,33.13043546676636,6.75908350944519,6.43537163734436,25.763480186462402,0.10673975944519043,0.37706947326660156,0.026404619216918945
17,7,39.44940137863159,-6076046.3,33.334590911865234,6.766523838043213,6.113719701766968,25.95597195625305,0.10695195198059082,0.3805258274078369,0.026142597198486328
17,8,39.7938072681427,-6074875.05,33.46567988395691,6.778215646743774,6.3268725872039795,26.004383087158203,0.10712337493896484,0.4018993377685547,0.026510953903198242
17,9,39.97351121902466,-6073053.35,33.482826709747314,6.7932374477386475,6.489567756652832,25.937259197235107,0.10815858840942383,0.4131593704223633,0.026781082153320312
17,10,39.750760555267334,-6075504.8,33.53626561164856,6.78242564201355,6.213404655456543,26.01547598838806,0.10743856430053711,0.412250280380249,0.02654719352722168
17,11,39.894001483917236,-6073882.75,33.730663776397705,6.8012073040008545,6.16239595413208,26.18216109275818,0.10767507553100586,0.41965699195861816,0.026601314544677734
17,12,39.96478581428528,-6075057.1,33.67652630805969,6.798702239990234,6.287305116653442,26.143962383270264,0.1074070930480957,0.40568041801452637,0.026618242263793945
17,13,39.953455448150635,-6075171.25,33.860976696014404,6.83012056350708,6.090994358062744,26.298322439193726,0.10696291923522949,0.4241447448730469,0.027587413787841797
17,14,39.942694664001465,-6074684.8,33.72952580451965,6.779239892959595,6.212114572525024,26.199090003967285,0.10610127449035645,0.4103550910949707,0.02753305435180664
17,15,40.085580348968506,-6075418.65,33.63876938819885,6.77883505821228,6.445843696594238,26.118531227111816,0.10658907890319824,0.41249990463256836,0.026572227478027344
17,16,40.043193340301514,-6077222.85,33.653549909591675,6.782195568084717,6.388202905654907,26.08926248550415,0.1074674129486084,0.42786717414855957,0.02621746063232422
17,17,40.060792207717896,-6075782.1,33.84607815742493,6.807222366333008,6.213432788848877,26.288338661193848,0.10709190368652344,0.4335043430328369,0.026375770568847656
17,18,39.577754497528076,-6074528.55,33.51948022842407,6.795505523681641,6.057120084762573,25.958418607711792,0.10645914077758789,0.40273213386535645,0.026933908462524414
17,19,40.375064849853516,-6075296.4,33.82059955596924,6.7944676876068115,6.553318738937378,26.28147602081299,0.1068568229675293,0.422710657119751,0.026960372924804688
17,20,39.84327435493469,-6074059.9,33.63553476333618,6.772512435913086,6.206428050994873,26.109092235565186,0.1057741641998291,0.4233381748199463,0.0268557071685791
17,21,39.824517488479614,-6074325.9,33.733062505722046,6.793778419494629,6.090213775634766,26.183724880218506,0.10686874389648438,0.42412447929382324,0.027589082717895508
17,22,40.2814245223999,-6074772.15,33.633543252944946,6.775316953659058,6.6466474533081055,26.110527515411377,0.10611581802368164,0.4161655902862549,0.0265200138092041
17,23,40.004385471343994,-6074791.45,33.72033977508545,6.788720369338989,6.282674312591553,26.204911708831787,0.10628366470336914,0.406109094619751,0.026546716690063477
17,24,39.855578660964966,-6075933.45,33.8536901473999,6.79981255531311,6.000710725784302,26.331379652023315,0.10672307014465332,0.4156761169433594,0.026952028274536133
17,25,40.43548607826233,-6074581.95,33.87663769721985,6.8000571727752686,6.55785870552063,26.35050678253174,0.10641884803771973,0.4267287254333496,0.026706457138061523
17,26,40.07852482795715,-6074921.15,33.84482455253601,6.808538913726807,6.232371091842651,26.272536277770996,0.10634398460388184,0.43374180793762207,0.026673555374145508
17,27,39.91168975830078,-6076332.3,33.77870464324951,6.796235799789429,6.132009983062744,26.226362466812134,0.1058502197265625,0.4331035614013672,0.02657032012939453
17,28,39.772873878479004,-6075805.1,33.530272483825684,6.768974542617798,6.241639137268066,26.004483222961426,0.1051030158996582,0.4177072048187256,0.026770591735839844
17,29,40.18468403816223,-6077137.85,33.74757122993469,6.780799865722656,6.435894012451172,26.21652603149414,0.1059579849243164,0.4277217388153076,0.02631831169128418
17,30,40.17760729789734,-6073668.2,33.70088768005371,6.774932384490967,6.475360155105591,26.129722118377686,0.10576128959655762,0.4431273937225342,0.02698659896850586
18,1,58.17766571044922,-14079429.4,44.85782814025879,7.012282848358154,13.316729307174683,34.913901567459106,0.10553359985351562,0.5539791584014893,0.035576581954956055
18,2,55.74317955970764,-14081699.7,41.17489004135132,6.89244532585144,14.565236330032349,31.13146734237671,0.10231947898864746,0.5131585597991943,0.03244805335998535
18,3,54.80280780792236,-14080080.5,41.193336725234985,6.88669753074646,13.605894327163696,31.127712726593018,0.10237336158752441,0.517970085144043,0.03197526931762695
18,4,55.697659969329834,-14082947.9,41.71386194229126,6.889404058456421,13.980697393417358,31.209636211395264,0.10251069068908691,0.6695189476013184,0.03288698196411133
18,5,56.00688314437866,-14080428.0,41.468228816986084,6.916250228881836,14.535608768463135,30.824231386184692,0.10235214233398438,0.6928555965423584,0.032114267349243164
18,6,54.98665690422058,-14078938.0,41.42728638648987,6.899703502655029,13.556714057922363,30.71631097793579,0.10243773460388184,0.7989969253540039,0.03220558166503906
18,7,55.9539635181427,-14079111.4,41.404085874557495,6.9049646854400635,14.547352075576782,30.822601318359375,0.10258936882019043,0.7602415084838867,0.03227400779724121
18,8,55.87280583381653,-14078894.2,41.47446084022522,6.890431880950928,14.395639419555664,30.807231187820435,0.1028282642364502,0.7819404602050781,0.03221726417541504
18,9,55.165855884552,-14080072.3,41.35722517967224,6.918850660324097,13.806018829345703,30.73242950439453,0.10249733924865723,0.7719466686248779,0.03208184242248535
18,10,55.64936423301697,-14079076.6,41.55371284484863,6.929487466812134,14.09316897392273,30.792181968688965,0.10219240188598633,0.788640022277832,0.03173089027404785
18,11,55.5587375164032,-14079951.8,41.67229175567627,6.9234888553619385,13.88391375541687,30.79041886329651,0.10228538513183594,0.8204610347747803,0.032489776611328125
18,12,55.99081635475159,-14078509.0,41.780646324157715,6.889295816421509,14.207746982574463,30.834290981292725,0.10220146179199219,0.8283987045288086,0.03273463249206543
18,13,55.84056234359741,-14077694.6,41.609787940979004,6.8875181674957275,14.227863788604736,30.620990753173828,0.10180544853210449,0.828852653503418,0.0323178768157959
18,14,56.14390563964844,-14080949.9,41.77588629722595,6.907370328903198,14.364933013916016,30.68234348297119,0.10208368301391602,0.8462800979614258,0.032135009765625
18,15,56.34894013404846,-14078729.2,41.883647441864014,6.903759241104126,14.46254849433899,30.749557971954346,0.10216951370239258,0.8497512340545654,0.032204627990722656
18,16,55.90822219848633,-14080206.3,42.01494264602661,6.869189023971558,13.890479803085327,30.7984676361084,0.10227775573730469,0.8433356285095215,0.0323338508605957
18,17,55.837037086486816,-14081029.8,41.66468572616577,6.913335084915161,14.169811964035034,30.672654390335083,0.10242772102355957,0.8352243900299072,0.03224492073059082
18,18,55.31413173675537,-14081223.2,41.56956195831299,6.91867733001709,13.742024183273315,30.8044753074646,0.1024787425994873,0.8049609661102295,0.03261280059814453
18,19,55.848052978515625,-14079066.8,41.555742025375366,6.923288583755493,14.289825439453125,30.745847702026367,0.10220694541931152,0.8318581581115723,0.03228402137756348
18,20,55.554800271987915,-14078739.9,41.39039421081543,6.921294212341309,14.161866664886475,30.783184051513672,0.10251021385192871,0.7760188579559326,0.03233838081359863
18,21,55.04661226272583,-14077532.4,41.35951256752014,6.918278932571411,13.684306144714355,30.77654004096985,0.10267138481140137,0.7789044380187988,0.032326459884643555
18,22,55.56095242500305,-14078673.2,41.44543671607971,6.918525218963623,14.113033294677734,30.790958881378174,0.10227227210998535,0.7892661094665527,0.032312870025634766
18,23,55.64937949180603,-14078352.5,41.483768701553345,6.911577939987183,14.16285252571106,30.817864656448364,0.10266327857971191,0.7793195247650146,0.032082319259643555
18,24,55.21665811538696,-14080746.4,41.35814189910889,6.8986122608184814,13.85581374168396,30.68671464920044,0.10236334800720215,0.7868173122406006,0.032277822494506836
18,25,55.396551847457886,-14081505.2,41.554726123809814,6.893849611282349,13.839298963546753,30.690240383148193,0.10266923904418945,0.8044815063476562,0.03256630897521973
18,26,55.99315667152405,-14079221.8,41.60997700691223,6.897521495819092,14.380725860595703,30.71108341217041,0.10217022895812988,0.8080124855041504,0.03248763084411621
18,27,56.03569746017456,-14081050.2,41.852328062057495,6.899798631668091,14.180685758590698,30.709485054016113,0.10225367546081543,0.8267126083374023,0.032370805740356445
18,28,56.02459788322449,-14079673.1,41.67052364349365,6.897908687591553,14.351593494415283,30.644598245620728,0.10249686241149902,0.8650655746459961,0.03197479248046875
18,29,56.15801978111267,-14079698.7,41.86945128440857,6.877572298049927,14.286046981811523,30.747018575668335,0.10244393348693848,0.8793342113494873,0.03286933898925781
18,30,56.007790088653564,-14077989.9,41.642005443573,6.8951756954193115,14.362968444824219,30.608531713485718,0.1021111011505127,0.879530668258667,0.0326383113861084
19,1,115.14016652107239,-32483060.6,65.37628126144409,7.045030355453491,49.756818771362305,42.46888494491577,0.09855532646179199,0.9420101642608643,0.04312491416931152
19,2,98.42350268363953,-32478915.8,66.29943346977234,6.924411058425903,32.11790323257446,42.98897314071655,0.10072469711303711,0.9688036441802979,0.04556703567504883
19,3,103.66277503967285,-32478901.6,70.05194807052612,7.0675950050354,33.602636098861694,44.01570200920105,0.09801173210144043,1.131098747253418,0.04560708999633789
19,4,95.32223320007324,-32479330.4,64.04731869697571,7.048604488372803,31.268367290496826,44.2333779335022,0.09849667549133301,0.7804586887359619,0.04688072204589844
19,5,104.27080798149109,-32478633.0,71.30573153495789,7.074013710021973,32.9585645198822,43.92290210723877,0.09973549842834473,1.254673719406128,0.04433298110961914
19,6,96.35791850090027,-32482307.0,62.965856313705444,7.012328863143921,33.3856942653656,43.9376323223114,0.09902358055114746,0.7364487648010254,0.04537010192871094
19,7,102.65438604354858,-32482062.4,70.96469306945801,7.063071012496948,31.674318552017212,44.08288550376892,0.09925627708435059,1.2017285823822021,0.04604530334472656
19,8,97.54723882675171,-32484810.4,65.57789278030396,7.059438228607178,31.96130633354187,43.6198673248291,0.09746766090393066,0.900524377822876,0.04490995407104492
19,9,97.63817548751831,-32480529.2,65.91109108924866,7.07049560546875,31.719375610351562,41.536612033843994,0.09854650497436523,1.0163815021514893,0.04392266273498535
20,1,186.3305332660675,-74700962.4,116.91553664207458,7.268331289291382,69.39620804786682,56.43955945968628,0.0990149974822998,1.144901990890503,0.058431386947631836
20,2,188.15601229667664,-74699716.0,116.3064239025116,7.201559782028198,71.83047413825989,56.44985032081604,0.09850025177001953,1.1803524494171143,0.058106422424316406
20,3,184.43739485740662,-74698864.0,112.8405270576477,7.2202253341674805,71.57804012298584,55.69792985916138,0.09893274307250977,1.1594066619873047,0.05837535858154297
20,4,169.48030924797058,-74694972.0,96.34353494644165,7.268805980682373,73.11734437942505,55.05865669250488,0.10108113288879395,1.1249475479125977,0.058455467224121094
20,5,166.21479415893555,-74700577.6,94.35677075386047,6.844066381454468,71.8397274017334,54.07291603088379,0.09635138511657715,1.0961356163024902,0.055628061294555664
20,6,164.7961232662201,-74701750.4,94.41036462783813,6.273156404495239,70.36775851249695,54.124969482421875,0.09666180610656738,1.0963466167449951,0.05597996711730957
20,7,167.7288737297058,-74692980.0,94.39453387260437,6.814354419708252,73.31614470481873,54.123613595962524,0.09576582908630371,1.0945394039154053,0.0546572208404541
20,8,163.09224152565002,-74705499.2,94.4763298034668,6.832706689834595,68.59772849082947,54.1876118183136,0.09642791748046875,1.096198558807373,0.05575251579284668
20,9,167.44826316833496,-74696607.2,94.4687602519989,6.830318450927734,72.96029782295227,54.18771529197693,0.0965275764465332,1.0949957370758057,0.05527138710021973
20,10,161.49276399612427,-74698953.6,96.84920740127563,7.436980724334717,64.62563920021057,55.00365734100342,0.15314197540283203,1.1517834663391113,1.2854597568511963
20,11,178.01715660095215,-74694420.8,103.98672890663147,7.4276416301727295,74.01200580596924,55.987388134002686,0.0986323356628418,1.3090670108795166,0.05790400505065918
20,12,176.16541004180908,-74696696.0,102.55586075782776,7.3664491176605225,73.59189677238464,54.407628536224365,0.09787869453430176,1.3173635005950928,0.058072805404663086
20,13,172.63481092453003,-74692908.8,103.18981337547302,7.411710739135742,69.42679953575134,55.55642890930176,0.09858965873718262,1.2910926342010498,0.05838203430175781
20,14,173.47857522964478,-74696364.0,102.1596736907959,7.403303146362305,71.30076837539673,54.19587421417236,0.09736442565917969,1.2971138954162598,0.05556917190551758
20,15,174.77743101119995,-74697596.0,101.35722851753235,7.388768911361694,73.4021430015564,54.323798418045044,0.09792017936706543,1.280792474746704,0.05622410774230957
20,16,165.89568567276,-74693891.2,95.2520444393158,7.375260591506958,70.6260974407196,54.818116903305054,0.0982511043548584,1.1416664123535156,0.057653188705444336
20,17,173.61396956443787,-74695374.4,102.82205748558044,7.363632917404175,70.77373838424683,54.708311796188354,0.09823846817016602,1.2793807983398438,0.05809354782104492
20,18,173.64501976966858,-74695601.6,102.56786584854126,7.345687389373779,71.05933356285095,54.437418699264526,0.0973665714263916,1.302739143371582,0.056333303451538086
20,19,176.71540427207947,-74695579.2,102.62064814567566,7.416173934936523,74.07677578926086,54.33389687538147,0.09857726097106934,1.3058154582977295,0.05510759353637695
20,20,174.57753372192383,-74700204.0,103.03738474845886,7.126461744308472,71.52184510231018,55.424423933029175,0.09747195243835449,1.3227992057800293,0.05882120132446289
20,21,172.84304094314575,-74701710.4,102.50216221809387,7.248403549194336,70.32270812988281,55.021647691726685,0.09873318672180176,1.2748546600341797,0.05789518356323242
20,22,167.93347597122192,-74693749.6,94.80935192108154,7.3578386306762695,73.10586524009705,54.37963557243347,0.09671568870544434,1.1399836540222168,0.05640006065368652
20,23,179.27100443840027,-74697300.0,103.91307640075684,7.418047189712524,75.33976912498474,55.796149492263794,0.0978538990020752,1.30118989944458,0.05787777900695801
20,24,172.1574831008911,-74691319.2,102.82635021209717,7.335205316543579,69.31271529197693,54.606938123703,0.09801626205444336,1.287687063217163,0.05576133728027344
20,25,175.89431524276733,-74695294.4,103.32922101020813,7.3916425704956055,72.54669237136841,55.09971809387207,0.09770488739013672,1.3091490268707275,0.05632162094116211
20,26,175.55922508239746,-74697710.4,102.55653238296509,7.379281044006348,72.98439455032349,54.355934858322144,0.0972745418548584,1.2909822463989258,0.057062625885009766
