k,s,total_time_seconds,best_log_likelihood,full_fit,gradient_gpu,init_cpu_gpu,mcmc_cpu,optimizer_gpu,transfer_pcie,warm_up_mcmc_cpu
1,1,6.576003074645996,-0.0004000663757324219,5.527829170227051,2.9319140911102295,1.0481607913970947,1.021714687347412,0.15447616577148438,0.1075594425201416,1.25594162940979
1,2,4.163694143295288,-0.0004000663757324219,4.162607431411743,2.819624185562134,0.0010504722595214844,1.0903871059417725,0.10345959663391113,0.09254264831542969,0.0010743141174316406
1,3,3.511352777481079,0.0,3.510254144668579,2.711966037750244,0.0010502338409423828,0.45333218574523926,0.1393883228302002,0.13422513008117676,0.0002932548522949219
1,4,3.523435115814209,0.0,3.521977186203003,2.705490827560425,0.0014188289642333984,0.4608283042907715,0.14136743545532227,0.1387500762939453,0.0004286766052246094
1,5,3.527742862701416,0.0,3.5262763500213623,2.7124955654144287,0.0014312267303466797,0.4624919891357422,0.14114069938659668,0.13859128952026367,0.00039649009704589844
1,6,4.254832983016968,-0.0004000663757324219,4.253416061401367,2.9078285694122314,0.0013859272003173828,1.0873239040374756,0.10805988311767578,0.09292888641357422,0.0013895034790039062
1,7,4.355461597442627,-0.0004000663757324219,4.352287769317627,2.905168294906616,0.003139019012451172,1.1865177154541016,0.1082768440246582,0.09319210052490234,0.001140594482421875
1,8,3.575524091720581,0.0,3.572223663330078,2.753878355026245,0.003259897232055664,0.4644033908843994,0.14189600944519043,0.13956356048583984,0.00025177001953125
1,9,3.527116298675537,0.0,3.5236048698425293,2.708371162414551,0.0034651756286621094,0.4618208408355713,0.14187097549438477,0.1393885612487793,0.00043320655822753906
1,10,4.31068754196167,-0.0004000663757324219,4.307357549667358,2.910475969314575,0.0033004283905029297,1.136497974395752,0.10799431800842285,0.09325909614562988,0.0014834403991699219
1,11,4.247461795806885,-0.0004000663757324219,4.243700265884399,2.8992533683776855,0.003734588623046875,1.089737892150879,0.10584497451782227,0.09247493743896484,0.001027822494506836
1,12,4.343902349472046,-0.0004000663757324219,4.340752363204956,2.895451545715332,0.0031232833862304688,1.1906163692474365,0.1059257984161377,0.09234786033630371,0.0011310577392578125
1,13,3.5471065044403076,-0.0004000663757324219,3.543789863586426,2.355461597442627,0.0032930374145507812,0.9574034214019775,0.0960841178894043,0.08518648147583008,0.0010366439819335938
1,14,3.8061625957489014,-0.0004000663757324219,3.80338716506958,2.5933825969696045,0.0027472972869873047,0.9743030071258545,0.09859728813171387,0.0859518051147461,0.0008800029754638672
1,15,3.5317327976226807,0.0,3.5284101963043213,2.722912549972534,0.003286123275756836,0.4576451778411865,0.1400923728942871,0.13761520385742188,0.0002944469451904297
1,16,4.268287420272827,-0.0004000663757324219,4.264860153198242,2.9065017700195312,0.003388643264770508,1.095503330230713,0.10954713821411133,0.09344625473022461,0.0014050006866455078
1,17,4.2658445835113525,-0.0004000663757324219,4.262418031692505,2.9114272594451904,0.00339508056640625,1.089148998260498,0.10898041725158691,0.09428548812866211,0.0010268688201904297
1,18,4.250103712081909,-0.0004000663757324219,4.247019052505493,2.89945650100708,0.003056764602661133,1.0912110805511475,0.10666060447692871,0.09299397468566895,0.001012563705444336
1,19,3.5620670318603516,0.0,3.5585455894470215,2.7450671195983887,0.003486156463623047,0.46456217765808105,0.13926935195922852,0.13958072662353516,0.0003046989440917969
1,20,2.89707088470459,-0.0004000663757324219,2.8934669494628906,1.860182523727417,0.003573894500732422,0.8314969539642334,0.08348655700683594,0.0761270523071289,0.0013916492462158203
1,21,4.295186519622803,-0.0004000663757324219,4.291871070861816,2.8937675952911377,0.003287076950073242,1.1370346546173096,0.10900592803955078,0.0941154956817627,0.0011055469512939453
1,22,4.115686893463135,-0.0004000663757324219,4.1124842166900635,2.803189516067505,0.0031659603118896484,1.056014060974121,0.10371232032775879,0.09351801872253418,0.0010342597961425781
1,23,3.6690726280212402,-0.0004000663757324219,3.6660947799682617,2.457714557647705,0.0029408931732177734,0.9720120429992676,0.09914422035217285,0.08564043045043945,0.00087738037109375
1,24,3.305971622467041,0.0,3.3024160861968994,2.573946714401245,0.0035200119018554688,0.4104804992675781,0.13253426551818848,0.12228608131408691,0.0003044605255126953
1,25,4.3519532680511475,-0.0004000663757324219,4.347974538803101,2.89992094039917,0.003947734832763672,1.1883666515350342,0.10829448699951172,0.09366035461425781,0.001615762710571289
1,26,4.255866765975952,-0.0004000663757324219,4.25252628326416,2.897968292236328,0.003309965133666992,1.0936598777770996,0.10882425308227539,0.0935678482055664,0.0010480880737304688
1,27,4.2500998973846436,-0.0004000663757324219,4.24655818939209,2.8949997425079346,0.0035142898559570312,1.093564510345459,0.10753369331359863,0.09292769432067871,0.001035928726196289
1,28,4.347598075866699,-0.0004000663757324219,4.344162940979004,2.8874871730804443,0.0034079551696777344,1.199509620666504,0.10668396949768066,0.09288692474365234,0.0011715888977050781
1,29,4.347347974777222,-0.0004000663757324219,4.344152927398682,2.8921523094177246,0.0031652450561523438,1.1965844631195068,0.1061098575592041,0.09257888793945312,0.001163482666015625
1,30,4.35306191444397,-0.0004000663757324219,4.350023984909058,2.897189140319824,0.0030088424682617188,1.1964693069458008,0.10611438751220703,0.0933983325958252,0.001138925552368164
2,1,4.66338324546814,-5.53035306930542,4.659797191619873,2.9083480834960938,0.0035605430603027344,1.5349762439727783,0.08765006065368652,0.08056211471557617,0.0018036365509033203
2,2,4.69769024848938,-4.838961124420166,4.6943981647491455,2.880950689315796,0.003266572952270508,1.598257064819336,0.08747649192810059,0.07912778854370117,0.0016636848449707031
2,3,4.243674278259277,-0.0004000663757324219,4.240734338760376,2.8933329582214355,0.0029091835021972656,1.0920512676239014,0.10593247413635254,0.09277701377868652,0.0008609294891357422
2,4,4.518673658370972,-3.471853017807007,4.515249490737915,2.912550926208496,0.0033998489379882812,1.384619951248169,0.08805704116821289,0.08161163330078125,0.0016562938690185547
2,5,5.285943508148193,-7.848837852478027,5.282980442047119,2.8369219303131104,0.002938985824584961,2.233717203140259,0.08764410018920898,0.07602596282958984,0.0021805763244628906
2,6,4.4694905281066895,-4.838961124420166,4.466297149658203,2.9045169353485107,0.003168344497680664,1.3451659679412842,0.08745002746582031,0.08088183403015137,0.0014536380767822266
2,7,5.077257394790649,-6.939492225646973,5.074077844619751,2.8591041564941406,0.0031518936157226562,2.000154733657837,0.0886223316192627,0.07695245742797852,0.002091646194458008
2,8,5.235183000564575,-4.530389213562012,5.232369661331177,2.8428452014923096,0.0027866363525390625,2.1764986515045166,0.08756375312805176,0.0761861801147461,0.002191305160522461
2,9,4.269043445587158,-0.0004000663757324219,4.267018556594849,2.882572650909424,0.0019943714141845703,1.1303117275238037,0.10551142692565918,0.09177541732788086,0.0009315013885498047
2,10,5.307508230209351,-4.115541934967041,5.304118633270264,2.8230276107788086,0.0033636093139648438,2.2681615352630615,0.0880136489868164,0.07534623146057129,0.002750873565673828
2,11,5.00085973739624,-7.772430419921875,4.9976115226745605,2.8284668922424316,0.0032258033752441406,1.9562289714813232,0.08838915824890137,0.07654833793640137,0.0019829273223876953
2,12,4.36137318611145,-3.7933526039123535,4.357887506484985,2.880375385284424,0.0034568309783935547,1.2623474597930908,0.08747053146362305,0.08009052276611328,0.0012664794921875
2,13,5.180937767028809,-6.7104644775390625,5.17765736579895,2.8436124324798584,0.003252744674682617,2.119927167892456,0.08800625801086426,0.07674074172973633,0.0021224021911621094
2,14,5.137796878814697,-4.5005998611450195,5.134591579437256,2.760666608810425,0.0031807422637939453,2.1594252586364746,0.08852791786193848,0.07713603973388672,0.0022759437561035156
2,15,4.6439173221588135,-3.715693235397339,4.640742778778076,2.791860818862915,0.0031495094299316406,1.631638526916504,0.08784675598144531,0.08079671859741211,0.0016808509826660156
2,16,4.636135101318359,-6.193964004516602,4.632871627807617,2.7776365280151367,0.003237485885620117,1.6392903327941895,0.08759760856628418,0.08010983467102051,0.0016944408416748047
2,17,3.5035672187805176,0.0,3.500314712524414,2.6969313621520996,0.003217935562133789,0.4568185806274414,0.1376509666442871,0.1383647918701172,0.0002689361572265625
2,18,4.8755011558532715,-4.390779495239258,4.87192177772522,2.8456292152404785,0.0035512447357177734,1.8111090660095215,0.08711981773376465,0.07738089561462402,0.003107786178588867
2,19,3.3907625675201416,-4.397591590881348,3.387812852859497,2.0118260383605957,0.002926349639892578,1.1798670291900635,0.0790402889251709,0.07596921920776367,0.001352548599243164
2,20,4.905889987945557,-4.416009426116943,4.902572393417358,2.7801737785339355,0.0032930374145507812,1.9089956283569336,0.08832979202270508,0.07691550254821777,0.0019791126251220703
2,21,4.734601736068726,-3.517724800109863,4.731385707855225,2.7885587215423584,0.0031919479370117188,1.727534532546997,0.08747243881225586,0.07942485809326172,0.0017828941345214844
2,22,5.434513568878174,-7.782381200790406,5.431460857391357,2.793253183364868,0.0030307769775390625,2.425509214401245,0.08793425559997559,0.07619762420654297,0.0023963451385498047
2,23,5.29280948638916,-6.271491527557373,5.289553642272949,2.778456687927246,0.0032308101654052734,2.298135757446289,0.08770394325256348,0.07659459114074707,0.0023221969604492188
2,24,5.023431777954102,-4.27910041809082,5.020227909088135,2.7811079025268555,0.0031790733337402344,2.027153253555298,0.08780694007873535,0.07568550109863281,0.0020914077758789062
2,25,4.893507957458496,-7.136195087432862,4.890834808349609,2.778242826461792,0.00264739990234375,1.9000284671783447,0.08763337135314941,0.07713532447814941,0.0018780231475830078
2,26,5.2591118812561035,-7.429665565490723,5.255488634109497,2.7846012115478516,0.003598928451538086,2.2599310874938965,0.08694696426391602,0.07603907585144043,0.002290010452270508
2,27,5.4904563426971436,-6.77752685546875,5.487893104553223,2.79095721244812,0.0025403499603271484,2.4837934970855713,0.08770442008972168,0.07669925689697266,0.0024261474609375
2,28,5.153533697128296,-7.50282621383667,5.150331258773804,2.7363362312316895,0.0031778812408447266,2.2004408836364746,0.08829784393310547,0.07677698135375977,0.0022008419036865234
2,29,4.880804061889648,-7.528243970870972,4.878741502761841,2.7761712074279785,0.00203704833984375,1.8891170024871826,0.08790755271911621,0.07766437530517578,0.0016508102416992188
2,30,4.203298091888428,-4.066909313201904,4.200045824050903,3.043351173400879,0.003224611282348633,0.9149894714355469,0.09955883026123047,0.08864331245422363,0.0008270740509033203
3,1,6.869130611419678,-20.72395477294922,6.8658225536346436,2.964510202407837,0.0032715797424316406,3.6851394176483154,0.0889577865600586,0.07651615142822266,0.004228115081787109
3,2,5.786428451538086,-15.328286170959473,5.7830421924591064,2.964277982711792,0.0033478736877441406,2.604614496231079,0.08794927597045898,0.07641220092773438,0.003527402877807617
3,3,7.167041301727295,-17.6623592376709,7.163603782653809,2.9285895824432373,0.0034134387969970703,4.018434047698975,0.08862161636352539,0.07745909690856934,0.003980398178100586
3,4,8.782166242599487,-23.092799186706543,7.726856231689453,3.09578013420105,1.055298089981079,3.0953009128570557,0.13907599449157715,0.09427952766418457,1.2529404163360596
3,5,9.10472846031189,-28.501628112792968,9.102088212966919,2.9543404579162598,0.0026056766510009766,5.92980432510376,0.08751916885375977,0.07699322700500488,0.005989789962768555
3,6,6.884603023529053,-25.573504066467287,6.881973743438721,2.953331708908081,0.0025975704193115234,3.7136340141296387,0.08802318572998047,0.0765221118927002,0.003876209259033203
3,7,6.377020597457886,-16.719235229492188,6.374935626983643,2.96278977394104,0.0020515918731689453,3.193049430847168,0.09058284759521484,0.07701611518859863,0.004185914993286133
3,8,6.932559013366699,-22.672352409362794,6.929965019226074,2.9596216678619385,0.002559185028076172,3.7534189224243164,0.08879351615905762,0.07705569267272949,0.003882169723510742
3,9,6.25037145614624,-17.03059539794922,6.24774432182312,2.9678544998168945,0.0025937557220458984,3.064732789993286,0.08789396286010742,0.07705092430114746,0.0032041072845458984
3,10,6.127864122390747,-21.28883647918701,6.123865127563477,2.9518215656280518,0.003964900970458984,2.9565577507019043,0.0876922607421875,0.07771039009094238,0.0029587745666503906
3,11,6.377096891403198,-20.69054260253906,6.374462842941284,2.9572010040283203,0.0026013851165771484,3.203850746154785,0.08594202995300293,0.07724618911743164,0.003615856170654297
3,12,6.111043691635132,-14.825399398803711,6.108213663101196,2.9602560997009277,0.002789020538330078,2.9326653480529785,0.08766388893127441,0.07671022415161133,0.003976106643676758
3,13,7.830068826675415,-26.88343677520752,7.82732367515564,2.9664793014526367,0.0027027130126953125,4.644773244857788,0.08720755577087402,0.07709169387817383,0.004597187042236328
3,14,6.605222463607788,-22.764855003356935,6.602395057678223,2.960178852081299,0.0027921199798583984,3.427412271499634,0.0870668888092041,0.07732462882995605,0.0033445358276367188
3,15,7.1678478717803955,-20.254184913635253,7.165220260620117,2.950925350189209,0.0025942325592041016,3.9986813068389893,0.08701157569885254,0.07696938514709473,0.004384040832519531
3,16,7.442030191421509,-17.610778427124025,7.43937873840332,2.9438493251800537,0.002618074417114258,4.281827926635742,0.08561372756958008,0.07694101333618164,0.004515647888183594
3,17,7.516458034515381,-25.679456520080567,7.513842821121216,2.939976692199707,0.002584218978881836,4.36296534538269,0.08422470092773438,0.07665205001831055,0.0043179988861083984
3,18,6.1501710414886475,-18.526229095458984,6.147613763809204,2.9407691955566406,0.002524852752685547,2.9970638751983643,0.0841526985168457,0.07675385475158691,0.0032498836517333984
3,19,6.143938302993774,-17.600939559936524,6.141310691833496,2.9403018951416016,0.0025949478149414062,2.989548921585083,0.08387231826782227,0.07684850692749023,0.0051343441009521484
3,20,6.228275775909424,-18.227083206176758,6.2256433963775635,2.939396858215332,0.0025992393493652344,3.076763391494751,0.08389425277709961,0.07653927803039551,0.00328826904296875
3,21,5.824633836746216,-19.519508934020998,5.822058200836182,2.934921979904175,0.0025424957275390625,2.678372859954834,0.08360552787780762,0.07636117935180664,0.0028579235076904297
3,22,6.882951498031616,-21.77235164642334,6.880312919616699,2.937156915664673,0.0026040077209472656,3.7323646545410156,0.08453249931335449,0.07634758949279785,0.003968238830566406
3,23,6.764310598373413,-14.494793891906738,6.761627912521362,2.9362096786499023,0.002649545669555664,3.6140408515930176,0.08385014533996582,0.07656216621398926,0.005052804946899414
3,24,5.114063024520874,-12.873050689697266,5.111475944519043,2.9403693675994873,0.0025534629821777344,1.9617688655853271,0.08369302749633789,0.07690739631652832,0.0025997161865234375
3,25,6.497851133346558,-22.78204517364502,6.493207693099976,2.9443325996398926,0.004609346389770508,3.339235544204712,0.08374857902526855,0.0766911506652832,0.003476381301879883
3,26,6.399580955505371,-21.22456588745117,6.396988868713379,2.9629783630371094,0.0025594234466552734,3.22016978263855,0.08675098419189453,0.07703638076782227,0.003286600112915039
3,27,8.168524026870728,-25.248706245422362,8.165672540664673,2.955526828765869,0.0028197765350341797,4.99212646484375,0.08695125579833984,0.07843732833862305,0.005221843719482422
3,28,7.152766704559326,-17.870168495178223,7.151565313339233,2.9418833255767822,0.001168966293334961,3.998654842376709,0.08400869369506836,0.07690787315368652,0.004373073577880859
3,29,7.204186201095581,-25.084954261779785,7.201595067977905,2.94333553314209,0.0025589466094970703,4.048011541366577,0.08354735374450684,0.07688450813293457,0.0040988922119140625
3,30,6.053703546524048,-17.422350883483887,6.051069498062134,2.9463813304901123,0.00260162353515625,2.895519733428955,0.0838930606842041,0.0765070915222168,0.0032150745391845703
4,1,10.593017816543579,-74.72846984863281,10.590269565582275,3.128357172012329,0.0027153491973876953,7.246947288513184,0.08469152450561523,0.07651734352111816,0.0077402591705322266
4,2,9.006887197494507,-66.53861541748047,9.004016399383545,2.3807592391967773,0.0028488636016845703,6.42122483253479,0.08182239532470703,0.07383465766906738,0.0067310333251953125
4,3,8.774547338485718,-69.45154724121093,8.771711826324463,3.2291128635406494,0.0028095245361328125,5.331463575363159,0.085296630859375,0.0751047134399414,0.0057141780853271484
4,4,11.807965755462646,-85.64141235351562,11.80522894859314,3.2276062965393066,0.0027129650115966797,8.363134384155273,0.08636903762817383,0.07444286346435547,0.00823211669921875
4,5,11.173499584197998,-75.12167129516601,11.17073941230774,3.2656373977661133,0.0027303695678710938,7.685453414916992,0.09006762504577637,0.07496261596679688,0.00774073600769043
4,6,10.622987270355225,-60.316693496704104,10.620278596878052,3.2525453567504883,0.002681732177734375,7.148238182067871,0.08928084373474121,0.0758364200592041,0.007902145385742188
4,7,10.242227792739868,-56.87899169921875,10.239502429962158,3.2298829555511475,0.002702951431274414,6.79588508605957,0.08580255508422852,0.07584309577941895,0.007140636444091797
4,8,9.896467924118042,-52.789292907714845,9.893765449523926,3.2355151176452637,0.0026769638061523438,6.44564962387085,0.08580207824707031,0.07496023178100586,0.007017374038696289
4,9,9.376487731933594,-61.7708797454834,9.373749256134033,3.2239184379577637,0.002713918685913086,5.938287258148193,0.08551430702209473,0.07474040985107422,0.006303310394287109
4,10,12.198729038238525,-75.93867111206055,12.195984125137329,3.221283435821533,0.0027229785919189453,8.761734008789062,0.08464717864990234,0.0747370719909668,0.008953332901000977
4,11,9.071226358413696,-48.566596603393556,9.068297386169434,3.2352676391601562,0.0029065608978271484,5.617476463317871,0.08754754066467285,0.07546043395996094,0.006651878356933594
4,12,10.074427843093872,-59.03802642822266,10.071556568145752,3.236678123474121,0.002847433090209961,6.61824369430542,0.08799219131469727,0.07541322708129883,0.007439851760864258
4,13,11.007299900054932,-81.30594863891602,11.004355192184448,3.1496102809906006,0.002887248992919922,7.635793924331665,0.08811545372009277,0.076416015625,0.0074138641357421875
4,14,10.685996770858765,-79.3444709777832,10.68322467803955,3.153257131576538,0.002737283706665039,7.309694528579712,0.0886831283569336,0.07723617553710938,0.007248640060424805
4,15,9.064554214477539,-59.41945037841797,9.061887979507446,3.1522984504699707,0.002631664276123047,5.690727710723877,0.08817386627197266,0.07728886604309082,0.006451845169067383
4,16,9.284187316894531,-79.8608283996582,9.2814621925354,3.141275405883789,0.002691507339477539,5.92281436920166,0.08705592155456543,0.07735252380371094,0.005954265594482422
4,17,10.164987087249756,-72.04850997924805,10.16227912902832,3.144550085067749,0.002672910690307617,6.797897577285767,0.08857440948486328,0.07721495628356934,0.006690025329589844
4,18,11.483623266220093,-70.923486328125,11.480846881866455,3.1455249786376953,0.0027434825897216797,8.115858316421509,0.08785581588745117,0.07679390907287598,0.008132696151733398
4,19,9.210660934448242,-56.3452091217041,9.20794129371643,3.1422362327575684,0.0026853084564208984,5.847680330276489,0.08775711059570312,0.07683014869689941,0.006299257278442383
4,20,9.838019132614136,-63.42020034790039,9.83620834350586,3.149322271347046,0.0017769336700439453,6.468551397323608,0.08779692649841309,0.07742834091186523,0.006570577621459961
4,21,9.453534841537476,-67.11163711547852,9.450752973556519,3.13946533203125,0.00274658203125,6.091124057769775,0.08753800392150879,0.0772244930267334,0.008173704147338867
4,22,10.308749437332153,-68.47937850952148,10.305877923965454,3.146989107131958,0.0028467178344726562,6.9352943897247314,0.09265995025634766,0.07676243782043457,0.00698399543762207
4,23,8.876316785812378,-65.40618438720703,8.873542070388794,3.144071578979492,0.0027494430541992188,5.506422519683838,0.09297561645507812,0.0768899917602539,0.005415439605712891
4,24,8.85343074798584,-50.44529647827149,8.85062837600708,3.1398117542266846,0.002775907516479492,5.48677134513855,0.09285426139831543,0.07708001136779785,0.006216526031494141
4,25,10.080380916595459,-58.0781063079834,10.077624797821045,3.1471917629241943,0.0027320384979248047,6.704776287078857,0.09383034706115723,0.07667732238769531,0.007363080978393555
4,26,10.100992202758789,-65.01597633361817,10.098235368728638,3.1428840160369873,0.002727985382080078,6.729651927947998,0.09414792060852051,0.07670259475708008,0.006713151931762695
4,27,9.460623741149902,-69.82333450317383,9.457820653915405,3.1356921195983887,0.0027725696563720703,6.0986549854278564,0.09248542785644531,0.07686519622802734,0.006012439727783203
4,28,9.935450315475464,-66.03147201538086,9.932599544525146,2.507840633392334,0.002825498580932617,7.211462020874023,0.08753275871276855,0.07535362243652344,0.008468389511108398
4,29,12.030301332473755,-74.50334091186524,12.027296543121338,3.1378114223480225,0.002971172332763672,8.66879153251648,0.0881495475769043,0.07641243934631348,0.008755683898925781
4,30,11.116753816604614,-85.23187026977538,11.1139554977417,3.139892339706421,0.0027618408203125,7.75503945350647,0.08800721168518066,0.07633495330810547,0.007566928863525391
5,1,14.943877220153809,-197.88174591064453,14.941499710083008,3.3422913551330566,0.002335071563720703,11.376144886016846,0.08792233467102051,0.07684063911437988,0.011383771896362305
5,2,15.515116930007935,-166.49044647216797,15.512047529220581,3.3569395542144775,0.003034830093383789,11.931623220443726,0.08741903305053711,0.07678675651550293,0.012563467025756836
5,3,14.351202964782715,-165.77955017089843,14.348182678222656,3.3373749256134033,0.0029883384704589844,10.788579940795898,0.0875096321105957,0.07671904563903809,0.011104583740234375
5,4,15.800911664962769,-215.53752746582032,15.79753041267395,3.3548460006713867,0.0033447742462158203,12.218544006347656,0.08762335777282715,0.07717585563659668,0.012246847152709961
5,5,13.853736639022827,-171.19949645996093,13.850648641586304,3.329399824142456,0.003054380416870117,10.300703048706055,0.08683490753173828,0.07681131362915039,0.010431528091430664
5,6,15.746082782745361,-183.52747497558593,15.743009567260742,3.348456859588623,0.0030393600463867188,12.16957688331604,0.08825206756591797,0.07728099822998047,0.012756586074829102
5,7,14.40731406211853,-216.70032958984376,14.404312133789062,3.3410415649414062,0.002962350845336914,10.841493606567383,0.08757352828979492,0.07674813270568848,0.010720252990722656
5,8,15.059879064559937,-208.23672637939453,15.056793689727783,3.3447928428649902,0.0030519962310791016,11.484997510910034,0.09072995185852051,0.07733702659606934,0.011404275894165039
5,9,12.167033672332764,-194.54213256835936,12.164118766784668,2.488009214401245,0.002889871597290039,9.470686674118042,0.08185601234436035,0.0747525691986084,0.009635448455810547
5,10,13.38476037979126,-229.3541046142578,13.381813287734985,2.49220609664917,0.0029211044311523438,10.68338656425476,0.08188843727111816,0.07461380958557129,0.01071476936340332
5,11,13.041173458099365,-179.93890380859375,13.038198232650757,3.3615598678588867,0.0029463768005371094,9.456747055053711,0.0889129638671875,0.0757448673248291,0.009169340133666992
5,12,14.371211290359497,-219.35204162597657,14.368208169937134,3.410536527633667,0.0029795169830322266,10.736720561981201,0.08881425857543945,0.07531309127807617,0.010722160339355469
5,13,14.682258367538452,-212.34262237548828,14.680264472961426,3.3574182987213135,0.0019555091857910156,11.096644401550293,0.09039831161499023,0.07742834091186523,0.010679006576538086
5,14,14.372139930725098,-188.78725891113282,14.369139432907104,3.4069955348968506,0.002974987030029297,10.739588737487793,0.08994865417480469,0.07523727416992188,0.010656595230102539
5,15,13.487179279327393,-182.9377014160156,13.484241008758545,3.338369131088257,0.002911806106567383,9.92363953590393,0.08982706069946289,0.07609748840332031,0.009822607040405273
5,16,13.95706820487976,-201.79181823730468,13.9539635181427,3.352479934692383,0.0030794143676757812,10.378378868103027,0.09062910079956055,0.0758204460144043,0.010215044021606445
5,17,15.421967029571533,-191.7328094482422,15.418948888778687,3.3444597721099854,0.002989053726196289,11.848601818084717,0.0903317928314209,0.07622790336608887,0.01194310188293457
5,18,12.58796238899231,-191.2441879272461,12.584930896759033,3.3398332595825195,0.003001689910888672,9.022953987121582,0.09019660949707031,0.0760335922241211,0.008952856063842773
5,19,14.396095991134644,-202.6861328125,14.392918586730957,3.33899188041687,0.003152132034301758,10.830649852752686,0.08971548080444336,0.07595682144165039,0.011080503463745117
5,20,13.308866739273071,-197.222021484375,13.305857181549072,3.385742425918579,0.002976655960083008,9.699859380722046,0.0876307487487793,0.07647132873535156,0.009554624557495117
5,21,12.52096939086914,-182.31658477783202,12.518060445785522,3.448735475540161,0.002882719039916992,8.850505352020264,0.08870267868041992,0.07526731491088867,0.008816719055175781
5,22,12.035794258117676,-127.46615905761719,12.032781839370728,3.4487202167510986,0.002987384796142578,8.360895872116089,0.09121274948120117,0.07585883140563965,0.008928298950195312
5,23,15.284402847290039,-183.50673065185546,15.28138017654419,3.4472668170928955,0.0029954910278320312,11.607757806777954,0.09089183807373047,0.07588028907775879,0.012343883514404297
5,24,12.663642168045044,-182.54582977294922,12.660672903060913,3.4423468112945557,0.0029375553131103516,8.994376182556152,0.09154796600341797,0.07575297355651855,0.008851766586303711
5,25,13.918362617492676,-195.78111572265624,13.91536021232605,3.426884889602661,0.0029768943786621094,10.268029689788818,0.0877227783203125,0.07589173316955566,0.010373830795288086
5,26,13.4594144821167,-193.94035949707032,13.456421613693237,3.424278974533081,0.0029668807983398438,9.813090562820435,0.0875084400177002,0.07574892044067383,0.009818077087402344
5,27,14.768918514251709,-218.45745544433595,14.76587963104248,3.3145647048950195,0.0030117034912109375,11.22828221321106,0.08888435363769531,0.07624673843383789,0.011229515075683594
5,28,13.00445032119751,-205.096875,13.001400709152222,3.304638385772705,0.003025054931640625,9.476895093917847,0.08785820007324219,0.0765378475189209,0.009434938430786133
5,29,13.688995122909546,-173.66002197265624,13.685835361480713,3.2970221042633057,0.0031347274780273438,10.164833068847656,0.08919763565063477,0.07654428482055664,0.010200738906860352
5,30,15.290905952453613,-209.6512710571289,15.287856340408325,3.3841567039489746,0.0030155181884765625,11.67930269241333,0.08904623985290527,0.07658267021179199,0.011989831924438477
6,1,7.375134706497192,-28.76564712524414,7.372431039810181,3.114513635635376,0.002668142318725586,4.03884482383728,0.08999824523925781,0.0770258903503418,0.004578113555908203
6,2,6.825472831726074,-16.99184169769287,6.822722434997559,2.9495763778686523,0.0027163028717041016,3.6520276069641113,0.09151196479797363,0.07747387886047363,0.004494190216064453
6,3,7.395331382751465,-35.06700592041015,7.392560005187988,3.1117875576019287,0.0027463436126708984,4.064043760299683,0.08989310264587402,0.07571840286254883,0.004151344299316406
6,4,7.525522708892822,-17.110111427307128,7.52287220954895,2.940634250640869,0.0026235580444335938,4.366254091262817,0.08905434608459473,0.07534933090209961,0.00490880012512207
6,5,8.792807579040527,-24.335507011413576,8.790001153945923,3.1875345706939697,0.002780914306640625,5.38175106048584,0.09125137329101562,0.07669591903686523,0.005823850631713867
6,6,7.262736558914185,-15.364267826080322,7.259791374206543,2.9416115283966064,0.0029191970825195312,4.100874185562134,0.08997249603271484,0.07599544525146484,0.004291057586669922
6,7,7.362509727478027,-27.30253791809082,7.359833002090454,3.1510870456695557,0.0026521682739257812,3.99027419090271,0.09168171882629395,0.07547211647033691,0.004547834396362305
6,8,8.768858432769775,-23.58150291442871,8.766163349151611,3.1260831356048584,0.002669095993041992,5.422833681106567,0.08842825889587402,0.07626056671142578,0.005583763122558594
6,9,7.461217403411865,-15.759327411651611,7.458585977554321,2.9373483657836914,0.002609729766845703,4.304429054260254,0.08893871307373047,0.07575535774230957,0.004693269729614258
6,10,7.979855537414551,-28.381624221801758,7.976956605911255,3.146866798400879,0.0028753280639648438,4.61388897895813,0.08878755569458008,0.07563161849975586,0.0055332183837890625
6,11,8.109074354171753,-28.24938621520996,8.106282711029053,3.1244559288024902,0.002763986587524414,4.763351678848267,0.08993101119995117,0.07599830627441406,0.005304574966430664
6,12,7.248637676239014,-19.700912094116212,7.245987892150879,2.9526190757751465,0.0026259422302246094,4.077337265014648,0.08980250358581543,0.07574915885925293,0.004124164581298828
6,13,7.71307635307312,-26.317961311340333,7.710438966751099,3.1471951007843018,0.002608776092529297,4.346754550933838,0.08928847312927246,0.07571959495544434,0.0046885013580322266
6,14,8.075093269348145,-29.460369682312013,8.072431802749634,3.125444173812866,0.0026369094848632812,4.730587959289551,0.0890200138092041,0.07571864128112793,0.00518345832824707
6,15,7.733036279678345,-21.553180694580078,7.730329513549805,2.955815315246582,0.0026810169219970703,4.5518639087677,0.0928490161895752,0.07641267776489258,0.004864931106567383
6,16,8.211371183395386,-25.463824462890624,8.207061052322388,3.1509389877319336,0.004282474517822266,4.8342201709747314,0.09168314933776855,0.0768275260925293,0.0051348209381103516
6,17,7.926161050796509,-22.132968521118165,7.923445701599121,3.130906343460083,0.0026903152465820312,4.571291446685791,0.09238624572753906,0.07665252685546875,0.00487971305847168
6,18,7.00200891494751,-27.028483200073243,6.999312162399292,3.1317598819732666,0.0026657581329345703,3.6430721282958984,0.0944967269897461,0.07619357109069824,0.003926992416381836
6,19,6.7838146686553955,-17.36793746948242,6.781101703643799,2.9542694091796875,0.0026702880859375,3.607497453689575,0.08977699279785156,0.07704472541809082,0.004445791244506836
6,20,7.33806848526001,-20.36822376251221,7.335415363311768,2.9578099250793457,0.002619028091430664,4.158060312271118,0.09027338027954102,0.07743406295776367,0.004339694976806641
6,21,8.12017011642456,-21.363427352905273,8.117529392242432,2.9558913707733154,0.0026073455810546875,4.940216064453125,0.09002351760864258,0.07777643203735352,0.005158662796020508
6,22,8.717586278915405,-25.72552070617676,8.714855432510376,3.1420114040374756,0.0026962757110595703,5.354207277297974,0.08879661560058594,0.07686066627502441,0.005615234375
6,23,7.1778154373168945,-30.574375915527344,7.1750328540802,3.1239588260650635,0.00274658203125,3.8321874141693115,0.0902097225189209,0.07668638229370117,0.004607439041137695
6,24,8.99876880645752,-27.34385414123535,8.99660348892212,3.138737916946411,0.0021326541900634766,5.63817024230957,0.08907604217529297,0.07729887962341309,0.00581049919128418
6,25,7.435509204864502,-25.752771377563477,7.432821035385132,3.128061056137085,0.002661466598510742,4.088441371917725,0.08920669555664062,0.0760183334350586,0.004502296447753906
6,26,7.9446892738342285,-23.99032516479492,7.941958427429199,3.1212778091430664,0.002705097198486328,4.6030120849609375,0.08986783027648926,0.07609724998474121,0.005084514617919922
6,27,7.607073783874512,-25.790639305114745,7.604346752166748,3.1258952617645264,0.0027031898498535156,4.262550592422485,0.08898472785949707,0.0760030746459961,0.004530191421508789
6,28,8.247634410858154,-32.80233955383301,8.245049953460693,3.1241893768310547,0.002560138702392578,4.903395175933838,0.0892324447631836,0.07642459869384766,0.004990577697753906
6,29,7.3255767822265625,-27.485639572143555,7.322799444198608,3.112274169921875,0.002753019332885742,3.9940717220306396,0.08909845352172852,0.0763540267944336,0.004397869110107422
6,30,8.096783876419067,-24.18302516937256,8.094079494476318,3.117309331893921,0.002679586410522461,4.759300708770752,0.08957290649414062,0.07586932182312012,0.005193471908569336
7,1,16.733227968215942,-263.8118408203125,16.729859590530396,3.5151820182800293,0.0033447742462158203,12.98856234550476,0.08945488929748535,0.07617068290710449,0.01399540901184082
7,2,16.77893328666687,-266.6755859375,16.775720834732056,3.513106107711792,0.003187894821166992,13.037398338317871,0.08959722518920898,0.0760352611541748,0.013277292251586914
7,3,16.98361372947693,-243.725537109375,16.980451822280884,3.5133790969848633,0.0031342506408691406,13.241499185562134,0.08899688720703125,0.0760343074798584,0.014148712158203125
7,4,15.303107738494873,-269.9175689697266,15.299947023391724,3.5150928497314453,0.0031359195709228516,11.560526609420776,0.08970165252685547,0.07577204704284668,0.012258291244506836
7,5,15.748748540878296,-233.6987060546875,15.745506525039673,3.516631841659546,0.003217458724975586,12.004474401473999,0.08902955055236816,0.07612919807434082,0.013088226318359375
7,6,16.608925104141235,-261.2167739868164,16.605817317962646,3.5503487586975098,0.0030825138092041016,12.831155776977539,0.08898663520812988,0.07612323760986328,0.013051986694335938
7,7,17.989980459213257,-245.30952911376954,17.98688840866089,3.580122232437134,0.0030663013458251953,14.180643796920776,0.08955574035644531,0.07590079307556152,0.014694452285766602
7,8,17.349868059158325,-227.5157485961914,17.346585988998413,3.578727960586548,0.0032575130462646484,13.541995525360107,0.08957362174987793,0.07585000991821289,0.01416921615600586
7,9,15.806281805038452,-271.0638000488281,15.803141355514526,3.5476155281066895,0.0031151771545410156,12.030674457550049,0.08934521675109863,0.07645678520202637,0.012534141540527344
7,10,15.399812698364258,-252.37483825683594,15.396720170974731,3.529653310775757,0.003066539764404297,11.644104242324829,0.08869338035583496,0.07570481300354004,0.01220393180847168
7,11,18.22789478302002,-259.1242736816406,18.224690437316895,3.506831407546997,0.003179311752319336,14.490422248840332,0.09015846252441406,0.07561731338500977,0.015079975128173828
7,12,16.680796146392822,-248.75395965576172,16.677595853805542,3.533092737197876,0.0031752586364746094,12.918881177902222,0.08963179588317871,0.07607007026672363,0.01356959342956543
7,13,16.99798011779785,-245.502734375,16.99481773376465,3.5287532806396484,0.0031375885009765625,13.239387273788452,0.08968806266784668,0.07641410827636719,0.013810873031616211
7,14,16.940603494644165,-271.066259765625,16.937464952468872,3.581199884414673,0.0031135082244873047,13.13117003440857,0.0897672176361084,0.0760505199432373,0.013136863708496094
7,15,16.31561517715454,-267.99480590820315,16.312254190444946,3.5410194396972656,0.0033245086669921875,12.539275169372559,0.09444141387939453,0.07685732841491699,0.013417959213256836
7,16,14.441582679748535,-273.9850830078125,14.438332080841064,2.666285753250122,0.003224611282348633,11.55748200416565,0.08441400527954102,0.07626128196716309,0.012710809707641602
7,17,14.679547786712646,-264.22092590332034,14.676377296447754,3.096900701522827,0.0031435489654541016,11.360518217086792,0.0877227783203125,0.07589411735534668,0.012524843215942383
7,18,16.38115954399109,-286.20481872558594,16.378060340881348,3.560940980911255,0.0030736923217773438,12.591476202011108,0.08980393409729004,0.07597017288208008,0.013330698013305664
7,19,17.182583570480347,-227.00307006835936,17.179368019104004,3.5707736015319824,0.0031919479370117188,13.3791663646698,0.09076714515686035,0.07712340354919434,0.01466059684753418
7,20,16.069194555282593,-272.78712463378906,16.065861701965332,3.548675775527954,0.0033082962036132812,12.29114556312561,0.0900583267211914,0.07648706436157227,0.012897729873657227
7,21,16.27615189552307,-260.818359375,16.27249550819397,3.5480294227600098,0.003631591796875,12.492363452911377,0.09406876564025879,0.077178955078125,0.013645648956298828
7,22,17.866765022277832,-241.79032135009766,17.8633770942688,3.5434720516204834,0.0033614635467529297,14.092642784118652,0.08968067169189453,0.07628417015075684,0.014999866485595703
7,23,17.32409930229187,-236.46188659667968,17.32100796699524,3.556049108505249,0.003063678741455078,13.530306100845337,0.09407472610473633,0.0773310661315918,0.01467585563659668
7,24,15.495922565460205,-261.06910095214846,15.492714881896973,2.7053287029266357,0.0031824111938476562,12.571605205535889,0.0865471363067627,0.07572698593139648,0.013734579086303711
7,25,15.511086702346802,-244.8266174316406,15.506247520446777,3.3788349628448486,0.0048122406005859375,11.898831367492676,0.0922996997833252,0.07694005966186523,0.01318669319152832
7,26,14.662607669830322,-269.1994567871094,14.658717632293701,2.708489418029785,0.0038657188415527344,11.735273122787476,0.0859229564666748,0.07579994201660156,0.01306462287902832
7,27,16.33223032951355,-236.7659652709961,16.329024076461792,3.508136510848999,0.00318145751953125,12.586352109909058,0.09464645385742188,0.07768821716308594,0.014014959335327148
7,28,16.97303795814514,-244.70984802246093,16.969761610031128,3.551164388656616,0.003250598907470703,13.184583902359009,0.09396600723266602,0.07772088050842285,0.014088630676269531
7,29,16.129091501235962,-269.9246337890625,16.125667095184326,3.239910364151001,0.0034012794494628906,12.66020131111145,0.0911712646484375,0.07639336585998535,0.013442754745483398
7,30,16.28246521949768,-224.60562744140626,16.279258251190186,3.532712459564209,0.0031807422637939453,12.51771068572998,0.09110498428344727,0.07654786109924316,0.013713359832763672
8,1,15.813002586364746,-3464.571484375,15.805901050567627,3.96439790725708,0.007065773010253906,11.611117839813232,0.09057116508483887,0.07989048957824707,0.011740922927856445
8,2,15.464099407196045,-3419.8296875,15.457322120666504,3.939668655395508,0.006740093231201172,11.294336795806885,0.08692312240600586,0.07808351516723633,0.011597871780395508
8,3,15.782283306121826,-3409.9960205078123,15.774950504302979,3.954011917114258,0.0073032379150390625,11.592775583267212,0.09132146835327148,0.07715034484863281,0.012726068496704102
8,4,15.714301347732544,-3463.59248046875,15.70686411857605,3.940068006515503,0.00741267204284668,11.54099726676941,0.09085750579833984,0.07659101486206055,0.011601924896240234
8,5,15.96342921257019,-3437.160302734375,15.955993413925171,3.933533191680908,0.007409334182739258,11.795952320098877,0.09099364280700684,0.07672810554504395,0.011904239654541016
8,6,15.453952074050903,-3388.8054443359374,15.447094917297363,3.3676798343658447,0.00683283805847168,11.860763788223267,0.08656597137451172,0.07751774787902832,0.011947393417358398
8,7,15.006786346435547,-3444.52607421875,14.999882459640503,3.5763347148895264,0.0068738460540771484,11.204555034637451,0.08742928504943848,0.07628369331359863,0.011579751968383789
8,8,16.03007960319519,-3384.0481689453127,16.022817373275757,3.935901641845703,0.007235527038574219,11.860466480255127,0.09132909774780273,0.07622361183166504,0.012187480926513672
8,9,15.232290506362915,-3416.60029296875,15.225003242492676,3.548144578933716,0.007261037826538086,11.458980083465576,0.08704304695129395,0.07602405548095703,0.011506080627441406
8,10,14.93275785446167,-3450.3535400390624,14.92601466178894,3.101809501647949,0.0067174434661865234,11.61564302444458,0.0819697380065918,0.07563138008117676,0.011917591094970703
8,11,14.001988649368286,-3583.941845703125,13.995121240615845,3.105747699737549,0.006842374801635742,10.681522369384766,0.08247828483581543,0.07529544830322266,0.010854959487915039
8,12,14.746374130249023,-3441.16572265625,14.739049196243286,3.1152710914611816,0.007300853729248047,11.414941310882568,0.08217549324035645,0.07576942443847656,0.011766433715820312
8,13,14.710142850875854,-3429.65625,14.703034400939941,3.1155552864074707,0.007082223892211914,11.379047632217407,0.0823204517364502,0.0757131576538086,0.01142430305480957
8,14,15.029461145401001,-3421.4255859375,15.022314310073853,3.118990421295166,0.0071201324462890625,11.68948245048523,0.08575654029846191,0.07647442817687988,0.011737585067749023
8,15,14.717876195907593,-3437.0957763671877,14.711246728897095,3.119725227355957,0.006598949432373047,11.377683877944946,0.08611702919006348,0.07627630233764648,0.01180577278137207
8,16,16.045332193374634,-3406.0962890625,16.037914752960205,3.9530086517333984,0.007391214370727539,11.857216119766235,0.0903937816619873,0.07827305793762207,0.012177228927612305
8,17,15.351980209350586,-3547.1130859375,15.344939470291138,4.025577783584595,0.0070116519927978516,11.100312232971191,0.08683633804321289,0.07583856582641602,0.01124715805053711
8,18,15.247103929519653,-3478.806884765625,15.240565776824951,3.9439961910247803,0.006510257720947266,11.072038412094116,0.08944487571716309,0.0774381160736084,0.011570215225219727
8,19,15.746937990188599,-3475.10595703125,15.740130424499512,3.9512975215911865,0.006780862808227539,11.563835382461548,0.0883028507232666,0.07825613021850586,0.011698722839355469
8,20,15.64789080619812,-3407.8763427734375,15.640570640563965,3.9463882446289062,0.007283210754394531,11.459737539291382,0.09412550926208496,0.07863354682922363,0.01186990737915039
8,21,15.23690390586853,-3472.9633544921876,15.229260206222534,3.6744775772094727,0.00761866569519043,11.327599287033081,0.09031224250793457,0.08020901679992676,0.011794090270996094
8,22,15.699581146240234,-3414.1768310546877,15.692901849746704,3.8308119773864746,0.006644248962402344,11.632598876953125,0.09214925765991211,0.07871890068054199,0.01171875
8,23,15.55227518081665,-3486.0475830078126,15.545539379119873,3.9661242961883545,0.006710529327392578,11.35341739654541,0.09122610092163086,0.0770273208618164,0.011862993240356445
8,24,16.194135427474976,-3452.1857177734373,16.187026023864746,4.1049134731292725,0.007079601287841797,11.842116832733154,0.0943145751953125,0.08498215675354004,0.01206827163696289
8,25,16.32622718811035,-3321.72294921875,16.319156169891357,3.9819161891937256,0.00703883171081543,12.101796388626099,0.09469461441040039,0.07979464530944824,0.012125730514526367
8,26,15.752193927764893,-3478.644384765625,15.745301723480225,3.9488587379455566,0.006860971450805664,11.565853834152222,0.09324908256530762,0.07752561569213867,0.012061834335327148
8,27,15.838208675384521,-3463.0966796875,15.831627368927002,3.9542293548583984,0.006554841995239258,11.650052070617676,0.09146523475646973,0.07694196701049805,0.011728048324584961
8,28,15.602972269058228,-3438.88681640625,15.59436321258545,3.953073501586914,0.008583545684814453,11.410139560699463,0.09427928924560547,0.07822275161743164,0.011710166931152344
8,29,15.457768440246582,-3462.1235107421876,15.45042109489441,3.941070079803467,0.00732111930847168,11.28449010848999,0.09018468856811523,0.07693910598754883,0.011488199234008789
8,30,15.85590672492981,-3420.488623046875,15.849242210388184,3.946849822998047,0.006639003753662109,11.675545692443848,0.09221100807189941,0.07629108428955078,0.01180267333984375
9,1,19.53845477104187,-8961.6060546875,19.525932788848877,4.160550594329834,0.012494564056396484,15.127346992492676,0.09611725807189941,0.07878303527832031,0.015594005584716797
9,2,20.13232660293579,-8898.2431640625,20.1195068359375,4.153446912765503,0.012786626815795898,15.728950262069702,0.09464335441589355,0.07855868339538574,0.015858888626098633
9,3,20.016679763793945,-8922.79541015625,20.004113912582397,4.157945871353149,0.012536287307739258,15.609853267669678,0.09534001350402832,0.07790398597717285,0.015753984451293945
9,4,19.78494930267334,-8870.551171875,19.772186040878296,4.176199674606323,0.012725591659545898,15.36037802696228,0.09201550483703613,0.07957696914672852,0.01573324203491211
9,5,19.60234832763672,-9029.80654296875,19.58968997001648,4.130798816680908,0.012628793716430664,15.225602388381958,0.0923159122467041,0.0779111385345459,0.016019582748413086
9,6,20.136438846588135,-8901.33369140625,20.123929262161255,4.148590326309204,0.012482404708862305,15.741389513015747,0.09310197830200195,0.07771730422973633,0.015790939331054688
9,7,19.975149154663086,-8964.48291015625,19.963961601257324,4.170405626296997,0.01115727424621582,15.55512523651123,0.0956716537475586,0.07881450653076172,0.01582050323486328
9,8,20.15337300300598,-8789.80791015625,20.140413522720337,4.168317079544067,0.012921571731567383,15.732109785079956,0.0957643985748291,0.07976174354553223,0.015841007232666016
9,9,19.383715867996216,-8906.51376953125,19.371014833450317,4.141467571258545,0.012673616409301758,14.999412775039673,0.09077787399291992,0.07743573188781738,0.015261411666870117
9,10,19.634276866912842,-8975.77646484375,19.621556282043457,4.160348176956177,0.0126953125,15.229362964630127,0.0918436050415039,0.07799768447875977,0.015009641647338867
9,11,20.017650842666626,-8834.7048828125,20.005345106124878,4.1533896923065186,0.01227426528930664,15.6187264919281,0.09200286865234375,0.07824468612670898,0.015651941299438477
9,12,19.774383068084717,-8888.90283203125,19.76183557510376,4.150635719299316,0.012520551681518555,15.379776954650879,0.09180045127868652,0.07721519470214844,0.015664100646972656
9,13,19.589956998825073,-8883.197265625,19.576948165893555,4.169209003448486,0.012980937957763672,15.175066709518433,0.09212255477905273,0.07814192771911621,0.015605688095092773
9,14,19.61189293861389,-8860.36142578125,19.599000215530396,4.1853110790252686,0.01286458969116211,15.176741361618042,0.09545636177062988,0.0785820484161377,0.015359163284301758
9,15,20.19006586074829,-8872.724609375,20.177438497543335,4.202564001083374,0.012597322463989258,15.732038259506226,0.09697842597961426,0.07946300506591797,0.017330646514892578
9,16,20.122708559036255,-8883.588671875,20.109942197799683,4.2187206745147705,0.01273655891418457,15.657701015472412,0.0917665958404541,0.0782625675201416,0.01612091064453125
9,17,19.321078777313232,-8924.23916015625,19.308586359024048,4.156796216964722,0.012460947036743164,14.920677661895752,0.09137511253356934,0.07822394371032715,0.014833927154541016
9,18,19.698498964309692,-9008.5021484375,19.686089038848877,4.1339030265808105,0.012381553649902344,15.320611238479614,0.09157299995422363,0.07750916481018066,0.015982389450073242
9,19,19.732839345932007,-8922.598828125,19.720629930496216,4.137897968292236,0.012182235717773438,15.35092282295227,0.09204411506652832,0.07721471786499023,0.015582799911499023
9,20,19.4889657497406,-8963.99453125,19.476765394210815,4.147334575653076,0.012170553207397461,15.097961664199829,0.09106302261352539,0.07757091522216797,0.015627384185791016
9,21,20.531481504440308,-8890.36953125,20.51909637451172,4.143351078033447,0.012358427047729492,16.14446473121643,0.09086346626281738,0.07732510566711426,0.016479969024658203
9,22,19.622581005096436,-8849.02099609375,19.61055564880371,3.9323697090148926,0.011998176574707031,15.45044231414795,0.08971548080444336,0.077301025390625,0.01577281951904297
9,23,19.99802851676941,-8875.419140625,19.985710859298706,4.162385940551758,0.012290000915527344,15.586244344711304,0.09534955024719238,0.07805252075195312,0.01588726043701172
9,24,19.536362886428833,-8878.4544921875,19.522520065307617,4.120099067687988,0.013813495635986328,15.168496370315552,0.09333920478820801,0.07813596725463867,0.015409231185913086
9,25,19.9505774974823,-8889.61591796875,19.93814778327942,4.153636932373047,0.012402057647705078,15.549519300460815,0.0938880443572998,0.0783851146697998,0.015596866607666016
9,26,19.593271493911743,-8946.327734375,19.580915212631226,4.188021898269653,0.012317895889282227,15.153745412826538,0.09550166130065918,0.08038043975830078,0.015276432037353516
9,27,20.239034414291382,-8832.14150390625,20.226869583129883,4.159039497375488,0.012137174606323242,15.831913948059082,0.09469723701477051,0.07781791687011719,0.015964508056640625
9,28,19.950401544570923,-8834.11640625,19.93942952156067,4.160780429840088,0.010941743850708008,15.54086947441101,0.09510922431945801,0.07872509956359863,0.016080617904663086
9,29,20.668126583099365,-8882.02001953125,20.655776977539062,4.1663031578063965,0.012319564819335938,16.253016710281372,0.09424281120300293,0.07831811904907227,0.01633000373840332
9,30,20.044220685958862,-8800.96982421875,20.03229308128357,4.1599085330963135,0.011901140213012695,15.637098550796509,0.09429287910461426,0.0778651237487793,0.015988588333129883
10,1,26.55432891845703,-22794.07421875,26.529940128326416,4.35445761680603,0.024354934692382812,21.93016481399536,0.09473013877868652,0.08021783828735352,0.022495031356811523
10,2,26.077637434005737,-22764.2115234375,26.05454730987549,4.34753680229187,0.02305912971496582,21.462918043136597,0.09469318389892578,0.0799098014831543,0.0218658447265625
10,3,26.51670002937317,-22756.036328125,26.32787775993347,4.333210706710815,0.18878483772277832,21.752853631973267,0.09318256378173828,0.07938051223754883,0.022107839584350586
10,4,26.146899461746216,-22859.1919921875,26.122258186340332,4.331776142120361,0.024606943130493164,21.546984910964966,0.09419465065002441,0.07908177375793457,0.022009849548339844
10,5,26.32151699066162,-22622.035546875,26.297675609588623,4.329374313354492,0.023802995681762695,21.723884344100952,0.09340786933898926,0.07915687561035156,0.022264480590820312
10,6,26.684364557266235,-22734.2673828125,26.661466121673584,4.367885112762451,0.022869110107421875,22.049713134765625,0.09374451637268066,0.08002996444702148,0.0226900577545166
10,7,31.050800323486328,-22640.975,29.972434997558594,4.860732793807983,1.0783312320709229,23.408901691436768,0.15464115142822266,0.19005465507507324,1.291144609451294
10,8,29.734403133392334,-22649.67421875,29.601374626159668,4.744455337524414,0.13299155235290527,24.431153059005737,0.10050630569458008,0.23177480697631836,0.024678707122802734
10,9,28.894078254699707,-22740.2697265625,28.868601322174072,4.737890958786011,0.02544379234313965,23.690317392349243,0.10039877891540527,0.24979114532470703,0.024172544479370117
10,10,29.731680393218994,-22593.18984375,29.704079389572144,4.739468574523926,0.027567386627197266,24.554627895355225,0.10079836845397949,0.20943498611450195,0.024725675582885742
10,11,28.471192359924316,-23057.897265625,28.444534063339233,4.742878437042236,0.026626110076904297,23.264907121658325,0.10095453262329102,0.24706315994262695,0.023805618286132812
10,12,28.737164974212646,-22927.490625,28.710476398468018,4.749208688735962,0.026655197143554688,23.564853191375732,0.1009521484375,0.20651721954345703,0.023784160614013672
10,13,28.36202335357666,-22787.0494140625,28.335707664489746,4.73638391494751,0.026283740997314453,23.19778537750244,0.10048222541809082,0.2106013298034668,0.023743867874145508
10,14,28.965139865875244,-22795.827734375,28.93840765953064,4.7331037521362305,0.02669835090637207,23.808202266693115,0.10082387924194336,0.19810056686401367,0.023878812789916992
10,15,28.825788974761963,-22665.3634765625,28.799488067626953,4.737725019454956,0.026269912719726562,23.62902331352234,0.10014557838439941,0.24850678443908691,0.023591041564941406
10,16,28.347866535186768,-22667.02578125,28.321340560913086,4.3419694900512695,0.02649378776550293,23.53364586830139,0.09873032569885254,0.2580692768096924,0.023456811904907227
10,17,28.66334295272827,-22668.495703125,28.63688564300537,4.5830724239349365,0.026421070098876953,23.6552152633667,0.1005098819732666,0.2060086727142334,0.024261474609375
10,18,28.96478033065796,-22637.6712890625,28.938105583190918,4.754073619842529,0.026642322540283203,23.780009508132935,0.1009674072265625,0.1994919776916504,0.024212360382080078
10,19,28.821505784988403,-22786.2390625,28.79529118537903,4.739990711212158,0.026175498962402344,23.67759609222412,0.10144925117492676,0.18596839904785156,0.023812532424926758
10,20,28.41981816291809,-22835.392578125,28.39316987991333,4.744104623794556,0.02661609649658203,23.243475198745728,0.10023045539855957,0.21843194961547852,0.023258686065673828
10,21,28.537030458450317,-22749.5740234375,28.51094079017639,4.72723913192749,0.026058435440063477,23.38896083831787,0.09968066215515137,0.2100229263305664,0.023703336715698242
10,22,28.428086042404175,-23121.51015625,28.4015793800354,4.7355310916900635,0.026476144790649414,23.263444900512695,0.10106253623962402,0.21380043029785156,0.02381753921508789
10,23,28.61513900756836,-22827.6916015625,28.588852405548096,4.7315239906311035,0.02624988555908203,23.47531247138977,0.10026216506958008,0.1927509307861328,0.023805618286132812
10,24,28.316405773162842,-22768.2962890625,28.289746522903442,4.7380595207214355,0.026624679565429688,23.127495050430298,0.10033822059631348,0.234205961227417,0.02338123321533203
10,25,28.55286931991577,-22924.869921875,28.52750277519226,4.741002082824707,0.025331497192382812,23.35760498046875,0.09919476509094238,0.24379372596740723,0.02368640899658203
10,26,28.529364824295044,-22778.190625,28.502449989318848,4.738129138946533,0.02688431739807129,23.391337394714355,0.1003274917602539,0.1869065761566162,0.02347254753112793
10,27,28.434773683547974,-23010.0888671875,28.408374309539795,4.734567165374756,0.026369094848632812,23.236571073532104,0.09963083267211914,0.25910234451293945,0.023437023162841797
10,28,29.837234258651733,-22609.1263671875,29.810402154922485,4.660557508468628,0.026794910430908203,24.749369621276855,0.10037422180175781,0.20764994621276855,0.024774551391601562
10,29,27.980097770690918,-22603.209765625,27.952829122543335,4.08395528793335,0.027237415313720703,23.461325645446777,0.09702801704406738,0.2215595245361328,0.023687362670898438
10,30,30.644847631454468,-22802.421875,29.601115942001343,4.894874811172485,1.043687343597412,22.978577613830566,0.1537797451019287,0.2211925983428955,1.2910077571868896
11,1,42.170356035232544,-57509.30546875,42.00563335418701,4.921545743942261,0.16466331481933594,36.652674436569214,0.09999799728393555,0.23110342025756836,0.03838539123535156
11,2,41.056432247161865,-57753.4421875,40.99985146522522,4.508943319320679,0.05651450157165527,36.06993627548218,0.09878206253051758,0.22217297554016113,0.037673234939575195
11,3,41.74593901634216,-57645.6359375,41.68819975852966,4.9744250774383545,0.0576786994934082,36.30182957649231,0.09986519813537598,0.21026945114135742,0.03825116157531738
11,4,41.65179085731506,-57737.502734375,41.59491944313049,4.8755784034729,0.056813716888427734,36.32117962837219,0.09904074668884277,0.20368051528930664,0.03776860237121582
11,5,42.117650270462036,-57511.4296875,42.060423135757446,4.925912618637085,0.057193756103515625,36.71971559524536,0.09994077682495117,0.2121744155883789,0.037839412689208984
11,6,41.157777309417725,-57851.551171875,41.100436210632324,4.9159955978393555,0.05727386474609375,35.764846086502075,0.10017967224121094,0.22159719467163086,0.03773188591003418
11,7,41.915172815322876,-57488.794921875,41.85824537277222,4.919328451156616,0.05686831474304199,36.53465390205383,0.10080885887145996,0.20116519927978516,0.037743330001831055
11,8,41.89424777030945,-57420.866015625,41.83733320236206,4.8916335105896,0.05685734748840332,36.540830850601196,0.10072183609008789,0.20197606086730957,0.03848123550415039
11,9,41.18681597709656,-57844.658984375,41.130157232284546,4.903817415237427,0.05660128593444824,35.81330323219299,0.10041213035583496,0.21649909019470215,0.03708958625793457
11,10,41.22822093963623,-57673.805078125,41.17014670372009,4.777409553527832,0.05801534652709961,35.980835914611816,0.09896326065063477,0.21426677703857422,0.03701901435852051
11,11,41.377129793167114,-57627.433203125,41.32025742530823,4.845792055130005,0.056810617446899414,36.07108211517334,0.09900379180908203,0.2046205997467041,0.03760194778442383
11,12,40.77486705780029,-57669.63125,40.71721696853638,4.83541202545166,0.05758786201477051,35.455849170684814,0.10072207450866699,0.22748470306396484,0.03684735298156738
11,13,40.91080355644226,-58022.56015625,40.8534722328186,4.917542219161987,0.0572662353515625,35.514673471450806,0.1014094352722168,0.22221088409423828,0.03719353675842285
11,14,41.675530433654785,-57704.490234375,41.425373554229736,4.9055092334747314,0.2500908374786377,36.10654282569885,0.10005497932434082,0.2123565673828125,0.03782320022583008
11,15,41.20173501968384,-57621.15234375,41.147032737731934,4.9136574268341064,0.05464053153991699,35.81914234161377,0.10064530372619629,0.21292352676391602,0.037355661392211914
11,16,41.54182314872742,-57696.733984375,41.48671913146973,4.919527769088745,0.055040836334228516,36.15514421463013,0.09965252876281738,0.2110004425048828,0.03783249855041504
11,17,41.673991203308105,-57343.4609375,41.61905217170715,4.897394895553589,0.05487227439880371,36.334672689437866,0.09943270683288574,0.19019103050231934,0.038023948669433594
11,18,40.61369585990906,-57973.3609375,40.55850672721863,4.910558700561523,0.05512571334838867,35.23451566696167,0.10003423690795898,0.21688580513000488,0.03670072555541992
11,19,41.80680179595947,-57602.09453125,41.75151324272156,4.926408290863037,0.05522346496582031,36.39371347427368,0.10052204132080078,0.22752141952514648,0.03813290596008301
11,20,40.77169466018677,-57830.356640625,40.71689534187317,4.916500568389893,0.05474090576171875,35.39012122154236,0.0998392105102539,0.2135016918182373,0.03701424598693848
11,21,41.53605031967163,-57818.159375,41.481337785720825,4.923636198043823,0.05465388298034668,36.15154194831848,0.10062885284423828,0.20668649673461914,0.03744864463806152
11,22,42.16371393203735,-57582.00703125,42.107975006103516,4.93042516708374,0.05568051338195801,36.76973581314087,0.10019755363464355,0.20931267738342285,0.03819012641906738
11,23,41.38771200180054,-57671.34453125,41.33085346221924,4.9328906536102295,0.056799888610839844,35.98547911643982,0.10013628005981445,0.21875548362731934,0.03734636306762695
11,24,41.30511665344238,-57546.3609375,41.24808883666992,4.938781023025513,0.05696845054626465,35.888423442840576,0.10132312774658203,0.22241592407226562,0.037950754165649414
11,25,41.383867502212524,-57464.528125,41.32677459716797,4.7750232219696045,0.05703377723693848,36.14081525802612,0.09979605674743652,0.20825934410095215,0.03749394416809082
11,26,41.21264839172363,-57869.5453125,41.15561842918396,4.924631118774414,0.056971073150634766,35.81971764564514,0.1003422737121582,0.21247577667236328,0.03766655921936035
11,27,41.22510099411011,-57909.71015625,40.97311735153198,4.792199611663818,0.25191712379455566,35.77682685852051,0.10064506530761719,0.20880556106567383,0.03733038902282715
11,28,40.941508293151855,-57982.37578125,40.88612675666809,4.919095993041992,0.05531501770019531,35.55196809768677,0.0998694896697998,0.21747899055480957,0.037018775939941406
11,29,41.59506583213806,-57456.899609375,41.539326429367065,4.920797824859619,0.055674076080322266,36.213393688201904,0.09981799125671387,0.205885648727417,0.037604331970214844
11,30,41.637643575668335,-57520.728125,41.58298420906067,4.893532037734985,0.054595232009887695,36.283743381500244,0.0997765064239502,0.20815443992614746,0.03757047653198242
12,1,61.06257939338684,-143577.190625,60.93770408630371,5.153195142745972,0.12478232383728027,55.35063314437866,0.09968757629394531,0.21497726440429688,0.05841875076293945
12,2,59.92823529243469,-144315.753125,59.80462384223938,5.110728979110718,0.12350201606750488,54.25206542015076,0.09966349601745605,0.21912264823913574,0.05950760841369629
12,3,60.04212808609009,-144415.678125,59.75679087638855,5.050026178359985,0.28524065017700195,54.28199219703674,0.09966063499450684,0.20574736595153809,0.05842447280883789
12,4,60.37559747695923,-144370.8046875,60.25031113624573,5.161611318588257,0.1251966953277588,54.667415618896484,0.1000373363494873,0.20425152778625488,0.05856657028198242
12,5,59.38318753242493,-144636.3515625,59.2576858997345,5.140578985214233,0.12540984153747559,53.691155672073364,0.10024714469909668,0.20776581764221191,0.057051658630371094
12,6,59.98389387130737,-144113.0890625,59.85820984840393,5.146523952484131,0.12559247016906738,54.28704357147217,0.0999608039855957,0.20646286010742188,0.057318687438964844
12,7,60.428765535354614,-144225.196875,60.300273180007935,5.178591012954712,0.1284024715423584,54.688720703125,0.0998070240020752,0.21581649780273438,0.05801200866699219
12,8,60.538607597351074,-144102.565625,60.2343168258667,5.143297910690308,0.3041975498199463,54.655643939971924,0.10009312629699707,0.21387434005737305,0.05766725540161133
12,9,60.39761805534363,-144609.2640625,60.272265911102295,5.16904091835022,0.12526202201843262,54.670300245285034,0.09996175765991211,0.21560192108154297,0.05781149864196777
12,10,59.885170698165894,-144250.8921875,59.76112699508667,5.193130016326904,0.12395191192626953,54.101595401763916,0.10160350799560547,0.24292731285095215,0.05649161338806152
12,11,60.188679695129395,-144078.6421875,60.06401515007019,5.1265833377838135,0.1245720386505127,54.51213717460632,0.10010862350463867,0.20400762557983398,0.058626413345336914
12,12,60.77472901344299,-144226.0734375,60.48597979545593,5.163858413696289,0.2886521816253662,54.9003472328186,0.09979748725891113,0.2063002586364746,0.05811953544616699
12,13,59.8104031085968,-144293.590625,59.686107873916626,5.127611875534058,0.12417769432067871,54.12251305580139,0.10007333755493164,0.2167677879333496,0.057387590408325195
12,14,60.77030873298645,-143764.221875,60.6443452835083,5.188734292984009,0.12586712837219238,55.02770400047302,0.1000204086303711,0.20812606811523438,0.058782100677490234
12,15,61.3157901763916,-143926.13125,61.19294595718384,5.166210651397705,0.12274289131164551,55.591391801834106,0.10044097900390625,0.21149086952209473,0.05926084518432617
12,16,60.417136669158936,-144023.7625,60.291945695877075,5.163097858428955,0.12509775161743164,54.68592715263367,0.10125541687011719,0.22150707244873047,0.05686688423156738
12,17,59.35895371437073,-144472.171875,59.230507373809814,5.174381494522095,0.1283555030822754,53.629502296447754,0.10129857063293457,0.20972156524658203,0.0570530891418457
12,18,60.616880893707275,-144191.4296875,60.487539768218994,5.180738687515259,0.12925028800964355,54.86894631385803,0.10159659385681152,0.2141878604888916,0.057482004165649414
12,19,60.43568801879883,-143795.215625,60.0928099155426,5.179807901382446,0.3427848815917969,54.48517966270447,0.10132861137390137,0.21071743965148926,0.056720733642578125
12,20,60.64616870880127,-144061.7859375,60.521870851516724,5.174398899078369,0.1242060661315918,54.92238712310791,0.1016690731048584,0.2047889232635498,0.05879688262939453
12,21,59.82871103286743,-144344.121875,59.703707218170166,5.157082557678223,0.12491011619567871,54.102771043777466,0.10045838356018066,0.21967625617980957,0.056760549545288086
12,22,60.97521495819092,-143864.9859375,60.850953340530396,5.147608280181885,0.12416243553161621,55.27762198448181,0.10004925727844238,0.2069544792175293,0.05974006652832031
12,23,60.04347634315491,-144372.878125,59.918540716171265,5.142250299453735,0.12484502792358398,54.34805393218994,0.09957242012023926,0.21054911613464355,0.058170318603515625
12,24,60.73941397666931,-144256.9359375,60.6133086681366,5.166116952896118,0.1260058879852295,55.01833939552307,0.09982442855834961,0.21127867698669434,0.058040618896484375
12,25,60.16457390785217,-144316.3671875,59.84221816062927,5.1708433628082275,0.3222622871398926,54.24159216880798,0.10045361518859863,0.21269798278808594,0.05829930305480957
12,26,60.106849193573,-144419.4359375,59.98210334777832,5.153713941574097,0.1246483325958252,54.408310890197754,0.09967350959777832,0.20436835289001465,0.057600975036621094
12,27,60.725560903549194,-143910.4703125,60.600746870040894,5.184785842895508,0.12471818923950195,54.98643684387207,0.1001896858215332,0.20905613899230957,0.05822157859802246
12,28,59.727009773254395,-144444.4140625,59.60289192199707,5.161088705062866,0.12402701377868652,54.02007007598877,0.09923386573791504,0.20517563819885254,0.05798840522766113
12,29,60.69484853744507,-143663.1453125,60.41032552719116,5.163105010986328,0.28441929817199707,54.814112424850464,0.09861087799072266,0.21349167823791504,0.058844566345214844
12,30,59.600186586380005,-144199.5734375,59.474812507629395,4.786662578582764,0.12528038024902344,54.26480507850647,0.09918022155761719,0.20845270156860352,0.057300567626953125
13,1,86.64772200584412,-355124.20625,86.35970330238342,5.4326207637786865,0.28784823417663574,80.44570636749268,0.10215520858764648,0.23009562492370605,0.0874788761138916
13,2,86.362877368927,-355266.34375,86.06990337371826,5.42308783531189,0.29282093048095703,80.17702007293701,0.10102581977844238,0.22299861907958984,0.08702230453491211
13,3,87.67221355438232,-354859.23125,87.17321395874023,5.43513298034668,0.49883437156677246,81.26510643959045,0.10193037986755371,0.22301578521728516,0.0880281925201416
13,4,86.01667523384094,-355739.303125,85.7332878112793,5.439972162246704,0.2832329273223877,79.8184118270874,0.10225987434387207,0.22517633438110352,0.08670473098754883
13,5,86.61738324165344,-355838.828125,86.13173818588257,5.457135438919067,0.4854776859283447,80.19856643676758,0.10197210311889648,0.22617411613464355,0.08645796775817871
13,6,86.30021595954895,-355497.8375,86.00983810424805,5.402241468429565,0.2902085781097412,80.12651228904724,0.1018381118774414,0.23211193084716797,0.08659148216247559
13,7,86.65131902694702,-355662.875,86.18957352638245,5.36031699180603,0.46158409118652344,80.35199904441833,0.10095763206481934,0.22882866859436035,0.08680891990661621
13,8,85.42400288581848,-356075.5375,85.1357352733612,5.414234638214111,0.28821635246276855,79.25564169883728,0.1002659797668457,0.22330641746520996,0.08492660522460938
13,9,86.40375280380249,-355249.1125,85.92324805259705,5.418218612670898,0.4803354740142822,80.03769207000732,0.1018681526184082,0.22206354141235352,0.08570528030395508
13,10,85.9987006187439,-355867.553125,85.71090841293335,5.424758195877075,0.287630558013916,79.82431077957153,0.10193157196044922,0.21432232856750488,0.0872490406036377
13,11,86.60772037506104,-355528.259375,86.31410336494446,5.425727605819702,0.29345035552978516,80.41139721870422,0.10233163833618164,0.22532129287719727,0.08782029151916504
13,12,86.2246663570404,-355691.996875,85.69131326675415,5.436427354812622,0.5331957340240479,79.78159213066101,0.1020808219909668,0.22457146644592285,0.08587789535522461
13,13,86.45597553253174,-355148.33125,86.16478681564331,5.426062822341919,0.2911262512207031,80.25638699531555,0.10212373733520508,0.2312934398651123,0.08834147453308105
13,14,86.78367352485657,-354948.0625,86.49480390548706,5.431712865829468,0.28870677947998047,80.59678983688354,0.10229325294494629,0.21915841102600098,0.08722376823425293
13,15,86.55932831764221,-355613.85,86.2652108669281,5.442324161529541,0.2939622402191162,80.36380767822266,0.1025686264038086,0.2142946720123291,0.08547091484069824
13,16,86.35648822784424,-355540.34375,85.79892325401306,5.4367570877075195,0.5573999881744385,79.89263439178467,0.10225534439086914,0.2201995849609375,0.08731269836425781
13,17,87.23004937171936,-355517.61875,86.94071960449219,5.447861909866333,0.289276123046875,81.02939414978027,0.10210633277893066,0.2155771255493164,0.08720016479492188
13,18,85.66093587875366,-355891.878125,85.37274527549744,5.425422430038452,0.2881357669830322,79.4762315750122,0.10153985023498535,0.22392678260803223,0.08632397651672363
13,19,86.64044094085693,-355320.709375,86.13791275024414,5.398695707321167,0.5024724006652832,80.2593605518341,0.09948277473449707,0.2304244041442871,0.08698201179504395
13,20,86.26386094093323,-355255.5875,85.97937870025635,5.414327621459961,0.28432536125183105,80.07842445373535,0.10104131698608398,0.2331833839416504,0.08830690383911133
13,21,86.00536680221558,-355672.15625,85.52641463279724,5.393661260604858,0.47879552841186523,79.66986083984375,0.10009145736694336,0.2201535701751709,0.08477258682250977
13,22,85.80915188789368,-355491.384375,85.52152824401855,5.322470188140869,0.28756117820739746,79.72361373901367,0.09990835189819336,0.22755193710327148,0.08722138404846191
13,23,86.35846710205078,-354827.325,86.06725525856018,5.16860294342041,0.29115867614746094,80.42749524116516,0.09960484504699707,0.2234339714050293,0.08809351921081543
13,24,86.3801429271698,-355427.8625,85.84999585151672,5.4036781787872314,0.5299901962280273,79.97705316543579,0.10101962089538574,0.22183561325073242,0.08718180656433105
13,25,86.71379971504211,-354845.978125,86.42538332939148,5.405942678451538,0.288358211517334,80.54334425926208,0.10181832313537598,0.22261500358581543,0.0882711410522461
13,26,87.23395156860352,-354638.08125,86.94283080101013,5.369247674942017,0.2910652160644531,81.09595704078674,0.09983444213867188,0.2281327247619629,0.08799147605895996
13,27,86.53423762321472,-355688.465625,86.2434914112091,5.440917015075684,0.2905917167663574,80.33292388916016,0.0989832878112793,0.22378873825073242,0.0885467529296875
13,28,86.58098030090332,-355386.93125,86.03174448013306,5.3745198249816895,0.5490813255310059,80.17887878417969,0.10070490837097168,0.22864460945129395,0.08621835708618164
13,29,86.33805346488953,-354800.971875,86.04874181747437,5.411099195480347,0.2891533374786377,80.1486463546753,0.10196137428283691,0.24047565460205078,0.0863640308380127
13,30,86.52846574783325,-355579.03125,86.05133605003357,5.406675577163696,0.47696900367736816,80.17276787757874,0.1015012264251709,0.22339320182800293,0.08778572082519531
14,1,124.06413388252258,-886817.34375,123.34489870071411,5.797250270843506,0.7189559936523438,116.99388265609741,0.10234713554382324,0.25932908058166504,0.12921833992004395
14,2,124.82038950920105,-886489.8,123.83410716056824,5.783348083496094,0.9859864711761475,117.4876537322998,0.10261893272399902,0.2649240493774414,0.13106155395507812
14,3,124.99164462089539,-885573.03125,124.03816080093384,5.748063325881958,0.9531869888305664,117.71305823326111,0.1026301383972168,0.27712512016296387,0.1295320987701416
14,4,123.78206586837769,-888803.33125,123.06067538261414,5.7860026359558105,0.7210919857025146,116.69457697868347,0.10301971435546875,0.28653740882873535,0.12682676315307617
14,5,125.05415773391724,-886742.84375,123.98686504364014,5.833477735519409,1.066990852355957,117.59991335868835,0.10257768630981445,0.25913143157958984,0.12863945960998535
14,6,125.17774510383606,-886790.8375,124.27241849899292,5.801826000213623,0.905036449432373,117.90503191947937,0.10239434242248535,0.2702620029449463,0.1293954849243164
14,7,124.37407159805298,-887238.4625,123.45481300354004,5.780892848968506,0.9189696311950684,117.12709975242615,0.10229301452636719,0.2554163932800293,0.12743782997131348
14,8,124.41880416870117,-886678.9625,123.47848320007324,5.822001218795776,0.940018892288208,117.09107327461243,0.1015329360961914,0.2685730457305908,0.1285533905029297
14,9,124.33713245391846,-886407.925,123.62051320075989,5.89797043800354,0.716320276260376,117.16045904159546,0.10071778297424316,0.2665526866912842,0.12987661361694336
14,10,125.38757371902466,-886288.01875,124.3523736000061,5.810868740081787,1.0349059104919434,117.97665238380432,0.1006767749786377,0.2695784568786621,0.12974190711975098
14,11,124.99528002738953,-886633.425,124.06434965133667,5.7898406982421875,0.9306240081787109,117.71059465408325,0.1008143424987793,0.267228364944458,0.1311349868774414
14,12,124.88135862350464,-886056.29375,123.92244577407837,5.790754556655884,0.9586162567138672,117.57829236984253,0.10051751136779785,0.2615983486175537,0.128828763961792
14,13,124.65324711799622,-885935.28125,123.93579173088074,5.769245147705078,0.7171735763549805,117.61465096473694,0.10101556777954102,0.25794243812561035,0.12964725494384766
14,14,124.43665266036987,-886355.61875,123.37564086914062,5.66954231262207,1.060929536819458,117.17984199523926,0.10017800331115723,0.23600268363952637,0.13003826141357422
14,15,124.20354294776917,-885968.9875,123.50472211837769,5.671778202056885,0.6985352039337158,117.32299470901489,0.10074210166931152,0.21909546852111816,0.130690336227417
14,16,125.03438901901245,-884926.3125,124.0352213382721,5.6625916957855225,0.9988870620727539,117.8595802783966,0.10141301155090332,0.22378063201904297,0.13031673431396484
14,17,123.53167271614075,-886935.14375,122.62790560722351,5.699674367904663,0.9034810066223145,116.41763925552368,0.10335350036621094,0.2211751937866211,0.12745213508605957
14,18,124.15859913825989,-886000.83125,123.23698902130127,5.656104564666748,0.9215102195739746,117.0520715713501,0.10163044929504395,0.23772549629211426,0.1287999153137207
14,19,124.18728470802307,-886347.275,123.480539560318,5.6608781814575195,0.7064542770385742,117.30290913581848,0.10053515434265137,0.22488760948181152,0.13075709342956543
14,20,124.37640523910522,-886921.925,123.35933685302734,5.681333780288696,1.0167863368988037,117.13953471183777,0.10009360313415527,0.24780845642089844,0.12781119346618652
14,21,123.67061996459961,-887711.04375,122.76074767112732,5.66691255569458,0.9095666408538818,116.56803035736084,0.10033893585205078,0.23716473579406738,0.12921452522277832
14,22,123.09940242767334,-887084.075,122.16668653488159,5.655472755432129,0.9324045181274414,115.9923505783081,0.10015296936035156,0.23230886459350586,0.12693548202514648
14,23,124.11677503585815,-885460.2875,123.41100597381592,5.621088266372681,0.7054777145385742,117.27741980552673,0.10060834884643555,0.22488832473754883,0.1271367073059082
14,24,124.44831442832947,-887273.40625,123.39813232421875,5.642883539199829,1.0498974323272705,117.24263501167297,0.10185837745666504,0.22091078758239746,0.13162875175476074
14,25,123.72403693199158,-887613.325,123.01930809020996,5.640287399291992,0.7044398784637451,116.86349987983704,0.10177755355834961,0.22294354438781738,0.12992572784423828
14,26,125.08288288116455,-885256.9,124.08152508735657,5.6436920166015625,1.0010671615600586,117.9213798046112,0.10156130790710449,0.22496294975280762,0.13105273246765137
14,27,124.50854587554932,-885419.41875,123.60071802139282,5.634474992752075,0.9075336456298828,117.45442390441895,0.10154056549072266,0.2223367691040039,0.12717628479003906
14,28,124.06112933158875,-886834.20625,123.11712598800659,5.587672233581543,0.943716287612915,117.0136866569519,0.10137939453125,0.22787070274353027,0.12707281112670898
14,29,124.79608988761902,-886201.3875,124.08406567573547,5.733850002288818,0.7117409706115723,117.81697535514832,0.10181665420532227,0.24121809005737305,0.13000774383544922
14,30,124.13982844352722,-886051.9125,123.11596179008484,5.67366099357605,1.0237691402435303,116.91326856613159,0.10146212577819824,0.23786330223083496,0.12995338439941406
15,1,196.95587968826294,-2178200.5,193.81188416481018,5.998574733734131,3.143821954727173,185.25581789016724,0.15995121002197266,0.3807253837585449,1.846099615097046
15,2,198.6008722782135,-2177550.6,196.41947984695435,5.7922704219818115,2.181222915649414,189.81222224235535,0.10399675369262695,0.33049774169921875,0.22173428535461426
15,3,192.30548453330994,-2179246.95,189.80008959770203,5.718488931655884,2.5052268505096436,183.2480983734131,0.10237646102905273,0.3666396141052246,0.2099623680114746
15,4,184.09632754325867,-2179097.6,180.6687786579132,5.998679876327515,3.4274239540100098,172.4283800125122,0.1596834659576416,0.309772253036499,1.7052369117736816
15,5,179.93719577789307,-2178062.375,177.8862442970276,6.07267689704895,2.05080246925354,171.1602759361267,0.10207366943359375,0.2926034927368164,0.19189786911010742
15,6,179.09870553016663,-2177330.0,176.80671000480652,6.1016950607299805,2.2918641567230225,170.05712819099426,0.1016988754272461,0.29166603088378906,0.18756890296936035
15,7,180.97557401657104,-2177482.2,178.81199765205383,6.022699356079102,2.163445234298706,172.1419117450714,0.10198235511779785,0.28597331047058105,0.19197678565979004
15,8,180.23291659355164,-2178280.1,177.87504768371582,6.09245753288269,2.3577353954315186,171.13101172447205,0.1013498306274414,0.29080724716186523,0.18773651123046875
15,9,181.1134955883026,-2178183.275,178.76996493339539,6.0970778465271,2.343390703201294,172.01974749565125,0.10197973251342773,0.2911949157714844,0.19196844100952148
15,10,180.81105542182922,-2177856.125,178.58731055259705,6.063126087188721,2.2236032485961914,171.8733034133911,0.1019434928894043,0.2872507572174072,0.19385528564453125
15,11,179.57494378089905,-2178929.225,177.3914635181427,5.910308361053467,2.1833441257476807,170.84166860580444,0.10177326202392578,0.2844889163970947,0.1884012222290039
15,12,180.54427576065063,-2177743.25,178.21957111358643,6.030249834060669,2.3245675563812256,171.55044627189636,0.10179448127746582,0.28206562995910645,0.1881544589996338
15,13,180.05312085151672,-2177952.6,177.85580277442932,6.019803047180176,2.1971802711486816,171.18580842018127,0.10199952125549316,0.28844380378723145,0.19223308563232422
15,14,179.01815795898438,-2180012.575,176.88283228874207,5.97115683555603,2.135185718536377,170.26511669158936,0.10126423835754395,0.28725266456604004,0.1909778118133545
15,15,180.15878105163574,-2179686.325,177.81855177879333,6.080736875534058,2.340088129043579,171.08514404296875,0.10183477401733398,0.291947603225708,0.18924784660339355
15,16,180.81091809272766,-2178601.95,178.63459539413452,6.121371507644653,2.1761858463287354,171.86052918434143,0.10207891464233398,0.2892265319824219,0.1906416416168213
15,17,180.80368828773499,-2178822.9,178.46177983283997,5.998996257781982,2.3417611122131348,171.8095142841339,0.10152244567871094,0.29425835609436035,0.18941164016723633
15,18,180.68080043792725,-2179181.05,178.43712162971497,6.03987455368042,2.2435402870178223,171.7469038963318,0.10190343856811523,0.2880425453186035,0.19259095191955566
15,19,178.71756839752197,-2180196.15,176.4884295463562,5.9843668937683105,2.2289984226226807,169.86198139190674,0.10185456275939941,0.2826511859893799,0.1913132667541504
15,20,180.315904378891,-2178949.375,178.11063408851624,6.064660310745239,2.205125331878662,171.39342069625854,0.10154604911804199,0.2921943664550781,0.19057464599609375
15,21,179.9522614479065,-2181219.95,177.81271624565125,5.9439451694488525,2.1394171714782715,171.2152693271637,0.1022038459777832,0.2923712730407715,0.19322633743286133
15,22,180.595609664917,-2178226.825,178.30540800094604,6.066375494003296,2.2900707721710205,171.58955883979797,0.10195183753967285,0.2922053337097168,0.19000720977783203
15,23,180.77689504623413,-2179327.4,178.44708895683289,6.079066038131714,2.329669713973999,171.70781874656677,0.10159420967102051,0.2924177646636963,0.20072674751281738
15,24,179.25705790519714,-2179667.15,177.10372161865234,6.0317957401275635,2.1531896591186523,170.41550874710083,0.10305094718933105,0.2857334613800049,0.20092272758483887
15,25,179.50610828399658,-2179250.175,177.14205718040466,6.035778045654297,2.36391019821167,170.448312997818,0.10167145729064941,0.29140615463256836,0.19775676727294922
15,26,180.7004325389862,-2179875.45,178.41151094436646,6.011335134506226,2.2887773513793945,171.74146175384521,0.10098099708557129,0.2910892963409424,0.19898629188537598
15,27,180.9723310470581,-2177434.45,178.79079127311707,6.092773914337158,2.1813812255859375,172.04125952720642,0.10199904441833496,0.294201135635376,0.18967652320861816
15,28,179.8977406024933,-2180100.0,177.72219610214233,6.122795104980469,2.1754016876220703,170.95066475868225,0.10113358497619629,0.28981852531433105,0.19163870811462402
15,29,177.97747492790222,-2180093.75,175.64880514144897,6.061702013015747,2.3285086154937744,168.9506688117981,0.10139298439025879,0.27907848358154297,0.1885819435119629
15,30,178.98303771018982,-2180967.825,176.68626427650452,6.023455858230591,2.296637535095215,170.0171022415161,0.10150337219238281,0.28836679458618164,0.18936657905578613
16,1,155.94770073890686,-5353793.95,150.7296164035797,6.359720945358276,5.217598915100098,143.67641353607178,0.10117506980895996,0.3321242332458496,0.16983866691589355
16,2,156.48892498016357,-5356505.15,150.715576171875,6.339985609054565,5.773022174835205,143.64354968070984,0.10115265846252441,0.3397972583770752,0.14929556846618652
16,3,163.76034426689148,-5354631.9,158.16208815574646,6.36576247215271,5.597868919372559,151.0650351047516,0.10133004188537598,0.334064245223999,0.1629807949066162
16,4,149.53925848007202,-5354414.25,143.86917519569397,6.329580783843994,5.669762134552002,136.8479163646698,0.10181164741516113,0.3369181156158447,0.14252495765686035
16,5,163.56645560264587,-5351640.8,157.8274257183075,6.4103310108184814,5.738670587539673,150.68184781074524,0.1014719009399414,0.3363471031188965,0.15591144561767578
16,6,161.07324242591858,-5353879.9,155.44886136054993,6.3809263706207275,5.624029159545898,148.36054301261902,0.10164070129394531,0.33702635765075684,0.135695219039917
16,7,156.21330976486206,-5353262.7,150.4153435230255,6.3415446281433105,5.797646522521973,143.33817052841187,0.10236215591430664,0.33289527893066406,0.15387749671936035
16,8,161.5730631351471,-5353491.05,155.7601490020752,6.3718132972717285,5.81261134147644,148.68172574043274,0.10106968879699707,0.336167573928833,0.15871071815490723
16,9,158.1146059036255,-5354766.1,152.30876898765564,6.340373992919922,5.805517196655273,145.2671902179718,0.10215020179748535,0.3325679302215576,0.15764355659484863
16,10,149.30946850776672,-5356094.8,143.66346311569214,6.3538734912872314,5.645686149597168,136.6103813648224,0.10179471969604492,0.3331642150878906,0.14154863357543945
16,11,157.9793734550476,-5355116.3,152.4417371749878,6.337480545043945,5.5372583866119385,145.37421250343323,0.1021730899810791,0.3325653076171875,0.15282344818115234
16,12,161.53236174583435,-5352948.35,155.8972682952881,6.331339359283447,5.634830474853516,148.86726355552673,0.10238480567932129,0.33618783950805664,0.13067245483398438
16,13,159.12034678459167,-5353932.0,153.2908046245575,6.326278924942017,5.829233646392822,146.25088143348694,0.10225749015808105,0.33364319801330566,0.1520061492919922
16,14,158.69501423835754,-5353368.4,152.81054258346558,6.325819730758667,5.88408637046814,145.7457151412964,0.10206341743469238,0.3364698886871338,0.1580653190612793
16,15,143.8204493522644,-5352469.55,138.12802720069885,6.287241697311401,5.692158460617065,131.14384198188782,0.10146975517272949,0.33669519424438477,0.132826566696167
16,16,147.8898322582245,-5353046.3,142.28993892669678,6.29145622253418,5.599574565887451,135.29914736747742,0.10172796249389648,0.33718061447143555,0.14467167854309082
16,17,154.74843764305115,-5354692.35,148.98120069503784,6.2726874351501465,5.7669219970703125,141.9919033050537,0.10226321220397949,0.33451294898986816,0.14005303382873535
16,18,147.6135869026184,-5352865.15,141.79885578155518,6.1869306564331055,5.814388990402222,134.90348720550537,0.1015932559967041,0.33627748489379883,0.1543257236480713
16,19,163.03994250297546,-5351977.7,157.31449246406555,6.3782289028167725,5.725099563598633,150.23006081581116,0.10215091705322266,0.3321115970611572,0.15503334999084473
16,20,148.9230523109436,-5352793.9,143.25170421600342,6.2466206550598145,5.671017408370972,136.30553460121155,0.10152506828308105,0.3353691101074219,0.1545860767364502
16,21,155.70715880393982,-5355527.9,149.8620662689209,6.2674829959869385,5.84468412399292,142.87887859344482,0.10157251358032227,0.33342409133911133,0.15953326225280762
16,22,156.41059017181396,-5354183.95,150.65425443649292,6.329017400741577,5.755968332290649,143.5831868648529,0.10143303871154785,0.3416922092437744,0.15622305870056152
16,23,156.23198819160461,-5351723.8,150.64639449119568,6.2626354694366455,5.585238933563232,143.69198346138,0.10158967971801758,0.3340415954589844,0.1333603858947754
16,24,152.21224427223206,-5353602.6,146.52670049667358,6.278205871582031,5.685086250305176,139.571932554245,0.10239648818969727,0.33529114723205566,0.13423776626586914
16,25,148.12806248664856,-5355377.0,142.4164342880249,6.29214334487915,5.711339235305786,135.42360758781433,0.10166239738464355,0.33777832984924316,0.13476848602294922
16,26,155.72656321525574,-5352614.35,150.10690474510193,6.313295602798462,5.619343519210815,143.08002710342407,0.1016693115234375,0.33669090270996094,0.14228510856628418
16,27,157.67045092582703,-5354910.85,151.99246501922607,6.446224212646484,5.677597999572754,144.84961247444153,0.10203218460083008,0.33488988876342773,0.1543593406677246
16,28,159.2235610485077,-5353526.65,153.3917052745819,6.295647621154785,5.831517696380615,146.37956190109253,0.10224080085754395,0.3355062007904053,0.15494728088378906
16,29,164.3233025074005,-5353601.45,158.60021805763245,6.387301445007324,5.722737550735474,151.50875854492188,0.1017909049987793,0.3403804302215576,0.1566321849822998
16,30,153.83036184310913,-5353409.25,147.94851303100586,6.328439474105835,5.881490468978882,140.85877537727356,0.10215234756469727,0.3325161933898926,0.18789291381835938
17,1,251.92406558990479,-13103112.4,237.96772694587708,6.558324575424194,13.955262422561646,226.98277926445007,0.09986472129821777,0.45134758949279785,0.24458885192871094
17,2,254.4205584526062,-13104683.6,240.73190188407898,6.55136251449585,13.68756890296936,229.52360582351685,0.09948897361755371,0.4844083786010742,0.2253711223602295
17,3,251.90894079208374,-13103487.9,237.37130570411682,6.580249071121216,14.536489486694336,226.30009365081787,0.09971237182617188,0.4545321464538574,0.23958897590637207
17,4,246.14428853988647,-13102828.6,232.3915638923645,6.506944179534912,13.751646757125854,221.28319215774536,0.0995180606842041,0.4693608283996582,0.20936870574951172
17,5,247.68190479278564,-13101544.9,232.64124202728271,6.4936792850494385,15.039635419845581,221.1265094280243,0.09888482093811035,0.5040740966796875,0.2576296329498291
17,6,254.621356010437,-13104857.6,240.55330109596252,6.507725477218628,14.066692590713501,229.50329494476318,0.0993642807006836,0.477480411529541,0.22293829917907715
17,7,251.5717146396637,-13098977.2,237.4934139251709,6.584592342376709,14.077301979064941,226.2982451915741,0.09955024719238281,0.48333048820495605,0.23457932472229004
17,8,237.77712082862854,-13103882.8,223.6708161830902,6.682532787322998,14.105097532272339,209.63426804542542,0.15401983261108398,0.4927034378051758,3.0082590579986572
17,9,234.3259687423706,-13106945.2,221.32576704025269,6.6634674072265625,12.999090671539307,210.2569031715393,0.0981450080871582,0.4753549098968506,0.21001982688903809
17,10,234.72130012512207,-13104833.0,220.47277545928955,6.637550354003906,14.247594594955444,209.39047050476074,0.0978548526763916,0.461681604385376,0.20824074745178223
17,11,237.51348233222961,-13105655.4,223.86049461364746,6.669390439987183,13.652002573013306,212.7446608543396,0.09779143333435059,0.47065281867980957,0.22667837142944336
17,12,245.4352204799652,-13097597.6,231.52850985527039,6.652467489242554,13.905810117721558,220.46062397956848,0.09917640686035156,0.46514391899108887,0.22440290451049805
17,13,262.75140380859375,-13103663.1,248.0680286884308,6.684813499450684,14.682446718215942,237.00314688682556,0.10077905654907227,0.46892404556274414,0.24096894264221191
17,14,260.71399426460266,-13102936.3,246.32408118247986,6.661365032196045,14.388725519180298,235.35928511619568,0.10087323188781738,0.44985127449035645,0.24666786193847656
17,15,264.66668581962585,-13104232.1,250.2635440826416,6.663913726806641,14.401926040649414,239.05006194114685,0.10107731819152832,0.4947364330291748,0.24238133430480957
17,16,258.8219816684723,-13103464.0,244.2765703201294,6.640573740005493,14.544175863265991,232.78577041625977,0.10083198547363281,0.4975006580352783,0.23063206672668457
17,17,256.79791283607483,-13103839.4,242.43333077430725,6.673394203186035,14.363369941711426,231.0646893978119,0.10113525390625,0.48679494857788086,0.22765254974365234
17,18,263.12515449523926,-13103322.3,248.78949666023254,6.6673829555511475,14.334391117095947,237.33317112922668,0.10093045234680176,0.5124425888061523,0.23882198333740234
17,19,260.36228799819946,-13102807.0,245.93702292442322,6.664301633834839,14.424063682556152,234.809552192688,0.10080838203430176,0.47849130630493164,0.23273396492004395
17,20,258.8937883377075,-13104933.4,244.6251585483551,6.659825325012207,14.267399311065674,233.67615485191345,0.10096907615661621,0.4666581153869629,0.24108409881591797
17,21,258.07217264175415,-13106479.9,243.69157910346985,6.654243230819702,14.3794105052948,232.7128381729126,0.1011049747467041,0.4580099582672119,0.2331240177154541
17,22,259.67049288749695,-13101115.7,245.2183313369751,6.83144474029541,14.450953722000122,234.12970495224,0.10190749168395996,0.4765615463256836,0.23647236824035645
17,23,257.74931168556213,-13106214.2,243.45146489143372,6.757761478424072,14.296831607818604,232.28429889678955,0.10198116302490234,0.4962327480316162,0.23757171630859375
17,24,257.87195587158203,-13103057.9,243.58852434158325,6.7035346031188965,14.282390117645264,232.3332347869873,0.10174155235290527,0.5070931911468506,0.2411797046661377
17,25,255.63970589637756,-13099351.1,241.24705004692078,6.632326126098633,14.391671180725098,230.0370831489563,0.10133528709411621,0.48476600646972656,0.2349386215209961
17,26,257.5347912311554,-13106785.3,243.29148507118225,6.648133754730225,14.24213194847107,231.98816442489624,0.10134291648864746,0.5011827945709229,0.23793983459472656
17,27,256.13308930397034,-13105076.2,241.84017848968506,6.624413251876831,14.291942358016968,230.75034976005554,0.10145258903503418,0.46901488304138184,0.22977805137634277
17,28,234.55794596672058,-13103395.5,220.2337200641632,6.624756336212158,14.323247194290161,209.24194979667664,0.09811663627624512,0.47449755668640137,0.21303081512451172
17,29,231.3904378414154,-13101182.0,217.5501856803894,6.647111177444458,13.8393394947052,206.48263883590698,0.09817814826965332,0.46123409271240234,0.2103433609008789
17,30,234.74223923683167,-13104811.5,221.00572109222412,6.666024208068848,13.73552942276001,209.5540566444397,0.0982964038848877,0.5051829814910889,0.2142345905303955
18,1,401.3200328350067,-32039741.6,368.2084801197052,6.985065937042236,33.10849213600159,341.268137216568,0.10986542701721191,0.6837904453277588,0.3507533073425293
18,2,400.2530691623688,-32038707.6,364.67994570732117,6.975450754165649,35.57007169723511,338.668372631073,0.10966944694519043,0.6497535705566406,0.3546438217163086
18,3,408.1911063194275,-32041400.2,370.6078953742981,7.005579710006714,37.57989549636841,344.2767596244812,0.10969161987304688,0.6363773345947266,0.38248753547668457
18,4,399.9233856201172,-32044852.4,362.38389325141907,6.976393938064575,37.536938190460205,335.36245465278625,0.1098623275756836,0.6852970123291016,0.3411870002746582
18,5,398.3555247783661,-32039813.6,361.8713426589966,6.834169149398804,36.481016397476196,335.11897921562195,0.10985159873962402,0.6794166564941406,0.3457157611846924
18,6,403.2709562778473,-32027677.2,366.50812816619873,6.83099102973938,36.76024389266968,340.0602560043335,0.11039352416992188,0.6890735626220703,0.3547964096069336
18,7,413.2762746810913,-32043378.0,377.35433077812195,6.836774110794067,35.9194393157959,351.2775444984436,0.11016297340393066,0.6550440788269043,0.3659050464630127
18,8,382.5164997577667,-32032099.6,346.7893249988556,6.811948299407959,35.72439503669739,320.3458149433136,0.09908175468444824,0.6525437831878662,0.3585386276245117
18,9,394.7006800174713,-32035113.2,359.68144631385803,6.829658508300781,35.01672124862671,333.2473304271698,0.10680198669433594,0.654167890548706,0.3288450241088867
18,10,412.07727670669556,-32046495.0,377.34793162345886,6.807025194168091,34.7266480922699,351.0038311481476,0.11036443710327148,0.6329712867736816,0.3582608699798584
18,11,405.55327892303467,-32045507.4,368.78554129600525,6.8273046016693115,36.764344215393066,342.5906150341034,0.11052155494689941,0.6526024341583252,0.3568568229675293
18,12,396.9550669193268,-32032276.4,360.71125841140747,6.844497203826904,36.24064373970032,334.1106286048889,0.11081790924072266,0.6739592552185059,0.332364559173584
18,13,413.50965309143066,-32036689.4,378.112087726593,6.821296691894531,35.39496421813965,351.7291798591614,0.11022400856018066,0.6366887092590332,0.36101794242858887
18,14,402.79864144325256,-32036790.8,366.5398178100586,6.8416428565979,36.255640268325806,340.2453782558441,0.11063814163208008,0.643441915512085,0.3413100242614746
18,15,396.790810585022,-32039352.8,361.6930103302002,6.8159239292144775,35.095296144485474,335.68661308288574,0.11025357246398926,0.6379709243774414,0.3441765308380127
18,16,374.1595878601074,-32032117.4,339.74197816848755,6.785102605819702,34.41510081291199,313.55335545539856,0.09830951690673828,0.6315577030181885,0.32331109046936035
18,17,374.4195387363434,-32041358.2,339.91783356666565,6.79278302192688,34.49923396110535,313.24366641044617,0.09834027290344238,0.6690044403076172,0.3230736255645752
18,18,374.05571818351746,-32036633.2,339.89750719070435,6.820538759231567,34.15570139884949,313.33820033073425,0.09859108924865723,0.6580820083618164,0.3230907917022705
18,19,383.2712481021881,-32037596.2,348.9655213356018,6.805944204330444,34.303218841552734,322.56634163856506,0.10021805763244629,0.662900447845459,0.3259725570678711
18,20,402.7436754703522,-32032236.6,366.19207191467285,6.835607290267944,36.54845309257507,339.75991916656494,0.1101846694946289,0.6482317447662354,0.3416862487792969
18,21,400.0664632320404,-32050814.4,364.23132705688477,6.831719636917114,35.8326051235199,337.7734799385071,0.10989928245544434,0.6582095623016357,0.3402822017669678
18,22,396.5662353038788,-32041469.6,360.68670868873596,6.844465017318726,35.87702226638794,334.2696433067322,0.11046791076660156,0.6493699550628662,0.33682990074157715
18,23,395.4907531738281,-32036937.4,360.6352798938751,6.858639240264893,34.85290813446045,333.27723383903503,0.11064267158508301,0.6907622814178467,0.3362863063812256
18,24,409.9223392009735,-32040115.0,374.07757353782654,6.837716102600098,35.84228277206421,347.5303285121918,0.11002993583679199,0.6688978672027588,0.3508281707763672
18,25,402.57239818573,-32037457.4,367.26832365989685,6.819051504135132,35.30155420303345,340.75389528274536,0.1103370189666748,0.643712043762207,0.34973788261413574
18,26,400.81423163414,-32040306.2,366.0591151714325,6.827464580535889,34.751959562301636,338.39665269851685,0.11029720306396484,0.7149374485015869,0.347736120223999
18,27,384.7251613140106,-32037700.0,349.72190499305725,6.816831111907959,35.000149965286255,323.2439138889313,0.10146808624267578,0.661186695098877,0.35332345962524414
18,28,376.74908685684204,-32037866.8,341.46868419647217,6.81283164024353,35.27731800079346,315.1530680656433,0.09833717346191406,0.653526782989502,0.32207298278808594
18,29,375.5872941017151,-32034599.2,340.5229232311249,6.7988739013671875,35.061301946640015,314.0966110229492,0.09846305847167969,0.6454432010650635,0.32094860076904297
18,30,374.4089012145996,-32038442.0,340.8674657344818,6.8028481006622314,33.53837704658508,314.8759307861328,0.09819293022155762,0.5851376056671143,0.32221198081970215
19,1,628.9843153953552,-78469334.4,544.2443053722382,7.175259351730347,84.73226833343506,476.5108551979065,0.16499018669128418,0.9873921871185303,1.858654499053955
19,2,624.2191879749298,-78473890.4,533.2214777469635,7.062600612640381,90.99122834205627,467.5638966560364,0.09958600997924805,0.9224667549133301,0.4911777973175049
19,3,656.1559212207794,-78479619.2,564.9939467906952,7.161778688430786,91.15606331825256,499.9114007949829,0.11291718482971191,0.913062334060669,0.48918581008911133
19,4,659.2476806640625,-78467093.6,566.5204508304596,7.108395099639893,92.7213032245636,500.80720233917236,0.11303186416625977,0.9897556304931641,0.5072102546691895
19,5,665.6122691631317,-78474936.0,571.7801954746246,6.929572105407715,93.82588410377502,503.99002861976624,0.11281490325927734,0.9417712688446045,0.5157146453857422
19,6,643.625102519989,-78469159.2,551.8723657131195,7.056214332580566,91.74671459197998,485.0382604598999,0.10485172271728516,0.9351544380187988,0.5146329402923584
19,7,664.846346616745,-78470352.8,571.9677879810333,7.052716970443726,92.87232661247253,506.01871705055237,0.11175084114074707,0.9285221099853516,0.5557882785797119
19,8,664.2943668365479,-78472740.0,566.6607882976532,7.059952020645142,97.62649869918823,496.2197449207306,0.11160850524902344,0.9942255020141602,0.5485043525695801
19,9,661.6251213550568,-78484608.0,565.6808595657349,7.080475330352783,95.9356300830841,495.2283606529236,0.11175775527954102,0.9841518402099609,0.5479848384857178
19,10,675.5984847545624,-78471274.4,580.5794258117676,7.094635725021362,95.0125241279602,513.4118466377258,0.11194205284118652,0.941835880279541,0.5684657096862793
19,11,654.6737515926361,-78479952.8,564.301118850708,7.267086982727051,90.36450982093811,496.62744188308716,0.16933798789978027,0.9441120624542236,1.9121580123901367
19,12,653.49263215065,-78473019.2,556.1599714756012,7.1369733810424805,97.32517075538635,490.1179835796356,0.1119387149810791,0.9328432083129883,0.5074985027313232
19,13,659.6946759223938,-78486524.8,561.2242574691772,7.176787853240967,98.46401882171631,494.48124957084656,0.11292147636413574,0.9293394088745117,0.5072708129882812
19,14,657.218416929245,-78474616.0,563.2109589576721,7.176321744918823,93.99945545196533,498.18100786209106,0.1124415397644043,0.8844170570373535,0.5245115756988525
19,15,667.3651649951935,-78470796.8,572.3181049823761,7.174537897109985,95.03939366340637,506.4414715766907,0.11321330070495605,0.9770040512084961,0.5327291488647461
19,16,658.2559423446655,-78475534.4,564.1752548217773,7.193994998931885,94.07454013824463,497.59198093414307,0.11341333389282227,1.032090425491333,0.5092315673828125
19,17,658.32346367836,-78487736.8,567.1133906841278,7.179255723953247,91.20227813720703,498.08946681022644,0.11352300643920898,1.1235392093658447,0.504662036895752
19,18,655.4731919765472,-78480397.6,561.0006065368652,7.176432132720947,94.46653914451599,495.28286576271057,0.11277055740356445,0.9224207401275635,0.4988420009613037
19,19,626.6137263774872,-78467491.2,537.3258564472198,7.313912391662598,89.28195023536682,470.7333264350891,0.10112738609313965,0.9653551578521729,0.48836278915405273
19,20,641.9013342857361,-78470693.6,551.3135998249054,7.267782211303711,90.5801112651825,485.112667798996,0.10173320770263672,0.9097247123718262,0.5095207691192627
19,21,629.1911821365356,-78482277.6,538.6839861869812,7.127764940261841,90.50133347511292,472.13532423973083,0.10164260864257812,0.9732062816619873,0.4814460277557373
19,22,629.4432563781738,-78479785.6,534.8109655380249,7.0704240798950195,94.6260290145874,467.999148607254,0.10103440284729004,0.9357032775878906,0.48903846740722656
19,23,626.815182685852,-78466816.8,537.6392533779144,7.1401145458221436,89.16973161697388,470.42778968811035,0.10120725631713867,0.9912979602813721,0.4789299964904785
19,24,626.7193229198456,-78468632.8,537.1286730766296,7.121185064315796,89.58279275894165,470.80818819999695,0.10038495063781738,0.9480631351470947,0.5216147899627686
19,25,624.6733479499817,-78470429.6,535.9108226299286,7.132601499557495,88.75472211837769,471.14365458488464,0.10130023956298828,0.9320082664489746,0.4897427558898926
19,26,625.4689741134644,-78477679.2,535.7067790031433,7.135243892669678,89.75605654716492,470.272305727005,0.10151410102844238,0.9376769065856934,0.4950900077819824
19,27,617.6350753307343,-78477028.8,528.2864644527435,7.137930870056152,89.34260725975037,464.2899556159973,0.10121273994445801,0.8878381252288818,0.47310328483581543
19,28,616.2341027259827,-78470731.2,526.440304517746,7.020034313201904,89.78781056404114,462.63949155807495,0.10230660438537598,0.8849897384643555,0.47350215911865234
19,29,626.0415680408478,-78466136.0,534.6115951538086,7.147423505783081,91.42387342453003,470.44696044921875,0.10073971748352051,0.9103715419769287,0.47658824920654297
19,30,624.7777855396271,-78463848.0,536.5408515930176,7.132956027984619,88.23094964027405,472.2432897090912,0.10170531272888184,0.9443306922912598,0.49564242362976074
20,1,1055.7352058887482,-193215945.6,811.6601853370667,7.449880361557007,244.0569064617157,673.1831147670746,0.16994190216064453,1.2101905345916748,2.2294435501098633
20,2,1023.4473915100098,-193190377.6,794.9984476566315,7.293936014175415,228.43157768249512,645.6965622901917,0.099639892578125,1.3302855491638184,0.694664716720581
20,3,1021.1956741809845,-193198868.8,806.0485167503357,7.304205894470215,215.13389253616333,644.683976650238,0.10003089904785156,1.3962020874023438,0.6736397743225098
20,4,1026.9958770275116,-193231449.6,802.8500220775604,7.33232569694519,224.1285891532898,658.1983540058136,0.09517383575439453,1.2491025924682617,0.6924467086791992
20,5,1013.0067932605743,-193206888.0,799.5276017189026,7.1659770011901855,213.46585631370544,649.5899276733398,0.09520864486694336,1.293851375579834,0.6520609855651855
20,6,1010.8524444103241,-193236251.2,793.9862589836121,7.0395495891571045,216.8527910709381,643.9928996562958,0.09765911102294922,1.247023582458496,0.6342012882232666
20,7,1033.8117072582245,-193224416.0,812.5694262981415,7.099293947219849,221.22420930862427,664.3380093574524,0.0994267463684082,1.2787303924560547,0.7061083316802979
20,8,1022.215815782547,-193222230.4,804.1087038516998,7.037435054779053,218.08948349952698,653.988007068634,0.09703969955444336,1.281973123550415,0.6735026836395264
20,9,1043.5893845558167,-193198774.4,817.5667560100555,7.083563566207886,226.00474548339844,667.6883170604706,0.10480880737304688,1.2431347370147705,0.6898858547210693
