k,s,total_time_seconds,best_log_likelihood,full_fit,gradient_gpu,init_cpu_gpu,mcmc_cpu,optimizer_gpu,transfer_pcie,warm_up_mcmc_cpu
1,1,4.249791860580444,-0.0004000663757324219,4.2486937046051025,2.899843454360962,0.001068115234375,1.0893685817718506,0.11023569107055664,0.09270954132080078,0.0010297298431396484
1,2,4.306437730789185,-0.0004000663757324219,4.30541205406189,2.910837411880493,0.0009958744049072266,1.1281764507293701,0.11406111717224121,0.0939474105834961,0.001064300537109375
1,3,3.533172369003296,0.0,3.5317025184631348,2.7096762657165527,0.0014216899871826172,0.46091222763061523,0.146834135055542,0.13823819160461426,0.00039839744567871094
1,4,3.50889253616333,0.0,3.507434129714966,2.6971118450164795,0.0014102458953857422,0.4549593925476074,0.1448359489440918,0.13558578491210938,0.0004115104675292969
1,5,3.455862045288086,0.0,3.4542901515960693,2.683181047439575,0.00153350830078125,0.4369230270385742,0.13737201690673828,0.12936902046203613,0.0004093647003173828
1,6,4.263146877288818,-0.0004000663757324219,4.262044429779053,2.9119346141815186,0.001071929931640625,1.0862376689910889,0.11258268356323242,0.09286808967590332,0.0016164779663085938
1,7,4.3488099575042725,-0.0004000663757324219,4.347719669342041,2.902618408203125,0.0010590553283691406,1.182992696762085,0.11195945739746094,0.0926969051361084,0.001180410385131836
1,8,3.5257701873779297,0.0,3.5244393348693848,2.706712484359741,0.001295328140258789,0.46083855628967285,0.14697933197021484,0.13852834701538086,0.00039076805114746094
1,9,3.527397394180298,0.0,3.526012420654297,2.707160711288452,0.0013434886932373047,0.4608423709869385,0.147263765335083,0.13794851303100586,0.0004131793975830078
1,10,4.3342180252075195,-0.0004000663757324219,4.3332438468933105,2.9100630283355713,0.0009391307830810547,1.1577262878417969,0.11435222625732422,0.09375143051147461,0.0009469985961914062
1,11,4.258820533752441,-0.0004000663757324219,4.257779359817505,2.9049882888793945,0.001012563705444336,1.0931193828582764,0.11043119430541992,0.09268069267272949,0.0010175704956054688
1,12,4.346197128295898,-0.0004000663757324219,4.345183372497559,2.8916306495666504,0.0009827613830566406,1.1944549083709717,0.11021542549133301,0.09253406524658203,0.001184701919555664
1,13,2.7944445610046387,-0.0004000663757324219,2.793466329574585,1.7767360210418701,0.0009558200836181641,0.8149950504302979,0.08512592315673828,0.07603073120117188,0.0008921623229980469
1,14,4.251313209533691,-0.0004000663757324219,4.250300168991089,2.897045135498047,0.0009860992431640625,1.089547872543335,0.11288976669311523,0.09350419044494629,0.0010352134704589844
1,15,3.538609743118286,0.0,3.537245988845825,2.718346357345581,0.0013270378112792969,0.46248435974121094,0.14671897888183594,0.13897967338562012,0.00039577484130859375
1,16,4.2736287117004395,-0.0004000663757324219,4.272545099258423,2.9032845497131348,0.001049041748046875,1.1018073558807373,0.11363673210144043,0.09327006340026855,0.001013040542602539
1,17,4.269104957580566,-0.0004000663757324219,4.268035411834717,2.9106674194335938,0.0010287761688232422,1.0902786254882812,0.11382699012756348,0.09398341178894043,0.0010344982147216797
1,18,4.253819942474365,-0.0004000663757324219,4.252807140350342,2.9032068252563477,0.0009849071502685547,1.089414119720459,0.1103200912475586,0.09307265281677246,0.0010237693786621094
1,19,3.5156290531158447,0.0,3.5142862796783447,2.700741767883301,0.0013070106506347656,0.46132326126098633,0.14380955696105957,0.1385042667388916,0.0004012584686279297
1,20,4.2457287311553955,-0.0004000663757324219,4.244726896286011,2.8933956623077393,0.0009739398956298828,1.092139482498169,0.11045074462890625,0.09264159202575684,0.0010237693786621094
1,21,4.31042218208313,-0.0004000663757324219,4.309319734573364,2.903905153274536,0.0010752677917480469,1.1389505863189697,0.11394858360290527,0.09440350532531738,0.0011057853698730469
1,22,4.1188249588012695,-0.0004000663757324219,4.117808818817139,2.804283857345581,0.0009796619415283203,1.0559971332550049,0.10794663429260254,0.09357237815856934,0.0010213851928710938
1,23,4.26435112953186,-0.0004000663757324219,4.263256549835205,2.9056999683380127,0.0010564327239990234,1.090545415878296,0.11311626434326172,0.0935201644897461,0.0010097026824951172
1,24,3.409710168838501,0.0,3.408337116241455,2.6343562602996826,0.0013346672058105469,0.43512558937072754,0.14163875579833984,0.13016057014465332,0.00039386749267578125
1,25,4.357715368270874,-0.0004000663757324219,4.356678485870361,2.894047260284424,0.0010058879852294922,1.1971015930175781,0.11298966407775879,0.09330344200134277,0.0011820793151855469
1,26,4.26328182220459,-0.0004000663757324219,4.262237548828125,2.9013137817382812,0.001005411148071289,1.097139835357666,0.11307334899902344,0.09347724914550781,0.0010161399841308594
1,27,4.2409937381744385,-0.0004000663757324219,4.239923000335693,2.890218734741211,0.0010342597961425781,1.0904741287231445,0.11034274101257324,0.09258747100830078,0.0010139942169189453
1,28,4.329321622848511,-0.0004000663757324219,4.328308582305908,2.8844165802001953,0.0009832382202148438,1.1856269836425781,0.10944318771362305,0.09224724769592285,0.001165151596069336
1,29,4.353479623794556,-0.0004000663757324219,4.352463483810425,2.894551992416382,0.000990152359008789,1.1983919143676758,0.10989713668823242,0.0928192138671875,0.0011477470397949219
1,30,4.35598087310791,-0.0004000663757324219,4.354968309402466,2.9004759788513184,0.0009853839874267578,1.1946191787719727,0.10995817184448242,0.09325766563415527,0.0011417865753173828
2,1,4.658288955688477,-5.530352592468262,4.657362937927246,2.8971571922302246,0.0009005069732666016,1.5389127731323242,0.09156656265258789,0.0803990364074707,0.0015459060668945312
2,2,4.70585036277771,-4.838960647583008,4.704896450042725,2.884073495864868,0.0009286403656005859,1.6017935276031494,0.0920875072479248,0.07855701446533203,0.0016336441040039062
2,3,4.244673490524292,-0.0004000663757324219,4.243664741516113,2.891793727874756,0.000982046127319336,1.0926380157470703,0.11041784286499023,0.09264087677001953,0.001008749008178711
2,4,4.478989601135254,-3.50988450050354,4.478028297424316,2.878391981124878,0.0009381771087646484,1.3786792755126953,0.09136414527893066,0.08162641525268555,0.0013971328735351562
2,5,5.2540061473846436,-7.791025161743164,5.253064870834351,2.82849383354187,0.0009174346923828125,2.2096259593963623,0.09044098854064941,0.07621335983276367,0.002173900604248047
2,6,4.474487543106079,-4.838961124420166,4.473562002182007,2.8965442180633545,0.0009021759033203125,1.3573215007781982,0.09046125411987305,0.08017563819885254,0.0014870166778564453
2,7,5.058799505233765,-6.9238104820251465,5.057847023010254,2.856236219406128,0.0009243488311767578,1.9850082397460938,0.09121203422546387,0.07663202285766602,0.0020461082458496094
2,8,5.227693557739258,-4.526303958892822,5.226759672164917,2.839308977127075,0.0009083747863769531,2.171360492706299,0.09081435203552246,0.07632708549499512,0.002162933349609375
2,9,4.300215005874634,-0.0004000663757324219,4.299207925796509,2.8965890407562256,0.0009799003601074219,1.1421823501586914,0.11026954650878906,0.09257102012634277,0.001068115234375
2,10,5.2870917320251465,-4.115541934967041,5.286151885986328,2.8152554035186768,0.00091552734375,2.2559218406677246,0.09091615676879883,0.0752410888671875,0.0022923946380615234
2,11,4.970190763473511,-7.791919231414795,4.969277381896973,2.805924654006958,0.0008900165557861328,1.9479756355285645,0.09086275100708008,0.07662034034729004,0.001980304718017578
2,12,4.364972352981567,-3.7933530807495117,4.364041805267334,2.876681327819824,0.0009045600891113281,1.2671477794647217,0.09110450744628906,0.08067822456359863,0.0012655258178710938
2,13,5.1511547565460205,-6.930006980895996,5.150205612182617,2.7841265201568604,0.0009238719940185547,2.148547649383545,0.09143424034118652,0.0767967700958252,0.0021042823791503906
2,14,5.132620811462402,-4.500598907470703,5.131690263748169,2.751528739929199,0.0009014606475830078,2.162607431411743,0.09158849716186523,0.07705068588256836,0.002210855484008789
2,15,4.656853914260864,-3.7156941890716553,4.655909538269043,2.7944164276123047,0.0009202957153320312,1.6404242515563965,0.09154033660888672,0.0813131332397461,0.0016829967498779297
2,16,4.6445839405059814,-6.195045471191406,4.6436567306518555,2.7858917713165283,0.0009036064147949219,1.638582468032837,0.09124922752380371,0.07968497276306152,0.0016474723815917969
2,17,3.5143723487854004,0.0,3.5130372047424316,2.6949448585510254,0.0012969970703125,0.46175432205200195,0.143890380859375,0.14148759841918945,0.0003948211669921875
2,18,4.844269752502441,-4.390779495239258,4.843347549438477,2.8208024501800537,0.0008985996246337891,1.8062984943389893,0.09111189842224121,0.0766751766204834,0.001997232437133789
2,19,4.318563938140869,-4.397591590881348,4.317627191543579,2.812363862991333,0.0009119510650634766,1.2837607860565186,0.09136652946472168,0.08213424682617188,0.0013451576232910156
2,20,4.921081304550171,-4.416009426116943,4.920161008834839,2.790806293487549,0.0008955001831054688,1.9107544422149658,0.09175705909729004,0.07845735549926758,0.0020172595977783203
2,21,4.747929811477661,-3.517460751533508,4.746991872787476,2.7957403659820557,0.0009145736694335938,1.7330145835876465,0.09090709686279297,0.07891678810119629,0.0017740726470947266
2,22,5.430102586746216,-7.774935722351074,5.429176092147827,2.7849841117858887,0.0009000301361083984,2.4269323348999023,0.09221720695495605,0.07635188102722168,0.0024089813232421875
2,23,5.304250955581665,-6.271464824676514,5.303328514099121,2.7908291816711426,0.0008983612060546875,2.2965970039367676,0.09060978889465332,0.07646989822387695,0.002354860305786133
2,24,5.0290234088897705,-4.27910041809082,5.028116703033447,2.778200626373291,0.0008826255798339844,2.034606456756592,0.09092259407043457,0.07564115524291992,0.0020461082458496094
2,25,4.901772975921631,-7.13002872467041,4.90083646774292,2.786881446838379,0.0009124279022216797,1.8975434303283691,0.09152102470397949,0.07686114311218262,0.0019145011901855469
2,26,5.274367809295654,-7.4208784103393555,5.273424863815308,2.787515878677368,0.0009195804595947266,2.2698521614074707,0.09116911888122559,0.07661914825439453,0.0022606849670410156
2,27,5.4779651165008545,-6.7343339920043945,5.477039575576782,2.7898061275482178,0.0009016990661621094,2.4705119132995605,0.09145808219909668,0.07646703720092773,0.0024292469024658203
2,28,5.165732145309448,-7.479312419891357,5.164792537689209,2.748161554336548,0.00091552734375,2.199960708618164,0.09165358543395996,0.07656693458557129,0.0021300315856933594
2,29,4.907797336578369,-7.5073771476745605,4.9068825244903564,2.787672758102417,0.0008914470672607422,1.9028279781341553,0.09163022041320801,0.07695960998535156,0.0016946792602539062
2,30,4.391268968582153,-4.7069262027740475,4.390085697174072,3.1415700912475586,0.0011556148529052734,0.9891691207885742,0.11018514633178711,0.09288144111633301,0.0009305477142333984
3,1,6.877715110778809,-20.74960536956787,6.876746654510498,2.9701623916625977,0.0009465217590332031,3.6885790824890137,0.09095597267150879,0.07669997215270996,0.00415349006652832
3,2,6.005810260772705,-15.336006164550781,6.004695892333984,2.9555470943450928,0.0010905265808105469,2.8309900760650635,0.09162330627441406,0.07637739181518555,0.0036187171936035156
3,3,7.154210329055786,-17.44154224395752,7.153208494186401,2.938000202178955,0.0009789466857910156,3.9960577487945557,0.0912771224975586,0.07710409164428711,0.004025459289550781
3,4,6.2350640296936035,-23.243474388122557,6.23400354385376,2.944364309310913,0.0010273456573486328,3.0728087425231934,0.09007740020751953,0.07664608955383301,0.0029714107513427734
3,5,9.103678464889526,-28.48847312927246,9.102656841278076,2.9534168243408203,0.0009870529174804688,5.927264451980591,0.09126734733581543,0.0770566463470459,0.006054401397705078
3,6,6.911910533905029,-25.467022132873534,6.910813331604004,2.955284833908081,0.0010652542114257812,3.735564947128296,0.0929861068725586,0.07646012306213379,0.003866434097290039
3,7,6.094782114028931,-16.655710220336914,6.093719720840454,2.961052417755127,0.001020669937133789,2.9115493297576904,0.09284472465515137,0.07675790786743164,0.0041348934173583984
3,8,6.92721700668335,-22.382381439208984,6.926233530044556,2.9595956802368164,0.0009515285491943359,3.7457315921783447,0.0930166244506836,0.07683467864990234,0.003829479217529297
3,9,6.233566522598267,-17.123745918273926,6.2325873374938965,2.964137315750122,0.0009472370147705078,3.0524682998657227,0.0890810489654541,0.07696223258972168,0.0031769275665283203
3,10,6.1224446296691895,-21.63519401550293,6.12146520614624,2.9511234760284424,0.0009458065032958984,2.9500603675842285,0.09183049201965332,0.07816910743713379,0.0029430389404296875
3,11,6.4746763706207275,-20.65643444061279,6.473689794540405,2.9586191177368164,0.0009527206420898438,3.298078775405884,0.08960890769958496,0.07706117630004883,0.0036754608154296875
3,12,6.001118898391724,-14.825397491455078,6.000130653381348,2.9600601196289062,0.0009534358978271484,2.821639060974121,0.09138846397399902,0.07645082473754883,0.003840923309326172
3,13,7.864091873168945,-27.087582969665526,7.863088369369507,2.9621834754943848,0.0009701251983642578,4.68009877204895,0.09123873710632324,0.07691049575805664,0.004714488983154297
3,14,6.57046103477478,-22.918153953552245,6.569443225860596,2.9585933685302734,0.0009839534759521484,3.3939783573150635,0.09048247337341309,0.07663488388061523,0.0033855438232421875
3,15,7.221813678741455,-21.596687698364256,7.220821380615234,2.9536502361297607,0.0009601116180419922,4.048554420471191,0.09031367301940918,0.07688188552856445,0.004329681396484375
3,16,7.456929922103882,-17.66978931427002,7.455958127975464,2.951176404953003,0.0009398460388183594,4.287900686264038,0.08917117118835449,0.07679629325866699,0.004526376724243164
3,17,7.521913051605225,-25.635240936279295,7.5209245681762695,2.943896770477295,0.00095367431640625,4.3619303703308105,0.08778595924377441,0.07728910446166992,0.004303932189941406
3,18,6.141547441482544,-18.738523483276367,6.140580177307129,2.940868616104126,0.0009338855743408203,2.9871466159820557,0.08683156967163086,0.07664918899536133,0.003295421600341797
3,19,6.1386590003967285,-17.632416343688966,6.13755464553833,2.9397828578948975,0.0010709762573242188,2.9850711822509766,0.08706808090209961,0.0765831470489502,0.0034208297729492188
3,20,6.224083185195923,-17.88130931854248,6.223109006881714,2.9367995262145996,0.0009415149688720703,3.073761463165283,0.08690690994262695,0.07667922973632812,0.003335714340209961
3,21,5.839531183242798,-19.482106590270995,5.838433504104614,2.935389518737793,0.0010671615600585938,2.691298484802246,0.08666086196899414,0.07649683952331543,0.002819061279296875
3,22,6.885354042053223,-21.62087001800537,6.884384393692017,2.9372270107269287,0.0009334087371826172,3.7334389686584473,0.0871741771697998,0.07679271697998047,0.0040378570556640625
3,23,6.861578702926636,-14.494311332702637,6.860581636428833,2.9409334659576416,0.0009629726409912109,3.703364849090576,0.08818387985229492,0.07695436477661133,0.005063295364379883
3,24,5.129071950912476,-12.822280502319336,5.128108739852905,2.9372658729553223,0.0009300708770751953,1.977734088897705,0.08728575706481934,0.07699728012084961,0.002605915069580078
3,25,6.5031960010528564,-22.74504909515381,6.502216577529907,2.941272258758545,0.0009441375732421875,3.3463878631591797,0.08839535713195801,0.07695603370666504,0.0034799575805664062
3,26,6.405003786087036,-21.258262825012206,6.4040069580078125,2.966543436050415,0.0009641647338867188,3.218968391418457,0.09074616432189941,0.07734322547912598,0.0033102035522460938
3,27,8.180777549743652,-25.720101165771485,8.179759502410889,2.9606361389160156,0.0009839534759521484,4.9973883628845215,0.0909125804901123,0.07839727401733398,0.005136251449584961
3,28,7.1466286182403564,-17.758754158020018,7.145633697509766,2.9386889934539795,0.0009622573852539062,3.992769479751587,0.08724570274353027,0.07679343223571777,0.004302501678466797
3,29,7.225823640823364,-25.40277805328369,7.224843263626099,2.947094202041626,0.0009477138519287109,4.062217712402344,0.08783602714538574,0.07726097106933594,0.004335880279541016
3,30,6.0463643074035645,-17.387294578552247,6.045400381088257,2.941237449645996,0.0009303092956542969,2.8918297290802,0.08682823181152344,0.07664823532104492,0.003203868865966797
4,1,10.33057713508606,-74.5520851135254,10.329469680786133,3.122954845428467,0.0010750293731689453,6.989372491836548,0.0869758129119873,0.07651019096374512,0.0077817440032958984
4,2,9.680009365081787,-67.00099067687988,9.6789231300354,3.0387213230133057,0.001062631607055664,6.425167798995972,0.08899116516113281,0.07532262802124023,0.006643772125244141
4,3,8.997353076934814,-69.67501296997071,8.996193647384644,3.2699663639068604,0.0011336803436279297,5.506658554077148,0.0922236442565918,0.07534909248352051,0.005707979202270508
4,4,11.79989218711853,-86.45722122192383,11.798762559890747,3.217313528060913,0.0011072158813476562,8.363688707351685,0.08942794799804688,0.07513642311096191,0.00827789306640625
4,5,11.182722330093384,-74.3854606628418,11.181569814682007,3.256275177001953,0.0011277198791503906,7.701769590377808,0.09430217742919922,0.0748600959777832,0.007728099822998047
4,6,10.481684923171997,-60.651690292358396,10.48050045967102,3.233800172805786,0.001154184341430664,7.02897047996521,0.08951902389526367,0.07565617561340332,0.007493495941162109
4,7,10.225122213363647,-56.389377212524415,10.224055290222168,3.229233503341675,0.001043081283569336,6.777736186981201,0.08913016319274902,0.07583141326904297,0.007315635681152344
4,8,9.897887468338013,-54.06499481201172,9.896813154220581,3.233478546142578,0.001049041748046875,6.4484734535217285,0.08840775489807129,0.07482218742370605,0.007102489471435547
4,9,9.404252529144287,-62.197753524780275,9.40319561958313,3.223287343978882,0.0010328292846679688,5.966108560562134,0.08804917335510254,0.07482004165649414,0.006278038024902344
4,10,12.211913347244263,-75.60316772460938,12.21077847480774,3.2202112674713135,0.0011086463928222656,8.773914098739624,0.08831667900085449,0.07455158233642578,0.009043455123901367
4,11,9.435444831848145,-49.57352256774902,9.434337854385376,3.2408652305603027,0.001081228256225586,5.974239110946655,0.09118008613586426,0.07569384574890137,0.006536960601806641
4,12,10.037393569946289,-50.47808837890625,10.036291122436523,3.2362284660339355,0.001077890396118164,6.580701112747192,0.09133291244506836,0.07527017593383789,0.007359743118286133
4,13,11.015777111053467,-81.4137565612793,11.014631748199463,3.148496627807617,0.0011110305786132812,7.643672704696655,0.09183454513549805,0.07621335983276367,0.0075702667236328125
4,14,10.671807289123535,-79.54081115722656,10.670698881149292,3.1530511379241943,0.0010759830474853516,7.294205904006958,0.09196352958679199,0.07733535766601562,0.007184505462646484
4,15,9.451307535171509,-62.37817039489746,9.449919939041138,3.152466058731079,0.0013539791107177734,6.073224067687988,0.09232425689697266,0.07770133018493652,0.006545066833496094
4,16,9.282238006591797,-80.49951858520508,9.281034708023071,3.1402580738067627,0.0011713504791259766,5.919338226318359,0.09155392646789551,0.07723760604858398,0.005942583084106445
4,17,10.164491176605225,-73.0574562072754,10.163372993469238,3.1396923065185547,0.0010786056518554688,6.80009388923645,0.0921940803527832,0.0772099494934082,0.0067920684814453125
4,18,11.478490352630615,-70.5309844970703,11.477357864379883,3.141120195388794,0.0011000633239746094,8.112900018692017,0.09122133255004883,0.07714986801147461,0.008237600326538086
4,19,9.273803472518921,-55.889502716064456,9.272744417190552,3.145382881164551,0.0010259151458740234,5.905673503875732,0.09092092514038086,0.0776512622833252,0.006043195724487305
4,20,9.832725763320923,-64.91853752136231,9.831647157669067,3.1521568298339844,0.0010459423065185547,6.4570698738098145,0.09175825119018555,0.07707810401916504,0.006738901138305664
4,21,9.358270406723022,-67.4230972290039,9.3571617603302,3.165285587310791,0.0010833740234375,5.970609188079834,0.09106564521789551,0.0765695571899414,0.007688760757446289
4,22,10.343703031539917,-69.21060409545899,10.342563390731812,3.153723955154419,0.0011055469512939453,6.959566354751587,0.09690737724304199,0.07755017280578613,0.006849527359008789
4,23,8.874582052230835,-65.04575576782227,8.87333345413208,3.1450510025024414,0.001226186752319336,5.501648664474487,0.09648418426513672,0.07687973976135254,0.0055348873138427734
4,24,8.866096019744873,-50.56162948608399,8.864952325820923,3.141597270965576,0.0011186599731445312,5.494637489318848,0.09616804122924805,0.07703733444213867,0.006067514419555664
4,25,10.11007308959961,-59.0013313293457,10.10886836051941,3.143991470336914,0.0011780261993408203,6.734308242797852,0.0975806713104248,0.07718515396118164,0.0073604583740234375
4,26,10.105618953704834,-64.83715209960937,10.104496955871582,3.141252279281616,0.0010962486267089844,6.733801603317261,0.09749698638916016,0.07715582847595215,0.0067996978759765625
4,27,9.474745035171509,-69.84292068481446,9.473577737808228,3.1420233249664307,0.001142263412475586,6.1053102016448975,0.09586358070373535,0.07674026489257812,0.0060842037200927734
4,28,9.914371013641357,-67.58733749389648,9.913204431533813,2.44893217086792,0.0011324882507324219,7.248051404953003,0.09030485153198242,0.07552981376647949,0.008547782897949219
4,29,12.043647766113281,-74.1221824645996,12.042511701583862,3.13948655128479,0.0011017322540283203,8.678488731384277,0.09157967567443848,0.07662653923034668,0.008704662322998047
4,30,11.120146989822388,-84.5531135559082,11.1189866065979,3.1416823863983154,0.0011222362518310547,7.755110025405884,0.0909261703491211,0.07634925842285156,0.00788426399230957
5,1,14.943089008331299,-197.0928207397461,14.941720962524414,3.350999355316162,0.001332998275756836,11.36380124092102,0.09182262420654297,0.07708597183227539,0.011199474334716797
5,2,15.48284649848938,-162.67499542236328,15.481448650360107,3.354008197784424,0.0013649463653564453,11.899976015090942,0.09117794036865234,0.07696294784545898,0.012363195419311523
5,3,14.350343465805054,-164.52655029296875,14.349036455154419,3.340660333633423,0.001271963119506836,10.78410530090332,0.09027242660522461,0.07648658752441406,0.010919809341430664
5,4,15.806480169296265,-214.54877624511718,15.805008888244629,3.351426362991333,0.0014369487762451172,12.226080894470215,0.09155607223510742,0.07711625099182129,0.012184619903564453
5,5,13.816669464111328,-170.58646697998046,13.815321922302246,3.3302254676818848,0.0013065338134765625,10.261297225952148,0.09024930000305176,0.07651925086975098,0.010300397872924805
5,6,15.722256898880005,-184.97983093261718,15.720913887023926,3.3475959300994873,0.0013065338134765625,12.14524221420288,0.09143257141113281,0.07720398902893066,0.012542247772216797
5,7,14.403775691986084,-216.9699691772461,14.402047395706177,3.3423104286193848,0.0016937255859375,10.834866046905518,0.09084057807922363,0.07669496536254883,0.010655641555786133
5,8,14.957939386367798,-209.2158645629883,14.956591844558716,3.4246985912323,0.0013217926025390625,11.307253122329712,0.09218168258666992,0.07538318634033203,0.011383056640625
5,9,12.183724164962769,-192.96859130859374,12.182438373565674,2.4922611713409424,0.0012574195861816406,9.481592178344727,0.08540225028991699,0.07462239265441895,0.009501457214355469
5,10,13.370556592941284,-230.19876708984376,13.369127750396729,2.482605457305908,0.0014050006866455078,10.675701379776001,0.0854942798614502,0.07494306564331055,0.010667562484741211
5,11,13.11803650856018,-179.12590942382812,13.116742849349976,3.3290090560913086,0.0012693405151367188,9.561836242675781,0.0941460132598877,0.07564020156860352,0.009307861328125
5,12,14.405552625656128,-219.16026000976564,14.40413761138916,3.428861141204834,0.0013871192932128906,10.751489877700806,0.09242796897888184,0.07447290420532227,0.010938167572021484
5,13,14.681777715682983,-212.87740631103514,14.68040657043457,3.401745319366455,0.0013430118560791016,11.051401376724243,0.0934598445892334,0.07607293128967285,0.010851621627807617
5,14,14.349490880966187,-188.64547576904297,14.34819507598877,3.340369939804077,0.0012698173522949219,10.781879663467407,0.09296846389770508,0.07561850547790527,0.010699272155761719
5,15,13.46442985534668,-183.30434875488282,13.463073015213013,3.3363304138183594,0.0013315677642822266,9.901724338531494,0.09319186210632324,0.07584786415100098,0.0097503662109375
5,16,13.944578409194946,-201.1880615234375,13.943264484405518,3.352816343307495,0.001287698745727539,10.364803314208984,0.09296560287475586,0.07583260536193848,0.010294437408447266
5,17,15.419753789901733,-192.13330688476563,15.418360233306885,3.4064807891845703,0.0013685226440429688,11.78596019744873,0.09207606315612793,0.07585334777832031,0.011756181716918945
5,18,12.569270610809326,-188.26586151123047,12.567973375320435,3.3362274169921875,0.0012717247009277344,9.00700855255127,0.09319400787353516,0.07605457305908203,0.008779525756835938
5,19,14.408473491668701,-203.25157012939454,14.407064437866211,3.3327105045318604,0.0013835430145263672,10.847432613372803,0.09348535537719727,0.0760660171508789,0.010680198669433594
5,20,13.362664699554443,-196.6427261352539,13.36122465133667,3.4369592666625977,0.0014026165008544922,9.700411319732666,0.09202194213867188,0.07506799697875977,0.009686470031738281
5,21,12.503888368606567,-178.04103088378906,12.502474546432495,3.442713737487793,0.0013887882232666016,8.836354732513428,0.0930938720703125,0.07523179054260254,0.008786439895629883
5,22,12.028201818466187,-123.76325454711915,12.026937246322632,3.4296324253082275,0.0012395381927490234,8.369511604309082,0.0954444408416748,0.07622909545898438,0.008941650390625
5,23,15.2648286819458,-188.6079528808594,15.263375997543335,3.4489269256591797,0.0014257431030273438,11.584955930709839,0.09467601776123047,0.07543253898620605,0.01254129409790039
5,24,12.570467948913574,-182.78538360595704,12.569087028503418,3.4361953735351562,0.0013544559478759766,8.90921950340271,0.09243202209472656,0.07590365409851074,0.009027481079101562
5,25,13.920926332473755,-196.10118560791017,13.919456243515015,3.4335427284240723,0.0014450550079345703,10.260905742645264,0.09077835083007812,0.07600784301757812,0.010335445404052734
5,26,13.462823390960693,-194.09743957519532,13.461375713348389,3.4240665435791016,0.0014204978942871094,9.814878702163696,0.09104251861572266,0.07592892646789551,0.009766340255737305
5,27,14.80068564414978,-218.9203674316406,14.799233675003052,3.3223185539245605,0.001425027847290039,11.250161170959473,0.09203934669494629,0.07642316818237305,0.01113128662109375
5,28,12.99377703666687,-203.45516815185547,12.992359161376953,3.313802719116211,0.0013909339904785156,9.453717231750488,0.09216642379760742,0.07717347145080566,0.009297370910644531
5,29,13.703027248382568,-173.16737060546876,13.701619625091553,3.3516845703125,0.0013813972473144531,10.125284910202026,0.09131145477294922,0.07632040977478027,0.01010584831237793
5,30,15.314493894577026,-209.07538452148438,15.31255578994751,3.2950682640075684,0.001901388168334961,11.78690791130066,0.09386801719665527,0.0770108699798584,0.011945724487304688
6,1,7.442884206771851,-28.768498802185057,7.441817998886108,3.10667085647583,0.0010323524475097656,4.110629558563232,0.09348011016845703,0.0776681900024414,0.004584550857543945
6,2,6.823545932769775,-16.989129257202148,6.822502136230469,2.9503161907196045,0.0010080337524414062,3.646916151046753,0.09528350830078125,0.07736492156982422,0.004454374313354492
6,3,7.445970058441162,-34.94258918762207,7.4449303150177,3.146714210510254,0.00101470947265625,4.079043865203857,0.09304308891296387,0.07530760765075684,0.004168987274169922
6,4,7.535682201385498,-17.183588981628418,7.534577131271362,2.9397971630096436,0.0010807514190673828,4.375048398971558,0.09324097633361816,0.07547545433044434,0.00470423698425293
6,5,8.769134044647217,-24.552916717529296,8.768109321594238,3.1705753803253174,0.0009992122650146484,5.373337030410767,0.09478306770324707,0.07665514945983887,0.005596637725830078
6,6,7.267991304397583,-15.311620712280273,7.266989231109619,2.9547653198242188,0.0009768009185791016,4.091000318527222,0.09407711029052734,0.07576656341552734,0.004209280014038086
6,7,7.37598729133606,-27.491640853881837,7.374994277954102,3.1440036296844482,0.00096893310546875,4.009758472442627,0.09439492225646973,0.0753476619720459,0.004709720611572266
6,8,8.789237260818481,-23.34222278594971,8.788224458694458,3.131427049636841,0.000988006591796875,5.435059547424316,0.09237289428710938,0.0766453742980957,0.005662679672241211
6,9,7.5529396533966064,-15.72342414855957,7.5518479347229,2.93802809715271,0.001066446304321289,4.392601490020752,0.0930793285369873,0.07614803314208984,0.004616975784301758
6,10,7.868984222412109,-28.210614967346192,7.86798620223999,3.1324591636657715,0.0009739398956298828,4.515486001968384,0.09227728843688965,0.07601523399353027,0.005295515060424805
6,11,8.07076358795166,-28.326580238342284,8.069746494293213,3.1198205947875977,0.0009906291961669922,4.727919578552246,0.09348154067993164,0.07593178749084473,0.005265235900878906
6,12,7.245363235473633,-19.648156356811523,7.244394302368164,2.9425225257873535,0.0009450912475585938,4.082947015762329,0.09253573417663574,0.07606101036071777,0.004151582717895508
6,13,7.740025281906128,-26.45328712463379,7.738998651504517,3.1603293418884277,0.0009996891021728516,4.3575379848480225,0.09400701522827148,0.07551288604736328,0.004596710205078125
6,14,8.100276470184326,-29.578917503356934,8.099254846572876,3.137324810028076,0.0009975433349609375,4.73800253868103,0.09563565254211426,0.07613539695739746,0.005171537399291992
6,15,7.740939617156982,-21.409497833251955,7.739893198013306,2.9623477458953857,0.0010194778442382812,4.553455114364624,0.09541702270507812,0.07641744613647461,0.005075931549072266
6,16,8.247550010681152,-25.424588012695313,8.2465078830719,3.156552791595459,0.0010116100311279297,4.864684581756592,0.09537959098815918,0.0768578052520752,0.005151987075805664
6,17,7.936875343322754,-22.114547538757325,7.935748100280762,3.1311428546905518,0.0011034011840820312,4.579545259475708,0.09578943252563477,0.07682681083679199,0.004923820495605469
6,18,6.977987289428711,-27.032002639770507,6.976875066757202,3.124577283859253,0.0010752677917480469,3.6241238117218018,0.09869599342346191,0.07610392570495605,0.003798961639404297
6,19,6.778089761734009,-17.375363922119142,6.777087926864624,2.956627130508423,0.0009672641754150391,3.598525285720825,0.09297490119934082,0.0770871639251709,0.004479169845581055
6,20,7.333357810974121,-20.37077407836914,7.332354545593262,2.954660654067993,0.0009686946868896484,4.15558385848999,0.09288954734802246,0.07739758491516113,0.0044097900390625
6,21,8.126906871795654,-21.33613739013672,8.125906944274902,2.9632389545440674,0.0009675025939941406,4.93848180770874,0.09337830543518066,0.07793283462524414,0.005223274230957031
6,22,8.78045392036438,-25.47245044708252,8.779288291931152,3.198026180267334,0.0011305809020996094,5.3581132888793945,0.09333944320678711,0.07708978652954102,0.0055119991302490234
6,23,7.31113600730896,-30.570192909240724,7.310061693191528,3.154902219772339,0.0010406970977783203,3.9341659545898438,0.09277462959289551,0.07652974128723145,0.004485368728637695
6,24,9.021328449249268,-27.51639003753662,9.02031946182251,3.1374943256378174,0.00098419189453125,5.6574015617370605,0.09444642066955566,0.07712936401367188,0.005828380584716797
6,25,7.428769111633301,-25.977850723266602,7.4276416301727295,3.123089075088501,0.0011031627655029297,4.0844197273254395,0.0932319164276123,0.07576656341552734,0.004639387130737305
6,26,7.948169708251953,-24.338358688354493,7.947150230407715,3.1169135570526123,0.0009963512420654297,4.609097719192505,0.09337854385375977,0.07592582702636719,0.005081892013549805
6,27,7.5871546268463135,-25.231468963623048,7.586154222488403,3.128124475479126,0.0009770393371582031,4.238179683685303,0.09262394905090332,0.07602143287658691,0.004609346389770508
6,28,8.245072841644287,-32.60324401855469,8.24393892288208,3.1177003383636475,0.0011086463928222656,4.906398057937622,0.09243249893188477,0.07620096206665039,0.004992246627807617
6,29,7.342308044433594,-27.11958827972412,7.341291666030884,3.119199275970459,0.000993490219116211,4.001979827880859,0.09287548065185547,0.07631969451904297,0.004409313201904297
6,30,8.121666193008423,-24.02559337615967,8.120665788650513,3.127405881881714,0.0009756088256835938,4.772967338562012,0.09271836280822754,0.07609367370605469,0.0051076412200927734
7,1,16.785564184188843,-266.21385803222654,16.784035444259644,3.527397871017456,0.0015044212341308594,13.026995658874512,0.09307146072387695,0.07606768608093262,0.014283180236816406
7,2,16.773123025894165,-267.4021240234375,16.771571159362793,3.52089786529541,0.0015270709991455078,13.022860050201416,0.09219980239868164,0.07619261741638184,0.013338804244995117
7,3,16.78757405281067,-241.26725006103516,16.786041736602783,3.511942148208618,0.0015070438385009766,13.045055627822876,0.09249544143676758,0.07618188858032227,0.014151334762573242
7,4,15.239527940750122,-263.35667724609374,15.238001108169556,3.5075273513793945,0.0015020370483398438,11.503319501876831,0.09290933609008789,0.07567620277404785,0.012226104736328125
7,5,15.745792150497437,-234.16726379394532,15.744283199310303,3.5165255069732666,0.001483917236328125,11.999894618988037,0.09283709526062012,0.0759878158569336,0.01299905776977539
7,6,16.621235132217407,-263.3458953857422,16.619672536849976,3.5831615924835205,0.0015368461608886719,12.808302402496338,0.09319925308227539,0.07567739486694336,0.013115167617797852
7,7,17.937777757644653,-247.456396484375,17.936218976974487,3.573636531829834,0.0015332698822021484,14.13303256034851,0.09324264526367188,0.07541060447692871,0.014770746231079102
7,8,17.169273614883423,-227.43333892822267,17.16776132583618,3.532099723815918,0.0014865398406982422,13.405297994613647,0.09349966049194336,0.07588791847229004,0.01422119140625
7,9,15.783455610275269,-269.3255889892578,15.781903743743896,3.536351203918457,0.0015170574188232422,12.016941785812378,0.09321427345275879,0.07619500160217285,0.012785673141479492
7,10,15.420010328292847,-251.93050842285157,15.418531894683838,3.525775194168091,0.0014541149139404297,11.664666891098022,0.09329032897949219,0.0757606029510498,0.01233530044555664
7,11,18.2706937789917,-255.3015930175781,18.269168376922607,3.5038344860076904,0.0015006065368652344,14.534345388412476,0.09334874153137207,0.07558417320251465,0.015242338180541992
7,12,16.729818105697632,-245.3917449951172,16.72826647758484,3.542879343032837,0.0015270709991455078,12.955380916595459,0.09314227104187012,0.07637786865234375,0.013924121856689453
7,13,17.019047498703003,-238.4966598510742,17.017521142959595,3.544684886932373,0.0015015602111816406,13.243319749832153,0.0931401252746582,0.07638192176818848,0.013691425323486328
7,14,16.919513463974,-271.9081695556641,16.917980670928955,3.577192544937134,0.0015087127685546875,13.112292051315308,0.09330129623413086,0.07596206665039062,0.013152360916137695
7,15,16.803850173950195,-270.1261383056641,16.802276849746704,3.6380207538604736,0.0015454292297363281,12.902972221374512,0.09787464141845703,0.09934806823730469,0.013103246688842773
7,16,14.383886814117432,-273.883154296875,14.382229328155518,2.662325859069824,0.0016326904296875,11.503198623657227,0.08769631385803223,0.0756521224975586,0.012528657913208008
7,17,15.379268407821655,-267.0106597900391,15.377608060836792,3.6853768825531006,0.0016355514526367188,11.461615800857544,0.09542369842529297,0.0762791633605957,0.011998891830444336
7,18,16.32302761077881,-283.6741088867187,16.32118535041809,3.5438528060913086,0.0018162727355957031,12.548482656478882,0.0936124324798584,0.07593941688537598,0.01295328140258789
7,19,17.20529007911682,-226.6960464477539,17.203742742538452,3.5805983543395996,0.0015227794647216797,13.39054560661316,0.0939788818359375,0.07729434967041016,0.014575958251953125
7,20,16.27435541152954,-269.5971252441406,16.272820472717285,3.5882725715637207,0.0015118122100830078,12.453012228012085,0.09442782402038574,0.07706999778747559,0.013306140899658203
7,21,16.318787813186646,-247.61089019775392,16.317288637161255,3.564701795578003,0.001474618911743164,12.516737699508667,0.0968935489654541,0.07787299156188965,0.013708829879760742
7,22,17.94130277633667,-243.71186065673828,17.93971037864685,3.57131028175354,0.0015668869018554688,14.12823224067688,0.09669804573059082,0.08029723167419434,0.014809846878051758
7,23,17.602706909179688,-238.56942901611328,17.601069450378418,3.5661487579345703,0.0016112327575683594,13.795804500579834,0.09793615341186523,0.07862567901611328,0.014497041702270508
7,24,15.50460934638977,-262.9618316650391,15.503027439117432,2.7074217796325684,0.0015573501586914062,12.577235698699951,0.08950996398925781,0.0756380558013916,0.013377189636230469
7,25,14.882543802261353,-245.9231399536133,14.880955219268799,2.7096738815307617,0.0015645027160644531,11.95363450050354,0.08871722221374512,0.07597517967224121,0.012941837310791016
7,26,14.784327983856201,-268.13319091796876,14.78280758857727,2.7733538150787354,0.0014951229095458984,11.78688383102417,0.09138798713684082,0.07643651962280273,0.013266563415527344
7,27,16.477976322174072,-236.94463348388672,16.47631525993347,3.5475282669067383,0.0016350746154785156,12.692381620407104,0.09829425811767578,0.07689189910888672,0.013423681259155273
7,28,16.969820499420166,-244.53883666992186,16.96824812889099,3.5688908100128174,0.0015459060668945312,13.163649797439575,0.09733891487121582,0.07694363594055176,0.014016866683959961
7,29,15.689719438552856,-270.1397705078125,15.688156604766846,2.7451508045196533,0.0015385150909423828,12.721216917037964,0.08991432189941406,0.07783913612365723,0.013718128204345703
7,30,16.271628379821777,-224.03072509765624,16.270097732543945,3.533928155899048,0.0014967918395996094,12.500252962112427,0.09680366516113281,0.07786273956298828,0.01345682144165039
8,1,15.870055198669434,-3462.336572265625,15.864766120910645,3.9746720790863037,0.005254507064819336,11.660645246505737,0.09238576889038086,0.07788920402526855,0.011931896209716797
8,2,15.52464771270752,-3422.56083984375,15.51877760887146,3.9522829055786133,0.005835056304931641,11.33417010307312,0.09449172019958496,0.07846641540527344,0.011354923248291016
8,3,15.753349781036377,-3404.82021484375,15.747596263885498,3.93859601020813,0.0057277679443359375,11.580655813217163,0.09409546852111816,0.07619214057922363,0.011712074279785156
8,4,15.668697357177734,-3469.85458984375,15.663530349731445,3.9363911151885986,0.005141258239746094,11.498763799667358,0.09395337104797363,0.07655167579650879,0.011491060256958008
8,5,16.062624216079712,-3436.10302734375,16.057361364364624,3.971097469329834,0.005235910415649414,11.852560758590698,0.09703660011291504,0.07755804061889648,0.01202082633972168
8,6,15.1155526638031,-3392.4294921875,15.10968017578125,3.124171018600464,0.005847930908203125,11.770162582397461,0.08646345138549805,0.07685422897338867,0.01234889030456543
8,7,15.383031606674194,-3436.561572265625,15.377375602722168,3.870997190475464,0.0056302547454833984,11.276487827301025,0.09444022178649902,0.07729291915893555,0.01114654541015625
8,8,16.03562903404236,-3389.63779296875,16.03049612045288,3.9318175315856934,0.0051081180572509766,11.869565963745117,0.09408998489379883,0.07643604278564453,0.012072086334228516
8,9,14.715761423110962,-3431.96416015625,14.710623979568481,3.1033811569213867,0.005113124847412109,11.39580225944519,0.0852658748626709,0.07527351379394531,0.011935710906982422
8,10,14.864858150482178,-3441.1198974609374,14.859055519104004,3.0884227752685547,0.005776882171630859,11.559274673461914,0.08521175384521484,0.0752570629119873,0.011932849884033203
8,11,14.025052070617676,-3512.02529296875,14.019320726394653,3.111835241317749,0.005706310272216797,10.696043252944946,0.08569622039794922,0.07575488090515137,0.011049270629882812
8,12,14.726596593856812,-3437.9248046875,14.721400737762451,3.12180233001709,0.005171060562133789,11.387534379959106,0.08547401428222656,0.07555222511291504,0.011836767196655273
8,13,14.790124654769897,-3444.16181640625,14.78499698638916,3.1248977184295654,0.005103111267089844,11.446812629699707,0.08681988716125488,0.07576560974121094,0.011518001556396484
8,14,15.02258586883545,-3410.158203125,15.016721248626709,3.1175782680511475,0.0058362483978271484,11.68268895149231,0.08815741539001465,0.07616758346557617,0.012038230895996094
8,15,15.426266431808472,-3421.548876953125,15.42069673538208,3.759857416152954,0.00552678108215332,11.431612968444824,0.0935678482055664,0.07774686813354492,0.011574983596801758
8,16,15.84072232246399,-3405.090380859375,15.835557699203491,3.989931344985962,0.0051343441009521484,11.620112657546997,0.09125757217407227,0.07653260231018066,0.012029886245727539
8,17,15.48908257484436,-3549.987939453125,15.483927011489868,3.965973377227783,0.005118131637573242,11.285176515579224,0.09506964683532715,0.07833504676818848,0.011246681213378906
8,18,15.474245071411133,-3472.861328125,15.46839714050293,3.9303395748138428,0.005811929702758789,11.308854579925537,0.09183764457702637,0.07835578918457031,0.011935710906982422
8,19,15.760788917541504,-3460.9577880859374,15.75482726097107,3.9260401725769043,0.005929470062255859,11.59283971786499,0.09656739234924316,0.07805562019348145,0.012102603912353516
8,20,15.653740882873535,-3419.1727294921875,15.648531436920166,3.9472415447235107,0.005173683166503906,11.465028524398804,0.0969839096069336,0.07804393768310547,0.011592626571655273
8,21,14.289085149765015,-3484.7236572265624,14.283862113952637,3.0387797355651855,0.005196809768676758,11.036682367324829,0.08383655548095703,0.07451391220092773,0.01146841049194336
8,22,15.786532402038574,-3410.9324951171875,15.780889987945557,3.932541847229004,0.005615949630737305,11.617539882659912,0.09351301193237305,0.07857918739318848,0.011830329895019531
8,23,15.579025745391846,-3484.737060546875,15.573314428329468,3.978516101837158,0.005683422088623047,11.362136125564575,0.0967402458190918,0.07717275619506836,0.011855363845825195
8,24,15.72097635269165,-3454.050634765625,15.715720176696777,4.024155616760254,0.0052182674407958984,11.462383508682251,0.09384894371032715,0.07665705680847168,0.011799812316894531
8,25,16.315285444259644,-3336.8443359375,16.31010627746582,3.9553380012512207,0.005151987075805664,12.116945743560791,0.09902787208557129,0.07817339897155762,0.01241302490234375
8,26,15.74202299118042,-3468.23388671875,15.736227989196777,3.949735403060913,0.005766153335571289,11.548929691314697,0.09798431396484375,0.07817864418029785,0.012393951416015625
8,27,15.553268194198608,-3463.2525390625,15.547507286071777,3.9517407417297363,0.005725860595703125,11.362062692642212,0.09723901748657227,0.07751059532165527,0.011506795883178711
8,28,15.641322135925293,-3431.785693359375,15.636062622070312,3.972465753555298,0.0052301883697509766,11.422879934310913,0.0990912914276123,0.08230304718017578,0.011358976364135742
8,29,15.484697341918945,-3445.763330078125,15.479603290557861,3.95200777053833,0.005070209503173828,11.297422409057617,0.09488630294799805,0.07694268226623535,0.011585235595703125
8,30,15.891347885131836,-3429.844287109375,15.885761976242065,3.96008563041687,0.0055582523345947266,11.693044662475586,0.0963890552520752,0.0770730972290039,0.011905431747436523
9,1,19.530221462249756,-8985.57021484375,19.519306182861328,4.147407293319702,0.010886192321777344,15.13037371635437,0.09871673583984375,0.07831001281738281,0.015477180480957031
9,2,20.165903568267822,-8873.21416015625,20.15465235710144,4.159584283828735,0.011222124099731445,15.754562139511108,0.09842252731323242,0.07803988456726074,0.016320466995239258
9,3,19.906296014785767,-8928.72041015625,19.89518117904663,4.155096054077148,0.01108860969543457,15.500960350036621,0.09816503524780273,0.07799410820007324,0.015880584716796875
9,4,19.77283501625061,-8856.32841796875,19.761629581451416,4.171467542648315,0.011160135269165039,15.351149320602417,0.09577155113220215,0.07943034172058105,0.015783071517944336
9,5,19.752859592437744,-9009.23134765625,19.74153447151184,4.1643383502960205,0.011277198791503906,15.338094472885132,0.09663033485412598,0.07899236679077148,0.015969514846801758
9,6,20.10321545600891,-8900.65224609375,20.091604948043823,4.157698154449463,0.011574745178222656,15.694186687469482,0.09645843505859375,0.07947230339050293,0.016134262084960938
9,7,19.84489631652832,-8907.88212890625,19.833800554275513,4.142981290817261,0.011063814163208008,15.451401948928833,0.09667158126831055,0.07922029495239258,0.01564311981201172
9,8,20.116142988204956,-8794.57236328125,20.105029344558716,4.150275468826294,0.011083841323852539,15.718899488449097,0.09555482864379883,0.07776618003845215,0.01563096046447754
9,9,19.441234588623047,-8929.6357421875,19.43005347251892,4.156216859817505,0.011153221130371094,15.039349555969238,0.09463763236999512,0.07774233818054199,0.015435934066772461
9,10,19.478872537612915,-9013.35712890625,19.467803478240967,4.145113468170166,0.011041641235351562,15.089748620986938,0.09349417686462402,0.07742023468017578,0.015211820602416992
9,11,19.937797784805298,-8832.0068359375,19.927008152008057,4.125156879425049,0.010760068893432617,15.566728115081787,0.09503793716430664,0.07753872871398926,0.015753507614135742
9,12,19.904659271240234,-8878.8328125,19.893503427505493,4.17057991027832,0.011126995086669922,15.487617492675781,0.09480929374694824,0.07789850234985352,0.015926361083984375
9,13,19.580921411514282,-8883.2818359375,19.56957459449768,4.164929628372192,0.011318445205688477,15.16982102394104,0.09523320198059082,0.07735371589660645,0.015167713165283203
9,14,19.686062574386597,-8869.44970703125,19.67466115951538,4.208446741104126,0.011372089385986328,15.223570823669434,0.09921598434448242,0.07944917678833008,0.01618337631225586
9,15,20.142443656921387,-8893.66298828125,20.131025552749634,4.193279981613159,0.011388778686523438,15.696234941482544,0.09840273857116699,0.07845687866210938,0.01607537269592285
9,16,20.13734769821167,-8869.33515625,20.12630867958069,4.232003927230835,0.011007308959960938,15.656713485717773,0.09550118446350098,0.07868719100952148,0.015599489212036133
9,17,19.2447988986969,-8931.977734375,19.233826875686646,4.139835596084595,0.010938167572021484,14.860398292541504,0.0941762924194336,0.07782292366027832,0.015157938003540039
9,18,19.647501468658447,-8989.09609375,19.636739253997803,4.126626968383789,0.010734081268310547,15.276069641113281,0.09449267387390137,0.07706332206726074,0.015529394149780273
9,19,19.779986143112183,-8904.7896484375,19.769286394119263,4.151646614074707,0.010670661926269531,15.382485151290894,0.09472823143005371,0.07770419120788574,0.015632152557373047
9,20,19.450373888015747,-8952.97470703125,19.43956422805786,4.137662649154663,0.010782003402709961,15.068304061889648,0.09415221214294434,0.07726669311523438,0.015354633331298828
9,21,20.37976098060608,-8871.38115234375,20.36891222000122,4.146753549575806,0.010821342468261719,15.986493587493896,0.0956733226776123,0.07720947265625,0.016141891479492188
9,22,18.811839818954468,-8861.28955078125,18.801353693008423,3.3341195583343506,0.01045989990234375,15.244673490524292,0.0895841121673584,0.07736730575561523,0.015644311904907227
9,23,19.993834257125854,-8904.331640625,19.983294010162354,4.156952381134033,0.010512590408325195,15.587840557098389,0.09746313095092773,0.07802820205688477,0.01562356948852539
9,24,19.591603755950928,-8878.59052734375,19.580843210220337,4.151197671890259,0.010730266571044922,15.191497087478638,0.09742903709411621,0.07823872566223145,0.015376091003417969
9,25,19.948843002319336,-8895.50224609375,19.938130378723145,4.156844615936279,0.010685443878173828,15.541096687316895,0.09851264953613281,0.07804584503173828,0.015774965286254883
9,26,19.503638744354248,-8945.6013671875,19.49288058280945,4.167715072631836,0.010729551315307617,15.08634328842163,0.09786629676818848,0.07834768295288086,0.015232324600219727
9,27,20.242408990859985,-8835.68388671875,20.231823682785034,4.153926372528076,0.010555028915405273,15.838101863861084,0.0983419418334961,0.07794356346130371,0.016109943389892578
9,28,19.997862815856934,-8813.956640625,19.98675036430359,4.169398307800293,0.011083602905273438,15.577624797821045,0.09831929206848145,0.07823538780212402,0.015753984451293945
9,29,20.654118299484253,-8882.530859375,20.64327883720398,4.157118082046509,0.010809183120727539,16.247740030288696,0.09672713279724121,0.07835268974304199,0.016093969345092773
9,30,20.02708387374878,-8804.721875,20.0162410736084,4.1562416553497314,0.010813236236572266,15.619961023330688,0.0984640121459961,0.07789826393127441,0.01628422737121582
10,1,26.534218788146973,-22771.3265625,26.511488676071167,4.344050645828247,0.022696733474731445,21.91963291168213,0.09818553924560547,0.07948637008666992,0.022823572158813477
10,2,26.136118173599243,-22783.959375,26.112329244613647,4.351527214050293,0.023756742477416992,21.514312028884888,0.0973961353302002,0.07960820198059082,0.021985292434692383
10,3,26.3615825176239,-22739.0517578125,26.338377952575684,4.325219631195068,0.023169517517089844,21.766137838363647,0.0971226692199707,0.07949590682983398,0.0223541259765625
10,4,26.178539514541626,-22974.341015625,26.156227827072144,4.361816883087158,0.022264719009399414,21.548922300338745,0.0939185619354248,0.08160591125488281,0.021939992904663086
10,5,26.34605622291565,-22608.586328125,26.323220252990723,4.343966007232666,0.022803306579589844,21.73300528526306,0.09614109992980957,0.07934784889221191,0.021932601928710938
10,6,26.265325784683228,-22746.8162109375,26.242788791656494,4.312796592712402,0.022498607635498047,21.68964457511902,0.09112119674682617,0.0802147388458252,0.02220892906188965
10,7,31.497196197509766,-22673.335546875,30.51827621459961,4.8345794677734375,0.9788849353790283,23.750917196273804,0.15659356117248535,0.22682976722717285,1.4787745475769043
10,8,29.560354232788086,-22648.201953125,29.534309148788452,4.6693620681762695,0.025999069213867188,24.453360557556152,0.10001492500305176,0.21777081489562988,0.024770498275756836
10,9,28.805575132369995,-22688.9548828125,28.77968144416809,4.665859699249268,0.025862455368041992,23.699279308319092,0.10003113746643066,0.2208576202392578,0.023845195770263672
10,10,29.712284803390503,-22598.65546875,29.687098741531372,4.671104431152344,0.025155067443847656,24.585498094558716,0.10004568099975586,0.24048519134521484,0.025022506713867188
10,11,28.31786823272705,-22888.88984375,28.29273796081543,4.671073913574219,0.025098800659179688,23.20818853378296,0.10040473937988281,0.22752046585083008,0.0232546329498291
10,12,28.75133776664734,-23085.8669921875,28.725757837295532,4.7240965366363525,0.02554917335510254,23.59306526184082,0.10145378112792969,0.221146821975708,0.0236513614654541
10,13,28.312464237213135,-22826.909375,28.287561655044556,4.6696836948394775,0.0248715877532959,23.197529315948486,0.10122537612915039,0.234055757522583,0.023737192153930664
10,14,28.926706790924072,-22778.121484375,28.90095591545105,4.678462743759155,0.02571415901184082,23.792885541915894,0.10242462158203125,0.2348165512084961,0.02392578125
10,15,28.748505353927612,-22730.9630859375,28.723325967788696,4.68777060508728,0.025133371353149414,23.56873321533203,0.10298848152160645,0.2724113464355469,0.023809194564819336
10,16,28.647188901901245,-22678.012109375,28.622446537017822,4.677027940750122,0.02470541000366211,23.539944648742676,0.10267257690429688,0.2148449420928955,0.02359628677368164
10,17,28.863054513931274,-22578.5708984375,28.836787462234497,4.707063674926758,0.026232004165649414,23.733500242233276,0.10300612449645996,0.20735478401184082,0.023843765258789062
10,18,28.905452013015747,-22717.428125,28.879472494125366,4.6910083293914795,0.025946855545043945,23.75050640106201,0.1027061939239502,0.24790000915527344,0.0240633487701416
10,19,28.760849475860596,-22733.0134765625,28.735301733016968,4.68218207359314,0.025516986846923828,23.64585280418396,0.10272049903869629,0.21729350090026855,0.02396416664123535
10,20,28.414883136749268,-22892.6044921875,28.38987684249878,4.711105823516846,0.024975061416625977,23.250465869903564,0.10298895835876465,0.24483418464660645,0.023686647415161133
10,21,28.519649982452393,-22746.878515625,28.4943950176239,4.712811470031738,0.025212526321411133,23.389280796051025,0.10351777076721191,0.19685888290405273,0.023534297943115234
10,22,28.371809244155884,-23114.2001953125,28.346399545669556,4.708289861679077,0.025378942489624023,23.22450613975525,0.10330986976623535,0.22823858261108398,0.023355484008789062
10,23,28.501503705978394,-22789.21640625,28.47641897201538,4.619929790496826,0.025052547454833984,23.47023296356201,0.10314106941223145,0.19295263290405273,0.023698806762695312
10,24,27.929558753967285,-22719.291796875,27.904391050338745,4.35849666595459,0.025134563446044922,23.10450792312622,0.10228395462036133,0.2537691593170166,0.02346181869506836
10,25,28.342676401138306,-23048.5650390625,28.317336559295654,4.566605091094971,0.025306224822998047,23.327364683151245,0.10248708724975586,0.23671412467956543,0.023505449295043945
10,26,28.42997694015503,-22816.38515625,28.40448021888733,4.651214361190796,0.025466203689575195,23.35090947151184,0.10269761085510254,0.21327471733093262,0.023621082305908203
10,27,28.403813123703003,-22800.0234375,28.37888240814209,4.720721960067749,0.024899005889892578,23.205243825912476,0.10296487808227539,0.262890100479126,0.02383112907409668
10,28,29.855891227722168,-22568.95,29.83025097846985,4.716567754745483,0.02560901641845703,24.698192358016968,0.10319638252258301,0.22651076316833496,0.02479410171508789
10,29,31.083432912826538,-22644.9974609375,30.09200620651245,4.828039169311523,0.9913926124572754,23.448938369750977,0.15755200386047363,0.22435665130615234,1.3668708801269531
10,30,28.38609004020691,-22740.85234375,28.25625491142273,4.716428756713867,0.12980103492736816,23.13340926170349,0.10261869430541992,0.21904611587524414,0.023471355438232422
11,1,42.07752275466919,-57456.277734375,42.02188992500305,4.906146764755249,0.05559873580932617,36.69353675842285,0.10378217697143555,0.21895098686218262,0.038278818130493164
11,2,41.48093342781067,-57734.79921875,41.42374587059021,4.901002407073975,0.05715370178222656,36.08940815925598,0.10377764701843262,0.23030376434326172,0.038155555725097656
11,3,41.609944581985474,-57628.161328125,41.55317425727844,4.897952556610107,0.05673074722290039,36.24993848800659,0.10521888732910156,0.2015373706817627,0.03737354278564453
11,4,41.523483753204346,-57811.98828125,41.46734142303467,4.913861036300659,0.05610346794128418,36.11473321914673,0.10462546348571777,0.23746490478515625,0.037520408630371094
11,5,42.31444025039673,-57537.61953125,42.25778675079346,4.88686466217041,0.05661892890930176,36.9493408203125,0.10413908958435059,0.21600818634033203,0.038320302963256836
11,6,41.09786081314087,-57824.423828125,41.041378021240234,4.882179498672485,0.056448936462402344,35.74249053001404,0.10427331924438477,0.21385622024536133,0.037801265716552734
11,7,41.54039812088013,-57508.444921875,41.484540700912476,4.6389994621276855,0.05582404136657715,36.43240213394165,0.10306358337402344,0.21600723266601562,0.037969112396240234
11,8,41.750977993011475,-57382.78125,41.69448518753052,4.893022537231445,0.056458473205566406,36.391279220581055,0.1042635440826416,0.20857787132263184,0.03760242462158203
11,9,41.08608436584473,-57849.390625,41.02967286109924,4.8495330810546875,0.05637693405151367,35.75421118736267,0.10405802726745605,0.22534489631652832,0.03741002082824707
11,10,41.12983322143555,-57672.531640625,41.073776960372925,4.812204122543335,0.05602264404296875,35.858468770980835,0.10435366630554199,0.19957208633422852,0.037122249603271484
11,11,41.373472452163696,-57620.7125,41.31620717048645,4.886398792266846,0.057230472564697266,36.01769185066223,0.10471415519714355,0.2052607536315918,0.03739285469055176
11,12,40.77333855628967,-57633.48046875,40.71714639663696,4.884856700897217,0.05615592002868652,35.402103662490845,0.10439562797546387,0.22748589515686035,0.03705263137817383
11,13,41.005067586898804,-58047.104296875,40.76080298423767,4.898719787597656,0.24422526359558105,35.46358370780945,0.10281825065612793,0.19933676719665527,0.03698921203613281
11,14,41.48096823692322,-57669.01328125,41.42558145523071,4.906339406967163,0.05534553527832031,36.10455393791199,0.1027531623840332,0.20878005027770996,0.03800487518310547
11,15,41.152193784713745,-57679.041015625,41.098461866378784,4.903178930282593,0.05369734764099121,35.74876928329468,0.1024923324584961,0.2470097541809082,0.037088871002197266
11,16,41.655627489089966,-57676.611328125,41.60136032104492,4.911093473434448,0.05423283576965332,36.2753221988678,0.10311746597290039,0.21170377731323242,0.037976741790771484
11,17,41.651850938797,-57302.46875,41.5981228351593,4.896505832672119,0.05368924140930176,36.29015874862671,0.10216975212097168,0.2077503204345703,0.03751659393310547
11,18,40.691126108169556,-58028.99296875,40.63725757598877,4.913466215133667,0.05382823944091797,35.305450201034546,0.1024634838104248,0.21848559379577637,0.036647796630859375
11,19,41.79727649688721,-57676.95234375,41.74262070655823,4.908270597457886,0.05461931228637695,36.4122850894928,0.10307884216308594,0.21095037460327148,0.03818774223327637
11,20,40.81146574020386,-57781.129296875,40.755131244659424,4.889943361282349,0.05630159378051758,35.447027921676636,0.10271620750427246,0.21786856651306152,0.03634190559387207
11,21,41.49491739273071,-57706.26328125,41.43874931335449,4.883196592330933,0.05613422393798828,36.13817262649536,0.10237336158752441,0.21610331535339355,0.0373988151550293
11,22,42.00133657455444,-57519.01796875,41.94547629356384,4.9036781787872314,0.05582404136657715,36.633427143096924,0.10271763801574707,0.20545172691345215,0.03828167915344238
11,23,41.43903994560242,-57635.037109375,41.384220361709595,4.904819011688232,0.054782867431640625,36.0683057308197,0.10229706764221191,0.208482027053833,0.03768157958984375
11,24,41.16174602508545,-57582.519921875,41.10621619224548,4.87646746635437,0.05549311637878418,35.80929899215698,0.10266685485839844,0.22084927558898926,0.037090301513671875
11,25,41.50681114196777,-57561.36875,41.45144748687744,4.876757383346558,0.05532503128051758,36.16957235336304,0.10239386558532715,0.20439481735229492,0.037429094314575195
11,26,41.26990985870361,-57856.921875,41.013566732406616,4.888580083847046,0.2563042640686035,35.71135592460632,0.10358524322509766,0.21392607688903809,0.03746771812438965
11,27,41.16697812080383,-57920.42109375,41.11162781715393,4.88581919670105,0.05530285835266113,35.81660795211792,0.10331559181213379,0.20815563201904297,0.03757882118225098
11,28,40.937994956970215,-57939.242578125,40.88326644897461,4.89045524597168,0.0546879768371582,35.574097633361816,0.10283160209655762,0.21697378158569336,0.03740572929382324
11,29,41.604572772979736,-57601.627734375,41.55085492134094,4.890332937240601,0.053682565689086914,36.2534875869751,0.10269546508789062,0.20541024208068848,0.03776049613952637
11,30,41.52650856971741,-57563.536328125,41.47214102745056,4.888974905014038,0.054329872131347656,36.168853759765625,0.10465264320373535,0.2160015106201172,0.03743433952331543
12,1,60.782153606414795,-143463.5171875,60.65966057777405,5.1577746868133545,0.1224522590637207,55.07394337654114,0.10513091087341309,0.20519328117370605,0.058774471282958984
12,2,59.80629205703735,-144340.7453125,59.678510665893555,5.144282341003418,0.12773776054382324,54.08311128616333,0.10487890243530273,0.22861409187316895,0.05731606483459473
12,3,59.85058307647705,-144451.26875,59.72128963470459,5.153717756271362,0.12924432754516602,54.10951328277588,0.10490584373474121,0.23494911193847656,0.05672740936279297
12,4,60.193485736846924,-144014.7859375,60.06473398208618,5.154120206832886,0.12870573997497559,54.48608350753784,0.10486984252929688,0.2022714614868164,0.05818295478820801
12,5,59.38491368293762,-144640.9296875,59.05557107925415,5.148919582366943,0.3292968273162842,53.47246265411377,0.10500764846801758,0.2128007411956787,0.057483673095703125
12,6,59.714054107666016,-144193.609375,59.58918738365173,5.176532983779907,0.12482690811157227,53.98243021965027,0.10541677474975586,0.20505428314208984,0.05786895751953125
12,7,60.22560214996338,-144184.2484375,60.101497650146484,5.190629005432129,0.12406396865844727,54.46850275993347,0.10537457466125488,0.21576809883117676,0.0583796501159668
12,8,60.25337314605713,-144080.2421875,60.13013052940369,5.1437177658081055,0.1232004165649414,54.548492431640625,0.1048731803894043,0.21877408027648926,0.05869102478027344
12,9,60.453638553619385,-144385.559375,60.32860827445984,5.139076471328735,0.12498211860656738,54.759507179260254,0.10370755195617676,0.20528340339660645,0.05802798271179199
12,10,59.88372611999512,-144236.4765625,59.756290912628174,5.146820545196533,0.12738728523254395,54.154168128967285,0.10351443290710449,0.23347997665405273,0.058218955993652344
12,11,60.31575655937195,-143972.784375,59.99265718460083,5.150820970535278,0.32305908203125,54.396530628204346,0.1047511100769043,0.22153949737548828,0.05808591842651367
12,12,60.41259431838989,-144385.3171875,60.28845739364624,5.098515510559082,0.12409591674804688,54.769739389419556,0.1045684814453125,0.19779229164123535,0.05934500694274902
12,13,59.25211191177368,-144278.940625,59.12802171707153,4.683806657791138,0.12404799461364746,54.0098819732666,0.10273027420043945,0.21650362014770508,0.056708574295043945
12,14,60.38231444358826,-143877.54375,60.25743556022644,5.076593637466431,0.12483835220336914,54.746277809143066,0.1041865348815918,0.21336627006530762,0.05857276916503906
12,15,61.17609691619873,-143944.9859375,61.05154466629028,5.165919542312622,0.1245112419128418,55.43859362602234,0.10454988479614258,0.22191309928894043,0.05859947204589844
12,16,60.43215870857239,-143904.8765625,60.13359618186951,5.153151273727417,0.29851794242858887,54.54364085197449,0.10489702224731445,0.2143847942352295,0.057485342025756836
12,17,59.219207525253296,-144508.1375,59.095388412475586,5.139072895050049,0.12377691268920898,53.5336127281189,0.10470914840698242,0.2029402256011963,0.05687713623046875
12,18,60.51843023300171,-144102.6234375,60.39232611656189,5.144604444503784,0.12606191635131836,54.8112690448761,0.1047811508178711,0.21254587173461914,0.05780935287475586
12,19,60.02003812789917,-143951.7640625,59.89597678184509,5.1367082595825195,0.12401556968688965,54.30831050872803,0.1042933464050293,0.2299480438232422,0.05698561668395996
12,20,60.597073793411255,-144088.24375,60.31301712989807,5.14346718788147,0.2840137481689453,54.73378372192383,0.10520052909851074,0.20974278450012207,0.0583643913269043
12,21,59.620179176330566,-144360.24375,59.495261430740356,5.051425218582153,0.1248784065246582,53.99821615219116,0.1045217514038086,0.22573566436767578,0.05747842788696289
12,22,60.796382904052734,-143938.203125,60.67128300666809,5.1649370193481445,0.12505578994750977,55.0721800327301,0.10551881790161133,0.2108910083770752,0.05938839912414551
12,23,59.937944412231445,-144437.2859375,59.811506271362305,5.161121845245361,0.12639451026916504,54.21167206764221,0.10494065284729004,0.21556305885314941,0.05803823471069336
12,24,60.26762413978577,-144275.921875,60.14051818847656,5.095322132110596,0.12706398963928223,54.60762143135071,0.10477852821350098,0.2123551368713379,0.058838844299316406
12,25,59.53775405883789,-144336.2015625,59.410056591033936,5.031581401824951,0.1276564598083496,53.94846558570862,0.10462450981140137,0.2088308334350586,0.0575559139251709
12,26,60.09845781326294,-144274.3109375,59.771990060806274,5.039766788482666,0.32642197608947754,54.301599740982056,0.10475969314575195,0.20917701721191406,0.05708622932434082
12,27,60.51273465156555,-143899.9828125,60.38850784301758,5.147709131240845,0.12418341636657715,54.80806922912598,0.10561347007751465,0.21064424514770508,0.05866861343383789
12,28,59.65147137641907,-144425.9390625,59.52713108062744,5.143507719039917,0.12429118156433105,53.94116401672363,0.10496783256530762,0.21965241432189941,0.05738687515258789
12,29,60.53934955596924,-143651.3953125,60.41350555419922,5.166046380996704,0.12580037117004395,54.81503105163574,0.10531234741210938,0.20882940292358398,0.05808401107788086
12,30,59.7936692237854,-144190.334375,59.6693549156189,5.092134714126587,0.12426567077636719,54.13384437561035,0.10512566566467285,0.2222592830657959,0.05723381042480469
13,1,86.93474316596985,-354993.778125,86.44873833656311,5.409801244735718,0.4859473705291748,80.55645322799683,0.10512375831604004,0.22920870780944824,0.08763408660888672
13,2,86.06384539604187,-355413.734375,85.77792453765869,5.140620231628418,0.2858622074127197,80.15666770935059,0.10400128364562988,0.22528362274169922,0.0869903564453125
13,3,87.31626081466675,-354958.5,87.0217444896698,5.412809133529663,0.29445958137512207,81.12916350364685,0.10560059547424316,0.22559475898742676,0.08847689628601074
13,4,86.22165870666504,-355706.284375,85.68858671188354,5.415544271469116,0.5330162048339844,79.78715825080872,0.10576295852661133,0.231642484664917,0.08739900588989258
13,5,86.2999837398529,-355629.3875,86.00707173347473,5.473992109298706,0.2928581237792969,80.04769849777222,0.10594916343688965,0.23132991790771484,0.08643221855163574
13,6,86.34548234939575,-355409.11875,86.05647444725037,5.432517766952515,0.2889556884765625,80.15428686141968,0.10585236549377441,0.21688628196716309,0.08799242973327637
13,7,86.33311700820923,-355611.878125,86.03686857223511,5.425455331802368,0.29619503021240234,80.12079095840454,0.10550117492675781,0.23721718788146973,0.08803510665893555
13,8,85.65708255767822,-356327.78125,85.10031723976135,5.392163515090942,0.5567073822021484,79.24384427070618,0.10541582107543945,0.21297717094421387,0.08488631248474121
13,9,86.26584315299988,-355275.41875,85.97136306762695,5.414984941482544,0.2944166660308838,80.09292793273926,0.10518336296081543,0.21286392211914062,0.08706235885620117
13,10,86.15884971618652,-355844.46875,85.69661927223206,5.420617580413818,0.4621741771697998,79.80673694610596,0.10546302795410156,0.2167055606842041,0.0863192081451416
13,11,86.51247334480286,-355445.09375,86.22318053245544,5.416302442550659,0.28923487663269043,80.31893110275269,0.10583853721618652,0.23192977905273438,0.08617472648620605
13,12,85.98120403289795,-355622.625,85.50257325172424,5.391568422317505,0.4785735607147217,79.64595746994019,0.10533738136291504,0.2174696922302246,0.08594799041748047
13,13,86.42727780342102,-355127.9625,86.13393950462341,5.402564525604248,0.29327988624572754,80.26040005683899,0.10484433174133301,0.2176065444946289,0.08599543571472168
13,14,86.77286100387573,-355100.284375,86.48138952255249,5.384345531463623,0.2914116382598877,80.63285303115845,0.10187005996704102,0.21563100814819336,0.08744406700134277
13,15,86.53630471229553,-355668.58125,86.23861336708069,5.251234292984009,0.2976365089416504,80.51495289802551,0.10341072082519531,0.22510290145874023,0.08678817749023438
13,16,86.34594941139221,-355433.20625,85.77561497688293,5.356960773468018,0.5702788829803467,79.952641248703,0.10367751121520996,0.21797442436218262,0.08606433868408203
13,17,87.2893340587616,-355549.809375,87.00254154205322,5.393875360488892,0.28673887252807617,81.14132833480835,0.10367131233215332,0.21872329711914062,0.08777093887329102
13,18,85.55045914649963,-355823.04375,85.26681804656982,5.432369947433472,0.2835845947265625,79.3638563156128,0.10520076751708984,0.22017717361450195,0.08670544624328613
13,19,86.46464800834656,-355173.5125,85.94457674026489,5.39042067527771,0.5200092792510986,80.09237480163574,0.10498356819152832,0.21152377128601074,0.08757829666137695
13,20,86.39928793907166,-355472.909375,85.95850729942322,5.408334255218506,0.44072484970092773,80.06562995910645,0.10489630699157715,0.2326664924621582,0.08749008178710938
13,21,85.67534255981445,-355783.5,85.38613843917847,5.41202712059021,0.28914833068847656,79.51055335998535,0.10547709465026855,0.213531494140625,0.0868384838104248
13,22,85.80041074752808,-355703.421875,85.51062321662903,5.364715576171875,0.28972625732421875,79.66949415206909,0.10413527488708496,0.2220456600189209,0.0878458023071289
13,23,86.74192428588867,-354881.978125,86.211905002594,5.380001068115234,0.5299606323242188,80.36171793937683,0.10387825965881348,0.22017192840576172,0.08858489990234375
13,24,86.10823607444763,-355542.275,85.81613302230835,5.42403769493103,0.2920417785644531,79.9083948135376,0.1059577465057373,0.2308177947998047,0.08586692810058594
13,25,86.84023070335388,-354962.45,86.55356001853943,5.418169260025024,0.28661346435546875,80.64688515663147,0.10503387451171875,0.2351682186126709,0.08733749389648438
13,26,87.3379590511322,-354894.178125,86.83910131454468,5.409531831741333,0.49880003929138184,80.96862506866455,0.10415291786193848,0.21233391761779785,0.08796381950378418
13,27,86.29201030731201,-355719.625,86.00491619110107,5.4256744384765625,0.2870357036590576,80.11349129676819,0.10434150695800781,0.21390008926391602,0.08700919151306152
13,28,86.34319519996643,-355396.884375,85.86672163009644,5.417114734649658,0.4764101505279541,79.97558403015137,0.10507750511169434,0.22180795669555664,0.08619213104248047
13,29,86.27417159080505,-355127.1375,85.98130536079407,5.423483848571777,0.2928144931793213,80.0667941570282,0.10528802871704102,0.23404240608215332,0.08608412742614746
13,30,86.351078748703,-355531.871875,85.8900625705719,5.410415887832642,0.46095943450927734,80.00631070137024,0.10525679588317871,0.2205517292022705,0.08762383460998535
14,1,124.23436498641968,-886978.775,123.32420754432678,5.744549989700317,0.9100782871246338,117.02762055397034,0.10531449317932129,0.25648975372314453,0.12833452224731445
14,2,124.45056915283203,-886800.10625,123.72261452674866,5.782409429550171,0.7278759479522705,117.37776637077332,0.10635066032409668,0.2623317241668701,0.12960481643676758
14,3,124.98161268234253,-886171.425,123.91315650939941,5.767491817474365,1.0683684349060059,117.5713243484497,0.10622906684875488,0.2712705135345459,0.1291337013244629
14,4,123.68192291259766,-888197.26875,122.77930784225464,5.504844427108765,0.902536153793335,116.70420622825623,0.10465693473815918,0.271040678024292,0.12752008438110352
14,5,123.94372248649597,-887297.725,123.02596640586853,4.946585416793823,0.9176692962646484,117.53512191772461,0.1017909049987793,0.25588560104370117,0.13007020950317383
14,6,124.45948910713196,-886571.06875,123.52391362190247,5.136462688446045,0.935483455657959,117.82906317710876,0.10266470909118652,0.2676675319671631,0.12851333618164062
14,7,124.11025881767273,-887124.4625,123.38927841186523,5.780139923095703,0.7209012508392334,117.0473051071167,0.10564255714416504,0.26221370697021484,0.1278672218322754
14,8,124.02409744262695,-886455.31875,122.98946762084961,5.48919939994812,1.0345499515533447,116.93092012405396,0.10413074493408203,0.2731492519378662,0.1280219554901123
14,9,123.46192169189453,-886452.48125,122.52859282493591,4.965991973876953,0.9332406520843506,117.01206636428833,0.10178136825561523,0.25948452949523926,0.12868571281433105
14,10,125.04805159568787,-886906.9,124.0917615890503,5.71606969833374,0.9562032222747803,117.81648015975952,0.10567998886108398,0.2610151767730713,0.1297600269317627
14,11,124.58182048797607,-886789.19375,123.85794734954834,5.75308632850647,0.7237844467163086,117.54700064659119,0.10563826560974121,0.2600557804107666,0.12796330451965332
14,12,124.82965135574341,-886050.9375,123.76136827468872,5.749953746795654,1.0681862831115723,117.44920778274536,0.10577917098999023,0.2660644054412842,0.12854766845703125
14,13,124.33759832382202,-886625.74375,123.62725520133972,5.815962553024292,0.710254430770874,117.24744296073914,0.10542058944702148,0.2657616138458252,0.12854671478271484
14,14,124.35985970497131,-886160.8875,123.33745574951172,5.752539873123169,1.0223219394683838,117.02826261520386,0.10559225082397461,0.2581212520599365,0.12991929054260254
14,15,124.68542742729187,-885705.89375,123.76110482215881,5.761576890945435,0.9242403507232666,117.45114350318909,0.10536575317382812,0.2523508071899414,0.12850546836853027
14,16,125.13575673103333,-885187.20625,124.19813966751099,5.6895530223846436,0.9375336170196533,117.9514410495758,0.10496091842651367,0.25685596466064453,0.13006258010864258
14,17,123.80503535270691,-886588.78125,123.08341073989868,5.768545866012573,0.7215418815612793,116.76243901252747,0.10518121719360352,0.25682806968688965,0.12790489196777344
14,18,124.63944363594055,-886214.1625,123.5994598865509,5.733736276626587,1.0399014949798584,117.3108639717102,0.10531997680664062,0.25865840911865234,0.12735915184020996
14,19,124.58399844169617,-886574.43125,123.65325570106506,5.680770635604858,0.9306488037109375,117.40575623512268,0.10517024993896484,0.2691309452056885,0.13016772270202637
14,20,124.59588980674744,-887084.0625,123.63993883132935,5.723577499389648,0.9558682441711426,117.36820864677429,0.10536670684814453,0.250504732131958,0.12799978256225586
14,21,123.56318402290344,-886956.30625,122.84522032737732,5.728423357009888,0.7178819179534912,116.56129145622253,0.10545730590820312,0.2561988830566406,0.12926650047302246
14,22,123.51036787033081,-887221.90625,122.44353032112122,5.73903489112854,1.066753625869751,116.14570093154907,0.1055605411529541,0.2619030475616455,0.1262669563293457
14,23,124.49119067192078,-885959.95625,123.77899193763733,5.68720555305481,0.7121145725250244,117.53401279449463,0.10505223274230957,0.2586526870727539,0.13067054748535156
14,24,124.78191590309143,-886682.3125,123.76252222061157,5.721370697021484,1.0193045139312744,117.48719358444214,0.10497665405273438,0.25697851181030273,0.1289365291595459
14,25,124.27139139175415,-887483.61875,123.35348987579346,5.743005037307739,0.9178166389465332,117.04902362823486,0.10551047325134277,0.26004934310913086,0.13082337379455566
14,26,125.44313788414001,-884163.44375,124.50075912475586,5.739316701889038,0.9422910213470459,118.2032401561737,0.10569214820861816,0.25587940216064453,0.13022494316101074
14,27,124.59465312957764,-885171.76875,123.86224102973938,5.505103588104248,0.7323284149169922,117.80626177787781,0.10449957847595215,0.25609469413757324,0.12962865829467773
14,28,124.64453792572021,-886681.91875,123.61488246917725,5.732475996017456,1.029573678970337,117.33364462852478,0.10539937019348145,0.25081920623779297,0.13033580780029297
14,29,125.2716314792633,-885973.225,124.34750032424927,5.733384609222412,0.9240448474884033,118.05510759353638,0.10549378395080566,0.2533855438232422,0.1316969394683838
14,30,124.35299134254456,-886290.40625,123.40337681770325,5.69442892074585,0.94952392578125,117.13135576248169,0.10486841201782227,0.27504825592041016,0.1304149627685547
15,1,200.4668047428131,-2178122.8,197.20979857444763,5.977710008621216,3.2568633556365967,188.7238805294037,0.1662616729736328,0.3808867931365967,1.791337490081787
15,2,200.3201117515564,-2178584.75,198.00087070465088,5.830571889877319,2.3190808296203613,191.3466293811798,0.10755419731140137,0.3321092128753662,0.2279508113861084
15,3,191.81544542312622,-2179448.15,189.35672521591187,5.736881732940674,2.458561658859253,182.78904151916504,0.10507893562316895,0.3666348457336426,0.2111644744873047
15,4,184.36524367332458,-2178773.825,181.31290888786316,6.081729173660278,3.052196979522705,172.7797772884369,0.1623246669769287,0.3677973747253418,1.7668912410736084
15,5,178.81123042106628,-2178157.625,176.77667927742004,5.893691301345825,2.0344157218933105,170.23053860664368,0.10383176803588867,0.2921130657196045,0.19066524505615234
15,6,180.32087993621826,-2177288.725,177.95566868782043,5.9916672706604,2.365078926086426,171.31299686431885,0.10444045066833496,0.29146409034729004,0.1898176670074463
15,7,181.53903198242188,-2177139.325,179.28352808952332,5.964659929275513,2.2553751468658447,172.66699123382568,0.10437440872192383,0.2900228500366211,0.1907331943511963
15,8,179.51783680915833,-2179298.675,177.3496413230896,5.954948663711548,2.168060779571533,170.74647569656372,0.10475349426269531,0.2872354984283447,0.18938827514648438
15,9,179.85589337348938,-2178159.8,177.75110173225403,6.015197515487671,2.1046462059020996,171.08472847938538,0.10416269302368164,0.2907063961029053,0.19000244140625
15,10,180.86840796470642,-2178436.95,178.75294470787048,5.9337077140808105,2.115325450897217,172.16346192359924,0.10393929481506348,0.29647183418273926,0.18687129020690918
15,11,180.7820701599121,-2178405.725,178.4619653224945,6.044317722320557,2.3199639320373535,171.75713205337524,0.10421013832092285,0.30110597610473633,0.18991398811340332
15,12,181.75597047805786,-2178049.275,179.54831981658936,6.046176433563232,2.2074975967407227,172.82484364509583,0.1046898365020752,0.2909829616546631,0.21379923820495605
15,13,179.37688970565796,-2176843.975,177.0044538974762,5.91527795791626,2.3722972869873047,170.43318510055542,0.10402202606201172,0.29523801803588867,0.1892251968383789
15,14,178.7118058204651,-2179237.2,176.4758927822113,5.979791879653931,2.235779285430908,169.84243369102478,0.10442328453063965,0.29285478591918945,0.18963193893432617
15,15,179.43741011619568,-2179911.85,177.25886702537537,5.940982103347778,2.178398370742798,170.66754984855652,0.10427641868591309,0.2889740467071533,0.19005155563354492
15,16,179.92891097068787,-2178382.975,177.7397563457489,5.990358829498291,2.1890175342559814,171.10841488838196,0.10437774658203125,0.27885007858276367,0.19046854972839355
15,17,179.12332224845886,-2178812.475,176.97861170768738,5.951158046722412,2.144580125808716,170.38149094581604,0.10406374931335449,0.2877464294433594,0.18782782554626465
15,18,181.08560466766357,-2179037.55,178.7960765361786,6.051333904266357,2.2893965244293213,172.08871483802795,0.10457539558410645,0.2941324710845947,0.18941926956176758
15,19,179.2168378829956,-2180123.8,177.0111448764801,6.011992931365967,2.2055532932281494,170.33351254463196,0.10447573661804199,0.299609899520874,0.19274330139160156
15,20,179.72356939315796,-2178302.425,177.45676064491272,5.941104888916016,2.266669273376465,170.86265635490417,0.10411214828491211,0.29702210426330566,0.18566226959228516
15,21,179.38769030570984,-2181164.35,177.20464849472046,5.982740879058838,2.182796001434326,170.53251814842224,0.10414958000183105,0.29193711280822754,0.22743654251098633
15,22,179.6411612033844,-2178004.5,177.35069799423218,5.969707727432251,2.2903218269348145,170.7232882976532,0.10415530204772949,0.2947652339935303,0.19038081169128418
15,23,180.2795169353485,-2178971.575,178.03835821151733,6.03565788269043,2.2410130500793457,171.34951877593994,0.10422658920288086,0.293306827545166,0.19028043746948242
15,24,179.6426169872284,-2179855.325,177.43890357017517,6.043306350708008,2.2035276889801025,170.73335909843445,0.10422897338867188,0.2968873977661133,0.1935286521911621
15,25,178.3568892478943,-2178843.55,176.16817164421082,5.992218971252441,2.1885719299316406,169.5274579524994,0.10480356216430664,0.2879328727722168,0.1869354248046875
15,26,178.81415963172913,-2179712.075,176.49209451675415,5.919542074203491,2.3219358921051025,169.929767370224,0.10411286354064941,0.28337860107421875,0.18771648406982422
15,27,179.0002589225769,-2177504.1,176.63219451904297,6.025259256362915,2.3679146766662598,169.957049369812,0.10437369346618652,0.2834339141845703,0.19740891456604004
15,28,178.9532871246338,-2179284.2,176.7867317199707,6.0002281665802,2.1664113998413086,170.1418125629425,0.10425925254821777,0.28957080841064453,0.18630671501159668
15,29,180.68900775909424,-2180416.875,178.3660590648651,6.0667173862457275,2.3228065967559814,171.6378674507141,0.10370945930480957,0.29856204986572266,0.1920168399810791
15,30,179.72839832305908,-2180829.875,177.4935417175293,5.942149877548218,2.234706401824951,170.89338636398315,0.10384964942932129,0.29502010345458984,0.19078350067138672
16,1,148.5364329814911,-5353792.15,143.4175145626068,6.188767433166504,5.118563652038574,136.55944967269897,0.10407400131225586,0.33596038818359375,0.13779878616333008
16,2,152.61821603775024,-5355793.15,146.9299921989441,6.224479913711548,5.687913179397583,140.00337409973145,0.10535860061645508,0.3320646286010742,0.14244985580444336
16,3,142.31798481941223,-5355774.0,136.7719578742981,6.186403036117554,5.5457611083984375,129.89316511154175,0.10399293899536133,0.3387305736541748,0.14090871810913086
16,4,156.09407234191895,-5354497.75,150.47421216964722,6.282883644104004,5.619541645050049,143.47429037094116,0.10498833656311035,0.33603763580322266,0.1561720371246338
16,5,141.71632313728333,-5351760.45,135.93212580680847,6.155707120895386,5.78388786315918,129.07998394966125,0.10422253608703613,0.3414342403411865,0.13172483444213867
16,6,146.3314507007599,-5353578.55,140.75074195861816,6.174023866653442,5.580386161804199,133.89358019828796,0.10464644432067871,0.3307230472564697,0.13392281532287598
16,7,149.50914096832275,-5353904.8,143.78221249580383,6.198496103286743,5.726578712463379,136.86996698379517,0.10385632514953613,0.3316648006439209,0.15267395973205566
16,8,153.71570229530334,-5354010.0,147.94962549209595,6.314324855804443,5.765754461288452,140.93629479408264,0.10443377494812012,0.33649635314941406,0.15185809135437012
16,9,159.8423638343811,-5353663.0,154.15770268440247,6.2643959522247314,5.684332847595215,147.19614028930664,0.10467934608459473,0.33263087272644043,0.15480971336364746
16,10,161.45118641853333,-5355186.7,155.74121356010437,6.327613830566406,5.709603309631348,148.6920714378357,0.10418200492858887,0.3331894874572754,0.15243840217590332
16,11,152.80937886238098,-5354325.15,147.27326226234436,6.298763036727905,5.535783529281616,140.26616263389587,0.10367178916931152,0.3368990421295166,0.15520811080932617
16,12,159.32829689979553,-5353083.15,153.75595426559448,6.271986961364746,5.5720789432525635,146.75659322738647,0.10442876815795898,0.33639073371887207,0.13283014297485352
16,13,163.958242893219,-5354049.0,158.24758672714233,6.328421354293823,5.710352659225464,151.20560693740845,0.10451078414916992,0.33217835426330566,0.15834569931030273
16,14,162.53699493408203,-5353056.65,156.80522298812866,6.31589674949646,5.731428623199463,149.76479315757751,0.10453295707702637,0.3346374034881592,0.1523151397705078
16,15,164.2939488887787,-5352243.5,158.56445002555847,6.342067241668701,5.729156017303467,151.52223443984985,0.10481786727905273,0.33434581756591797,0.155731201171875
16,16,163.6372151374817,-5353218.15,157.9007441997528,6.279979944229126,5.736137390136719,150.89553117752075,0.10561156272888184,0.33531665802001953,0.15744829177856445
16,17,157.41570472717285,-5355102.35,151.68107080459595,6.234287977218628,5.734325170516968,144.7247576713562,0.1051483154296875,0.33208584785461426,0.1546318531036377
16,18,163.18452668190002,-5353930.7,157.4442491531372,6.305721759796143,5.739928960800171,150.4372696876526,0.10470223426818848,0.3328390121459961,0.15264487266540527
16,19,161.7978687286377,-5352063.7,156.0779266357422,6.309221267700195,5.719638824462891,149.05610370635986,0.1048128604888916,0.3325777053833008,0.1570432186126709
16,20,163.85611701011658,-5352445.2,158.1297743320465,6.272561311721802,5.726004362106323,151.14246702194214,0.10482621192932129,0.3383936882019043,0.1570875644683838
16,21,161.66557121276855,-5355241.1,156.08702874183655,6.264654159545898,5.57819938659668,149.08014845848083,0.10483360290527344,0.3372068405151367,0.1543271541595459
16,22,159.91805839538574,-5353417.6,154.30960655212402,6.31066107749939,5.6081342697143555,147.28569960594177,0.10491752624511719,0.3417799472808838,0.13805031776428223
16,23,162.34774112701416,-5351155.6,156.61093711853027,6.30132269859314,5.736509323120117,149.5901801586151,0.10484790802001953,0.3332219123840332,0.1514585018157959
16,24,163.36156105995178,-5353379.15,157.6414761543274,6.287220478057861,5.719766139984131,150.63997435569763,0.10467791557312012,0.33553624153137207,0.15285420417785645
16,25,159.46478748321533,-5355425.55,153.75129508972168,6.2576072216033936,5.713173151016235,146.7899477481842,0.10472989082336426,0.3316788673400879,0.14049792289733887
16,26,160.4812524318695,-5353172.2,154.7614324092865,6.257513999938965,5.7194952964782715,147.7645606994629,0.10485601425170898,0.3291780948638916,0.1564943790435791
16,27,146.93523287773132,-5356330.5,141.21091842651367,6.304536819458008,5.723952293395996,134.2047097682953,0.10359907150268555,0.33606624603271484,0.1552748680114746
16,28,157.84479093551636,-5352960.75,152.33044481277466,6.301373720169067,5.514016628265381,145.3054394721985,0.10401439666748047,0.3345625400543213,0.15730905532836914
16,29,145.0606770515442,-5352599.15,139.52288794517517,6.191976308822632,5.537495851516724,132.65779542922974,0.10409092903137207,0.3307037353515625,0.1336958408355713
16,30,154.9295346736908,-5354256.85,149.3802137374878,6.23328971862793,5.549033164978027,142.47435855865479,0.10433673858642578,0.3343956470489502,0.12973237037658691
17,1,244.22629714012146,-13102694.9,230.3273482322693,6.420823097229004,13.89798355102539,219.4414098262787,0.10113334655761719,0.44860053062438965,0.2393653392791748
17,2,249.94109535217285,-13102405.0,235.8611922264099,6.435060024261475,14.078807830810547,224.71775126457214,0.10183048248291016,0.49525022506713867,0.24507856369018555
17,3,243.9603235721588,-13102329.6,229.94235944747925,6.413490295410156,14.016801595687866,218.92883038520813,0.10150599479675293,0.47051143646240234,0.23985695838928223
17,4,253.56558060646057,-13101508.2,239.57888793945312,6.493841886520386,13.985557794570923,228.40087795257568,0.1022806167602539,0.4805779457092285,0.24925899505615234
17,5,250.87234592437744,-13098749.9,235.8485083580017,6.416749954223633,15.022754669189453,224.46737790107727,0.10224270820617676,0.5053682327270508,0.21350979804992676
17,6,261.4559078216553,-13103280.6,247.18117237091064,6.560899972915649,14.27309536933899,236.18144416809082,0.10373640060424805,0.4722938537597656,0.24400925636291504
17,7,243.14908123016357,-13099871.0,229.71538734436035,6.4311041831970215,13.432743072509766,218.55106616020203,0.10178351402282715,0.4793882369995117,0.22537732124328613
17,8,220.96163702011108,-13104821.7,206.755925655365,6.467491865158081,14.204663515090942,195.78153085708618,0.09545350074768066,0.43229007720947266,0.2070775032043457
17,9,262.14711570739746,-13106370.9,247.33087754249573,6.8240156173706055,14.81504487991333,233.3695843219757,0.159621000289917,0.4828360080718994,3.007977247238159
17,10,256.85460209846497,-13105260.3,243.12486267089844,6.81254768371582,13.728489875793457,232.01206350326538,0.10477375984191895,0.4688229560852051,0.2463397979736328
17,11,257.23725605010986,-13103561.8,242.48475766181946,6.8050150871276855,14.751155376434326,231.4528877735138,0.10483574867248535,0.45141005516052246,0.28112292289733887
17,12,259.718065738678,-13098099.3,244.72346591949463,6.83560037612915,14.993380784988403,233.60777354240417,0.10500907897949219,0.45197176933288574,0.2606849670410156
17,13,239.7012233734131,-13103492.0,225.12208247184753,6.587058782577515,14.57768201828003,214.0211365222931,0.10262227058410645,0.469667911529541,0.2606077194213867
17,14,233.94421982765198,-13103001.8,219.8385248184204,6.6638031005859375,14.104560375213623,208.85329699516296,0.1022348403930664,0.4812943935394287,0.21234655380249023
17,15,235.12370443344116,-13104307.2,221.34824538230896,6.652350902557373,13.774399280548096,210.327388048172,0.10219383239746094,0.4627368450164795,0.22339940071105957
17,16,234.09478640556335,-13100965.2,220.0135157108307,6.645065784454346,14.080354690551758,208.9362063407898,0.10236525535583496,0.48009586334228516,0.21375155448913574
17,17,232.2320749759674,-13102551.6,218.28071641921997,6.642155170440674,13.950324296951294,207.16922879219055,0.1022183895111084,0.4918556213378906,0.21073412895202637
17,18,233.51785254478455,-13103247.2,219.31239080429077,6.626909494400024,14.204554557800293,208.07107043266296,0.10208249092102051,0.4806075096130371,0.2154390811920166
17,19,232.7122220993042,-13102169.6,218.71080327033997,6.608980894088745,14.000420808792114,207.6653187274933,0.1022031307220459,0.4830639362335205,0.21091294288635254
17,20,241.50943160057068,-13106758.0,227.58353090286255,6.541121006011963,13.92490530014038,216.50737977027893,0.10189652442932129,0.4813203811645508,0.22116804122924805
17,21,233.02304005622864,-13107234.6,219.1202359199524,6.6163811683654785,13.901839256286621,208.14170837402344,0.10226082801818848,0.47493481636047363,0.209791898727417
17,22,237.712069272995,-13100200.8,223.85265111923218,6.625943899154663,13.858484506607056,212.84451389312744,0.10214948654174805,0.4681074619293213,0.21530818939208984
17,23,241.97669625282288,-13102821.6,228.3276493549347,6.645878791809082,13.648091793060303,217.32887172698975,0.10344243049621582,0.4685554504394531,0.20851445198059082
17,24,256.5186905860901,-13102385.3,242.1113133430481,6.653426647186279,14.406232357025146,231.0206151008606,0.10498714447021484,0.46493959426879883,0.2319169044494629
17,25,258.5863335132599,-13100479.6,243.91923308372498,6.607437372207642,14.665932416915894,232.67603850364685,0.10500788688659668,0.473233699798584,0.24248290061950684
17,26,268.03820872306824,-13107716.5,253.58136415481567,6.611860990524292,14.455644369125366,242.47773337364197,0.10517263412475586,0.47084593772888184,0.24704313278198242
17,27,256.9644887447357,-13101452.5,242.51612377166748,6.660412311553955,14.447400331497192,231.17881274223328,0.10555744171142578,0.4911320209503174,0.23307251930236816
17,28,260.269024848938,-13103002.1,245.94856429100037,6.649563789367676,14.319474935531616,234.7627727985382,0.10519027709960938,0.4648559093475342,0.23560547828674316
17,29,255.26377081871033,-13098578.5,241.35096502304077,6.724901437759399,13.911521673202515,230.3235569000244,0.10532546043395996,0.48328542709350586,0.23766088485717773
17,30,258.86672163009644,-13105768.6,244.7873990535736,6.7938454151153564,14.07812237739563,233.76207447052002,0.10480999946594238,0.4608180522918701,0.2397935390472412
18,1,406.28322649002075,-32038701.8,371.5743453502655,6.953894376754761,34.70583367347717,346.1981751918793,0.11266374588012695,0.5969290733337402,0.36162328720092773
18,2,387.88783168792725,-32035061.6,353.72292256355286,6.780219793319702,34.162408113479614,326.9964134693146,0.1028590202331543,0.6652159690856934,0.3392360210418701
18,3,388.1405580043793,-32039029.8,353.52735805511475,6.792547225952148,34.6106231212616,327.9048652648926,0.10281085968017578,0.6604676246643066,0.33998632431030273
18,4,384.0484483242035,-32034306.4,349.2039861679077,6.79144024848938,34.84199547767639,323.36171793937683,0.10267400741577148,0.6349310874938965,0.328540563583374
18,5,399.2933282852173,-32038030.6,364.61083221435547,6.768989562988281,34.6793749332428,337.80452251434326,0.10381937026977539,0.6714422702789307,0.33681297302246094
18,6,401.59450125694275,-32027698.4,365.61288189888,6.816295385360718,35.978487491607666,338.4631304740906,0.1144258975982666,0.6713953018188477,0.33641767501831055
18,7,404.4098017215729,-32041586.0,367.70412278175354,6.786338806152344,36.70254564285278,341.3169684410095,0.11401987075805664,0.6185624599456787,0.34994959831237793
18,8,411.48859167099,-32026811.2,375.0552079677582,6.776360750198364,36.43022131919861,348.93893122673035,0.11395263671875,0.641608476638794,0.355987548828125
18,9,399.48297333717346,-32033239.6,363.59633898735046,6.948379278182983,35.88417458534241,336.9003574848175,0.11300134658813477,0.6239144802093506,0.3382761478424072
18,10,382.96982741355896,-32038674.6,347.0547504425049,6.909148693084717,35.91259169578552,320.7306137084961,0.10306167602539062,0.6413280963897705,0.35257577896118164
18,11,381.13358974456787,-32035864.8,346.1588702201843,6.749081373214722,34.97228288650513,319.760457277298,0.10165929794311523,0.6556093692779541,0.3347182273864746
18,12,375.033465385437,-32033829.4,340.3316490650177,6.775328636169434,34.69935345649719,314.0642337799072,0.10160970687866211,0.6556603908538818,0.3227500915527344
18,13,376.8730549812317,-32035587.4,341.61735582351685,6.76339864730835,35.25315260887146,315.15634989738464,0.10139179229736328,0.6540117263793945,0.31808948516845703
18,14,377.0049180984497,-32033324.6,342.4725844860077,6.75912070274353,34.52987456321716,316.1831088066101,0.10142803192138672,0.6543035507202148,0.3211941719055176
18,15,376.88475131988525,-32031986.4,341.7480266094208,6.75679349899292,35.13427782058716,315.3423399925232,0.10178613662719727,0.6572222709655762,0.33110737800598145
18,16,373.50239181518555,-32030330.8,339.7349462509155,6.759109973907471,33.76493453979492,313.674348115921,0.10152029991149902,0.6215109825134277,0.3425328731536865
18,17,383.8533351421356,-32042037.4,349.21739649772644,6.777935028076172,34.63345980644226,323.11363673210144,0.10929131507873535,0.645000696182251,0.3182048797607422
18,18,400.2514736652374,-32032618.2,364.8548536300659,6.782554388046265,35.39352011680603,338.34053134918213,0.11345124244689941,0.6471147537231445,0.34615206718444824
18,19,394.04594922065735,-32033466.8,359.2226183414459,6.784013271331787,34.82017469406128,332.40416646003723,0.11335301399230957,0.6665503978729248,0.33604979515075684
18,20,395.12819480895996,-32031154.8,358.9755344390869,6.785105466842651,36.15019607543945,332.6471781730652,0.11353611946105957,0.6315531730651855,0.3433375358581543
18,21,400.5951373577118,-32036778.0,364.98832082748413,6.955685377120972,35.603718757629395,338.36398553848267,0.11484503746032715,0.700446367263794,0.344956636428833
18,22,408.468252658844,-32036820.8,372.82051038742065,6.944314002990723,35.644609212875366,346.56732749938965,0.11410760879516602,0.652061939239502,0.35172128677368164
18,23,403.07240629196167,-32034065.8,368.02585220336914,6.9568891525268555,35.04337120056152,341.3998718261719,0.11388087272644043,0.7007639408111572,0.36373305320739746
18,24,400.0490999221802,-32038311.6,364.1324954032898,6.956005811691284,35.91344714164734,338.23076009750366,0.11433815956115723,0.6090836524963379,0.3418607711791992
18,25,399.9180028438568,-32037615.2,364.5300624370575,6.950226306915283,35.385432720184326,338.0070538520813,0.11429738998413086,0.6626307964324951,0.34905219078063965
18,26,398.33323192596436,-32038714.8,363.51559114456177,6.950685024261475,34.815178871154785,337.17691254615784,0.11379098892211914,0.656548023223877,0.3444092273712158
18,27,401.1725673675537,-32037647.4,365.8181207180023,6.896984338760376,35.35134291648865,338.3369116783142,0.11429357528686523,0.7154090404510498,0.33812427520751953
18,28,400.6675064563751,-32039285.0,364.0068213939667,6.891901731491089,36.65751791000366,337.60629773139954,0.11378288269042969,0.6537537574768066,0.3391728401184082
18,29,399.4026219844818,-32037556.8,363.27433943748474,6.928562641143799,36.12583088874817,336.8759596347809,0.11364459991455078,0.6418883800506592,0.34432101249694824
18,30,396.17732977867126,-32040079.2,361.23993134498596,6.87700343132019,34.93491983413696,334.93199706077576,0.11344051361083984,0.6524760723114014,0.3337135314941406
19,1,649.0454921722412,-78466293.6,560.3151319026947,7.4143877029418945,88.72432327270508,492.2894296646118,0.17509245872497559,0.9549190998077393,1.8921079635620117
19,2,659.93505859375,-78471666.4,563.1774151325226,7.121760129928589,96.7508270740509,496.7607500553131,0.11579513549804688,0.9539079666137695,0.6648995876312256
19,3,659.6240787506104,-78480997.6,564.013701915741,7.133769273757935,95.60244631767273,498.12850737571716,0.11603260040283203,0.992272138595581,0.5160834789276123
19,4,660.0369522571564,-78473388.8,568.350163936615,7.165206432342529,91.68065690994263,501.5619480609894,0.11613821983337402,0.9208488464355469,0.504479169845581
19,5,666.4447169303894,-78472700.8,570.7056474685669,7.1285560131073,95.73295521736145,502.6301500797272,0.11677336692810059,1.0464582443237305,0.49514079093933105
19,6,654.9442937374115,-78468290.4,562.1065683364868,7.221112966537476,92.83157229423523,495.7451479434967,0.11456012725830078,0.9461984634399414,0.516655683517456
19,7,638.5271272659302,-78482780.8,548.0646214485168,7.096577405929565,90.45499873161316,482.9786205291748,0.10363006591796875,0.9058375358581543,0.518338680267334
19,8,629.8898980617523,-78470622.4,537.9733803272247,7.051987171173096,91.90903568267822,469.66065192222595,0.10369086265563965,0.9972949028015137,0.48816514015197754
19,9,629.9729034900665,-78478801.6,541.5056881904602,7.082435607910156,88.45983862876892,473.453654050827,0.10412263870239258,0.9573802947998047,0.48577165603637695
19,10,625.4866034984589,-78473189.6,530.9532451629639,7.088991641998291,94.52520728111267,464.1740345954895,0.10387969017028809,0.9264235496520996,0.4918961524963379
19,11,648.5494108200073,-78478823.2,558.2268669605255,7.152481317520142,90.31491780281067,489.4063446521759,0.1722419261932373,1.0294795036315918,1.8260257244110107
19,12,653.6657059192657,-78475469.6,555.7833731174469,7.053486585617065,97.87608623504639,488.9900414943695,0.11393308639526367,0.9629826545715332,0.529254674911499
19,13,655.9817743301392,-78474976.8,556.8896250724792,7.067830801010132,99.08571314811707,490.14206767082214,0.11454606056213379,1.020880937576294,0.5333590507507324
19,14,650.9331259727478,-78479126.4,558.5736966133118,7.093727111816406,92.35254430770874,493.73806715011597,0.11535215377807617,1.0168240070343018,0.6103236675262451
19,15,632.0779700279236,-78472061.6,537.7276270389557,7.235323429107666,94.34267711639404,470.96711444854736,0.10434913635253906,0.9624202251434326,0.5031692981719971
19,16,634.092485666275,-78480052.8,539.5863168239594,7.086550235748291,94.49846458435059,472.83810806274414,0.10400772094726562,0.9597585201263428,0.48945116996765137
19,17,630.1430189609528,-78480612.0,540.581778049469,7.075268745422363,89.55362343788147,472.36208963394165,0.1039423942565918,0.9994964599609375,0.48885655403137207
19,18,635.3876559734344,-78476027.2,542.5746660232544,7.056132078170776,92.8052282333374,476.24010396003723,0.10356569290161133,0.9497206211090088,0.5133335590362549
19,19,663.8972406387329,-78461604.8,572.026739358902,7.067356824874878,91.86282658576965,505.0216794013977,0.11454057693481445,0.9700825214385986,0.49297094345092773
19,20,656.2731161117554,-78468137.6,563.4357681274414,7.071817398071289,92.83063387870789,496.29636311531067,0.11632800102233887,1.0753352642059326,0.5292987823486328
19,21,655.514235496521,-78475674.4,561.4921922683716,7.084668874740601,94.01491570472717,495.3288116455078,0.11573052406311035,0.9564988613128662,0.6348085403442383
19,22,662.1717400550842,-78474380.8,563.6178524494171,7.094286680221558,98.54762053489685,496.38947319984436,0.11519241333007812,0.967383861541748,0.5382881164550781
19,23,655.596750497818,-78467678.4,561.6509826183319,7.100923299789429,93.93739700317383,495.31382751464844,0.11543393135070801,0.8998010158538818,0.5420308113098145
19,24,660.4295859336853,-78473980.8,564.9984819889069,7.091572523117065,95.42447805404663,495.6098303794861,0.11576986312866211,1.0210347175598145,0.5294501781463623
19,25,647.9565904140472,-78467404.8,552.5995326042175,7.0929176807403564,95.35040354728699,487.83603715896606,0.11588454246520996,0.9420380592346191,0.6360359191894531
19,26,655.8895487785339,-78473135.2,560.0697240829468,7.089556455612183,95.81302237510681,496.13030648231506,0.11601805686950684,0.8765149116516113,0.5820357799530029
19,27,654.7825379371643,-78477036.8,559.4045038223267,7.135757684707642,95.37196159362793,495.7713017463684,0.11529040336608887,0.8992812633514404,0.5298213958740234
19,28,658.3261821269989,-78484781.6,562.1066534519196,7.119210720062256,96.21339583396912,494.2784330844879,0.11578702926635742,1.0117700099945068,0.5279767513275146
19,29,648.0872864723206,-78473120.0,550.4477386474609,7.1257264614105225,97.63276076316833,486.0096299648285,0.11582422256469727,0.8809459209442139,0.6286449432373047
19,30,654.9219906330109,-78463209.6,560.7453117370605,7.088803052902222,94.170325756073,497.1384789943695,0.11618208885192871,0.9282467365264893,0.5274176597595215
20,1,1005.5115215778351,-193187084.8,796.8445703983307,7.407450914382935,208.64890456199646,646.3314986228943,0.1576080322265625,1.1989381313323975,1.9139032363891602
20,2,1034.8587594032288,-193217358.4,808.5659370422363,7.181105136871338,226.27442836761475,647.3980119228363,0.10073184967041016,1.2927780151367188,0.6571507453918457
20,3,1006.1424453258514,-193194977.6,790.5651025772095,7.1224589347839355,215.56379222869873,645.966611623764,0.09876632690429688,1.2376952171325684,0.6717233657836914
20,4,1034.198148727417,-193223488.0,809.266252040863,7.121549129486084,224.91852712631226,659.3952641487122,0.09922027587890625,1.220499038696289,0.7290449142456055
20,5,1018.3945426940918,-193225936.0,804.3466138839722,7.179367780685425,214.0297257900238,654.325484752655,0.09859681129455566,1.2629165649414062,0.6785361766815186
20,6,1017.4245154857635,-193268950.4,797.3988020420074,7.159407377243042,220.0115888118744,649.2763342857361,0.1002969741821289,1.2348976135253906,0.6827633380889893
20,7,1030.1126697063446,-193189227.2,808.5685451030731,7.21084189414978,221.5264928340912,658.4337315559387,0.09931540489196777,1.3129870891571045,0.7095088958740234
20,8,1018.2165725231171,-193238572.8,798.3021457195282,7.170687913894653,219.895822763443,648.4492812156677,0.10045433044433594,1.2833998203277588,0.6656439304351807
20,9,1041.7984256744385,-193196244.8,814.9994416236877,7.229014873504639,226.78092050552368,657.3163421154022,0.10030245780944824,1.351149320602417,0.6602182388305664
