k,s,total_time_seconds,best_log_likelihood,full_fit,gradient_gpu,init_cpu_gpu,mcmc_cpu,optimizer_gpu,transfer_pcie,warm_up_mcmc_cpu
1,1,4.244096755981445,-0.0004000663757324219,4.2430596351623535,2.9093799591064453,0.001001596450805664,1.0905232429504395,0.09189796447753906,0.09282565116882324,0.0010232925415039062
1,2,4.281768798828125,-0.0004000663757324219,4.280706882476807,2.90548038482666,0.0010344982147216797,1.132462501525879,0.09270215034484863,0.09309267997741699,0.001070261001586914
1,3,3.4845211505889893,0.0,3.4830868244171143,2.697758436203003,0.001398324966430664,0.45682501792907715,0.11868619918823242,0.13735103607177734,0.00040721893310546875
1,4,3.5011162757873535,0.0,3.4996681213378906,2.7054643630981445,0.0014061927795410156,0.4606330394744873,0.11973261833190918,0.13817262649536133,0.0004069805145263672
1,5,3.4189329147338867,0.0,3.4175305366516113,2.6737406253814697,0.0013666152954101562,0.43620824813842773,0.1121060848236084,0.12861299514770508,0.00043272972106933594
1,6,4.23323392868042,-0.0004000663757324219,4.2321226596832275,2.9020540714263916,0.0010821819305419922,1.0865983963012695,0.0921318531036377,0.09320664405822754,0.0010216236114501953
1,7,4.331265687942505,-0.0004000663757324219,4.33017373085022,2.896059274673462,0.0010666847229003906,1.1909263134002686,0.09218192100524902,0.09308862686157227,0.0011527538299560547
1,8,3.5402441024780273,0.0,3.538877248764038,2.7371065616607666,0.001329660415649414,0.46671223640441895,0.12171196937561035,0.14066481590270996,0.0004100799560546875
1,9,3.5121874809265137,0.0,3.5108351707458496,2.7196743488311768,0.001313924789428711,0.461139440536499,0.1199638843536377,0.13798761367797852,0.0004105567932128906
1,10,4.311516284942627,-0.0004000663757324219,4.31049919128418,2.9072842597961426,0.0009894371032714844,1.159050464630127,0.0938413143157959,0.09341025352478027,0.001081228256225586
1,11,4.236195087432861,-0.0004000663757324219,4.235172271728516,2.9030375480651855,0.0009810924530029297,1.0926017761230469,0.0907895565032959,0.09265637397766113,0.0010135173797607422
1,12,4.337286949157715,-0.0004000663757324219,4.3362603187561035,2.896804094314575,0.0009980201721191406,1.196578025817871,0.09267473220825195,0.09348773956298828,0.00116729736328125
1,13,2.771854877471924,-0.0004000663757324219,2.770775079727173,1.773282766342163,0.0010547637939453125,0.8125412464141846,0.06904053688049316,0.07554388046264648,0.0008831024169921875
1,14,4.236111879348755,-0.0004000663757324219,4.235094785690308,2.9012584686279297,0.0009872913360595703,1.090663194656372,0.09281539916992188,0.0934910774230957,0.0010144710540771484
1,15,3.513482093811035,0.0,3.5120744705200195,2.7189199924468994,0.001371145248413086,0.46268630027770996,0.11962771415710449,0.13905119895935059,0.00040841102600097656
1,16,4.252654790878296,-0.0004000663757324219,4.251574516296387,2.9092860221862793,0.0010495185852050781,1.0955390930175781,0.09328103065490723,0.09411168098449707,0.0010230541229248047
1,17,4.220808744430542,-0.0004000663757324219,4.219419002532959,2.8967032432556152,0.0013585090637207031,1.083524227142334,0.08955812454223633,0.09299039840698242,0.0015108585357666016
1,18,4.226473808288574,-0.0004000663757324219,4.225470542907715,2.8960556983947754,0.0009760856628417969,1.0892682075500488,0.09058499336242676,0.09325623512268066,0.00101470947265625
1,19,3.457150459289551,0.0,3.4558067321777344,2.680447578430176,0.0013082027435302734,0.4544029235839844,0.11621570587158203,0.1359109878540039,0.0003948211669921875
1,20,4.232604503631592,-0.0004000663757324219,4.2315661907196045,2.897386074066162,0.001010894775390625,1.090148687362671,0.09298491477966309,0.0940394401550293,0.0010149478912353516
1,21,4.286424875259399,-0.0004000663757324219,4.2853922843933105,2.9034876823425293,0.0010039806365966797,1.1353552341461182,0.09384846687316895,0.09470367431640625,0.0010764598846435547
1,22,3.7717483043670654,-0.0004000663757324219,3.77065110206604,2.545358657836914,0.001071929931640625,0.9993016719818115,0.0857546329498291,0.08814287185668945,0.0010306835174560547
1,23,4.261495351791382,-0.0004000663757324219,4.260388135910034,2.917781352996826,0.001079559326171875,1.0950820446014404,0.09419107437133789,0.09469103813171387,0.0010263919830322266
1,24,3.4970149993896484,0.0,3.4956696033477783,2.7073814868927,0.0013089179992675781,0.46047306060791016,0.11992478370666504,0.1363663673400879,0.00039839744567871094
1,25,4.350355625152588,-0.0004000663757324219,4.349274396896362,2.8949942588806152,0.0010540485382080078,1.2089543342590332,0.09388351440429688,0.09325218200683594,0.0011608600616455078
1,26,4.235949993133545,-0.0004000663757324219,4.234912157058716,2.8971221446990967,0.0010099411010742188,1.0935463905334473,0.09263205528259277,0.09327244758605957,0.0010156631469726562
1,27,4.224899053573608,-0.0004000663757324219,4.223830223083496,2.8901164531707764,0.0010404586791992188,1.0939936637878418,0.0906515121459961,0.09276747703552246,0.0010151863098144531
1,28,4.328075170516968,-0.0004000663757324219,4.327036380767822,2.893846273422241,0.0010111331939697266,1.1923136711120605,0.09070014953613281,0.09290647506713867,0.0011749267578125
1,29,4.320647239685059,-0.0004000663757324219,4.3197407722473145,2.8924341201782227,0.0008769035339355469,1.1884772777557373,0.09011721611022949,0.09299492835998535,0.001024007797241211
1,30,4.329941272735596,-0.0004000663757324219,4.328939437866211,2.8952882289886475,0.0009739398956298828,1.1942839622497559,0.08994078636169434,0.09331035614013672,0.0011436939239501953
2,1,4.632424831390381,-5.53035306930542,4.631505012512207,2.889277219772339,0.00089263916015625,1.5409555435180664,0.07376599311828613,0.07986855506896973,0.00156402587890625
2,2,4.685668230056763,-4.838960647583008,4.684732913970947,2.880439281463623,0.0009088516235351562,1.6030991077423096,0.07440853118896484,0.07827305793762207,0.0016164779663085938
2,3,4.215983629226685,-0.0004000663757324219,4.214990139007568,2.888028860092163,0.0009577274322509766,1.0889270305633545,0.09029269218444824,0.09232783317565918,0.0010075569152832031
2,4,4.439977169036865,-3.492977833747864,4.439054727554321,2.8603315353393555,0.0008995532989501953,1.3753077983856201,0.07394266128540039,0.08233118057250977,0.0014116764068603516
2,5,5.273779630661011,-7.796216011047363,5.272846460342407,2.8464713096618652,0.0009100437164306641,2.227430820465088,0.07422590255737305,0.07648015022277832,0.0022089481353759766
2,6,4.548370361328125,-4.839054107666016,4.54746150970459,2.884148120880127,0.0008819103240966797,1.461059808731079,0.07403039932250977,0.08066248893737793,0.0014564990997314453
2,7,5.067361354827881,-6.922800540924072,5.066402912139893,2.8578732013702393,0.0009307861328125,2.0064024925231934,0.07503437995910645,0.07774019241333008,0.0020341873168945312
2,8,5.2120726108551025,-4.538941383361816,5.2109785079956055,2.843337059020996,0.0010635852813720703,2.1683945655822754,0.07379913330078125,0.07673120498657227,0.002170085906982422
2,9,4.279081344604492,-0.0004000663757324219,4.278088569641113,2.896908760070801,0.000965118408203125,1.1414449214935303,0.09019207954406738,0.09283185005187988,0.0010862350463867188
2,10,5.276603937149048,-4.115541458129883,5.275689125061035,2.8165996074676514,0.0008907318115234375,2.2608156204223633,0.07411551475524902,0.07545828819274902,0.0023763179779052734
2,11,4.988027572631836,-7.773960113525391,4.987111568450928,2.839694023132324,0.0008895397186279297,1.9472599029541016,0.07458281517028809,0.07768869400024414,0.0019659996032714844
2,12,4.346877098083496,-3.7933521270751953,4.345966339111328,2.8754734992980957,0.0008869171142578125,1.2681190967559814,0.07413578033447266,0.0805206298828125,0.0012824535369873047
2,13,5.139559030532837,-7.034787654876709,5.138596773147583,2.778660535812378,0.0009362697601318359,2.1595511436462402,0.07498836517333984,0.07694268226623535,0.0020859241485595703
2,14,5.124656677246094,-4.5005998611450195,5.123736381530762,2.755056619644165,0.0008971691131591797,2.1697640419006348,0.07425594329833984,0.07667684555053711,0.0022602081298828125
2,15,4.619943141937256,-3.715693950653076,4.6190221309661865,2.7869513034820557,0.000896453857421875,1.629321575164795,0.07420921325683594,0.08082199096679688,0.001688241958618164
2,16,4.62293553352356,-6.198633193969727,4.62200140953064,2.77972149848938,0.0009102821350097656,1.6405200958251953,0.07439541816711426,0.07977747917175293,0.0016455650329589844
2,17,3.4962966442108154,0.0,3.4949584007263184,2.702517509460449,0.0013003349304199219,0.4625723361968994,0.11775636672973633,0.14039945602416992,0.00039768218994140625
2,18,3.7767386436462402,-4.390779495239258,3.775810480117798,1.9492895603179932,0.0009057521820068359,1.6446278095245361,0.0659170150756836,0.07501769065856934,0.0019683837890625
2,19,4.323373556137085,-5.266989421844483,4.322470426559448,2.8116908073425293,0.0008790493011474609,1.308056354522705,0.07344222068786621,0.08191704750061035,0.0013434886932373047
2,20,5.010722637176514,-6.6253033638000485,5.009796142578125,2.7808544635772705,0.0009021759033203125,2.029853582382202,0.07477498054504395,0.0764310359954834,0.0019664764404296875
2,21,4.737469434738159,-3.8153385639190676,4.73655104637146,2.8024394512176514,0.0008940696716308594,1.7337844371795654,0.07385516166687012,0.07876062393188477,0.0017786026000976562
2,22,5.413717269897461,-7.794589042663574,5.41264271736145,2.783104181289673,0.0010509490966796875,2.4299137592315674,0.07440805435180664,0.07653260231018066,0.0023794174194335938
2,23,5.269552946090698,-6.271841049194336,5.268632173538208,2.777776002883911,0.0008947849273681641,2.2924466133117676,0.07404255867004395,0.07602477073669434,0.0022995471954345703
2,24,5.004279613494873,-4.2791008949279785,5.003361225128174,2.7710046768188477,0.0008945465087890625,2.0343518257141113,0.0742788314819336,0.07545256614685059,0.0021142959594726562
2,25,4.883122444152832,-7.129585266113281,4.882187366485596,2.784353017807007,0.0009009838104248047,1.8984575271606445,0.07455253601074219,0.0770578384399414,0.0018951892852783203
2,26,5.260433197021484,-7.4115681648254395,5.259490013122559,2.78798246383667,0.0009186267852783203,2.2722039222717285,0.07451558113098145,0.0763697624206543,0.002295255661010742
2,27,5.462159156799316,-6.7645745277404785,5.4610888957977295,2.7870287895202637,0.0010454654693603516,2.4749915599823,0.0741128921508789,0.07659339904785156,0.002492189407348633
2,28,5.163455009460449,-7.51577935218811,5.162519931793213,2.7566440105438232,0.0009114742279052734,2.206056833267212,0.07465791702270508,0.07699775695800781,0.0021533966064453125
2,29,4.902546167373657,-7.4997663497924805,4.9016289710998535,2.7903761863708496,0.0008931159973144531,1.9119627475738525,0.07431745529174805,0.07729530334472656,0.0016980171203613281
2,30,4.342629432678223,-4.715607166290283,4.341603755950928,3.1321184635162354,0.001001596450805664,0.9679780006408691,0.08993649482727051,0.09277963638305664,0.0009305477142333984
3,1,7.520940065383911,-25.771006202697755,7.519959211349487,2.951930284500122,0.0009570121765136719,4.3676533699035645,0.0742042064666748,0.07649564743041992,0.0041484832763671875
3,2,6.68226957321167,-15.367177963256836,6.681292533874512,2.956247329711914,0.00095367431640625,3.5245237350463867,0.07486772537231445,0.07610797882080078,0.003574371337890625
3,3,7.179175615310669,-20.461614418029786,7.17818284034729,2.9392454624176025,0.0009660720825195312,4.038430690765381,0.07393908500671387,0.07653999328613281,0.0038373470306396484
3,4,6.2821125984191895,-24.037653541564943,6.280923366546631,2.959665060043335,0.001154184341430664,3.1207590103149414,0.07407164573669434,0.07672119140625,0.002914905548095703
3,5,9.072988033294678,-28.422075080871583,9.071959257125854,2.952148675918579,0.0009965896606445312,5.9160239696502686,0.07405972480773926,0.07729959487915039,0.005947589874267578
3,6,7.04310417175293,-27.26282329559326,7.042130947113037,2.954399824142456,0.0009400844573974609,3.886413812637329,0.07439160346984863,0.07643938064575195,0.0038383007049560547
3,7,6.045677185058594,-16.71946620941162,6.044684410095215,2.963862180709839,0.0009591579437255859,2.8778717517852783,0.0752410888671875,0.0765237808227539,0.004167795181274414
3,8,6.971055746078491,-23.977239990234374,6.97008490562439,2.953803539276123,0.00093841552734375,3.8137707710266113,0.0753939151763916,0.07658004760742188,0.0037963390350341797
3,9,6.1516523361206055,-17.9060338973999,6.1506688594818115,2.9582459926605225,0.0009500980377197266,2.9909114837646484,0.07352733612060547,0.07802844047546387,0.0031251907348632812
3,10,6.1287102699279785,-22.477298164367674,6.127735137939453,2.9483492374420166,0.0009396076202392578,2.9789481163024902,0.07281064987182617,0.07772278785705566,0.002994060516357422
3,11,6.9332640171051025,-24.66751022338867,6.9322829246521,2.96020245552063,0.0009472370147705078,3.768949508666992,0.0757138729095459,0.07688450813293457,0.0037164688110351562
3,12,7.171926021575928,-20.780179595947267,7.170929670333862,2.9532179832458496,0.0009624958038330078,4.017376661300659,0.07259464263916016,0.07735776901245117,0.003924131393432617
3,13,7.800290822982788,-26.906952476501466,7.79930567741394,2.9618382453918457,0.0009510517120361328,4.636941194534302,0.07251119613647461,0.07710790634155273,0.004526615142822266
3,14,6.559294939041138,-22.96464424133301,6.558328628540039,2.9572513103485107,0.0009334087371826172,3.4010183811187744,0.07310318946838379,0.07724452018737793,0.003397226333618164
3,15,7.378428220748901,-24.779016304016114,7.377312898635864,2.9574387073516846,0.0010800361633300781,4.2172932624816895,0.0735938549041748,0.07761240005493164,0.004355192184448242
3,16,7.3897545337677,-20.66215534210205,7.388779163360596,2.946040153503418,0.0009415149688720703,4.242518186569214,0.07215619087219238,0.07714486122131348,0.004564046859741211
3,17,7.479454517364502,-25.740424156188965,7.47846245765686,2.9411211013793945,0.0009579658508300781,4.33983302116394,0.07079792022705078,0.07688236236572266,0.004308938980102539
3,18,6.631430625915527,-21.008858489990235,6.630456209182739,2.9358530044555664,0.0009341239929199219,3.49831485748291,0.07110929489135742,0.07656121253967285,0.0031783580780029297
3,19,6.098773002624512,-19.009082794189453,6.097781181335449,2.9451584815979004,0.0009577274322509766,2.9550487995147705,0.07147789001464844,0.07673048973083496,0.0034263134002685547
3,20,6.4777748584747314,-18.578734588623046,6.476804733276367,2.9387006759643555,0.0009386539459228516,3.341120719909668,0.071380615234375,0.07661056518554688,0.003262758255004883
3,21,5.93729305267334,-21.762931251525877,5.936299800872803,2.9376304149627686,0.0009601116180419922,2.8018949031829834,0.0713798999786377,0.07674813270568848,0.0028467178344726562
3,22,6.8951544761657715,-23.801937103271484,6.894174575805664,2.9418203830718994,0.0009458065032958984,3.754354476928711,0.07143664360046387,0.07697772979736328,0.004091501235961914
3,23,6.74736475944519,-14.49599838256836,6.746336460113525,2.946532964706421,0.0009639263153076172,3.6005632877349854,0.07137060165405273,0.07689857482910156,0.005063533782958984
3,24,5.059049367904663,-12.832845687866211,5.058086395263672,2.939389228820801,0.0009274482727050781,1.9221947193145752,0.07114243507385254,0.07686901092529297,0.002718210220336914
3,25,6.606756210327148,-22.985654258728026,6.605767488479614,2.961426258087158,0.0009546279907226562,3.4433629512786865,0.07319760322570801,0.07766222953796387,0.0034911632537841797
3,26,6.393722057342529,-21.654610252380373,6.392748117446899,2.9681637287139893,0.0009379386901855469,3.2242796421051025,0.07300853729248047,0.07710528373718262,0.0033953189849853516
3,27,8.444064617156982,-27.714211845397948,8.443053007125854,2.9572815895080566,0.0009756088256835938,5.285026788711548,0.07261157035827637,0.07713460922241211,0.005124092102050781
3,28,7.31497049331665,-20.596154022216798,7.313973426818848,2.943608522415161,0.0009622573852539062,4.171298980712891,0.07179021835327148,0.07716488838195801,0.004367351531982422
3,29,7.186405181884766,-24.968704605102538,7.185426235198975,2.943618059158325,0.0009446144104003906,4.043823480606079,0.07124996185302734,0.0768430233001709,0.004224538803100586
3,30,6.189274787902832,-19.78993911743164,6.188156604766846,2.9527812004089355,0.0010833740234375,3.037816286087036,0.07172942161560059,0.07691764831542969,0.003221273422241211
4,1,10.810900449752808,-78.69103622436523,10.80982494354248,3.0882201194763184,0.001050710678100586,7.515564918518066,0.07458996772766113,0.07749319076538086,0.007772207260131836
4,2,9.993374824523926,-72.1583251953125,9.992294788360596,3.2306153774261475,0.0010578632354736328,6.560220241546631,0.07314491271972656,0.07589435577392578,0.00721430778503418
4,3,9.21949052810669,-75.64780044555664,9.218380212783813,3.253671646118164,0.0010790824890136719,5.763240575790405,0.07442998886108398,0.07514405250549316,0.005777835845947266
4,4,11.752459526062012,-86.45772552490234,11.75133204460144,3.225318193435669,0.001102447509765625,8.32410192489624,0.07335257530212402,0.07528471946716309,0.008222103118896484
4,5,11.27330756187439,-77.04426879882813,11.272191286087036,3.254037380218506,0.001092672348022461,7.813986778259277,0.07474660873413086,0.0756216049194336,0.007745981216430664
4,6,10.69191837310791,-68.99384231567383,10.69083046913147,3.2259414196014404,0.001062631607055664,7.264793157577515,0.07232546806335449,0.07566666603088379,0.0074863433837890625
4,7,10.273217916488647,-64.02718124389648,10.272158861160278,3.2316360473632812,0.0010371208190917969,6.839922666549683,0.07286643981933594,0.07550859451293945,0.0070116519927978516
4,8,10.479501962661743,-62.46504135131836,10.478327512741089,3.2296414375305176,0.0011458396911621094,7.049719572067261,0.07202339172363281,0.07522702217102051,0.007081747055053711
4,9,9.876868963241577,-65.1963104248047,9.87579083442688,3.232438087463379,0.0010547637939453125,6.445929527282715,0.07188677787780762,0.07468652725219727,0.006378889083862305
4,10,12.497742891311646,-80.23812332153321,12.496638059616089,3.219116687774658,0.0010800361633300781,9.074572563171387,0.07334256172180176,0.07515597343444824,0.009364604949951172
4,11,9.722212314605713,-48.743004608154294,9.721094131469727,3.23694109916687,0.0010945796966552734,6.281738758087158,0.07472991943359375,0.07538533210754395,0.006835460662841797
4,12,10.543005466461182,-62.754782104492186,10.541919231414795,3.233422040939331,0.0010628700256347656,7.105486631393433,0.07449603080749512,0.07556366920471191,0.007336854934692383
4,13,10.97980785369873,-81.70445327758789,10.97868299484253,3.1396567821502686,0.0010929107666015625,7.634204387664795,0.0742042064666748,0.07649683952331543,0.007462024688720703
4,14,10.668451309204102,-80.2818489074707,10.667339324951172,3.1519250869750977,0.0010685920715332031,7.309656620025635,0.07456326484680176,0.07739591598510742,0.007262706756591797
4,15,9.805223941802979,-69.47297592163086,9.804063558578491,3.1475884914398193,0.0011265277862548828,6.451287508010864,0.07404518127441406,0.07748889923095703,0.0064373016357421875
4,16,9.288910150527954,-79.51048736572265,9.287829399108887,3.138223171234131,0.0010464191436767578,5.945984125137329,0.07338905334472656,0.07739138603210449,0.005872249603271484
4,17,10.155847072601318,-74.08061370849609,10.154756307601929,3.143953800201416,0.001058340072631836,6.8054585456848145,0.07455039024353027,0.07694053649902344,0.006719827651977539
4,18,11.51820683479309,-74.4689842224121,11.51696491241455,3.14117431640625,0.001207590103149414,8.16947603225708,0.07439470291137695,0.0774383544921875,0.008063077926635742
4,19,9.52488923072815,-62.17752952575684,9.523834705352783,3.144664764404297,0.0010213851928710938,6.174490213394165,0.07449150085449219,0.07745623588562012,0.006125926971435547
4,20,9.96864366531372,-67.31984939575196,9.967545509338379,3.14599871635437,0.0010650157928466797,6.616238594055176,0.07511448860168457,0.07712244987487793,0.0064389705657958984
4,21,9.494965314865112,-67.10234756469727,9.493749380111694,3.202667713165283,0.0011925697326660156,6.086003303527832,0.07507991790771484,0.07603240013122559,0.007693290710449219
4,22,10.138432264328003,-71.79478912353515,10.137338638305664,3.1330249309539795,0.0010695457458496094,6.793433904647827,0.07924675941467285,0.07692742347717285,0.006987571716308594
4,23,8.893049478530884,-65.23754806518555,8.891907691955566,3.1379032135009766,0.0011162757873535156,5.544116020202637,0.07972931861877441,0.07674646377563477,0.005488872528076172
4,24,9.537763833999634,-62.19687423706055,9.53663182258606,3.1454882621765137,0.0010983943939208984,6.181034326553345,0.07857251167297363,0.0769655704498291,0.0061626434326171875
4,25,10.667053937911987,-70.30596008300782,10.66577959060669,3.146346092224121,0.001245260238647461,7.306612491607666,0.07970023155212402,0.07759499549865723,0.007296085357666016
4,26,10.22982668876648,-69.39652404785156,10.228637218475342,3.1489787101745605,0.0011625289916992188,6.868460178375244,0.07907319068908691,0.07751798629760742,0.006853342056274414
4,27,9.396722793579102,-69.8229606628418,9.395636558532715,3.15191912651062,0.00106048583984375,6.034301996231079,0.07911276817321777,0.07697248458862305,0.00602412223815918
4,28,12.083495378494263,-82.8583595275879,12.0823655128479,3.143857955932617,0.0010941028594970703,8.73275113105774,0.07421398162841797,0.07649946212768555,0.008478879928588867
4,29,12.036673784255981,-76.1501091003418,12.035544157028198,3.1373050212860107,0.0010955333709716797,8.692720174789429,0.07344484329223633,0.07666301727294922,0.008728742599487305
4,30,11.108614683151245,-85.07192993164062,11.107478618621826,3.1439366340637207,0.0010991096496582031,7.7576422691345215,0.07427048683166504,0.07729530334472656,0.0076389312744140625
5,1,14.87687635421753,-207.1419219970703,14.87546706199646,3.34576678276062,0.0013747215270996094,11.320666551589966,0.07415890693664551,0.07687020301818848,0.011448383331298828
5,2,15.884055137634277,-186.23534088134767,15.882724046707153,3.355734348297119,0.0012943744659423828,12.316656589508057,0.07386207580566406,0.07735109329223633,0.012799501419067383
5,3,14.523949146270752,-179.3174285888672,14.522578954696655,3.334341287612915,0.0013346672058105469,10.978811740875244,0.07416415214538574,0.07739543914794922,0.011026620864868164
5,4,15.93342924118042,-224.2655487060547,15.931983947753906,3.3567111492156982,0.0014116764068603516,12.365617275238037,0.0740206241607666,0.07697176933288574,0.012270450592041016
5,5,14.03329086303711,-179.6783920288086,14.032004356384277,3.331981658935547,0.0012526512145996094,10.491835355758667,0.07423830032348633,0.07689785957336426,0.010549306869506836
5,6,16.27055287361145,-204.93289184570312,16.26914119720459,3.3516337871551514,0.0013773441314697266,12.7064049243927,0.07429099082946777,0.0771033763885498,0.01280832290649414
5,7,14.421819925308228,-216.3830139160156,14.420508623123169,3.346054792404175,0.0012772083282470703,10.86613130569458,0.0738217830657959,0.07706427574157715,0.010667562484741211
5,8,14.8038649559021,-212.68142700195312,14.802412033081055,3.3076117038726807,0.001428365707397461,11.28815245628357,0.07512521743774414,0.07540655136108398,0.011394023895263672
5,9,12.211033821105957,-196.49469604492188,12.209655523300171,2.4851202964782715,0.0013537406921386719,9.532025814056396,0.06887125968933105,0.07451128959655762,0.009496688842773438
5,10,13.840343713760376,-229.26260070800782,13.838995695114136,3.2477991580963135,0.0013246536254882812,10.388521432876587,0.07211017608642578,0.07534050941467285,0.010939598083496094
5,11,13.112508058547974,-182.9115249633789,13.111178636550903,3.3284921646118164,0.0013051033020019531,9.57446813583374,0.07660937309265137,0.07588410377502441,0.009486913681030273
5,12,14.246910572052002,-219.77933349609376,14.245585441589355,3.4260168075561523,0.0013020038604736328,10.615720272064209,0.07335495948791504,0.07471203804016113,0.010565996170043945
5,13,14.509853601455688,-213.8157745361328,14.508392810821533,3.4587957859039307,0.0014357566833496094,10.841264009475708,0.07632946968078613,0.07523822784423828,0.010860443115234375
5,14,14.219179153442383,-194.82640533447267,14.217456579208374,3.329360008239746,0.0016970634460449219,10.678179264068604,0.07659792900085449,0.07558226585388184,0.011338472366333008
5,15,13.493408918380737,-184.3036636352539,13.492138624191284,3.343186378479004,0.0012464523315429688,9.93985629081726,0.07632851600646973,0.07633566856384277,0.009776830673217773
5,16,13.741710901260376,-200.75818481445313,13.740340232849121,3.3480112552642822,0.0013408660888671875,10.182546854019165,0.07713818550109863,0.07577252388000488,0.010135650634765625
5,17,15.390320301055908,-199.88434753417968,15.388988733291626,3.34564208984375,0.00130462646484375,11.833254098892212,0.07614946365356445,0.0759122371673584,0.011843681335449219
5,18,12.450309753417969,-189.85948486328124,12.448934078216553,3.34417986869812,0.0013508796691894531,8.896852970123291,0.07655739784240723,0.07612967491149902,0.008828401565551758
5,19,14.17463231086731,-204.63758850097656,14.173316478729248,3.34112286567688,0.0012927055358886719,10.622607231140137,0.07660698890686035,0.07565450668334961,0.010785102844238281
5,20,13.381773233413696,-198.54668121337892,13.38036561012268,3.457812786102295,0.0013818740844726562,9.717337608337402,0.07474231719970703,0.07484769821166992,0.009782075881958008
5,21,12.700598955154419,-185.92232208251954,12.699296236038208,3.4410529136657715,0.001277923583984375,9.049220323562622,0.07795143127441406,0.07562732696533203,0.008841514587402344
5,22,11.76112985610962,-111.44577560424804,11.759408473968506,3.2410061359405518,0.0016961097717285156,8.311012506484985,0.07706832885742188,0.07547903060913086,0.008922338485717773
5,23,16.322635412216187,-215.69811248779297,16.321282625198364,3.454195499420166,0.001325845718383789,12.654319047927856,0.07714343070983887,0.0760040283203125,0.012688398361206055
5,24,12.365369081497192,-183.3640914916992,12.363920450210571,3.41554594039917,0.0014200210571289062,8.7437264919281,0.07431793212890625,0.07607197761535645,0.008888721466064453
5,25,13.6251540184021,-196.49595489501954,13.62375783920288,3.425734519958496,0.0013706684112548828,9.99111032485962,0.0746467113494873,0.07647585868835449,0.010188579559326172
5,26,13.489784240722656,-195.7270263671875,13.488355159759521,3.3251116275787354,0.0014035701751708984,9.954642295837402,0.07512903213500977,0.07664752006530762,0.009905099868774414
5,27,14.76776385307312,-220.81395111083984,14.766403436660767,3.3195807933807373,0.0013353824615478516,11.237136363983154,0.07592916488647461,0.07655215263366699,0.011195659637451172
5,28,13.012531042098999,-206.20437622070312,13.0111403465271,3.3126533031463623,0.0013630390167236328,9.490305185317993,0.07556939125061035,0.07712197303771973,0.009426116943359375
5,29,13.504812479019165,-183.2992156982422,13.503368377685547,3.418076515197754,0.0014214515686035156,9.879079341888428,0.07411050796508789,0.07639098167419434,0.01016545295715332
5,30,15.557174444198608,-224.0581787109375,15.555791854858398,3.2925901412963867,0.0013470649719238281,12.050761699676514,0.0762636661529541,0.07715725898742676,0.012039661407470703
6,1,7.621159076690674,-29.065473747253417,7.620097398757935,3.138216733932495,0.0010271072387695312,4.27410364151001,0.07674098014831543,0.07775497436523438,0.00457310676574707
6,2,6.7826385498046875,-16.949596405029297,6.781613349914551,2.9283008575439453,0.0010001659393310547,3.6485483646392822,0.07623291015625,0.07642817497253418,0.004494190216064453
6,3,7.335249662399292,-34.34463195800781,7.3342461585998535,3.1475460529327393,0.0009775161743164062,3.9838192462921143,0.07688760757446289,0.075653076171875,0.0041463375091552734
6,4,7.54793643951416,-17.129951858520506,7.546895503997803,2.947021722793579,0.0010151863098144531,4.3942694664001465,0.07735180854797363,0.07616758346557617,0.004748344421386719
6,5,8.765249729156494,-35.21076278686523,8.76422905921936,3.1589925289154053,0.0009963512420654297,5.399999380111694,0.07602620124816895,0.07715916633605957,0.005591869354248047
6,6,7.294930696487427,-15.28952760696411,7.293918609619141,2.9519264698028564,0.000985860824584961,4.139363527297974,0.07605147361755371,0.07570576667785645,0.004199981689453125
6,7,7.467305898666382,-27.356262016296387,7.466187477111816,3.147268056869507,0.0010921955108642578,4.115378141403198,0.07658076286315918,0.07556748390197754,0.004548311233520508
6,8,8.825978994369507,-34.06342544555664,8.824986219406128,3.124799966812134,0.0009667873382568359,5.496370315551758,0.07538580894470215,0.07615375518798828,0.005711555480957031
6,9,7.583609104156494,-15.75328607559204,7.582637071609497,2.949702262878418,0.0009484291076660156,4.431156635284424,0.07516860961914062,0.07552504539489746,0.004567861557006836
6,10,8.14823293685913,-28.656115913391112,8.14722228050232,3.1359896659851074,0.0009875297546386719,4.807889461517334,0.07535743713378906,0.07617497444152832,0.005354642868041992
6,11,8.067660808563232,-28.41199188232422,8.066643953323364,3.1517720222473145,0.0009930133819580078,4.710705280303955,0.07654356956481934,0.07560300827026367,0.005341768264770508
6,12,7.44575309753418,-22.48724994659424,7.444678783416748,2.94305682182312,0.0010516643524169922,4.299922943115234,0.07557129859924316,0.07578873634338379,0.004241466522216797
6,13,7.685115575790405,-26.667833518981933,7.6840808391571045,3.1335558891296387,0.0010106563568115234,4.346412658691406,0.07628417015075684,0.07638740539550781,0.00466465950012207
6,14,8.29875659942627,-29.79244728088379,8.297720670700073,3.1514270305633545,0.001010894775390625,4.938352108001709,0.07794618606567383,0.07696986198425293,0.005188941955566406
6,15,8.259456634521484,-24.995500373840333,8.258380651473999,2.9664642810821533,0.0010323524475097656,5.083896160125732,0.07815098762512207,0.07650375366210938,0.005217075347900391
6,16,8.234378099441528,-25.330071449279785,8.233337163925171,3.1303014755249023,0.0010142326354980469,4.8950135707855225,0.07813310623168945,0.07721757888793945,0.005130290985107422
6,17,7.917782306671143,-22.188274765014647,7.916704177856445,3.1426284313201904,0.0010476112365722656,4.565013408660889,0.07825946807861328,0.07675600051879883,0.004836082458496094
6,18,7.194533348083496,-28.55884666442871,7.193458795547485,3.128549098968506,0.0010440349578857422,3.8539609909057617,0.08014726638793945,0.07637429237365723,0.003939151763916016
6,19,7.394358396530151,-17.38035068511963,7.39337944984436,2.9519317150115967,0.0009436607360839844,4.237589359283447,0.07514619827270508,0.07718038558959961,0.004423856735229492
6,20,7.708763122558594,-23.612818336486818,7.707632541656494,2.9561991691589355,0.0010967254638671875,4.546557664871216,0.07555794715881348,0.07787513732910156,0.004288196563720703
6,21,8.912792682647705,-24.16271514892578,8.91181468963623,2.945371627807617,0.0009458065032958984,5.762134552001953,0.07513260841369629,0.07717084884643555,0.00525355339050293
6,22,8.691045045852661,-26.010580825805665,8.68994688987732,3.121896266937256,0.001064300537109375,5.362425088882446,0.07601022720336914,0.07709646224975586,0.0054738521575927734
6,23,7.170957326889038,-30.78509464263916,7.1698853969573975,3.1807522773742676,0.0010395050048828125,3.7842042446136475,0.07502341270446777,0.07734513282775879,0.004508018493652344
6,24,9.012895822525024,-27.391277313232422,9.011821985244751,3.1387503147125244,0.0010495185852050781,5.662674188613892,0.07827973365783691,0.07659649848937988,0.005880832672119141
6,25,8.083232402801514,-36.578683090209964,8.082221508026123,3.124098539352417,0.0009846687316894531,4.7560999393463135,0.0755159854888916,0.07602238655090332,0.004519939422607422
6,26,8.14721417427063,-36.42831993103027,8.14621877670288,3.1246135234832764,0.0009717941284179688,4.818346977233887,0.07644009590148926,0.07599377632141113,0.004958629608154297
6,27,7.556914806365967,-25.673624420166014,7.5558977127075195,3.1198484897613525,0.0009903907775878906,4.233799457550049,0.07525086402893066,0.075958251953125,0.0045850276947021484
6,28,8.414382219314575,-35.080662155151366,8.413365364074707,3.1226465702056885,0.0009930133819580078,5.088449954986572,0.07491946220397949,0.07626008987426758,0.0050623416900634766
6,29,7.482039213180542,-27.630284309387207,7.481042385101318,3.1170339584350586,0.0009729862213134766,4.160700559616089,0.0766298770904541,0.07579278945922852,0.004338502883911133
6,30,8.326698541641235,-36.57901878356934,8.325701236724854,3.1356399059295654,0.0009734630584716797,4.986504316329956,0.0755457878112793,0.07678008079528809,0.005144596099853516
7,1,17.89448833465576,-305.1743469238281,17.89297342300415,3.502596616744995,0.001489877700805664,14.179277181625366,0.075653076171875,0.07587146759033203,0.013705730438232422
7,2,17.329495906829834,-303.06788024902346,17.327677249908447,3.50006103515625,0.0017855167388916016,13.617189884185791,0.07527852058410645,0.07576799392700195,0.013402938842773438
7,3,17.76329755783081,-301.7640869140625,17.761818170547485,3.5033719539642334,0.0014541149139404297,14.047431707382202,0.07525849342346191,0.07608199119567871,0.013705253601074219
7,4,16.30879783630371,-313.5325927734375,16.307241439819336,3.518824577331543,0.0015294551849365234,12.578437328338623,0.0756063461303711,0.07604670524597168,0.012271881103515625
7,5,16.489995002746582,-235.20392761230468,16.488457441329956,3.5177266597747803,0.001512765884399414,12.760236740112305,0.07533454895019531,0.07605171203613281,0.01276540756225586
7,6,16.778037309646606,-295.29810791015626,16.77651071548462,3.5744338035583496,0.0015022754669189453,12.992054462432861,0.07554864883422852,0.07561850547790527,0.012952327728271484
7,7,18.723362684249878,-304.66139526367186,18.721319675445557,3.570491075515747,0.0020186901092529297,14.938883066177368,0.0760188102722168,0.0754096508026123,0.014850616455078125
7,8,18.274736404418945,-294.53997497558595,18.27324080467224,3.5175094604492188,0.0014681816101074219,14.542564868927002,0.07634592056274414,0.07593917846679688,0.014603137969970703
7,9,16.67105007171631,-308.22426452636716,16.669533729553223,3.5482840538024902,0.0014891624450683594,12.90976881980896,0.07605266571044922,0.07622981071472168,0.013107061386108398
7,10,16.075969219207764,-292.7394500732422,16.07443642616272,3.536691904067993,0.0015077590942382812,12.326860427856445,0.0761117935180664,0.07657814025878906,0.012069940567016602
7,11,19.155166387557983,-309.7294219970703,19.153639793395996,3.5151166915893555,0.0015025138854980469,15.425061702728271,0.07632231712341309,0.0757603645324707,0.015220403671264648
7,12,17.5655415058136,-308.5384246826172,17.563416242599487,3.5258231163024902,0.0020995140075683594,13.826632261276245,0.0753016471862793,0.07576727867126465,0.013636112213134766
7,13,17.7687931060791,-299.02691955566405,17.76731538772583,3.5694327354431152,0.001444101333618164,13.98597502708435,0.07632946968078613,0.07536482810974121,0.014242410659790039
7,14,19.53462243080139,-302.47846069335935,18.501527309417725,3.646002769470215,1.0330822467803955,13.32263970375061,0.12022018432617188,0.09479165077209473,1.2689898014068604
7,15,15.778197526931763,-303.1539733886719,15.776522159576416,2.826511859893799,0.00164794921875,12.734266519546509,0.07459664344787598,0.08379936218261719,0.014038324356079102
7,16,14.88228988647461,-307.6165771484375,14.880613565444946,2.661600112915039,0.0016515254974365234,12.019087553024292,0.07137060165405273,0.07560586929321289,0.012433052062988281
7,17,16.2071590423584,-304.21856994628905,16.205507278442383,3.6062369346618652,0.0016269683837890625,12.385231733322144,0.07731175422668457,0.07649707794189453,0.012464523315429688
7,18,16.74254298210144,-310.8355773925781,16.741001844406128,3.555689811706543,0.0015153884887695312,12.972654819488525,0.07704281806945801,0.07633376121520996,0.01299905776977539
7,19,18.068565607070923,-300.817431640625,18.067096710205078,3.553506851196289,0.0014448165893554688,14.299626111984253,0.07654738426208496,0.07685256004333496,0.014177322387695312
7,20,16.578855276107788,-307.70691833496096,16.577298164367676,3.5568902492523193,0.0015308856964111328,12.80567741394043,0.07883763313293457,0.07620644569396973,0.012933969497680664
7,21,16.729140281677246,-307.2989166259766,16.727560997009277,3.5531468391418457,0.0015549659729003906,12.960665941238403,0.07744336128234863,0.07663393020629883,0.01309967041015625
7,22,18.823056936264038,-300.25505981445315,18.82147216796875,3.567843198776245,0.0015590190887451172,15.032728672027588,0.08024883270263672,0.07796812057495117,0.014978170394897461
7,23,17.67904043197632,-298.8445648193359,17.677480697631836,3.0901057720184326,0.0015380382537841797,14.376904010772705,0.07624173164367676,0.07680249214172363,0.014521598815917969
7,24,16.95720887184143,-302.35093383789064,16.95566749572754,3.220902681350708,0.0015184879302978516,13.52260422706604,0.07728004455566406,0.07678818702697754,0.013564109802246094
7,25,15.86229920387268,-307.4303344726562,15.86062741279602,2.70253324508667,0.0016484260559082031,12.957815170288086,0.07218647003173828,0.07562756538391113,0.012864112854003906
7,26,16.72514843940735,-307.9495788574219,16.723528385162354,3.547285795211792,0.0015969276428222656,12.959811449050903,0.07976984977722168,0.07717370986938477,0.012725830078125
7,27,17.48288083076477,-307.3108337402344,17.481324911117554,3.5522656440734863,0.0015320777893066406,13.709849834442139,0.07977938652038574,0.07823967933654785,0.013897418975830078
7,28,17.881689310073853,-300.4688385009766,17.880090713500977,3.5358529090881348,0.001573324203491211,14.127103805541992,0.07883405685424805,0.0771474838256836,0.013984203338623047
7,29,16.13888716697693,-309.56696166992185,16.137346506118774,2.7812857627868652,0.001501321792602539,13.155043601989746,0.07135128974914551,0.07571053504943848,0.013451576232910156
7,30,16.88095235824585,-296.0641235351562,16.8793466091156,3.488168954849243,0.0015714168548583984,13.183331727981567,0.07205367088317871,0.07699704170227051,0.013319015502929688
8,1,15.402289628982544,-3523.0046875,15.396547079086304,3.5906832218170166,0.0057179927825927734,11.596915483474731,0.07576513290405273,0.07720136642456055,0.011875391006469727
8,2,15.503278732299805,-3520.78779296875,15.498053550720215,3.9372470378875732,0.0051882266998291016,11.347152948379517,0.0762166976928711,0.0786142349243164,0.011513948440551758
8,3,15.763087511062622,-3479.5890625,15.757906436920166,3.9476141929626465,0.005156993865966797,11.597540378570557,0.07720065116882324,0.07694506645202637,0.012054681777954102
8,4,15.637964963912964,-3546.9138671875,15.632648468017578,3.934195041656494,0.005289554595947266,11.486284971237183,0.07708024978637695,0.07658767700195312,0.011674165725708008
8,5,15.914419174194336,-3514.397314453125,15.908636569976807,3.932061195373535,0.005746126174926758,11.76015305519104,0.07782554626464844,0.07898259162902832,0.012022733688354492
8,6,15.120615005493164,-3476.9446044921874,15.115478515625,3.1243250370025635,0.005111217498779297,11.793731451034546,0.07021093368530273,0.07576107978820801,0.012199640274047852
8,7,15.372908592224121,-3509.0238525390623,15.367732048034668,3.924851417541504,0.005151510238647461,11.231971979141235,0.07597184181213379,0.0770106315612793,0.011480569839477539
8,8,16.03872060775757,-3483.8878173828125,16.033417463302612,3.9450080394744873,0.005274772644042969,11.874621629714966,0.07765054702758789,0.07707571983337402,0.012186765670776367
8,9,14.694225072860718,-3486.051611328125,14.688536405563354,3.1046462059020996,0.005656242370605469,11.38819670677185,0.06940245628356934,0.07535147666931152,0.011913061141967773
8,10,14.827295064926147,-3527.6466796875,14.822115898132324,3.0889647006988525,0.00515437126159668,11.53854775428772,0.0689699649810791,0.07506442070007324,0.011842012405395508
8,11,14.104902029037476,-3611.991357421875,14.099786758422852,3.1246912479400635,0.00509190559387207,10.778813600540161,0.06994843482971191,0.07604241371154785,0.010986328125
8,12,14.708834886550903,-3509.051904296875,14.703633546829224,3.1119303703308105,0.00517725944519043,11.396211624145508,0.06883621215820312,0.07587814331054688,0.011820316314697266
8,13,14.703118085861206,-3508.285986328125,14.69735836982727,3.1198320388793945,0.0057337284088134766,11.37718391418457,0.07224488258361816,0.07619595527648926,0.012302160263061523
8,14,15.243207216262817,-3507.12900390625,15.12706446647644,3.125248670578003,0.11611342430114746,11.800597190856934,0.07250046730041504,0.07640838623046875,0.012470483779907227
8,15,15.613314628601074,-3498.08642578125,15.608188390731812,3.957875967025757,0.005086660385131836,11.437041997909546,0.07635378837585449,0.07828712463378906,0.011409759521484375
8,16,15.785397052764893,-3479.899853515625,15.780258178710938,4.004129409790039,0.005107879638671875,11.568199396133423,0.07386374473571777,0.07684922218322754,0.011764287948608398
8,17,15.431909322738647,-3530.1805419921875,15.426115274429321,3.955667495727539,0.005766391754150391,11.254158735275269,0.07695436477661133,0.08021426200866699,0.011864423751831055
8,18,15.55075979232788,-3542.474267578125,15.545564651489258,3.9577221870422363,0.005158662796020508,11.378481388092041,0.07346391677856445,0.07773613929748535,0.011687994003295898
8,19,15.773037195205688,-3531.2761474609374,15.767668962478638,3.9411332607269287,0.005335807800292969,11.606815338134766,0.07960247993469238,0.07837224006652832,0.011840581893920898
8,20,15.636612176895142,-3507.63251953125,15.63146162033081,3.962632894515991,0.0051114559173583984,11.455241680145264,0.07562613487243652,0.07859039306640625,0.011664628982543945
8,21,14.270430564880371,-3541.0354248046874,14.264755010604858,3.0423390865325928,0.0056498050689697266,11.03009819984436,0.06761884689331055,0.07451748847961426,0.011449098587036133
8,22,15.767291784286499,-3482.27783203125,15.762160301208496,3.9048385620117188,0.005106449127197266,11.645603895187378,0.07611536979675293,0.07766938209533691,0.012005090713500977
8,23,16.09824013710022,-3554.5998046875,16.092882871627808,4.064107418060303,0.005329132080078125,11.797925472259521,0.08197736740112305,0.08729839324951172,0.011991262435913086
8,24,15.66111421585083,-3507.72109375,15.656006336212158,3.985323667526245,0.005082368850708008,11.454529047012329,0.07691001892089844,0.07924199104309082,0.011797428131103516
8,25,16.3016619682312,-3432.30322265625,16.29599690437317,3.961960554122925,0.005631923675537109,12.115635395050049,0.08038043975830078,0.07837820053100586,0.012204170227050781
8,26,15.837777853012085,-3549.3943115234374,15.832638025283813,3.9646785259246826,0.005114555358886719,11.648890256881714,0.0803823471069336,0.07864928245544434,0.01157999038696289
8,27,15.887670040130615,-3510.9379150390623,15.882507562637329,4.06530237197876,0.005124568939208984,11.582845211029053,0.08449149131774902,0.08717203140258789,0.011471748352050781
8,28,15.63480520248413,-3516.24541015625,15.629616260528564,3.951084613800049,0.005160808563232422,11.461697101593018,0.07850956916809082,0.07898068428039551,0.011475324630737305
8,29,15.43011474609375,-3513.326611328125,15.424474954605103,3.944265842437744,0.005614280700683594,11.266934633255005,0.07837557792663574,0.07708358764648438,0.011110782623291016
8,30,15.832923173904419,-3510.51884765625,15.827609539031982,3.958138942718506,0.005285024642944336,11.655525207519531,0.07758903503417969,0.07713198661804199,0.011864662170410156
9,1,19.452612161636353,-9054.91005859375,19.441545963287354,4.15714168548584,0.011036157608032227,15.061882019042969,0.08040785789489746,0.07877159118652344,0.015282392501831055
9,2,20.055063724517822,-9023.42841796875,20.04395580291748,4.1478941440582275,0.01108098030090332,15.674429416656494,0.08014392852783203,0.0778205394744873,0.01620316505432129
9,3,20.077720880508423,-9123.7873046875,20.0663104057312,4.191525220870972,0.011372804641723633,15.651954650878906,0.0791015625,0.07976222038269043,0.015770912170410156
9,4,19.71668004989624,-9018.6662109375,19.705312252044678,4.167624473571777,0.011329889297485352,15.317380428314209,0.07782554626464844,0.07877564430236816,0.015813350677490234
9,5,19.647056102752686,-9195.982421875,19.635950803756714,4.152477264404297,0.011075973510742188,15.265488386154175,0.07759213447570801,0.0776817798614502,0.01573038101196289
9,6,20.062420129776,-9026.95712890625,20.05105185508728,4.157455682754517,0.011341333389282227,15.671099424362183,0.0798637866973877,0.07920956611633301,0.015665054321289062
9,7,19.968363046646118,-9038.05595703125,19.95731258392334,4.165633678436279,0.011022090911865234,15.568207025527954,0.0811924934387207,0.07856369018554688,0.01602935791015625
9,8,20.082968711853027,-8904.8322265625,20.071969509124756,4.153426647186279,0.010972023010253906,15.700567245483398,0.07785224914550781,0.07754111289978027,0.01581740379333496
9,9,19.476970911026,-9065.95458984375,19.465628623962402,4.163691759109497,0.011314630508422852,15.083113670349121,0.07767939567565918,0.07866311073303223,0.015352487564086914
9,10,19.45722532272339,-9110.05947265625,19.445765495300293,4.1568989753723145,0.011430740356445312,15.072443962097168,0.07651996612548828,0.07743263244628906,0.015523195266723633
9,11,19.907359838485718,-8993.616015625,19.896563053131104,4.152475357055664,0.010768890380859375,15.525686502456665,0.0784139633178711,0.07744383811950684,0.015817880630493164
9,12,19.86698079109192,-8981.07734375,19.85584545135498,4.167078733444214,0.011105537414550781,15.469631910324097,0.07806587219238281,0.07800030708312988,0.015666484832763672
9,13,19.6714870929718,-8986.840234375,19.66015100479126,4.200626373291016,0.011307477951049805,15.236294031143188,0.08095884323120117,0.07904434204101562,0.015530586242675781
9,14,19.549362897872925,-9029.1591796875,19.538188934326172,4.181143522262573,0.011144161224365234,15.134167671203613,0.08091950416564941,0.0784919261932373,0.01564621925354004
9,15,20.10036301612854,-9032.76328125,20.089223623275757,4.205484867095947,0.01110219955444336,15.660271883010864,0.08018708229064941,0.07923102378845215,0.015973329544067383
9,16,20.541990518569946,-9041.8150390625,20.376391410827637,4.202389478683472,0.16556763648986816,15.948191404342651,0.08022785186767578,0.08144330978393555,0.015913963317871094
9,17,19.218510389328003,-9073.3546875,19.207642078399658,4.143035173416138,0.010841131210327148,14.849307298660278,0.07675695419311523,0.0771336555480957,0.01512765884399414
9,18,19.611682891845703,-9168.859765625,19.600549936294556,4.131193399429321,0.011102914810180664,15.253265142440796,0.07756447792053223,0.07691526412963867,0.015377521514892578
9,19,19.699207305908203,-9045.917578125,19.688223361968994,4.140345096588135,0.010955095291137695,15.330453634262085,0.07759261131286621,0.07718253135681152,0.01558232307434082
9,20,19.40615463256836,-9130.27685546875,19.395424604415894,4.129957914352417,0.01070404052734375,15.050101518630981,0.0768730640411377,0.0767967700958252,0.015404701232910156
9,21,20.35460901260376,-9007.84462890625,20.343781232833862,4.141236782073975,0.010799407958984375,15.986371517181396,0.0764167308807373,0.07706022262573242,0.016207218170166016
9,22,19.420145273208618,-9040.11748046875,19.409416437149048,3.895613193511963,0.010702371597290039,15.298157215118408,0.0779116153717041,0.07737398147583008,0.015408515930175781
9,23,19.939130306243896,-8993.023828125,19.92796754837036,4.158746957778931,0.011134862899780273,15.547049045562744,0.08064603805541992,0.07790780067443848,0.015992164611816406
9,24,19.560992002487183,-9064.828515625,19.55028796195984,4.157610177993774,0.010675430297851562,15.17268705368042,0.07929515838623047,0.07780861854553223,0.015358209609985352
9,25,19.935609102249146,-9066.25068359375,19.924854040145874,4.169057130813599,0.010727405548095703,15.533651351928711,0.0809628963470459,0.0781404972076416,0.015830278396606445
9,26,19.431326150894165,-9078.78720703125,19.420653104782104,4.155473470687866,0.010643243789672852,15.043812274932861,0.08053803443908691,0.07819008827209473,0.015313863754272461
9,27,20.19020366668701,-9001.91181640625,20.179150819778442,4.150920629501343,0.011027097702026367,15.805828094482422,0.08083868026733398,0.07806921005249023,0.016236543655395508
9,28,19.903346300125122,-8933.39482421875,19.89227294921875,4.1627912521362305,0.01104426383972168,15.50748610496521,0.08050680160522461,0.0779423713684082,0.016283273696899414
9,29,20.601649284362793,-8987.34501953125,20.5906400680542,4.152583837509155,0.010981321334838867,16.216403245925903,0.08001065254211426,0.07807135581970215,0.016347885131835938
9,30,20.02842926979065,-8962.9376953125,20.01770043373108,4.16174054145813,0.01069951057434082,15.635046243667603,0.07989072799682617,0.07797002792358398,0.015860319137573242
10,1,26.35436248779297,-22911.794140625,26.331621885299683,4.332288980484009,0.022710561752319336,21.76978826522827,0.07983279228210449,0.07948160171508789,0.022231340408325195
10,2,26.010047674179077,-22890.584375,25.98614001274109,4.344664096832275,0.02387547492980957,21.41136336326599,0.07983016967773438,0.08022260665893555,0.02206873893737793
10,3,26.04864239692688,-22944.718359375,26.02627205848694,4.3113813400268555,0.022336483001708984,21.48768925666809,0.0792388916015625,0.07860469818115234,0.02162766456604004
10,4,26.330354928970337,-22932.94765625,26.306800365447998,4.382443904876709,0.023518085479736328,21.69120144844055,0.07906794548034668,0.08204436302185059,0.02251887321472168
10,5,26.13778018951416,-22836.8583984375,26.11491370201111,4.338364839553833,0.022835493087768555,21.548025369644165,0.07890701293945312,0.07914900779724121,0.022223234176635742
10,6,31.363024473190308,-23019.3310546875,30.358299732208252,4.843666315078735,1.0046825408935547,23.530730724334717,0.1329970359802246,0.28134894371032715,1.5055949687957764
10,7,28.81356167793274,-22916.82890625,28.787892818450928,4.711235523223877,0.025625228881835938,23.644015550613403,0.08628320693969727,0.2578725814819336,0.024279356002807617
10,8,29.412959814071655,-22883.39140625,29.38703227043152,4.708779573440552,0.025887012481689453,24.26605725288391,0.0852653980255127,0.23608183860778809,0.024486303329467773
10,9,28.69289517402649,-22983.3337890625,28.66725206375122,4.707244157791138,0.025603055953979492,23.560436487197876,0.08595108985900879,0.21982741355895996,0.024106264114379883
10,10,29.578872203826904,-22917.007421875,29.5539813041687,4.734099626541138,0.02484440803527832,24.419642210006714,0.0861351490020752,0.2221674919128418,0.025287866592407227
10,11,28.22624969482422,-23032.465625,28.200478315353394,4.763707876205444,0.025730371475219727,23.02666664123535,0.08534908294677734,0.23775815963745117,0.023190975189208984
10,12,28.695619344711304,-23357.203125,28.670294284820557,4.7191972732543945,0.025281906127929688,23.553590059280396,0.08526134490966797,0.2195725440979004,0.02368640899658203
10,13,28.22085952758789,-23019.530078125,28.19528865814209,4.712519645690918,0.02552938461303711,23.076199769973755,0.08562564849853516,0.2332441806793213,0.02345442771911621
10,14,28.841416120529175,-22969.404296875,28.816571712493896,4.738306522369385,0.024803638458251953,23.70709729194641,0.08631062507629395,0.1801166534423828,0.023981571197509766
10,15,28.579949617385864,-22915.8451171875,28.55463719367981,4.707674741744995,0.025258541107177734,23.453655004501343,0.08529901504516602,0.2221536636352539,0.023592233657836914
10,16,28.458602905273438,-22889.86015625,28.4337100982666,4.597914934158325,0.024851083755493164,23.42049241065979,0.08532500267028809,0.2425985336303711,0.02371692657470703
10,17,28.733541250228882,-22923.8640625,28.70793318748474,4.738184928894043,0.025566577911376953,23.53496551513672,0.08508157730102539,0.2656235694885254,0.024262428283691406
10,18,28.748920679092407,-22968.75078125,28.72346258163452,4.723230600357056,0.025408029556274414,23.610193729400635,0.08500528335571289,0.2193911075592041,0.02417445182800293
10,19,28.60747742652893,-22927.066796875,28.58230972290039,4.682433128356934,0.025125980377197266,23.524705171585083,0.08633828163146973,0.19521522521972656,0.023463964462280273
10,20,28.25948405265808,-23074.1828125,28.234666109085083,4.701422452926636,0.02477407455444336,23.113153219223022,0.08532261848449707,0.2500333786010742,0.02322554588317871
10,21,28.380918979644775,-23021.10078125,28.355308294296265,4.714580297470093,0.02557063102722168,23.271037578582764,0.0855550765991211,0.20325326919555664,0.02366042137145996
10,22,28.395194053649902,-23325.30625,28.370653867721558,4.720875263214111,0.02449774742126465,23.26101016998291,0.08584380149841309,0.21907591819763184,0.023351669311523438
10,23,28.619287490844727,-23258.267578125,28.594183206558228,4.722841024398804,0.02506232261657715,23.48358178138733,0.08559870719909668,0.19962692260742188,0.024059295654296875
10,24,28.15286922454834,-22910.54453125,28.127415657043457,4.738012313842773,0.025410175323486328,22.982744693756104,0.08521246910095215,0.23506593704223633,0.023668289184570312
10,25,28.471529483795166,-23285.127734375,28.446327447891235,4.721989393234253,0.025159358978271484,23.362927436828613,0.08603739738464355,0.18491125106811523,0.02337932586669922
10,26,28.516623497009277,-22983.019140625,28.491565465927124,4.729644775390625,0.025015830993652344,23.37861466407776,0.08562302589416504,0.19565844535827637,0.023824214935302734
10,27,28.208579063415527,-22944.6375,28.1838481426239,4.721744060516357,0.024688005447387695,23.067509174346924,0.08541154861450195,0.22045326232910156,0.023598909378051758
10,28,32.6435432434082,-22880.325,31.641109228134155,4.905822038650513,1.0023930072784424,24.796648263931274,0.13550925254821777,0.23807811737060547,1.4953718185424805
10,29,28.439003944396973,-22867.7484375,28.412647247314453,4.649571657180786,0.026322603225708008,23.38581132888794,0.0851740837097168,0.20351505279541016,0.024042367935180664
10,30,28.05368661880493,-22989.0515625,28.028733253479004,4.616647958755493,0.02492356300354004,23.043415069580078,0.08567142486572266,0.1953721046447754,0.023336172103881836
11,1,42.00237703323364,-58504.83203125,41.945513010025024,4.853881120681763,0.05683135986328125,36.71123218536377,0.08445978164672852,0.1955099105834961,0.03797602653503418
11,2,41.37774419784546,-58744.98671875,41.321741580963135,4.823198556900024,0.0559694766998291,36.111429929733276,0.08206415176391602,0.21090149879455566,0.03822135925292969
11,3,41.657121419906616,-58520.465625,41.601560831069946,4.833676815032959,0.055527687072753906,36.38992142677307,0.08466625213623047,0.19179558753967285,0.03799581527709961
11,4,41.442572355270386,-58713.84765625,41.386844635009766,4.819943189620972,0.05569052696228027,36.183748960494995,0.08208584785461426,0.19751334190368652,0.03732609748840332
11,5,41.88971304893494,-58516.696875,41.83344602584839,4.816208839416504,0.05623459815979004,36.62593746185303,0.08079385757446289,0.21271514892578125,0.03865456581115723
11,6,41.07354545593262,-58753.586328125,41.0178062915802,4.818844318389893,0.055707693099975586,35.82191228866577,0.08046674728393555,0.19821500778198242,0.036746978759765625
11,7,41.854116916656494,-58547.550390625,41.79802346229553,4.822582006454468,0.05605792999267578,36.60429382324219,0.08155322074890137,0.1933598518371582,0.03766155242919922
11,8,41.68525767326355,-58421.08984375,41.62965750694275,4.7887046337127686,0.05556654930114746,36.46374988555908,0.0817265510559082,0.1946249008178711,0.03774905204772949
11,9,41.13350248336792,-58753.93359375,41.077821493148804,4.806544065475464,0.05564713478088379,35.88247609138489,0.08218026161193848,0.21195697784423828,0.037149906158447266
11,10,41.246532678604126,-58516.67578125,41.189658403396606,4.82898736000061,0.05684041976928711,35.960811138153076,0.0821833610534668,0.21863865852355957,0.03769993782043457
11,11,41.30368423461914,-58625.090234375,41.24805307388306,4.828896522521973,0.05559825897216797,36.03951168060303,0.08211302757263184,0.19471478462219238,0.03732562065124512
11,12,40.820353269577026,-58681.917578125,40.764275550842285,4.823323488235474,0.0560450553894043,35.57079529762268,0.08199596405029297,0.19323348999023438,0.03709745407104492
11,13,41.06156611442566,-58925.312109375,40.800108671188354,4.83300518989563,0.26141977310180664,35.579230308532715,0.08198881149291992,0.20991086959838867,0.037715911865234375
11,14,41.40707731246948,-58688.9,41.35323119163513,4.834956884384155,0.05381035804748535,36.12616777420044,0.08143281936645508,0.20553851127624512,0.03786063194274902
11,15,41.01701211929321,-58630.471484375,40.963098764419556,4.820887565612793,0.05387759208679199,35.750120639801025,0.08198690414428711,0.21170282363891602,0.03708696365356445
11,16,41.5023717880249,-58690.86640625,41.448912620544434,4.82442831993103,0.053423404693603516,36.238003969192505,0.08212137222290039,0.20676755905151367,0.03714632987976074
11,17,41.65236282348633,-58460.29296875,41.59884786605835,4.820171117782593,0.05347943305969238,36.38741731643677,0.0821542739868164,0.21044468879699707,0.0378420352935791
11,18,40.54551720619202,-58957.391015625,40.49142813682556,4.82246208190918,0.05405545234680176,35.27875757217407,0.0819857120513916,0.2120656967163086,0.03690290451049805
11,19,41.70750451087952,-58652.5875,41.6538770198822,4.820974588394165,0.05359387397766113,36.453949213027954,0.08250284194946289,0.19651532173156738,0.03787636756896973
11,20,40.696213245391846,-58783.812109375,40.64181923866272,4.816258430480957,0.05436205863952637,35.43862819671631,0.08210301399230957,0.2083292007446289,0.03716015815734863
11,21,41.420868158340454,-58696.7703125,41.364728927612305,4.817043781280518,0.0561070442199707,36.18147659301758,0.08235001564025879,0.18909311294555664,0.03708672523498535
11,22,41.856621503829956,-58566.121484375,41.801274061203,4.820521593093872,0.055310726165771484,36.602317810058594,0.08210992813110352,0.1950211524963379,0.03823208808898926
11,23,41.32358193397522,-58640.263671875,41.26790714263916,4.814680337905884,0.055640220642089844,36.08044648170471,0.08253145217895508,0.194014310836792,0.037729501724243164
11,24,41.15667200088501,-58728.130078125,41.101600885391235,4.812067270278931,0.05503726005554199,35.9158775806427,0.08239006996154785,0.19729089736938477,0.0366673469543457
11,25,41.476293087005615,-58465.44140625,41.42083024978638,4.8171305656433105,0.05543017387390137,36.225247383117676,0.08238458633422852,0.1954483985900879,0.03796720504760742
11,26,41.128849506378174,-58836.312890625,41.07283329963684,4.817227602005005,0.05598282814025879,35.88675498962402,0.08233213424682617,0.1856215000152588,0.037427663803100586
11,27,41.304407358169556,-58835.73671875,41.048762798309326,4.817230463027954,0.25560832023620605,35.8476881980896,0.08181977272033691,0.2060105800628662,0.03711819648742676
11,28,40.8185396194458,-58903.13359375,40.76429486274719,4.824018478393555,0.054201602935791016,35.554086208343506,0.08214569091796875,0.2073652744293213,0.03693652153015137
11,29,41.56255483627319,-58556.935546875,41.508697509765625,4.8151068687438965,0.053823232650756836,36.33365511894226,0.08194279670715332,0.17834973335266113,0.03805065155029297
11,30,41.51255249977112,-58542.984375,41.45867133140564,4.821513652801514,0.0538480281829834,36.26902723312378,0.08196830749511719,0.1899585723876953,0.037667274475097656
12,1,60.872352600097656,-145827.7109375,60.74905323982239,5.059973478317261,0.1232609748840332,55.29707074165344,0.08331799507141113,0.19125151634216309,0.05836987495422363
12,2,59.75454568862915,-146600.8609375,59.630964040756226,5.054982900619507,0.12353396415710449,54.185932874679565,0.08326482772827148,0.18963980674743652,0.0578458309173584
12,3,60.164130210876465,-146747.90625,60.03762650489807,5.051060199737549,0.12646174430847168,54.60897707939148,0.08292460441589355,0.17912578582763672,0.056731224060058594
12,4,59.90167760848999,-146590.428125,59.774455547332764,4.771772146224976,0.12717390060424805,54.60972237586975,0.08131933212280273,0.19705963134765625,0.0579221248626709
12,5,59.34600877761841,-146845.9046875,59.029874324798584,5.066116809844971,0.31609487533569336,53.551756381988525,0.08312726020812988,0.21336817741394043,0.05721759796142578
12,6,59.59835433959961,-146323.4296875,59.47297024726868,5.06939697265625,0.12534093856811523,53.999276876449585,0.08357620239257812,0.20658111572265625,0.056578636169433594
12,7,60.21980166435242,-146528.1515625,60.09520697593689,5.057971477508545,0.12455439567565918,54.62906193733215,0.0836036205291748,0.20485353469848633,0.05821967124938965
12,8,60.23996329307556,-146303.5828125,60.117544651031494,5.026290655136108,0.12237787246704102,54.7016921043396,0.08349204063415527,0.1878213882446289,0.05737733840942383
12,9,60.39183259010315,-146774.94375,60.10657596588135,4.990428447723389,0.28521299362182617,54.71342492103577,0.08310866355895996,0.1962451934814453,0.05746006965637207
12,10,59.729822397232056,-146396.325,59.605724811553955,5.058898687362671,0.1240534782409668,54.152833461761475,0.08342933654785156,0.19420170783996582,0.056653499603271484
12,11,59.975993633270264,-146365.61875,59.85125231742859,5.05420446395874,0.12470078468322754,54.403969287872314,0.0835111141204834,0.1947023868560791,0.05787253379821777
12,12,60.407209396362305,-146415.4296875,60.282944679260254,5.056711196899414,0.12422561645507812,54.826457262039185,0.08396720886230469,0.19877195358276367,0.05787038803100586
12,13,59.74348282814026,-146533.0234375,59.62047338485718,5.06022047996521,0.1229698657989502,54.153422594070435,0.0839390754699707,0.20681190490722656,0.05667543411254883
12,14,60.71109986305237,-146050.015625,60.41323137283325,5.060049295425415,0.2978241443634033,54.95858144760132,0.0839698314666748,0.1944587230682373,0.05823993682861328
12,15,61.154990911483765,-146281.7046875,61.03124642372131,5.060199975967407,0.12370014190673828,55.56302571296692,0.08323860168457031,0.20345211029052734,0.05817723274230957
12,16,60.44466257095337,-146269.215625,60.32076668739319,5.067357063293457,0.1238563060760498,54.847898721694946,0.08391618728637695,0.20431756973266602,0.05744338035583496
12,17,59.28025484085083,-146860.03125,59.15466642379761,5.068682670593262,0.1255490779876709,53.68787717819214,0.08391666412353516,0.19866037368774414,0.05661439895629883
12,18,60.516342878341675,-146407.65,60.39126467704773,5.055185079574585,0.12503862380981445,54.95149636268616,0.0826108455657959,0.18474936485290527,0.058181047439575195
12,19,60.09849977493286,-146187.9484375,59.97049379348755,5.064915418624878,0.12796616554260254,54.5035445690155,0.08399248123168945,0.19856643676757812,0.058890342712402344
12,20,60.734894037246704,-146391.690625,60.41464185714722,5.057873249053955,0.3202075958251953,54.96415734291077,0.08394193649291992,0.19002771377563477,0.05932903289794922
12,21,59.65466260910034,-146493.365625,59.530269145965576,5.065917253494263,0.12435126304626465,54.07211875915527,0.08345627784729004,0.19324970245361328,0.05682706832885742
12,22,61.17173910140991,-146162.6046875,61.0477569103241,5.057483196258545,0.12394213676452637,55.595385789871216,0.08385014533996582,0.19109702110290527,0.05855226516723633
12,23,60.039175510406494,-146671.6421875,59.914541721343994,5.061086893081665,0.12459325790405273,54.44767427444458,0.08376359939575195,0.20320391654968262,0.05776834487915039
12,24,60.33584666252136,-146432.4953125,60.21018409729004,5.060133695602417,0.12562131881713867,54.744136571884155,0.08345222473144531,0.20432114601135254,0.056937217712402344
12,25,59.77626442909241,-146524.0234375,59.651506423950195,5.061647415161133,0.12471890449523926,54.19290614128113,0.08362126350402832,0.1968858242034912,0.057626962661743164
12,26,60.298577308654785,-146669.4765625,59.98153114318848,5.057846546173096,0.3170027732849121,54.53220820426941,0.0829160213470459,0.1908400058746338,0.058109283447265625
12,27,60.391191244125366,-146146.5171875,60.26698899269104,5.055986404418945,0.12416267395019531,54.8274462223053,0.08203911781311035,0.18650054931640625,0.05725502967834473
12,28,59.61382722854614,-146677.2125,59.490224838256836,5.056885719299316,0.12356233596801758,54.027835845947266,0.08358216285705566,0.20465087890625,0.0571441650390625
12,29,60.33419919013977,-146142.5046875,60.210901975631714,5.053630590438843,0.12325787544250488,54.77556800842285,0.08362340927124023,0.18303585052490234,0.05831551551818848
12,30,60.135255336761475,-146446.11875,59.851609230041504,5.06099796295166,0.2835996150970459,54.40472912788391,0.0840601921081543,0.18438220024108887,0.05825495719909668
13,1,86.61009883880615,-360351.115625,86.32402443885803,5.281024217605591,0.28601932525634766,80.62588691711426,0.08562874794006348,0.1868908405303955,0.08614659309387207
13,2,86.36280226707458,-360545.4,86.07337093353271,5.271249771118164,0.28937864303588867,80.34465146064758,0.08509492874145508,0.22329449653625488,0.08841228485107422
13,3,87.38817739486694,-360026.60625,86.90165400505066,5.260355472564697,0.48647332191467285,81.22170758247375,0.08391475677490234,0.18962907791137695,0.08632183074951172
13,4,85.96176266670227,-360723.2125,85.67614698410034,5.262291193008423,0.28556346893310547,79.98611330986023,0.08355712890625,0.19671058654785156,0.0876164436340332
13,5,86.06609082221985,-360742.06875,85.7783796787262,5.266037225723267,0.2876577377319336,80.08906984329224,0.08318209648132324,0.19385957717895508,0.08746886253356934
13,6,86.48683619499207,-360523.084375,85.98330354690552,5.256892442703247,0.5034761428833008,80.31040716171265,0.0828399658203125,0.18776369094848633,0.08666539192199707
13,7,86.35739827156067,-360722.11875,86.07206010818481,5.267915964126587,0.28528594970703125,80.37317061424255,0.0830988883972168,0.1968388557434082,0.08704876899719238
13,8,85.2365665435791,-361348.11875,84.94499802589417,5.258131742477417,0.2915151119232178,79.25157260894775,0.08318924903869629,0.20493721961975098,0.0865790843963623
13,9,86.43644690513611,-360269.94375,85.92825627326965,5.254836320877075,0.5081369876861572,80.24902009963989,0.08286428451538086,0.19705510139465332,0.08732056617736816
13,10,85.84913516044617,-360776.36875,85.55945658683777,5.26105809211731,0.2896254062652588,79.87579703330994,0.08323860168457031,0.19458651542663574,0.08616328239440918
13,11,86.433278799057,-360479.08125,86.14725422859192,5.269005537033081,0.28597068786621094,80.43717217445374,0.08377385139465332,0.2066047191619873,0.08863472938537598
13,12,86.07322359085083,-360979.815625,85.56485438346863,5.264502286911011,0.5083141326904297,79.88345575332642,0.08349490165710449,0.1896839141845703,0.08570337295532227
13,13,86.34416699409485,-360267.846875,86.0581591129303,5.265251159667969,0.28595566749572754,80.36626935005188,0.08352136611938477,0.1978471279144287,0.08680534362792969
13,14,86.61328601837158,-360055.234375,86.32730221748352,5.259236812591553,0.2859318256378174,80.64709115028381,0.08360576629638672,0.1905498504638672,0.08767533302307129
13,15,86.64717221260071,-360593.246875,86.13518905639648,5.260685205459595,0.5119259357452393,80.44341659545898,0.08366203308105469,0.20033025741577148,0.08578348159790039
13,16,85.91841506958008,-360710.340625,85.63286972045898,5.255104064941406,0.28548693656921387,79.95797038078308,0.08359336853027344,0.19022369384765625,0.08725309371948242
13,17,87.00883936882019,-360811.446875,86.72445464134216,5.262379169464111,0.284332275390625,81.03847360610962,0.08307552337646484,0.19409966468811035,0.08634352684020996
13,18,85.57850646972656,-360809.95625,85.0836091041565,5.257447004318237,0.4948434829711914,79.4045820236206,0.08429598808288574,0.19236493110656738,0.0861060619354248
13,19,86.25706958770752,-360472.484375,85.97176957130432,5.265347480773926,0.2852473258972168,80.25720405578613,0.08358144760131836,0.21248912811279297,0.08728909492492676
13,20,86.30932521820068,-360480.23125,85.83268308639526,5.256965637207031,0.4765892028808594,80.16043663024902,0.08391809463500977,0.18634819984436035,0.0861043930053711
13,21,85.67953705787659,-360639.990625,85.39102911949158,5.261113166809082,0.2884504795074463,79.70308899879456,0.08387446403503418,0.19920635223388672,0.08601546287536621
13,22,85.69711828231812,-360778.78125,85.41278100013733,5.26439094543457,0.2842864990234375,79.72941708564758,0.08327627182006836,0.19102978706359863,0.08612513542175293
13,23,86.45567393302917,-360035.9,86.16066408157349,5.267776250839233,0.29495906829833984,80.47084379196167,0.08326339721679688,0.19036149978637695,0.08773398399353027
13,24,86.26021981239319,-360460.584375,85.70497465133667,5.273809909820557,0.555194616317749,80.00836849212646,0.08345603942871094,0.193373441696167,0.08733701705932617
13,25,86.66766834259033,-359978.40625,86.38436388969421,5.277246475219727,0.28325319290161133,80.6785569190979,0.08373618125915527,0.1973409652709961,0.08818197250366211
13,26,86.99568891525269,-359858.89375,86.71049308776855,5.268953084945679,0.2851433753967285,81.01736354827881,0.08380866050720215,0.19322848320007324,0.08770036697387695
13,27,86.41417694091797,-360748.328125,85.9089846611023,5.281680345535278,0.5051369667053223,80.19617176055908,0.08421492576599121,0.2007157802581787,0.08796119689941406
13,28,86.13028621673584,-360572.71875,85.83790874481201,5.312492370605469,0.2923243045806885,80.07694220542908,0.08600163459777832,0.2167372703552246,0.08687448501586914
13,29,86.24710464477539,-360087.840625,85.95510601997375,5.302937269210815,0.2919456958770752,80.21735143661499,0.08590865135192871,0.20042037963867188,0.08626747131347656
13,30,86.27653789520264,-360568.7125,85.77116847038269,5.297838926315308,0.5053143501281738,80.04002714157104,0.08573579788208008,0.20213866233825684,0.08555197715759277
14,1,123.4087495803833,-900114.9875,122.56144642829895,5.642597436904907,0.8472259044647217,116.4202527999878,0.0865473747253418,0.2221972942352295,0.12959527969360352
14,2,124.02290749549866,-900323.4125,123.11402106285095,5.601600170135498,0.9088106155395508,117.019859790802,0.08670735359191895,0.21943402290344238,0.12581968307495117
14,3,124.44457292556763,-899613.5875,123.49857139587402,5.590839147567749,0.9459211826324463,117.40433955192566,0.08690786361694336,0.22566771507263184,0.1297438144683838
14,4,122.92678952217102,-901649.08125,122.21076273918152,5.601923227310181,0.7159442901611328,116.11096525192261,0.0869133472442627,0.22149085998535156,0.128098726272583
14,5,124.36365365982056,-900536.46875,123.31687998771667,5.5966973304748535,1.0466933250427246,117.2289502620697,0.08684754371643066,0.21389079093933105,0.12897920608520508
14,6,124.41550636291504,-900155.16875,123.47285866737366,5.583743333816528,0.942568302154541,117.39661884307861,0.08667564392089844,0.21492695808410645,0.1288619041442871
14,7,123.49323678016663,-900466.0625,122.77790689468384,5.627904653549194,0.7152533531188965,116.64182877540588,0.08673214912414551,0.23060226440429688,0.12886667251586914
14,8,123.7315423488617,-899737.875,122.68645715713501,5.6327104568481445,1.0450043678283691,116.5508074760437,0.0867919921875,0.22296547889709473,0.12742972373962402
14,9,123.71755719184875,-899904.59375,123.00521039962769,5.654413461685181,0.7122664451599121,116.84877943992615,0.08674263954162598,0.22510099411010742,0.12752747535705566
14,10,124.47230792045593,-899978.725,123.46721315383911,5.511486530303955,1.0050156116485596,117.4454345703125,0.08652615547180176,0.2319350242614746,0.12725329399108887
14,11,123.80364847183228,-900026.4375,122.90779447555542,5.1797261238098145,0.8957738876342773,117.22798562049866,0.08609127998352051,0.22171759605407715,0.12950944900512695
14,12,124.21173071861267,-900265.45,123.30886721611023,5.528975248336792,0.9027810096740723,117.28286695480347,0.08732080459594727,0.21921968460083008,0.12851643562316895
14,13,124.0007312297821,-899814.95,123.07306575775146,5.610337018966675,0.9275803565979004,116.9586615562439,0.08754873275756836,0.22717905044555664,0.12674283981323242
14,14,124.29242706298828,-900416.03125,123.57047605514526,5.7148802280426025,0.7218682765960693,117.3250241279602,0.08778142929077148,0.24957656860351562,0.1288444995880127
14,15,125.2755618095398,-899541.3375,124.24116921424866,5.756354808807373,1.034313440322876,117.94953298568726,0.08794331550598145,0.2570078372955322,0.1267719268798828
14,16,125.48711323738098,-898891.81875,124.55329465866089,5.732185363769531,0.9337320327758789,118.27561473846436,0.08791923522949219,0.26487016677856445,0.12852954864501953
14,17,124.29694032669067,-900536.825,123.32749247550964,5.744516611099243,0.9693622589111328,117.04060435295105,0.08805513381958008,0.26081299781799316,0.12710142135620117
14,18,124.57614541053772,-899564.875,123.85838770866394,5.7120444774627686,0.7176773548126221,117.602454662323,0.08798527717590332,0.2589414119720459,0.12833285331726074
14,19,125.09352445602417,-899901.66875,124.03266930580139,5.731463193893433,1.0607731342315674,117.74380993843079,0.08780932426452637,0.26821184158325195,0.12985873222351074
14,20,124.45670437812805,-900814.9375,123.73719811439514,5.72490382194519,0.7194280624389648,117.47725486755371,0.08775544166564941,0.25380754470825195,0.1286780834197998
14,21,124.20178079605103,-900802.28125,123.1807119846344,5.718270778656006,1.0209856033325195,116.92966532707214,0.08762168884277344,0.2523982524871826,0.12794876098632812
14,22,123.57016706466675,-900576.01875,122.64895749092102,5.710071325302124,0.9211258888244629,116.39459300041199,0.08759713172912598,0.26169610023498535,0.12802600860595703
14,23,125.00118970870972,-900092.61875,124.0565288066864,5.746361017227173,0.9445829391479492,117.75692415237427,0.08740568161010742,0.2690725326538086,0.12836503982543945
14,24,124.7756929397583,-900689.625,124.05220437049866,5.72236704826355,0.7234089374542236,117.79721140861511,0.08697748184204102,0.25116825103759766,0.1301124095916748
14,25,124.81040549278259,-901360.61875,123.77323889732361,5.710804462432861,1.0370838642120361,117.52629351615906,0.08705902099609375,0.25690364837646484,0.12874937057495117
14,26,125.82754492759705,-898975.95625,124.900319814682,5.719931364059448,0.9271442890167236,118.63371562957764,0.0870821475982666,0.26364827156066895,0.13054847717285156
14,27,125.34749627113342,-899345.5375,124.38893866539001,5.720383167266846,0.9584619998931885,118.12840867042542,0.08784770965576172,0.25559425354003906,0.13209271430969238
14,28,124.71057629585266,-900224.23125,123.99268531799316,5.783548593521118,0.7178037166595459,117.66789603233337,0.08739066123962402,0.25563549995422363,0.1311655044555664
14,29,125.6435034275055,-900074.33125,124.57884979248047,5.782650470733643,1.0645637512207031,118.24935936927795,0.08700418472290039,0.26392269134521484,0.12804102897644043
14,30,125.4313657283783,-899486.35,124.71400189399719,5.737701177597046,0.717282772064209,118.32097673416138,0.08724498748779297,0.3531308174133301,0.12837815284729004
15,1,199.9628095626831,-2219279.75,196.68406891822815,6.116084337234497,3.278599262237549,188.08385491371155,0.13850641250610352,0.3830883502960205,1.794180154800415
15,2,199.85775136947632,-2218338.275,197.75749921798706,5.886886119842529,2.1000843048095703,191.08874821662903,0.08886075019836426,0.32857656478881836,0.20723342895507812
15,3,180.73752808570862,-2219567.125,177.59574460983276,6.035165786743164,3.141651153564453,169.16413497924805,0.13646531105041504,0.4250955581665039,1.7525510787963867
15,4,180.01106667518616,-2219206.75,178.0229468345642,6.038573980331421,1.9879755973815918,171.354065656662,0.08623385429382324,0.286163330078125,0.1888108253479004
15,5,180.3469581604004,-2218427.575,178.0014636516571,6.073486328125,2.3453540802001953,171.28350162506104,0.08708930015563965,0.2987399101257324,0.19043326377868652
15,6,180.59563970565796,-2217858.25,178.34195041656494,5.941322326660156,2.2535247802734375,171.7691512107849,0.08580803871154785,0.28740978240966797,0.19008779525756836
15,7,180.45233941078186,-2218430.875,178.28285264968872,5.982304573059082,2.1693549156188965,171.66527938842773,0.08631467819213867,0.29235005378723145,0.18851161003112793
15,8,179.0420389175415,-2219031.525,176.8554847240448,6.172482490539551,2.18642258644104,170.04975128173828,0.08668637275695801,0.28835296630859375,0.18784880638122559
15,9,179.204993724823,-2219217.025,176.85906147956848,6.118605613708496,2.3458001613616943,170.10322093963623,0.08658838272094727,0.2885401248931885,0.1910417079925537
15,10,180.50234031677246,-2218944.875,178.26412892341614,6.020167827606201,2.2380356788635254,171.607816696167,0.08700442314147949,0.2919783592224121,0.18801617622375488
15,11,179.41068601608276,-2219126.625,177.12462902069092,6.037495851516724,2.285893678665161,170.45751094818115,0.08721113204956055,0.2873351573944092,0.1879863739013672
15,12,179.9222366809845,-2218603.075,177.6290102005005,6.02498197555542,2.293090343475342,170.96521067619324,0.08700084686279297,0.2892603874206543,0.1920936107635498
15,13,179.7023696899414,-2218194.3,177.5565140247345,5.974415302276611,2.1457278728485107,170.94937586784363,0.08648848533630371,0.2924940586090088,0.18622636795043945
15,14,178.52318263053894,-2220344.0,176.15433049201965,5.999096155166626,2.3687117099761963,169.51958513259888,0.08622455596923828,0.2894294261932373,0.19282841682434082
15,15,180.17209672927856,-2220132.175,177.938405752182,6.0371434688568115,2.2335596084594727,171.26481771469116,0.08613133430480957,0.29545044898986816,0.1841599941253662
15,16,181.1035656929016,-2219055.225,178.9050018787384,6.0744805335998535,2.1984310150146484,172.18666672706604,0.08652424812316895,0.2923271656036377,0.19571280479431152
15,17,179.0553879737854,-2219504.075,176.9044804573059,5.98063063621521,2.1507720947265625,170.28736877441406,0.08672857284545898,0.28723669052124023,0.19344806671142578
15,18,181.24438786506653,-2219546.5,178.9284462928772,6.055387258529663,2.315782308578491,172.23172807693481,0.0861673355102539,0.2945272922515869,0.19375991821289062
15,19,179.4050488471985,-2220604.025,177.07307720184326,6.021748065948486,2.33180570602417,170.41898727416992,0.08605146408081055,0.28882503509521484,0.18968939781188965
15,20,179.2537932395935,-2219095.675,177.05035638809204,6.040623664855957,2.20329213142395,170.376713514328,0.0861051082611084,0.2892293930053711,0.1899268627166748
15,21,179.21586155891418,-2221368.25,176.85525560379028,6.027324914932251,2.360471487045288,170.18813180923462,0.08627724647521973,0.29227757453918457,0.18923711776733398
15,22,179.37277936935425,-2218863.775,177.14009499549866,5.972002267837524,2.2325479984283447,170.5330159664154,0.08668661117553711,0.28843259811401367,0.19034886360168457
15,23,179.23199081420898,-2219770.9,177.05424523353577,6.005880117416382,2.177612781524658,170.41675186157227,0.08619523048400879,0.29007482528686523,0.18849730491638184
15,24,179.79049229621887,-2220219.3,177.64053559303284,6.060188055038452,2.1497974395751953,170.9412956237793,0.08610868453979492,0.29393935203552246,0.19130229949951172
15,25,179.89070415496826,-2219585.7,177.49039268493652,6.0650269985198975,2.400174856185913,170.7793161869049,0.08675312995910645,0.2953011989593506,0.19393420219421387
15,26,180.83213901519775,-2219827.025,178.4473752975464,5.962972402572632,2.3846323490142822,171.84345126152039,0.08594822883605957,0.2924215793609619,0.19393396377563477
15,27,180.46750140190125,-2218675.35,178.29868173599243,5.9508912563323975,2.1686840057373047,171.7009813785553,0.08657407760620117,0.29599905014038086,0.1942460536956787
15,28,180.51331567764282,-2220598.45,178.1510238647461,6.08925199508667,2.3621408939361572,171.41786742210388,0.08626937866210938,0.29935598373413086,0.19030070304870605
15,29,179.52303051948547,-2220777.8,177.2771577835083,6.0460779666900635,2.2457220554351807,170.58950281143188,0.08656620979309082,0.28952717781066895,0.1948690414428711
15,30,184.45138788223267,-2220961.525,182.2078628540039,6.076454401016235,2.2433769702911377,175.45450592041016,0.08677935600280762,0.3074049949645996,0.1947786808013916
16,1,162.0322985649109,-5354072.85,156.3896267414093,6.356745004653931,5.642227649688721,149.3207724094391,0.08713650703430176,0.3336982727050781,0.16116738319396973
16,2,162.17257404327393,-5356758.85,156.76541566848755,6.3586249351501465,5.4068217277526855,149.69262385368347,0.08719134330749512,0.33508896827697754,0.1600348949432373
16,3,164.16722083091736,-5355525.8,158.3557586669922,6.325313329696655,5.811097621917725,151.31105399131775,0.08707022666931152,0.3309822082519531,0.15193819999694824
16,4,157.57054495811462,-5355939.05,151.98967814445496,6.34843635559082,5.580553770065308,144.95533919334412,0.08692216873168945,0.33055782318115234,0.15868210792541504
16,5,162.00319814682007,-5353575.1,156.17734122276306,6.353777885437012,5.825507402420044,149.08428740501404,0.0869138240814209,0.3391292095184326,0.15455389022827148
16,6,157.03154706954956,-5354803.45,151.38271832466125,6.338842153549194,5.648502588272095,144.3539001941681,0.08763599395751953,0.3315699100494385,0.1556394100189209
16,7,148.4230740070343,-5354548.55,142.81378078460693,6.307119369506836,5.609018802642822,135.83821558952332,0.08671951293945312,0.33200931549072266,0.13975310325622559
16,8,152.33879780769348,-5353716.15,146.7381615638733,6.305748462677002,5.600329399108887,139.73216247558594,0.08719801902770996,0.33701229095458984,0.14127182960510254
16,9,155.72465085983276,-5355216.0,150.1140627861023,6.3484179973602295,5.610265016555786,143.10062885284424,0.08679032325744629,0.33011937141418457,0.1341233253479004
16,10,156.02643752098083,-5357464.65,150.39360547065735,6.393533706665039,5.632463455200195,143.2787983417511,0.08702611923217773,0.33267831802368164,0.16106677055358887
16,11,140.6750500202179,-5355981.65,135.3673026561737,6.223287105560303,5.30741024017334,128.47917246818542,0.0858612060546875,0.3305180072784424,0.12990212440490723
16,12,147.71041297912598,-5353674.2,142.1189410686493,6.272494792938232,5.591176986694336,135.16392707824707,0.08603239059448242,0.3386344909667969,0.13168692588806152
16,13,148.79139351844788,-5355109.6,143.15237760543823,6.341593503952026,5.638702154159546,136.13341569900513,0.08635878562927246,0.3283119201660156,0.13336801528930664
16,14,161.80105233192444,-5354067.15,156.1226418018341,6.309190988540649,5.678104877471924,149.1272246837616,0.0866231918334961,0.3298168182373047,0.13231468200683594
16,15,158.12868309020996,-5353271.75,152.36899161338806,6.375104665756226,5.759363174438477,145.31531929969788,0.08683252334594727,0.3287694454193115,0.15120410919189453
16,16,153.5207324028015,-5354095.55,147.81846475601196,6.3011250495910645,5.701974391937256,140.82284092903137,0.08620524406433105,0.33354783058166504,0.151688814163208
16,17,155.10420656204224,-5355110.5,149.54591035842896,6.304244518280029,5.558002233505249,142.5682954788208,0.08685040473937988,0.3297264575958252,0.13669967651367188
16,18,144.49485087394714,-5354608.55,138.91708064079285,6.264723777770996,5.577471733093262,131.98863077163696,0.08653736114501953,0.33426380157470703,0.13707780838012695
16,19,157.39665865898132,-5352372.35,151.8587188720703,6.292838096618652,5.537624835968018,144.8835949897766,0.08662533760070801,0.33162713050842285,0.13528728485107422
16,20,151.4075391292572,-5354426.55,145.63771176338196,6.387696981430054,5.769352197647095,138.5331470966339,0.08629322052001953,0.3357431888580322,0.15825915336608887
16,21,154.30713510513306,-5355995.4,148.49145221710205,6.1746766567230225,5.815340042114258,141.6027126312256,0.08583784103393555,0.3361494541168213,0.15654778480529785
16,22,149.76513123512268,-5355260.8,144.01685237884521,6.1791863441467285,5.7479023933410645,137.14144229888916,0.08567118644714355,0.33578968048095703,0.15621280670166016
16,23,154.19929432868958,-5352268.45,148.34678173065186,6.318028926849365,5.852181434631348,141.31068968772888,0.0867457389831543,0.33510684967041016,0.1559288501739502
16,24,160.90608954429626,-5354586.45,155.10032153129578,6.3762898445129395,5.805382251739502,148.0372383594513,0.08729386329650879,0.33033061027526855,0.1553339958190918
16,25,152.54615020751953,-5355915.75,146.74322199821472,6.32706880569458,5.802548885345459,139.70250034332275,0.08649230003356934,0.3341856002807617,0.1536865234375
16,26,161.02591609954834,-5353829.15,155.35032868385315,6.32754921913147,5.675290822982788,148.3587613105774,0.08728289604187012,0.32886266708374023,0.13438749313354492
16,27,150.73887300491333,-5356658.6,144.94728899002075,6.28415060043335,5.791261434555054,137.96760988235474,0.0868997573852539,0.33287739753723145,0.15213441848754883
16,28,161.13714814186096,-5353901.05,155.33934235572815,6.392030715942383,5.797487020492554,148.24656081199646,0.08671045303344727,0.3310585021972656,0.15499329566955566
16,29,157.91439867019653,-5354516.25,152.10489082336426,6.332899332046509,5.80907130241394,145.07006764411926,0.08629775047302246,0.3253509998321533,0.15372204780578613
16,30,157.82005882263184,-5354600.4,152.1360981464386,6.332041501998901,5.683623313903809,144.99478006362915,0.08642196655273438,0.4022486209869385,0.12923502922058105
17,1,256.1668658256531,-13101899.4,242.28182339668274,6.52908182144165,13.884071826934814,231.19175934791565,0.08482933044433594,0.46785616874694824,0.2370913028717041
17,2,259.80213379859924,-13105945.0,245.68428087234497,6.5346221923828125,14.116522073745728,234.69204831123352,0.08447146415710449,0.4538147449493408,0.2442479133605957
17,3,253.6258511543274,-13104816.2,239.41202807426453,6.567332744598389,14.212863445281982,228.31071305274963,0.08482003211975098,0.47877073287963867,0.24299049377441406
17,4,252.6549689769745,-13104167.5,238.75575923919678,6.540897607803345,13.897759199142456,227.483704328537,0.08486819267272949,0.4750783443450928,0.23741841316223145
17,5,246.98891687393188,-13102300.1,232.37847566604614,6.597147703170776,14.609340906143188,221.27566576004028,0.08441734313964844,0.46871471405029297,0.21491646766662598
17,6,254.13592410087585,-13106721.9,239.93029808998108,6.498928070068359,14.204580545425415,228.80993604660034,0.0850837230682373,0.49687767028808594,0.2480156421661377
17,7,237.91311740875244,-13102337.0,223.86476302146912,6.552364826202393,14.047226905822754,212.54994773864746,0.08152294158935547,0.5028293132781982,0.2395024299621582
17,8,260.7791726589203,-13106635.1,245.3933231830597,6.683667182922363,15.384764671325684,231.56816411018372,0.13448286056518555,0.4704415798187256,2.889113664627075
17,9,257.38099670410156,-13109557.0,243.6753544807434,6.617248058319092,13.704473972320557,232.68147945404053,0.08584046363830566,0.4567868709564209,0.23444604873657227
17,10,257.72529697418213,-13108606.2,242.7345871925354,6.633686304092407,14.989508390426636,231.73437595367432,0.08617329597473145,0.4735910892486572,0.2358226776123047
17,11,259.49190402030945,-13106258.9,245.0604317188263,6.609042406082153,14.430131196975708,233.9731900691986,0.08584117889404297,0.506319522857666,0.23805618286132812
17,12,257.8144226074219,-13103266.8,243.07915711402893,6.579636096954346,14.73413634300232,232.0840106010437,0.0857393741607666,0.4702599048614502,0.24164032936096191
17,13,262.73916029930115,-13105167.6,248.155601978302,6.617133617401123,14.582387924194336,237.1198296546936,0.08591604232788086,0.4753708839416504,0.24094629287719727
17,14,257.47462129592896,-13104892.9,243.1177942752838,6.620312690734863,14.355543851852417,232.1196825504303,0.08612418174743652,0.4596240520477295,0.23360705375671387
17,15,257.6606147289276,-13106461.7,243.3235354423523,6.619463682174683,14.33588171005249,232.2099335193634,0.08571934700012207,0.4603726863861084,0.24043917655944824
17,16,258.3555443286896,-13104112.7,244.0640721321106,6.604938745498657,14.290232419967651,232.33108973503113,0.08601713180541992,0.551367998123169,0.23215198516845703
17,17,256.95597648620605,-13105226.6,242.61327576637268,6.569377899169922,14.34152102470398,231.43788695335388,0.08578062057495117,0.4938690662384033,0.23232054710388184
17,18,258.4805748462677,-13107310.6,244.1110246181488,6.610021352767944,14.368293046951294,232.807550907135,0.0860750675201416,0.49074721336364746,0.23128247261047363
17,19,257.74977469444275,-13104714.0,243.39798498153687,6.613840341567993,14.350595474243164,232.39041113853455,0.08593940734863281,0.4665658473968506,0.23778080940246582
17,20,258.3770296573639,-13108277.2,244.04714059829712,6.613629102706909,14.328625440597534,233.15652561187744,0.08576250076293945,0.4497201442718506,0.2387847900390625
17,21,250.67305064201355,-13108476.0,236.29824090003967,6.543846845626831,14.373626708984375,225.3344213962555,0.0846254825592041,0.45896100997924805,0.24269485473632812
17,22,232.20483255386353,-13104463.1,218.3447620868683,6.301265239715576,13.859073877334595,207.3170006275177,0.0828561782836914,0.46908116340637207,0.20823240280151367
17,23,230.93453526496887,-13104106.7,217.06083154678345,6.401460409164429,13.87276554107666,205.95730018615723,0.08286070823669434,0.4834456443786621,0.21289920806884766
17,24,231.11312055587769,-13107053.6,217.33150577545166,6.588170766830444,13.78061580657959,206.31331324577332,0.08282923698425293,0.46733856201171875,0.21228933334350586
17,25,232.56052422523499,-13103428.4,218.62380266189575,6.588371515274048,13.935753345489502,207.54701471328735,0.08271455764770508,0.46105456352233887,0.2113037109375
17,26,232.550847530365,-13110219.2,218.73398804664612,6.594933032989502,13.815829992294312,207.61720538139343,0.08292126655578613,0.48233938217163086,0.21903777122497559
17,27,229.40015506744385,-13106002.4,215.6083779335022,6.626368284225464,13.790738582611084,204.57523393630981,0.08275365829467773,0.4637329578399658,0.20969390869140625
17,28,249.08040475845337,-13104919.5,235.25242805480957,6.613200426101685,13.826794385910034,224.23106384277344,0.08519363403320312,0.46807098388671875,0.20658588409423828
17,29,255.78682613372803,-13101957.8,241.513751745224,6.62331223487854,14.27134394645691,230.48850321769714,0.08605170249938965,0.4742586612701416,0.2310481071472168
17,30,257.05061078071594,-13108649.3,242.77997183799744,6.569047927856445,14.269446611404419,231.28484225273132,0.08579373359680176,0.5155951976776123,0.23241329193115234
18,1,395.36320757865906,-32065782.6,361.2544071674347,6.761090278625488,34.105262994766235,333.9651792049408,0.09416675567626953,0.6888940334320068,0.3611772060394287
18,2,416.06456542015076,-32063423.6,380.69056844711304,6.761875152587891,35.370426654815674,353.91646218299866,0.09423398971557617,0.6478056907653809,0.4343597888946533
18,3,399.09558868408203,-32068693.8,361.48845958709717,6.756419658660889,37.603631258010864,335.2871205806732,0.09361624717712402,0.6425511837005615,0.3554503917694092
18,4,393.9659662246704,-32063364.2,356.66656494140625,6.7684104442596436,37.29681897163391,329.89608931541443,0.09422445297241211,0.702131986618042,0.3533051013946533
18,5,389.9363145828247,-32063760.6,354.46792697906494,6.724616289138794,35.46519207954407,327.9387266635895,0.08295798301696777,0.6621663570404053,0.33597445487976074
18,6,389.6452286243439,-32053362.6,354.81727838516235,6.729574680328369,34.82481145858765,328.7214572429657,0.08306360244750977,0.6377367973327637,0.33260440826416016
18,7,374.3566553592682,-32069748.4,340.05205512046814,6.748072385787964,34.30151653289795,313.91044783592224,0.08323049545288086,0.644094705581665,0.3299071788787842
18,8,389.4604072570801,-32058420.8,355.3027722835541,6.751120567321777,34.154539823532104,328.3661105632782,0.09105396270751953,0.7226991653442383,0.3212611675262451
18,9,417.7651000022888,-32060963.0,381.7412660121918,6.853959083557129,36.020346879959106,355.21299934387207,0.09451985359191895,0.6588518619537354,0.3522803783416748
18,10,401.7359080314636,-32067982.4,366.97342014312744,6.922581195831299,34.76001286506653,340.8133409023285,0.09529829025268555,0.6911182403564453,0.36377811431884766
18,11,396.2011413574219,-32064815.6,359.75830698013306,6.923783302307129,36.43974709510803,333.56621837615967,0.09512472152709961,0.6576135158538818,0.3405325412750244
18,12,398.69897508621216,-32061076.8,362.5706808567047,6.921321392059326,36.12504816055298,336.01136541366577,0.09492278099060059,0.6402642726898193,0.3608715534210205
18,13,396.0066018104553,-32061795.0,360.30145287513733,6.929106950759888,35.70261216163635,334.0014283657074,0.09456014633178711,0.641284704208374,0.3399522304534912
18,14,396.77823877334595,-32067732.2,360.1585214138031,6.923474073410034,36.6171817779541,333.8551332950592,0.09488320350646973,0.654315710067749,0.3372995853424072
18,15,409.8147702217102,-32062053.8,374.4868347644806,6.923440456390381,35.325485944747925,348.60984992980957,0.09522175788879395,0.6481525897979736,0.3601827621459961
18,16,399.52475094795227,-32063313.0,364.2462463378906,6.790836572647095,35.276007890701294,338.07706356048584,0.09460902214050293,0.6229124069213867,0.34533190727233887
18,17,393.39596033096313,-32072351.0,357.67076206207275,6.7652199268341064,35.72206091880798,330.975923538208,0.09451580047607422,0.6709907054901123,0.3349950313568115
18,18,394.0178053379059,-32061284.2,358.8614823818207,6.770765066146851,35.15237855911255,331.9153971672058,0.09473013877868652,0.7184937000274658,0.3500335216522217
18,19,391.3107385635376,-32065315.2,355.93466305732727,6.765586614608765,35.37292122840881,329.1524007320404,0.09373259544372559,0.6753032207489014,0.3336048126220703
18,20,375.87673711776733,-32058928.4,340.46105456352234,6.726401090621948,35.412450551986694,313.9148700237274,0.08310461044311523,0.6686611175537109,0.32461094856262207
18,21,375.0273177623749,-32070143.2,340.53107833862305,6.736833572387695,34.49290585517883,314.13764095306396,0.08305716514587402,0.6607820987701416,0.3211338520050049
18,22,372.29178047180176,-32068171.0,337.38516068458557,6.75572943687439,34.9035439491272,310.9832127094269,0.08282756805419922,0.6584281921386719,0.31180405616760254
18,23,394.1358892917633,-32063369.6,360.3388307094574,6.743476152420044,33.79392147064209,332.9050016403198,0.08308100700378418,0.7008376121520996,0.33443713188171387
18,24,376.88978004455566,-32065743.8,342.1876711845398,6.737847805023193,34.698872804641724,315.93930315971375,0.083251953125,0.6499545574188232,0.3259282112121582
18,25,374.5050971508026,-32064974.2,340.5170056819916,6.73162579536438,33.98499584197998,314.1193311214447,0.08297872543334961,0.6359813213348389,0.32071638107299805
18,26,384.8756318092346,-32063773.6,351.2222065925598,6.764941930770874,33.65032410621643,324.76065611839294,0.08301496505737305,0.6575140953063965,0.33611083030700684
18,27,381.5560691356659,-32066509.2,347.41477489471436,6.7407615184783936,34.13819670677185,321.2917354106903,0.08652067184448242,0.6584000587463379,0.32564616203308105
18,28,400.0173683166504,-32066648.4,363.2970435619354,6.756817102432251,36.717273235321045,336.47503328323364,0.09448766708374023,0.680584192276001,0.3446378707885742
18,29,406.91270875930786,-32062700.2,370.79477286338806,6.763958930969238,36.114869594573975,344.5141565799713,0.09470295906066895,0.6362912654876709,0.3461184501647949
18,30,388.24871015548706,-32068907.2,353.3406774997711,6.739957809448242,34.90493822097778,327.26991081237793,0.08773684501647949,0.5810165405273438,0.33873820304870605
19,1,654.3127145767212,-78648113.6,566.1878683567047,7.337610960006714,88.11718082427979,498.08122158050537,0.15735530853271484,1.0297472476959229,1.7991318702697754
19,2,671.8894846439362,-78650950.4,575.6788694858551,7.123132228851318,96.20314383506775,509.2731080055237,0.09729123115539551,0.9889872074127197,0.5269336700439453
19,3,635.9940345287323,-78657814.4,542.4778451919556,7.254978179931641,93.50895023345947,475.74508261680603,0.08526992797851562,0.9745917320251465,0.48967552185058594
19,4,628.4800951480865,-78649364.8,539.155864238739,7.03233003616333,89.31825280189514,472.22017788887024,0.08599185943603516,0.9964373111724854,0.4924139976501465
19,5,631.2003183364868,-78656896.8,537.2732441425323,7.068418979644775,93.91915440559387,469.7845358848572,0.08574938774108887,0.9522252082824707,0.5074701309204102
19,6,646.9412534236908,-78651088.8,555.6432974338531,7.123003244400024,91.2911536693573,487.8955109119415,0.09303021430969238,1.0444791316986084,0.6064684391021729
19,7,657.1705520153046,-78657299.2,562.7519676685333,7.132756471633911,94.41028618812561,496.6804618835449,0.09745192527770996,0.9665515422821045,0.5158209800720215
19,8,663.1061396598816,-78651809.6,564.9136292934418,7.110684394836426,98.18657517433167,494.2186772823334,0.09648489952087402,1.0656933784484863,0.5321865081787109
19,9,660.1402883529663,-78660084.8,565.3233647346497,7.135022401809692,94.80889320373535,495.11032128334045,0.09685087203979492,1.0994892120361328,0.49646949768066406
19,10,652.0877592563629,-78656028.8,552.19753241539,7.1237897872924805,99.88261222839355,485.36857080459595,0.0968635082244873,0.9896845817565918,0.493288516998291
19,11,627.1224274635315,-78656832.0,538.6454601287842,7.241649627685547,88.46914744377136,469.6270453929901,0.13511228561401367,0.9832124710083008,1.7627179622650146
19,12,627.8730552196503,-78660871.2,536.5321338176727,7.0547871589660645,91.33441162109375,470.12918519973755,0.08478450775146484,0.9307596683502197,0.4909183979034424
19,13,631.0032019615173,-78663816.8,538.858636379242,7.094483375549316,92.13805174827576,472.0154912471771,0.08566594123840332,0.9486169815063477,0.49720239639282227
19,14,642.4887502193451,-78657289.6,551.4972822666168,7.086151838302612,90.98245549201965,486.0121638774872,0.08861851692199707,0.9232518672943115,0.5238239765167236
19,15,658.7263276576996,-78658260.0,566.1055538654327,7.128497123718262,92.61270785331726,500.7774271965027,0.09679961204528809,0.9264161586761475,0.5528199672698975
19,16,661.5760812759399,-78669880.0,567.5800971984863,7.0980470180511475,93.98923015594482,500.61296558380127,0.09656023979187012,0.9220292568206787,0.5030181407928467
19,17,671.9293401241302,-78670744.8,580.7464792728424,7.150995969772339,91.1765308380127,511.7163145542145,0.09621644020080566,0.9426126480102539,0.5409672260284424
19,18,670.6265289783478,-78661264.0,575.7354717254639,7.1076648235321045,94.88486909866333,510.00318479537964,0.0965127944946289,0.9772422313690186,0.5458519458770752
19,19,657.2097222805023,-78642460.0,565.3261394500732,7.0349414348602295,91.87730932235718,497.70940113067627,0.09650611877441406,0.9778881072998047,0.5039772987365723
19,20,650.0285251140594,-78645642.4,555.1891298294067,7.081163644790649,94.83306884765625,487.0211441516876,0.0959320068359375,0.9682118892669678,0.5120944976806641
19,21,658.9499039649963,-78664672.0,564.1960401535034,7.1003758907318115,94.74793028831482,497.61639976501465,0.09632396697998047,1.0023577213287354,0.5188891887664795
19,22,663.8043396472931,-78657026.4,564.8638393878937,7.131178855895996,98.93455815315247,497.6023807525635,0.09588909149169922,0.9864583015441895,0.5060467720031738
19,23,654.4449989795685,-78658423.2,561.5327141284943,7.104784727096558,92.90609240531921,495.2467350959778,0.09603762626647949,1.05189847946167,0.507145881652832
19,24,658.6595265865326,-78651016.8,564.9765110015869,7.100890636444092,93.67689514160156,496.5998647212982,0.09633517265319824,0.9389915466308594,0.5093886852264404
19,25,654.0432472229004,-78645569.6,560.7032246589661,7.104004621505737,93.33385729789734,496.9854345321655,0.09633016586303711,0.8912703990936279,0.5081212520599365
19,26,653.8475258350372,-78653409.6,559.3685450553894,7.09782075881958,94.47276782989502,495.6571340560913,0.09638857841491699,0.933049201965332,0.49704742431640625
19,27,645.4542236328125,-78661976.0,551.2969498634338,7.137206077575684,94.15069937705994,487.6858026981354,0.09653377532958984,0.9204211235046387,0.4974336624145508
19,28,658.8371677398682,-78658415.2,563.7135462760925,7.0976715087890625,95.11757802963257,496.0034234523773,0.09678363800048828,0.9802107810974121,0.4961066246032715
19,29,648.8971979618073,-78651078.4,552.3513638973236,7.105614185333252,96.53968405723572,488.2182421684265,0.0970911979675293,0.9908304214477539,0.4950735569000244
19,30,651.5435049533844,-78644501.6,558.466180562973,7.074077844619751,93.07135438919067,495.52910447120667,0.09559392929077148,0.8944218158721924,0.5136609077453613
20,1,1021.9616243839264,-194081884.8,816.2235419750214,7.45201563835144,205.7209267616272,657.2509138584137,0.13320016860961914,1.347139596939087,1.9495198726654053
20,2,1044.1775739192963,-194072883.2,816.1161539554596,7.329778671264648,228.04356694221497,655.2825264930725,0.08316636085510254,1.3036606311798096,0.6843616962432861
20,3,1033.5025403499603,-194064129.6,817.9308595657349,7.19714617729187,215.5581407546997,655.63720870018,0.08412003517150879,1.3454012870788574,0.6657147407531738
20,4,1034.0127761363983,-194108630.4,812.9978771209717,7.080183506011963,221.00162315368652,658.5021693706512,0.08225536346435547,1.2840828895568848,0.7025899887084961
20,5,1009.830424785614,-194092187.2,799.1513404846191,7.0848963260650635,210.66601705551147,655.190705537796,0.08149027824401855,1.1994657516479492,0.6938183307647705
20,6,1048.2994170188904,-194089560.0,823.0123879909515,7.221371173858643,225.26836490631104,656.6066555976868,0.08204507827758789,1.3762037754058838,0.7163238525390625
20,7,1047.8786208629608,-194078891.2,825.9582877159119,7.204582691192627,221.90604090690613,659.0873036384583,0.0821082592010498,1.49794602394104,0.6787755489349365
20,8,1019.9293942451477,-194107704.0,813.6336977481842,7.45403265953064,206.27494764328003,647.2863035202026,0.13133454322814941,1.3659265041351318,1.912853717803955
20,9,1041.5412516593933,-194066918.4,813.5365879535675,7.277615547180176,227.98621654510498,647.7026171684265,0.0804758071899414,1.360597848892212,0.6788632869720459
20,10,1035.6813576221466,-194070393.6,811.7527542114258,7.2878737449646,223.914080619812,650.8333449363708,0.08076167106628418,1.3300931453704834,0.6781001091003418
