k,sample,total_time,best_ll,P00,P01,P10,P11,full_fit,gradient_gpu,init_cpu_gpu,mcmc_cpu,optimizer_gpu,transfer_pcie,warm_up_mcmc_cpu
1,1,6.589413166046143,-0.0004000663757324219,0.9998999834060669,0.9998999834060669,9.999999747378752e-05,9.999999747378752e-05,5.148205757141113,1.6167633533477783,1.4411466121673584,1.874603509902954,0.12677502632141113,0.08652114868164062,1.3895010948181152
1,2,4.961081266403198,0.0,0.8999999761581421,0.699999988079071,0.5,0.20000000298023224,3.540316581726074,1.3076250553131104,1.420729637145996,0.5999557971954346,0.11490297317504883,0.08326148986816406,1.3903279304504395
1,3,6.572484731674194,-0.0004000663757324219,0.9998999834060669,0.9998999834060669,9.999999747378752e-05,0.9998999834060669,5.238843679428101,1.621427297592163,1.3336031436920166,1.8653087615966797,0.11818671226501465,0.09276413917541504,1.4953842163085938
1,4,6.275591850280762,-0.0004000663757324219,0.9998999834060669,0.9998999834060669,9.999999747378752e-05,9.999999747378752e-05,4.927691221237183,1.5430793762207031,1.3478522300720215,1.7479121685028076,0.11579728126525879,0.0838463306427002,1.3916072845458984
1,5,6.029856204986572,0.0,0.8999999761581421,0.699999988079071,0.5,0.20000000298023224,3.547356367111206,1.2848575115203857,2.482465982437134,0.6043591499328613,0.11453366279602051,0.08222842216491699,1.417834758758545
1,6,6.316683769226074,-0.0004000663757324219,0.9998999834060669,0.9998999834060669,9.999999747378752e-05,9.999999747378752e-05,4.922857999801636,1.5267298221588135,1.3937814235687256,1.7505028247833252,0.11518526077270508,0.08220529556274414,1.4041178226470947
1,7,4.886974811553955,0.0,0.8999999761581421,0.699999988079071,0.5,0.20000000298023224,3.5325262546539307,1.3016083240509033,1.3544096946716309,0.6028437614440918,0.11481213569641113,0.08223676681518555,1.3869433403015137
1,9,11.575403451919556,-0.0004000663757324219,0.9998999834060669,9.999999747378752e-05,0.9998999834060669,9.999999747378752e-05,4.912718057632446,1.5311036109924316,6.6626527309417725,1.7543973922729492,0.11535215377807617,0.08241629600524902,1.384106159210205
1,10,6.533329010009766,-0.0004000663757324219,0.9998999834060669,0.9998999834060669,9.999999747378752e-05,9.999999747378752e-05,5.148201942443848,1.6116917133331299,1.3850653171539307,1.8839805126190186,0.12729907035827637,0.08578181266784668,1.3856096267700195
1,11,6.369584560394287,-0.0004000663757324219,0.9998999834060669,9.999999747378752e-05,0.9998999834060669,9.999999747378752e-05,4.975532531738281,1.517709493637085,1.394012212753296,1.8136675357818604,0.11654090881347656,0.08282804489135742,1.399848222732544
1,12,10.706204414367676,-0.0004000663757324219,9.999999747378752e-05,0.9998999834060669,9.999999747378752e-05,9.999999747378752e-05,4.707631349563599,1.4978251457214355,5.998538255691528,1.5691683292388916,0.11591148376464844,0.082672119140625,1.397740364074707
1,13,6.629545450210571,-0.0004000663757324219,0.9998999834060669,0.9998999834060669,9.999999747378752e-05,9.999999747378752e-05,5.282736539840698,1.6758677959442139,1.346756935119629,1.9275193214416504,0.12684345245361328,0.08638596534729004,1.4124231338500977
1,14,6.277337551116943,-0.0004000663757324219,0.9998999834060669,0.9998999834060669,9.999999747378752e-05,9.999999747378752e-05,4.918088436126709,1.5364477634429932,1.359208345413208,1.7496044635772705,0.11462521553039551,0.08393597602844238,1.388017177581787
1,15,11.417290687561035,-0.0004000663757324219,0.9998999834060669,0.9998999834060669,9.999999747378752e-05,9.999999747378752e-05,4.993444919586182,1.5218932628631592,6.423811435699463,1.7818422317504883,0.11542558670043945,0.08343672752380371,1.4454119205474854
1,16,5.956886529922485,-0.0004000663757324219,0.9998999834060669,9.999999747378752e-05,9.999999747378752e-05,0.9998999834060669,4.5303943157196045,1.669935941696167,1.4264380931854248,1.0501704216003418,0.13377618789672852,0.09141921997070312,1.527172327041626
1,17,6.500030994415283,-0.0004000663757324219,0.9998999834060669,0.9998999834060669,9.999999747378752e-05,0.9998999834060669,5.090597629547119,1.5297691822052002,1.409398078918457,1.9144270420074463,0.1158759593963623,0.08234739303588867,1.4034416675567627
1,19,4.9322874546051025,0.0,0.8999999761581421,0.699999988079071,0.5,0.20000000298023224,3.5462491512298584,1.3087828159332275,1.3860023021697998,0.6108989715576172,0.11619019508361816,0.08439064025878906,1.3813564777374268
1,20,6.479557991027832,-0.0004000663757324219,0.9998999834060669,0.9998999834060669,9.999999747378752e-05,0.9998999834060669,5.068143367767334,1.5345959663391113,1.4113810062408447,1.9065310955047607,0.11542057991027832,0.08356094360351562,1.383082389831543
1,21,6.278388023376465,-0.0004000663757324219,0.9998999834060669,0.9998999834060669,9.999999747378752e-05,9.999999747378752e-05,4.922607898712158,1.5440640449523926,1.3557467460632324,1.747462272644043,0.1154775619506836,0.0834352970123291,1.387000322341919
1,22,10.100083827972412,-0.0004000663757324219,0.9998999834060669,0.9998999834060669,9.999999747378752e-05,9.999999747378752e-05,4.915963411331177,1.5367474555969238,5.184083938598633,1.747356653213501,0.1156623363494873,0.08315515518188477,1.387862205505371
1,23,4.99408221244812,0.0,0.8999999761581421,0.699999988079071,0.5,0.20000000298023224,3.6439483165740967,1.3450675010681152,1.350083589553833,0.6616542339324951,0.12154364585876465,0.0843050479888916,1.3835041522979736
1,24,6.25273323059082,-0.0004000663757324219,0.9998999834060669,9.999999747378752e-05,0.9998999834060669,9.999999747378752e-05,4.916379928588867,1.5168774127960205,1.336313009262085,1.7586123943328857,0.11534738540649414,0.08334708213806152,1.397094488143921
1,25,6.479379653930664,-0.0004000663757324219,0.9998999834060669,9.999999747378752e-05,0.9998999834060669,9.999999747378752e-05,4.98110294342041,1.5247983932495117,1.4982414245605469,1.7933681011199951,0.11594104766845703,0.08263063430786133,1.420302391052246
1,26,6.450486421585083,-0.0004000663757324219,0.9998999834060669,0.9998999834060669,9.999999747378752e-05,0.9998999834060669,5.0573296546936035,1.5435843467712402,1.3931231498718262,1.8673546314239502,0.11596202850341797,0.08357524871826172,1.4018113613128662
1,27,6.341433048248291,-0.0004000663757324219,0.9998999834060669,0.9998999834060669,9.999999747378752e-05,9.999999747378752e-05,4.998224258422852,1.5348701477050781,1.3431727886199951,1.8108484745025635,0.11411547660827637,0.08330988883972168,1.4099438190460205
1,28,6.500610828399658,-0.0004000663757324219,0.9998999834060669,0.9998999834060669,9.999999747378752e-05,9.999999747378752e-05,5.077723264694214,1.6028478145599365,1.4228417873382568,1.8130342960357666,0.1184072494506836,0.09494686126708984,1.4028089046478271
1,29,6.414297103881836,-0.0004000663757324219,0.9998999834060669,0.9998999834060669,9.999999747378752e-05,0.9998999834060669,5.050457954406738,1.5340404510498047,1.3637948036193848,1.8818631172180176,0.11499881744384766,0.08297586441040039,1.3911540508270264
1,30,6.0400238037109375,0.0,0.8999999761581421,0.699999988079071,0.5,0.20000000298023224,3.5433945655822754,1.287158727645874,2.4965879917144775,0.6001324653625488,0.11451363563537598,0.08144521713256836,1.417466640472412
2,1,7.180128812789917,-1.4827799797058105,0.9998999834060669,9.999999747378752e-05,0.9555442929267883,9.999999747378752e-05,5.811899900436401,1.6611673831939697,1.3681914806365967,2.5094950199127197,0.11421060562133789,0.08284163475036621,1.3995082378387451
2,2,6.62377667427063,-7.369056987762451,0.5108451247215271,0.4004710614681244,0.33038330078125,0.5220023393630981,5.264353036880493,1.6640384197235107,1.3593902587890625,1.961057186126709,0.11470341682434082,0.08368802070617676,1.396970510482788
2,3,12.479245901107788,-4.6322120189666744,0.5640577673912048,0.31580623984336853,0.9998999834060669,9.999999747378752e-05,6.058594703674316,1.6680848598480225,6.420617580413818,2.766014337539673,0.11443853378295898,0.0834817886352539,1.381371021270752
2,4,6.542900800704956,-0.0004000663757324219,0.9998999834060669,0.9998999834060669,9.999999747378752e-05,9.999999747378752e-05,5.186984062194824,1.749654769897461,1.3558757305145264,1.7575123310089111,0.11964011192321777,0.0861508846282959,1.427541732788086
2,5,7.377392530441284,-5.634005546569824,0.8342046141624451,0.5302702188491821,0.8342002034187317,9.999999747378752e-05,5.989709138870239,1.6742422580718994,1.387646198272705,2.6788506507873535,0.11570572853088379,0.08359646797180176,1.3905413150787354
2,6,8.125328302383423,-3.7933526039123535,0.9998999834060669,0.9998999834060669,9.999999747378752e-05,0.23866423964500427,5.648488759994507,1.741645097732544,2.4767980575561523,2.200892686843872,0.11567091941833496,0.08427953720092773,1.4611279964447021
2,7,7.800538778305054,-5.668726444244385,0.9998999834060669,0.6668881177902222,0.24122025072574615,0.25511786341667175,6.3890221118927,1.6993563175201416,1.4114799499511719,3.0468528270721436,0.11586308479309082,0.08560490608215332,1.3961105346679688
2,8,6.482224941253662,-0.0004000663757324219,0.9998999834060669,0.9998999834060669,9.999999747378752e-05,0.9998999834060669,5.045847177505493,1.5308921337127686,1.4363429546356201,1.8887109756469727,0.11571288108825684,0.08255481719970703,1.382591962814331
2,9,9.639598846435547,-7.716968536376953,0.9998999834060669,0.9067068696022034,0.43222683668136597,0.4341300427913666,7.069693565368652,1.6772587299346924,2.5698635578155518,3.7117483615875244,0.11664271354675293,0.08384370803833008,1.435328722000122
2,10,6.499171733856201,-0.0004000663757324219,0.9998999834060669,9.999999747378752e-05,0.9998999834060669,9.999999747378752e-05,5.1648268699646,1.6098206043243408,1.334306240081787,1.7540578842163086,0.12804555892944336,0.1487123966217041,1.477632761001587
2,11,7.119628190994263,-3.494120478630066,0.9998999834060669,0.7446959018707275,9.999999747378752e-05,0.27527177333831787,5.7147910594940186,1.6561999320983887,1.4048025608062744,2.4209964275360107,0.11449122428894043,0.08268547058105469,1.3959743976593018
2,12,6.665354490280151,-4.838961124420166,0.9998999834060669,0.5452908277511597,9.999999747378752e-05,0.5453287363052368,5.301133394241333,1.6799557209014893,1.3641774654388428,1.9887914657592773,0.11588096618652344,0.08383989334106445,1.3865180015563965
2,13,7.561789512634277,-8.037150382995605,0.9998999834060669,0.26097944378852844,0.6012879610061646,0.5201435685157776,6.20268177986145,1.7881760597229004,1.3590755462646484,2.7458629608154297,0.11707806587219238,0.0882577896118164,1.4172954559326172
2,14,6.689397811889648,-4.397592067718506,0.9998999834060669,9.999999747378752e-05,0.581071674823761,0.2652931213378906,5.346611499786377,1.7301223278045654,1.3427491188049316,1.9836816787719727,0.11516666412353516,0.08454012870788574,1.387237310409546
2,15,7.627105951309204,-6.194100379943848,0.9998999834060669,0.9559041261672974,0.22320592403411865,0.2244834154844284,6.268739700317383,1.6777844429016113,1.3583312034606934,2.958465814590454,0.11536693572998047,0.08342695236206055,1.388763427734375
2,16,12.60181713104248,-4.628012561798096,0.9998999834060669,9.999999747378752e-05,0.5250874757766724,0.9483388662338257,5.451760292053223,1.6824865341186523,7.150023937225342,2.1427009105682373,0.11527037620544434,0.08356571197509766,1.3818142414093018
2,17,6.919463634490967,-4.838961124420166,0.9998999834060669,0.5453063249588013,9.999999747378752e-05,0.5453029274940491,5.575693607330322,1.9398181438446045,1.343738317489624,1.995588779449463,0.11831426620483398,0.09279632568359375,1.381335973739624
2,18,8.026294946670532,-4.416008949279785,0.9998999834060669,0.9998999834060669,0.48189055919647217,9.999999747378752e-05,6.643505811691284,1.6841232776641846,1.3827476501464844,3.3244106769561768,0.11589312553405762,0.08500432968139648,1.388441801071167
2,19,10.619401931762695,-6.710893630981445,0.9998999834060669,0.8083383440971375,0.9998999834060669,0.39313867688179016,8.021671295166016,1.6511321067810059,2.597693681716919,4.6814680099487305,0.11519289016723633,0.08280372619628906,1.4469189643859863
2,20,15.837528705596924,-0.0015997886657714844,0.9998999834060669,9.999999747378752e-05,0.9998999834060669,9.999999747378752e-05,6.423058748245239,1.6524238586425781,9.414435625076294,3.126103162765503,0.11508297920227051,0.0828101634979248,1.401702880859375
2,21,7.269327163696289,-5.6254647731781,0.990803062915802,9.999999747378752e-05,0.5508518218994141,0.6808689832687378,5.745408058166504,1.8871235847473145,1.523879051208496,2.1472208499908447,0.12714862823486328,0.08989167213439941,1.4396371841430664
2,22,6.361958265304565,-3.586074781417847,0.9998999834060669,0.35712313652038574,9.999999747378752e-05,0.38150754570961,4.974193811416626,1.6907153129577637,1.3877217769622803,1.6542835235595703,0.11481928825378418,0.08452701568603516,1.3844516277313232
2,23,8.840095043182373,-3.4792871475219727,0.9998999834060669,0.26827386021614075,0.8077245354652405,9.999999747378752e-05,6.343611001968384,1.6837098598480225,2.496443033218384,3.027118682861328,0.11596441268920898,0.08424043655395508,1.3870761394500732
2,24,8.429990291595459,-4.27910041809082,0.9998999834060669,0.838857889175415,0.5045412182807922,9.999999747378752e-05,7.0308287143707275,1.8434128761291504,1.3991196155548096,3.4776432514190674,0.11878013610839844,0.09493207931518555,1.4493896961212158
2,25,7.661927938461304,-3.7933883666992188,0.9998999834060669,0.9998999834060669,0.23377074301242828,9.999999747378752e-05,6.300236225128174,1.6656744480133057,1.361656665802002,2.9909114837646484,0.11501646041870117,0.08343386650085449,1.3999531269073486
2,26,6.866201639175415,-4.580847120285034,0.37169763445854187,0.6272985935211182,0.4601341187953949,9.999999747378752e-05,5.530066967010498,1.677536964416504,1.3360989093780518,2.2197153568267822,0.11446738243103027,0.08506178855895996,1.3877780437469482
2,27,14.371680736541748,-3.5089640378952027,0.9998999834060669,0.27757787704467773,0.7764092087745667,9.999999747378752e-05,6.354830026626587,1.6752371788024902,8.0168137550354,3.005009412765503,0.11381864547729492,0.08302974700927734,1.433434247970581
2,28,7.791645288467407,-7.188093185424805,0.9998999834060669,0.26737838983535767,0.6680772304534912,0.22198215126991272,6.474592924118042,1.881274938583374,1.3169951438903809,2.902177572250366,0.14409232139587402,0.09129571914672852,1.388828992843628
2,29,7.125505208969116,-4.838961601257324,0.9998999834060669,9.999999747378752e-05,0.5455734133720398,0.5451405048370361,5.767267227172852,1.7161800861358643,1.3582005500793457,2.4183881282806396,0.11556243896484375,0.08373546600341797,1.3875300884246826
2,30,8.877355575561523,-6.921135902404785,0.9998999834060669,0.9998999834060669,0.45246902108192444,0.19878295063972473,6.447559833526611,1.6539027690887451,2.429755449295044,3.154093027114868,0.1148676872253418,0.08286905288696289,1.3973517417907715
3,1,7.920201539993286,-7.639462852478028,0.9998999834060669,0.23897019028663635,0.8309218883514404,0.5498303771018982,6.549023628234863,1.6786246299743652,1.371140956878662,3.224463939666748,0.11669731140136719,0.0833587646484375,1.4014670848846436
3,2,8.979705333709717,-19.96263885498047,0.9998999834060669,0.39416828751564026,0.37063002586364746,0.3534279763698578,7.555046319961548,1.8421564102172852,1.424619436264038,4.038108825683594,0.11765766143798828,0.0892038345336914,1.4223694801330566
3,3,8.801516056060791,-16.879418182373048,0.9998999834060669,0.5198880434036255,0.26699092984199524,0.2458541989326477,7.423496961593628,1.816171646118164,1.3779833316802979,3.9741392135620117,0.11510729789733887,0.08452010154724121,1.388615608215332
3,4,11.095118761062622,-20.77742862701416,0.9998999834060669,0.7604920268058777,0.6021959185600281,0.05863756313920021,8.533836841583252,1.9322230815887451,2.5612430572509766,4.948519945144653,0.1180734634399414,0.08625459671020508,1.4035718441009521
3,5,14.138967514038086,-22.017078590393066,0.8195654153823853,0.5914148092269897,0.5822676420211792,0.1439247578382492,7.31564998626709,1.9344565868377686,6.823282957077026,3.7044336795806885,0.11872315406799316,0.0869603157043457,1.4249439239501953
3,6,9.47120475769043,-19.627332305908205,0.9998999834060669,0.648352861404419,0.5135921239852905,0.08281337469816208,8.141761541366577,1.9303929805755615,1.3294036388397217,4.4580066204071045,0.11928677558898926,0.08661866188049316,1.4433691501617432
3,7,9.281527042388916,-22.131663131713868,0.9998999834060669,0.7469334006309509,0.3885423243045807,0.16259407997131348,7.71506404876709,1.8138549327850342,1.5664246082305908,4.259399652481079,0.11563324928283691,0.08460259437561035,1.396684169769287
3,8,7.7869062423706055,-19.378864288330078,0.9998999834060669,0.1859624981880188,0.5212185978889465,0.3498595356941223,6.395507574081421,1.8046989440917969,1.3913588523864746,2.949098825454712,0.1157231330871582,0.08369731903076172,1.3971269130706787
3,9,7.2332494258880615,-11.05372953414917,0.9998999834060669,0.15947690606117249,0.287212997674942,0.2476419359445572,5.903183221817017,1.8245079517364502,1.3300256729125977,2.4454047679901123,0.11564874649047852,0.08512067794799805,1.3867850303649902
3,10,10.488495349884033,-8.535710430145263,0.9998999834060669,0.4666798710823059,9.999999747378752e-05,0.2517048120498657,5.867504358291626,1.797313928604126,4.620948553085327,2.418747663497925,0.11517906188964844,0.08373856544494629,1.4077415466308594
3,11,9.032844543457031,-13.29015941619873,0.9998999834060669,0.6573976278305054,0.3890714943408966,9.999999747378752e-05,7.695659637451172,2.001099109649658,1.3371448516845703,4.052228212356567,0.1197364330291748,0.08626794815063477,1.3898491859436035
3,12,7.715547323226929,-9.434131908416749,0.9966224431991577,0.4180334210395813,0.6262701749801636,0.6379756927490234,6.354699373245239,1.6683480739593506,1.3608133792877197,3.0452218055725098,0.1152803897857666,0.0838632583618164,1.3972856998443604
3,13,8.931663036346436,-17.296610260009764,0.9998999834060669,0.20903979241847992,0.8394812941551208,0.17105425894260406,7.544618129730225,1.8210039138793945,1.3870034217834473,4.080873727798462,0.11512136459350586,0.08957290649414062,1.391981601715088
3,14,13.410675764083862,-9.482498931884766,0.9998999834060669,0.543772280216217,9.999999747378752e-05,0.21727359294891357,6.437197685241699,1.8021938800811768,6.973442554473877,2.9401988983154297,0.11559200286865234,0.08455944061279297,1.449542760848999
3,15,9.442171335220337,-21.491003799438477,0.9998999834060669,0.36433345079421997,0.6067045331001282,0.25191882252693176,8.067859649658203,1.9397594928741455,1.3742728233337402,4.406287908554077,0.11914372444152832,0.08819723129272461,1.468493938446045
3,16,8.573241472244263,-19.776211166381835,0.9736722707748413,0.6040900349617004,0.322588175535202,0.1734481155872345,7.192382335662842,1.9219980239868164,1.3808073997497559,3.6080825328826904,0.1324601173400879,0.08738422393798828,1.3853302001953125
3,17,9.270586490631104,-24.727953147888183,0.9998999834060669,0.44305649399757385,0.6213841438293457,0.2809939980506897,7.922316551208496,1.8828606605529785,1.3482036590576172,4.39898157119751,0.11664676666259766,0.08520770072937012,1.392169713973999
3,18,9.213759660720825,-19.407353973388673,0.9998999834060669,0.5532097816467285,0.5452839136123657,0.09284352511167526,7.808062314987183,1.8353934288024902,1.4056596755981445,4.341214656829834,0.11574077606201172,0.08549809455871582,1.3846464157104492
3,19,14.690410137176514,-24.952830505371093,0.9998999834060669,0.26788443326950073,0.6476485729217529,0.46900129318237305,7.814247131347656,1.8248405456542969,6.876122951507568,4.359841823577881,0.11499547958374023,0.08468508720397949,1.3849244117736816
3,20,9.079200506210327,-16.818412017822265,0.9998999834060669,0.493561714887619,0.25627920031547546,0.27732759714126587,7.664978504180908,1.9185175895690918,1.4141809940338135,3.944469451904297,0.11908364295959473,0.12552571296691895,1.511610746383667
3,21,8.7172691822052,-14.170808410644531,0.9998999834060669,0.4320440888404846,0.5438476204872131,0.020702792331576347,7.203583478927612,1.95634126663208,1.5136346817016602,3.576080322265625,0.13160228729248047,0.08910751342773438,1.3901193141937256
3,22,8.37024211883545,-18.33987693786621,0.9998999834060669,0.5151821374893188,0.18933887779712677,0.31638404726982117,6.975274324417114,1.8279998302459717,1.3949248790740967,3.509063482284546,0.11552596092224121,0.08499693870544434,1.391639232635498
3,23,8.946157932281494,-20.833736228942872,0.9998999834060669,0.5125203132629395,0.5210080742835999,0.16506889462471008,7.629004001617432,1.8265728950500488,1.3171145915985107,4.1744654178619385,0.11576366424560547,0.08488154411315918,1.382349967956543
3,24,13.607696294784546,-16.624576568603516,0.9998999834060669,0.3304044008255005,0.6441987156867981,0.16162820160388947,8.374212980270386,1.8169324398040771,5.233450174331665,4.920937776565552,0.1157839298248291,0.08530282974243164,1.3899197578430176
3,25,10.932233333587646,-16.93971538543701,0.8784413933753967,0.6881511211395264,0.07797116041183472,0.32498252391815186,6.581900358200073,1.797729253768921,4.350295066833496,3.133790969848633,0.11507272720336914,0.0837252140045166,1.4069335460662842
3,26,9.57613468170166,-15.651278495788574,0.9998999834060669,0.4956482946872711,0.6929226517677307,9.999999747378752e-05,7.880843877792358,1.9703874588012695,1.6952407360076904,4.209856271743774,0.1457045078277588,0.08734464645385742,1.4005422592163086
3,27,9.253307819366455,-22.03882942199707,0.9998999834060669,0.32264450192451477,0.580446720123291,0.3162837326526642,7.896475076675415,1.910498857498169,1.356771469116211,4.324977159500122,0.12682580947875977,0.08693599700927734,1.3930237293243408
3,28,10.815102577209473,-15.691630458831787,0.9998999834060669,0.648466944694519,0.748221755027771,9.999999747378752e-05,9.379645824432373,1.8763623237609863,1.4353971481323242,5.851165533065796,0.12210607528686523,0.08685898780822754,1.3916490077972412
3,29,9.548547267913818,-19.6153263092041,0.9998999834060669,0.6185994148254395,0.3991604149341583,0.14457088708877563,8.180013418197632,2.018162965774536,1.3684799671173096,4.47464919090271,0.13858485221862793,0.08793044090270996,1.3935091495513916
3,30,8.538073301315308,-4.838960647583008,0.9998999834060669,0.5451000332832336,0.545137345790863,9.999999747378752e-05,6.11403751373291,1.6708195209503174,2.4240024089813232,2.807412624359131,0.11545753479003906,0.08366155624389648,1.391465663909912
4,2,9.807615995407104,-44.05356636047363,0.9998999834060669,0.3195323944091797,0.40759292244911194,0.24484878778457642,8.470033407211304,2.072115182876587,1.337540864944458,4.705092430114746,0.11719131469726562,0.08648395538330078,1.4433987140655518
4,3,8.94574522972107,-42.41086769104004,0.9998999834060669,0.21285121142864227,0.4156462848186493,0.3203255832195282,7.595007419586182,2.082530975341797,1.3506882190704346,3.8475122451782227,0.13086175918579102,0.08842825889587402,1.3874847888946533
4,4,9.993139028549194,-51.337730407714844,0.9998999834060669,0.44776150584220886,0.33457306027412415,0.27579939365386963,8.625927925109863,1.9520728588104248,1.3671765327453613,5.028540849685669,0.1158914566040039,0.08458328247070312,1.3998277187347412
4,5,9.411801815032959,-39.58288993835449,0.9998999834060669,0.3520451784133911,0.38469240069389343,0.16753670573234558,8.04502558708191,2.129441261291504,1.3667356967926025,4.265604496002197,0.1178731918334961,0.08611083030700684,1.400630235671997
4,6,9.525784730911255,-31.917657470703126,0.9998999834060669,0.26050975918769836,0.2643379271030426,0.24805620312690735,7.102167129516602,1.9410665035247803,2.423583745956421,3.5175750255584717,0.11451601982116699,0.08309531211853027,1.4017343521118164
4,7,11.012731075286865,-55.16464424133301,0.9998999834060669,0.4500656723976135,0.5942116379737854,0.12138009816408157,9.629313707351685,2.1334035396575928,1.3833808898925781,5.791725397109985,0.12574410438537598,0.08765006065368652,1.4409840106964111
4,8,8.83991265296936,-46.60592765808106,0.9998999834060669,0.278306782245636,0.37680819630622864,0.3231315016746521,7.467228174209595,1.965771198272705,1.3726470470428467,3.8713221549987793,0.11433577537536621,0.08413052558898926,1.3869211673736572
4,9,11.502914667129517,-68.66644058227538,0.9998999834060669,0.3933354318141937,0.5516555309295654,0.31742531061172485,10.036863565444946,2.0521960258483887,1.4659903049468994,6.32768177986145,0.12785077095031738,0.08682084083557129,1.3896491527557373
4,10,10.908025741577148,-50.29648208618164,0.9998999834060669,0.13791890442371368,0.725484311580658,0.2982426583766937,9.507725715637207,2.070585012435913,1.4002513885498047,5.753742456436157,0.13730955123901367,0.08686590194702148,1.3981225490570068
4,11,9.524178266525269,-32.2226469039917,0.9998999834060669,0.5035175681114197,0.38079336285591125,0.019890962168574333,8.046455383300781,1.9801959991455078,1.4776794910430908,4.431654691696167,0.11590409278869629,0.08440947532653809,1.3890440464019775
4,12,11.2277352809906,-47.84583053588867,0.9998999834060669,0.44986504316329956,0.39698514342308044,0.1796995997428894,8.802415370941162,1.943894624710083,2.4252800941467285,5.207154750823975,0.11581778526306152,0.08273148536682129,1.408238410949707
4,13,13.942759037017822,-55.17829513549805,0.9998999834060669,0.6339686512947083,0.39959102869033813,0.14007340371608734,9.54369330406189,1.965179204940796,4.399021863937378,5.93044900894165,0.11654829978942871,0.08515715599060059,1.4004392623901367
4,14,15.52410101890564,-57.617885208129884,0.6288450956344604,0.9245836734771729,0.4808487594127655,0.1299622654914856,8.559040069580078,1.9819467067718506,6.9650187492370605,4.932032108306885,0.116546630859375,0.08630752563476562,1.3959629535675049
4,15,12.069063425064087,-49.76209487915039,0.9998999834060669,0.5428443551063538,0.6733055710792542,0.03653907775878906,10.579827785491943,2.0679824352264404,1.4891998767852783,6.825392007827759,0.11784553527832031,0.08701896667480469,1.4358406066894531
4,16,10.898407220840454,-65.75064010620117,0.9998999834060669,0.420632004737854,0.5338261127471924,0.28072771430015564,9.397548913955688,1.9489126205444336,1.5008211135864258,5.777438640594482,0.11615443229675293,0.08494138717651367,1.4245660305023193
4,17,11.762863874435425,-58.42156219482422,0.9998999834060669,0.594177782535553,0.5356020331382751,0.10994387418031693,10.348366498947144,1.957704782485962,1.4144554138183594,6.693906784057617,0.11585354804992676,0.08493733406066895,1.4507246017456055
4,18,8.602453708648682,-48.18750648498535,0.9998999834060669,0.25413501262664795,0.3320471942424774,0.44517844915390015,7.239484071731567,1.9499423503875732,1.3629364967346191,3.644313335418701,0.11605954170227051,0.08422303199768066,1.4005250930786133
4,19,9.5597984790802,-47.51968574523926,0.9998999834060669,0.31561216711997986,0.3929744362831116,0.30251437425613403,8.119566679000854,2.0475516319274902,1.4401729106903076,4.422440767288208,0.12220144271850586,0.08728575706481934,1.3895063400268555
4,20,10.825906038284302,-45.59413604736328,0.9998999834060669,0.6558218002319336,0.42018285393714905,0.06670448929071426,9.464407205581665,1.966033697128296,1.3614559173583984,5.8589842319488525,0.11559605598449707,0.08433723449707031,1.3943448066711426
4,21,9.271388292312622,-42.14732360839844,0.9998999834060669,0.4047451615333557,0.41264036297798157,0.14452402293682098,7.890050888061523,1.9649372100830078,1.3812963962554932,4.280672073364258,0.11581254005432129,0.08555150032043457,1.3979079723358154
4,22,14.318047523498535,-51.1333869934082,0.9998999834060669,0.42566749453544617,0.3976346552371979,0.23680852353572845,8.828049182891846,1.938751459121704,5.489959239959717,5.240543365478516,0.11483359336853027,0.08353447914123535,1.4057612419128418
4,23,18.57757329940796,-52.79276657104492,0.9998999834060669,0.37401652336120605,0.41468071937561035,0.2866802215576172,8.809076309204102,1.9624013900756836,9.768462896347046,5.208578586578369,0.11584281921386719,0.0844728946685791,1.3928680419921875
4,24,10.250234365463257,-49.616380310058595,0.9998999834060669,0.4292474389076233,0.37925389409065247,0.2384195178747177,8.66616678237915,1.962052345275879,1.5840294361114502,5.05494499206543,0.11453056335449219,0.0838468074798584,1.406252145767212
4,25,12.055463314056396,-48.95060920715332,0.9998999834060669,0.5702183246612549,0.4606543183326721,0.11235750466585159,10.697400331497192,1.9639904499053955,1.3580219745635986,7.093695163726807,0.11611604690551758,0.08518075942993164,1.3938169479370117
4,26,10.153789281845093,-56.70628204345703,0.9998999834060669,0.2776986360549927,0.4473065733909607,0.4005146622657776,8.788990020751953,2.1343533992767334,1.3647475242614746,4.974817991256714,0.13849520683288574,0.09027528762817383,1.3884646892547607
4,27,10.2096586227417,-42.91980667114258,0.9998999834060669,0.3932679295539856,0.4444092810153961,0.14995649456977844,8.830262184143066,2.100776433944702,1.379345178604126,5.064254522323608,0.1298072338104248,0.0884699821472168,1.391444206237793
4,28,9.086496114730835,-36.72200698852539,0.7088391780853271,0.6828700304031372,0.5550020933151245,9.999999747378752e-05,7.686710596084595,2.0367605686187744,1.3997392654418945,4.012033462524414,0.1168832778930664,0.08527255058288574,1.3903110027313232
4,29,11.009429216384888,-47.32110176086426,0.9998999834060669,0.19832271337509155,0.5489808917045593,0.30820348858833313,8.267797470092773,1.9735987186431885,2.7415926456451416,4.6509850025177,0.11667251586914062,0.08518075942993164,1.395641803741455
4,30,8.858246326446533,-48.27932777404785,0.9998999834060669,0.24772019684314728,0.26041820645332336,0.505992591381073,7.5157716274261475,2.107227325439453,1.3424255847930908,3.6520586013793945,0.14147138595581055,0.08703160285949707,1.4612929821014404
5,1,10.751038551330566,-102.8858856201172,0.9998999834060669,0.44700556993484497,0.32550662755966187,0.18982933461666107,9.422665119171143,2.237215518951416,1.3283157348632812,5.512808084487915,0.13425374031066895,0.08753514289855957,1.3908107280731201
5,2,10.453845024108887,-111.64308471679688,0.8791770935058594,0.5024855136871338,0.5288169980049133,0.09643849730491638,9.083385944366455,2.0787200927734375,1.3704242706298828,5.359694242477417,0.11472344398498535,0.08321881294250488,1.4031355381011963
5,3,12.188308715820312,-123.3155303955078,0.9998999834060669,0.4294303059577942,0.39541810750961304,0.22915270924568176,10.848322629928589,2.2146923542022705,1.339935541152954,6.97190523147583,0.12659215927124023,0.08769488334655762,1.394568681716919
5,4,11.665159702301025,-118.42932891845703,0.9998999834060669,0.4581357538700104,0.4044078290462494,0.16442976891994476,10.253792524337769,2.128466844558716,1.411329984664917,6.49108624458313,0.11507105827331543,0.08386874198913574,1.3907346725463867
5,5,11.231143474578857,-123.81372375488282,0.9972915649414062,0.38441038131713867,0.3427129089832306,0.2989402413368225,8.938018560409546,2.145799160003662,2.2930819988250732,5.140615463256836,0.11693739891052246,0.08553743362426758,1.4038610458374023
5,6,9.921650886535645,-97.41615219116211,0.9998999834060669,0.2701479196548462,0.38546761870384216,0.27361977100372314,8.602503538131714,2.113452196121216,1.3191075325012207,4.859371662139893,0.11469721794128418,0.08456587791442871,1.384779453277588
5,7,11.719679117202759,-156.80125274658204,0.9998999834060669,0.40787288546562195,0.4603631794452667,0.2868943512439728,10.384264945983887,2.131089448928833,1.3353769779205322,6.611838340759277,0.11596226692199707,0.08593177795410156,1.3938343524932861
5,8,11.462745428085327,-124.85138854980468,0.9998999834060669,0.27171286940574646,0.5283613801002502,0.26608026027679443,10.10762333869934,2.1265971660614014,1.3550856113433838,6.3485107421875,0.11493277549743652,0.0853722095489502,1.3874683380126953
5,9,11.280346870422363,-116.87763137817383,0.9998999834060669,0.40424636006355286,0.4138636887073517,0.19064252078533173,9.804704666137695,2.1089375019073486,1.4756007194519043,6.055365562438965,0.11712837219238281,0.08588576316833496,1.3915202617645264
5,10,11.376516580581665,-106.85218048095703,0.9913749098777771,0.4340563416481018,0.4780370593070984,0.10055969655513763,10.003947973251343,2.1136224269866943,1.3725285530090332,6.249166488647461,0.11693787574768066,0.08505129814147949,1.3934743404388428
5,11,13.23535442352295,-157.84027709960938,0.9998999834060669,0.4759172201156616,0.4282386600971222,0.26688656210899353,11.827306032180786,2.1181640625,1.4080147743225098,8.072225093841553,0.11525344848632812,0.08478069305419922,1.3918218612670898
5,12,12.896623373031616,-127.70816574096679,0.9998999834060669,0.45099109411239624,0.5114140510559082,0.12957221269607544,10.561815738677979,2.1075265407562256,2.3347668647766113,6.79597544670105,0.11593866348266602,0.08552837371826172,1.4117553234100342
5,13,9.875100135803223,-98.84730224609375,0.9998999834060669,0.2943249046802521,0.339906245470047,0.29248157143592834,8.523694276809692,2.136747360229492,1.3513646125793457,4.749745607376099,0.1148076057434082,0.08577680587768555,1.3907511234283447
5,14,11.413264036178589,-145.13373260498048,0.9998999834060669,0.4107079803943634,0.4294500946998596,0.27779385447502136,10.074546337127686,2.130519151687622,1.3386774063110352,6.307638883590698,0.1160588264465332,0.08517289161682129,1.3898038864135742
5,15,11.13275408744812,-156.37463989257813,0.9551476836204529,0.5000176429748535,0.35443031787872314,0.3242645561695099,9.793651580810547,2.1199867725372314,1.3390636444091797,6.015827178955078,0.11518168449401855,0.09830760955810547,1.3995437622070312
5,16,10.432667016983032,-128.6807746887207,0.9998999834060669,0.3162825107574463,0.39275214076042175,0.3475457727909088,9.105637073516846,2.112724781036377,1.326991081237793,5.357172012329102,0.11550569534301758,0.08453798294067383,1.390082597732544
5,17,12.12485933303833,-136.9523895263672,0.9998999834060669,0.46746596693992615,0.42060983180999756,0.2150002121925354,10.768255472183228,2.115586996078491,1.3565707206726074,7.018233776092529,0.11495137214660645,0.08428812026977539,1.3908629417419434
5,18,10.314212560653687,-115.00731048583984,0.8055093288421631,0.4849525988101959,0.6138414144515991,0.11314087361097336,8.985795259475708,2.1087565422058105,1.328383445739746,5.240866661071777,0.11559748649597168,0.08411145210266113,1.3912622928619385
5,19,17.12253165245056,-130.88319549560546,0.9998999834060669,0.305316686630249,0.5198087096214294,0.25048473477363586,10.426429033279419,2.2133705615997314,6.696066617965698,6.536919832229614,0.11801600456237793,0.08693599700927734,1.425051212310791
5,20,11.58402156829834,-126.85318298339844,0.9998999834060669,0.5616543292999268,0.2563919126987457,0.26321589946746826,10.214500665664673,2.1078670024871826,1.369478702545166,6.46774435043335,0.1156454086303711,0.08541274070739746,1.3921258449554443
5,21,10.524786949157715,-112.93896865844727,0.9998999834060669,0.3729630410671234,0.4414311349391937,0.18698780238628387,9.142279148101807,2.1096973419189453,1.3824739456176758,5.401432514190674,0.1148684024810791,0.08500289916992188,1.3853974342346191
5,22,10.372682094573975,-128.4292022705078,0.9811820983886719,0.40556809306144714,0.24322405457496643,0.4200729429721832,9.054498434066772,2.176522731781006,1.318122148513794,5.219786643981934,0.12843084335327148,0.0878140926361084,1.3883998394012451
5,23,9.823269605636597,-113.94211654663086,0.7879334092140198,0.5889396667480469,0.41942891478538513,0.16006429493427277,8.39614200592041,2.104851007461548,1.4270915985107422,4.6565539836883545,0.1157841682434082,0.0839548110961914,1.3898155689239502
5,24,11.254490613937378,-134.81619720458986,0.9998999834060669,0.4276238679885864,0.3073829710483551,0.3331136107444763,9.93609881401062,2.110046863555908,1.3183517456054688,6.190571546554565,0.11530661582946777,0.0855264663696289,1.3892416954040527
5,25,11.314020156860352,-124.45835189819336,0.9998999834060669,0.38715919852256775,0.41790342330932617,0.24212254583835602,9.942182064056396,2.1176698207855225,1.3718037605285645,6.187483787536621,0.11535215377807617,0.08565473556518555,1.3904697895050049
5,26,11.076598644256592,-131.29198608398437,0.8493270874023438,0.4440550208091736,0.5608322620391846,0.1804305762052536,9.71572232246399,2.2421927452087402,1.360830545425415,5.754788160324097,0.11803746223449707,0.08774590492248535,1.4678394794464111
5,27,10.357400894165039,-100.86413116455078,0.9998999834060669,0.33567655086517334,0.3782144784927368,0.23909996449947357,9.008636713027954,2.091132402420044,1.3487210273742676,5.271440505981445,0.11627840995788574,0.0848081111907959,1.3997743129730225
5,28,11.759410619735718,-152.8196792602539,0.9998999834060669,0.552498996257782,0.3535020649433136,0.2452288269996643,10.419575691223145,2.1110117435455322,1.3397948741912842,6.669185638427734,0.11596083641052246,0.08541059494018555,1.3925073146820068
5,29,13.416162490844727,-130.5329818725586,0.9998999834060669,0.4524019658565521,0.4519209563732147,0.1585080921649933,12.06505537033081,2.2216484546661377,1.3510472774505615,8.186660528182983,0.12553882598876953,0.08762574195861816,1.391753911972046
5,30,10.63023829460144,-120.68906097412109,0.8768569231033325,0.5251756310462952,0.5220248103141785,0.12494400888681412,9.27356767654419,2.1206445693969727,1.3566346168518066,5.483164072036743,0.11600470542907715,0.08494830131530762,1.4237749576568604
6,1,5.969888925552368,-0.0004000663757324219,9.999999747378752e-05,0.9998999834060669,9.999999747378752e-05,9.999999747378752e-05,4.6562089920043945,1.5150225162506104,1.3136417865753174,1.5165140628814697,0.11444997787475586,0.08316564559936523,1.3816299438476562
6,2,4.883044004440308,0.0,0.8999999761581421,0.699999988079071,0.5,0.20000000298023224,3.5221967697143555,1.2936630249023438,1.360809326171875,0.609938383102417,0.11316061019897461,0.08229494094848633,1.3799457550048828
6,3,5.980553865432739,-0.0004000663757324219,9.999999747378752e-05,9.999999747378752e-05,0.9998999834060669,9.999999747378752e-05,4.655862808227539,1.5234992504119873,1.3246572017669678,1.5031185150146484,0.11449027061462402,0.08337807655334473,1.3851861953735352
6,4,4.902114152908325,0.0,0.8999999761581421,0.699999988079071,0.5,0.20000000298023224,3.572192907333374,1.324190616607666,1.3298888206481934,0.6163127422332764,0.1164853572845459,0.08376836776733398,1.3870820999145508
6,5,5.8718581199646,0.0,0.8999999761581421,0.699999988079071,0.5,0.20000000298023224,3.5480268001556396,1.303612232208252,2.3237955570220947,0.6003150939941406,0.11602067947387695,0.08381438255310059,1.3996610641479492
6,6,4.842954635620117,0.0,0.8999999761581421,0.699999988079071,0.5,0.20000000298023224,3.5353314876556396,1.3109233379364014,1.3075923919677734,0.6010699272155762,0.11385393142700195,0.0830225944519043,1.3826069831848145
6,7,5.984139442443848,-0.0004000663757324219,9.999999747378752e-05,0.9998999834060669,9.999999747378752e-05,9.999999747378752e-05,4.6490819454193115,1.5128273963928223,1.3350234031677246,1.5110867023468018,0.11419916152954102,0.0828239917755127,1.382744550704956
6,8,4.8757405281066895,0.0,0.8999999761581421,0.699999988079071,0.5,0.20000000298023224,3.528992176055908,1.3062083721160889,1.3467159271240234,0.6006515026092529,0.11409616470336914,0.08276224136352539,1.3811066150665283
6,9,4.903308629989624,0.0,0.8999999761581421,0.699999988079071,0.5,0.20000000298023224,3.5319690704345703,1.3029649257659912,1.371302843093872,0.6002752780914307,0.11554098129272461,0.08368825912475586,1.3848519325256348
6,10,6.035851240158081,-0.0004000663757324219,9.999999747378752e-05,0.9998999834060669,9.999999747378752e-05,9.999999747378752e-05,4.6727540493011475,1.5295617580413818,1.3630623817443848,1.514533519744873,0.11532211303710938,0.08298611640930176,1.385124683380127
6,11,8.428951025009155,0.0,0.8999999761581421,0.699999988079071,0.5,0.20000000298023224,3.603386402130127,1.3135993480682373,4.825529336929321,0.6298010349273682,0.1164085865020752,0.08384108543395996,1.4157025814056396
6,12,4.883638143539429,0.0,0.8999999761581421,0.699999988079071,0.5,0.20000000298023224,3.5313665866851807,1.3046290874481201,1.3522374629974365,0.5986223220825195,0.11405205726623535,0.08312106132507324,1.3870329856872559
6,13,5.996812343597412,-0.0004000663757324219,9.999999747378752e-05,0.9998999834060669,9.999999747378752e-05,9.999999747378752e-05,4.651140451431274,1.5118622779846191,1.3456299304962158,1.5144155025482178,0.11443305015563965,0.08274579048156738,1.382648229598999
6,14,4.884949445724487,0.0,0.8999999761581421,0.699999988079071,0.5,0.20000000298023224,3.5219709873199463,1.297213077545166,1.362943410873413,0.6009995937347412,0.11526083946228027,0.0823678970336914,1.3822383880615234
6,15,4.873480319976807,0.0,0.8999999761581421,0.699999988079071,0.5,0.20000000298023224,3.5347368717193604,1.3064303398132324,1.3387126922607422,0.6056210994720459,0.11461710929870605,0.0834343433380127,1.380566120147705
6,16,5.986418724060059,-0.0004000663757324219,9.999999747378752e-05,9.999999747378752e-05,0.9998999834060669,9.999999747378752e-05,4.6597795486450195,1.5164940357208252,1.3266046047210693,1.5131001472473145,0.11565995216369629,0.08312869071960449,1.3856563568115234
6,17,5.057071685791016,0.0,0.8999999761581421,0.699999988079071,0.5,0.20000000298023224,3.7111475467681885,1.3683385848999023,1.345888614654541,0.606372594833374,0.11739683151245117,0.08540678024291992,1.4887700080871582
6,18,5.99485445022583,-0.0004000663757324219,9.999999747378752e-05,0.9998999834060669,9.999999747378752e-05,9.999999747378752e-05,4.659927606582642,1.5202250480651855,1.334890365600586,1.5115857124328613,0.11443543434143066,0.0840604305267334,1.3835411071777344
6,19,6.0831708908081055,-0.0004000663757324219,9.999999747378752e-05,0.9998999834060669,9.999999747378752e-05,9.999999747378752e-05,4.68279504776001,1.5240647792816162,1.400341510772705,1.5314991474151611,0.1142275333404541,0.08344411849975586,1.3844938278198242
6,20,4.886962175369263,0.0,0.8999999761581421,0.699999988079071,0.5,0.20000000298023224,3.5231473445892334,1.295567512512207,1.3637771606445312,0.6006143093109131,0.11504554748535156,0.0830681324005127,1.3848633766174316
6,21,4.941116571426392,0.0,0.8999999761581421,0.699999988079071,0.5,0.20000000298023224,3.5156514644622803,1.294973373413086,1.4254331588745117,0.6009171009063721,0.11288928985595703,0.08159542083740234,1.3822622299194336
6,22,6.0025670528411865,-0.0004000663757324219,9.999999747378752e-05,0.9998999834060669,9.999999747378752e-05,9.999999747378752e-05,4.675666570663452,1.5266354084014893,1.3268659114837646,1.5186583995819092,0.11594581604003906,0.08431220054626465,1.3843414783477783
6,23,5.033769369125366,0.0,0.8999999761581421,0.699999988079071,0.5,0.20000000298023224,3.6843512058258057,1.3018105030059814,1.3493859767913818,0.6145434379577637,0.11552214622497559,0.08342146873474121,1.4699063301086426
6,24,4.904553651809692,0.0,0.8999999761581421,0.699999988079071,0.5,0.20000000298023224,3.5313498973846436,1.309915542602539,1.3731718063354492,0.5980062484741211,0.11484861373901367,0.08268570899963379,1.3819780349731445
6,25,4.854581594467163,0.0,0.8999999761581421,0.699999988079071,0.5,0.20000000298023224,3.5276811122894287,1.304811954498291,1.3268671035766602,0.5986130237579346,0.11448836326599121,0.0835731029510498,1.3820033073425293
6,26,6.0667946338653564,-0.0004000663757324219,9.999999747378752e-05,0.9998999834060669,9.999999747378752e-05,9.999999747378752e-05,4.658469915390015,1.5164945125579834,1.4082913398742676,1.516036033630371,0.11480188369750977,0.08276224136352539,1.3832995891571045
6,27,6.013020277023315,-0.0004000663757324219,9.999999747378752e-05,0.9998999834060669,9.999999747378752e-05,9.999999747378752e-05,4.659808158874512,1.515608310699463,1.3531794548034668,1.5188088417053223,0.11554765701293945,0.0826256275177002,1.381890058517456
6,28,4.889305114746094,0.0,0.8999999761581421,0.699999988079071,0.5,0.20000000298023224,3.529663562774658,1.3050570487976074,1.3596067428588867,0.6003890037536621,0.11457467079162598,0.08249855041503906,1.3830630779266357
6,29,4.9895689487457275,0.0,0.8999999761581421,0.699999988079071,0.5,0.20000000298023224,3.665729284286499,1.3553471565246582,1.3237817287445068,0.6716508865356445,0.12178349494934082,0.08464312553405762,1.3838868141174316
6,30,4.944540977478027,0.0,0.8999999761581421,0.699999988079071,0.5,0.20000000298023224,3.5475194454193115,1.3105907440185547,1.3969850540161133,0.6048140525817871,0.11542558670043945,0.08362889289855957,1.388749599456787
7,1,13.693572044372559,-633.4064392089844,0.9998999834060669,0.3503425717353821,0.42144060134887695,0.24674107134342194,12.3826425075531,2.4239184856414795,1.3108932971954346,8.318952560424805,0.11518168449401855,0.08494329452514648,1.3946142196655273
7,2,13.218437671661377,-652.0639282226563,0.8731604814529419,0.5225582122802734,0.5291317701339722,0.16877144575119019,11.891448259353638,2.414231300354004,1.3269476890563965,7.839329242706299,0.11568951606750488,0.08501744270324707,1.391761302947998
7,3,14.351988792419434,-627.6737670898438,0.9026482105255127,0.4724479615688324,0.5915815830230713,0.11681332439184189,12.962071180343628,2.5850462913513184,1.3898594379425049,8.694466590881348,0.14162778854370117,0.08910250663757324,1.3901958465576172
7,4,13.929582595825195,-606.3030090332031,0.9147329330444336,0.4797535240650177,0.5695993304252625,0.1118389219045639,12.578893899917603,2.4230711460113525,1.3506519794464111,8.515729904174805,0.11633515357971191,0.08504128456115723,1.3936936855316162
7,5,12.610373497009277,-663.5633056640625,0.990485429763794,0.34079208970069885,0.35105782747268677,0.34019362926483154,11.26682710647583,2.5835750102996826,1.3434839248657227,7.0037195682525635,0.1382296085357666,0.08725762367248535,1.3886122703552246
7,6,13.247663259506226,-647.7867797851562,0.9998999834060669,0.3242097496986389,0.4059772193431854,0.28443440794944763,11.843875408172607,2.4297800064086914,1.403749942779541,7.7755255699157715,0.11639642715454102,0.08515191078186035,1.3915033340454102
7,7,14.251800298690796,-632.4768798828125,0.9998999834060669,0.3821185529232025,0.4143083989620209,0.22036786377429962,12.850056648254395,2.4199745655059814,1.401698112487793,8.786936521530151,0.11612558364868164,0.08631777763366699,1.3946483135223389
7,8,14.264673709869385,-603.75986328125,0.9013069868087769,0.4514710307121277,0.5586400628089905,0.07927271723747253,12.901411771774292,2.4214324951171875,1.363220453262329,8.844733953475952,0.11542153358459473,0.08474302291870117,1.3904156684875488
7,9,13.073007345199585,-657.1801940917969,0.9385166168212891,0.3927304148674011,0.4204552173614502,0.25559765100479126,11.727524757385254,2.6824326515197754,1.345428466796875,7.347467660903931,0.14539289474487305,0.09650731086730957,1.3923389911651611
7,10,13.357198715209961,-645.6794372558594,0.8783040642738342,0.5182748436927795,0.534078061580658,0.15113364160060883,12.000693082809448,2.4267656803131104,1.3564670085906982,7.9258129596710205,0.11706256866455078,0.0859384536743164,1.3997440338134766
7,11,13.576589584350586,-648.3886596679688,0.8769264817237854,0.48471173644065857,0.5526421666145325,0.13653895258903503,12.130789756774902,2.4064316749572754,1.4457602500915527,8.081465244293213,0.11623382568359375,0.0854043960571289,1.396369457244873
7,12,13.00794768333435,-658.8608764648437,0.855790376663208,0.5174451470375061,0.5342425107955933,0.16726486384868622,11.667647361755371,2.408970832824707,1.3402647972106934,7.625129222869873,0.11627554893493652,0.08408117294311523,1.389214277267456
7,13,13.629823207855225,-630.6056701660157,0.8865910172462463,0.4713118076324463,0.5672807097434998,0.1265011727809906,12.272134065628052,2.4269144535064697,1.357647180557251,8.209448337554932,0.1157844066619873,0.08528876304626465,1.3898444175720215
7,14,13.453570127487183,-623.3590087890625,0.8951604962348938,0.4675734043121338,0.5744167566299438,0.13433904945850372,12.130579948425293,2.416343927383423,1.3229503631591797,8.079954385757446,0.11527276039123535,0.08484363555908203,1.3891494274139404
7,15,14.215768575668335,-618.4615600585937,0.9006659984588623,0.49205833673477173,0.5771529674530029,0.11191428452730179,12.877061367034912,2.6039717197418213,1.3386523723602295,8.513397932052612,0.14450788497924805,0.1586470603942871,1.3926358222961426
7,16,14.053824424743652,-640.0077941894531,0.8831176161766052,0.48016971349716187,0.5334672927856445,0.13325759768486023,12.691112279891968,2.384636402130127,1.3626682758331299,8.655283212661743,0.11622309684753418,0.08452534675598145,1.4057092666625977
7,17,13.513877868652344,-636.5311157226563,0.9998999834060669,0.35967928171157837,0.3880974054336548,0.28122586011886597,12.172918796539307,2.500675678253174,1.34092116355896,8.03397822380066,0.11587095260620117,0.0848081111907959,1.3920974731445312
7,18,13.673248529434204,-617.7368225097656,0.9998999834060669,0.40320929884910583,0.3301926255226135,0.2692519426345825,12.328079462051392,2.5839293003082275,1.3451106548309326,7.96561598777771,0.141129732131958,0.08993983268737793,1.4851710796356201
7,19,13.329343557357788,-646.9572998046875,0.8817394971847534,0.5235271453857422,0.5103819370269775,0.12622065842151642,12.000027656555176,2.412278413772583,1.3292794227600098,7.961928129196167,0.1132211685180664,0.08298349380493164,1.3855094909667969
7,20,13.83769965171814,-622.5695373535157,0.9998999834060669,0.35692620277404785,0.40464335680007935,0.2441433221101761,12.479108572006226,2.4133341312408447,1.3585469722747803,8.426566362380981,0.1143651008605957,0.08469295501708984,1.3952410221099854
7,21,12.977551221847534,-636.91123046875,0.9998999834060669,0.37021127343177795,0.36013123393058777,0.27930086851119995,11.640657186508179,2.5466480255126953,1.3368496894836426,7.3938164710998535,0.1186373233795166,0.0878145694732666,1.448023796081543
7,22,13.305343627929688,-666.7112060546875,0.9424887299537659,0.3939368426799774,0.4099593460559845,0.2704955041408539,11.835227251052856,2.42254900932312,1.4700729846954346,7.774337530136108,0.11579036712646484,0.08485269546508789,1.392240047454834
7,23,13.14301085472107,-675.6057678222656,0.8544089794158936,0.5206782221794128,0.5354715585708618,0.1660993993282318,11.725557565689087,2.4109554290771484,1.417410135269165,7.676789283752441,0.11564803123474121,0.08465290069580078,1.392507553100586
7,24,14.099555015563965,-633.7218994140625,0.9998999834060669,0.3526797592639923,0.4078029990196228,0.25526610016822815,12.705380201339722,2.5624806880950928,1.3941152095794678,8.456963777542114,0.13926434516906738,0.09156012535095215,1.3955636024475098
7,25,13.733702182769775,-615.8206176757812,0.8924571871757507,0.4841916859149933,0.5558153390884399,0.11115926504135132,12.379258394241333,2.4153313636779785,1.3543992042541504,8.320900201797485,0.11580348014831543,0.08676671981811523,1.3947646617889404
7,26,13.259130477905273,-648.0004150390625,0.8620769381523132,0.4808802902698517,0.5321416258811951,0.14646965265274048,11.899924278259277,2.4418106079101562,1.3591620922088623,7.818517208099365,0.11460471153259277,0.08597731590270996,1.3937723636627197
7,27,13.603438138961792,-611.6506286621094,0.8942166566848755,0.4763956367969513,0.5539098381996155,0.13041669130325317,12.272920846939087,2.5460147857666016,1.330474615097046,8.001071453094482,0.11865639686584473,0.08718132972717285,1.4744856357574463
7,28,13.196409702301025,-647.1792602539062,0.9998999834060669,0.36127138137817383,0.3874281346797943,0.26871657371520996,11.798353433609009,2.4023988246917725,1.3980152606964111,7.746294736862183,0.11748719215393066,0.08493399620056152,1.4011788368225098
7,29,13.657907247543335,-639.6595642089844,0.9998999834060669,0.3885892629623413,0.37916097044944763,0.24737489223480225,12.295543909072876,2.4466516971588135,1.3623204231262207,8.20875597000122,0.1159360408782959,0.08562707901000977,1.3933753967285156
7,30,13.295906782150269,-624.7645751953125,0.9998999834060669,0.34691405296325684,0.4248262941837311,0.24040697515010834,11.959802150726318,2.569434881210327,1.3360645771026611,7.661155700683594,0.11853837966918945,0.0872499942779541,1.4775874614715576
8,1,13.552815675735474,-351.7454895019531,0.8637838363647461,0.5112256407737732,0.5054854154586792,0.13774371147155762,12.174679040908813,2.2646610736846924,1.3781015872955322,8.260751485824585,0.1171572208404541,0.0847005844116211,1.4016759395599365
8,2,13.550335884094238,-344.5055389404297,0.967708945274353,0.4341587424278259,0.4864565134048462,0.211263045668602,12.18277907371521,2.2573482990264893,1.3675193786621094,8.289898872375488,0.11513233184814453,0.08371710777282715,1.3922123908996582
8,3,13.410560846328735,-346.49066467285155,0.8981807231903076,0.5178782343864441,0.4872491955757141,0.20046378672122955,11.957494735717773,2.368891954421997,1.4530317783355713,7.832850694656372,0.11744260787963867,0.0864863395690918,1.478362798690796
8,4,13.983460903167725,-328.08168029785156,0.773755669593811,0.6224994659423828,0.630086362361908,0.0745193287730217,12.576719760894775,2.25537109375,1.4067051410675049,8.671427011489868,0.1175229549407959,0.08366036415100098,1.4032762050628662
8,5,13.011645078659058,-347.24608154296874,0.8421425819396973,0.6047908663749695,0.527964174747467,0.13738948106765747,11.659454345703125,2.2373619079589844,1.3521556854248047,7.769134521484375,0.11605548858642578,0.08390331268310547,1.4075689315795898
8,6,14.358083248138428,-322.6058624267578,0.8467941880226135,0.6210605502128601,0.5540136098861694,0.0825870931148529,12.897989988327026,2.377100706100464,1.460047960281372,8.824143409729004,0.11811637878417969,0.08640170097351074,1.4459004402160645
8,7,12.938023567199707,-338.48900451660154,0.9639685153961182,0.3985413610935211,0.49377936124801636,0.23498573899269104,11.574680805206299,2.264244556427002,1.363297939300537,7.675638914108276,0.11478400230407715,0.08368134498596191,1.3911843299865723
8,8,13.343560695648193,-350.8913940429687,0.8927265405654907,0.5477820634841919,0.5553464293479919,0.17584767937660217,11.971330404281616,2.276289701461792,1.3721959590911865,8.060487747192383,0.1146237850189209,0.08494925498962402,1.3903770446777344
8,9,14.287267208099365,-320.1405548095703,0.9007874727249146,0.5594590902328491,0.6082711219787598,0.08929046988487244,12.928025960922241,2.3843252658843994,1.3592000007629395,8.79206657409668,0.11942076683044434,0.08743596076965332,1.4990861415863037
8,10,14.016350984573364,-322.76148376464846,0.8195127248764038,0.5717369318008423,0.6385780572891235,0.07428805530071259,12.623477935791016,2.291079521179199,1.3928327560424805,8.693288564682007,0.1152489185333252,0.08498215675354004,1.3934907913208008
8,11,13.251901626586914,-341.9325347900391,0.9120699167251587,0.5495733022689819,0.5417767763137817,0.1280914694070816,11.903546571731567,2.2853522300720215,1.3483188152313232,7.982843399047852,0.11505794525146484,0.08428621292114258,1.3912737369537354
8,12,22.688848972320557,-337.6145080566406,0.8273581266403198,0.5790117383003235,0.5886192917823792,0.11485257744789124,12.278087139129639,2.24434232711792,10.410725116729736,8.371575355529785,0.11710190773010254,0.0839388370513916,1.4162547588348389
8,13,14.339169263839722,-286.58351135253906,0.8201415538787842,0.6190160512924194,0.6408692598342896,0.028299855068325996,13.004935264587402,2.258019208908081,1.3341879844665527,9.103692770004272,0.11456131935119629,0.08495116233825684,1.3984007835388184
8,14,13.583857536315918,-349.30528869628904,0.793785572052002,0.5811995267868042,0.5478107333183289,0.136540487408638,12.161128997802734,2.2629075050354004,1.4226908683776855,8.262217998504639,0.1155557632446289,0.08505439758300781,1.3903768062591553
8,15,14.89604663848877,-334.25083312988284,0.82954341173172,0.5561929941177368,0.6139405965805054,0.10808035731315613,12.562864542007446,2.2401537895202637,2.3331470489501953,8.666333436965942,0.11567521095275879,0.08288216590881348,1.4136004447937012
8,16,12.974627017974854,-352.5807861328125,0.8311998844146729,0.6045395135879517,0.5528423190116882,0.15494035184383392,11.599875450134277,2.2557642459869385,1.374709129333496,7.708327531814575,0.11484599113464355,0.0835580825805664,1.3923656940460205
8,17,12.870325565338135,-337.61797790527345,0.8277208209037781,0.5748205184936523,0.5879197120666504,0.12428341060876846,11.49883222579956,2.2851381301879883,1.3714609146118164,7.576532602310181,0.11658668518066406,0.08460021018981934,1.391197681427002
8,18,17.794858694076538,-320.61468811035155,0.8560709953308105,0.6045244336128235,0.5523084998130798,0.08357513695955276,12.519185781478882,2.2417120933532715,5.27563214302063,8.615156412124634,0.11581230163574219,0.08307504653930664,1.4193038940429688
8,19,14.416793584823608,-317.2059661865234,0.8426544666290283,0.5448237061500549,0.6366832256317139,0.07532424479722977,13.00186276435852,2.2568814754486084,1.414884328842163,9.100834131240845,0.11465191841125488,0.08478045463562012,1.3995046615600586
8,20,13.95495080947876,-326.36553955078125,0.7770339846611023,0.5939436554908752,0.6518126130104065,0.08334323018789291,12.610101699829102,2.2652108669281006,1.3447885513305664,8.708266973495483,0.11689043045043945,0.08510470390319824,1.388765811920166
8,21,13.378895044326782,-324.37071838378904,0.8810307383537292,0.5616665482521057,0.5787161588668823,0.11749755591154099,12.000212669372559,2.2708568572998047,1.3786401748657227,8.090304851531982,0.11522769927978516,0.08534359931945801,1.3935835361480713
8,22,14.508741617202759,-348.43869934082034,0.8658937215805054,0.5390550494194031,0.5590826869010925,0.13588829338550568,13.08616328239441,2.26822829246521,1.4225444793701172,9.180426836013794,0.1148061752319336,0.08525753021240234,1.3926472663879395
8,23,13.511669397354126,-349.57056579589846,0.9998999834060669,0.4072954058647156,0.4320797324180603,0.26407966017723083,12.071000814437866,2.2657346725463867,1.440636396408081,8.173964262008667,0.11484074592590332,0.08420491218566895,1.3874919414520264
8,24,17.778730869293213,-1487.55634765625,0.9998999834060669,0.35475054383277893,0.3736628592014313,0.2945862114429474,12.751671075820923,2.524717330932617,5.027017116546631,8.574677467346191,0.1151132583618164,0.08481907844543457,1.407278299331665
8,25,14.04930853843689,-1505.5123779296875,0.9998999834060669,0.38813862204551697,0.4075108468532562,0.2567572593688965,12.717394828796387,2.5515048503875732,1.33186936378479,8.531673192977905,0.11464595794677734,0.08558320999145508,1.388944387435913
8,26,14.285282135009766,-1456.803857421875,0.8946177363395691,0.4809793531894684,0.529717206954956,0.11839187890291214,12.936008930206299,2.573976516723633,1.3492295742034912,8.727431774139404,0.11445116996765137,0.08508610725402832,1.390479564666748
8,27,15.207563400268555,-1425.3617919921876,0.9139189720153809,0.5243813991546631,0.5359036326408386,0.11795880645513535,13.879901647567749,2.6922342777252197,1.3276069164276123,9.487960815429688,0.14696860313415527,0.08868145942687988,1.3961255550384521
8,28,14.544732093811035,-1522.4284423828126,0.8808881044387817,0.5249797701835632,0.5308740139007568,0.14431919157505035,13.173118829727173,2.6527926921844482,1.371568202972412,8.875698566436768,0.11913824081420898,0.08719539642333984,1.391284465789795
8,29,15.81741213798523,-1477.965966796875,0.8901744484901428,0.5033938884735107,0.5547664165496826,0.1359347403049469,12.63527798652649,2.5709822177886963,3.182091474533081,8.422133207321167,0.11541318893432617,0.08563995361328125,1.39609956741333
8,30,14.061117172241211,-1494.2445678710938,0.8815931081771851,0.5218416452407837,0.535158097743988,0.14571230113506317,12.728644847869873,2.6166279315948486,1.332430362701416,8.475462913513184,0.11518478393554688,0.08618307113647461,1.3900153636932373
9,1,15.113404750823975,-1524.4923095703125,0.9998999834060669,0.3487156927585602,0.41133370995521545,0.26959744095802307,13.57886815071106,2.5857832431793213,1.534494400024414,9.352152347564697,0.11580610275268555,0.08638930320739746,1.3934433460235596
9,2,14.006879091262817,-1560.8634399414063,0.8736433386802673,0.5248668789863586,0.5351324677467346,0.15128184854984283,12.666631698608398,2.550506114959717,1.3402111530303955,8.480948448181152,0.11534476280212402,0.08506035804748535,1.390366554260254
9,3,15.77726936340332,-1498.1645141601562,0.8892237544059753,0.4831930100917816,0.5562876462936401,0.11601993441581726,14.44854211807251,2.7900733947753906,1.3286643028259277,9.958977222442627,0.14612984657287598,0.0924983024597168,1.394402027130127
9,4,14.42531943321228,-1508.045361328125,0.8769230842590332,0.4839335083961487,0.5442060828208923,0.11855992674827576,13.056092023849487,2.5768065452575684,1.3691823482513428,8.836106061935425,0.11592555046081543,0.08631420135498047,1.3958654403686523
9,5,14.561488151550293,-1524.9853393554688,0.9998999834060669,0.3441256582736969,0.40357059240341187,0.2819499969482422,13.231564998626709,2.808454751968384,1.3298678398132324,8.754750967025757,0.1337425708770752,0.0885014533996582,1.3886704444885254
9,6,14.213618755340576,-1557.9828369140625,0.8844414353370667,0.5273330211639404,0.5332062840461731,0.14897625148296356,12.868438959121704,2.5623679161071777,1.3451430797576904,8.670612573623657,0.11535215377807617,0.08563780784606934,1.3895113468170166
9,7,14.507619857788086,-1542.163916015625,0.8612222671508789,0.4824196398258209,0.5470730662345886,0.1084742546081543,13.163933515548706,2.601001739501953,1.343630313873291,8.918394804000854,0.11884021759033203,0.08745479583740234,1.3913803100585938
9,8,16.184523820877075,-1556.111376953125,0.8857541084289551,0.463331013917923,0.5580917000770569,0.17089083790779114,12.81386113166809,2.577960729598999,3.370623826980591,8.572837829589844,0.11656594276428223,0.08594846725463867,1.4148457050323486
9,9,15.085164546966553,-1548.4832275390625,0.8921734690666199,0.4883216321468353,0.5426197648048401,0.1424679309129715,13.757385730743408,2.571934700012207,1.327742576599121,9.546052932739258,0.11563515663146973,0.08675003051757812,1.3917129039764404
9,10,15.070727586746216,-1483.3406005859374,0.9113800525665283,0.49295786023139954,0.5850748419761658,0.12425678223371506,13.643337726593018,2.5633432865142822,1.4273533821105957,9.441788911819458,0.11562514305114746,0.08563470840454102,1.3918366432189941
9,11,14.228623628616333,-1573.6416259765624,0.8744109272956848,0.5260524749755859,0.5374525785446167,0.16426318883895874,12.866332769393921,2.5684094429016113,1.3622474670410156,8.66551923751831,0.11460161209106445,0.08523130416870117,1.38783597946167
9,12,14.807188272476196,-1494.1228881835937,0.8872864246368408,0.4859043061733246,0.5434573888778687,0.11581025272607803,13.486474990844727,2.5618605613708496,1.3206748962402344,9.28510069847107,0.11712217330932617,0.0867915153503418,1.3914210796356201
9,13,14.466390132904053,-1523.1260375976562,0.8857254385948181,0.48990270495414734,0.554322361946106,0.13763663172721863,13.096836566925049,2.59775972366333,1.3695149421691895,8.855827569961548,0.11591339111328125,0.08633756637573242,1.3951520919799805
9,14,15.252136468887329,-1491.7463989257812,0.9006773233413696,0.4992281496524811,0.5674218535423279,0.11919154226779938,13.82943868637085,2.570523977279663,1.4226553440093994,9.620976686477661,0.11538052558898926,0.08678841590881348,1.3902592658996582
9,15,14.648830890655518,-1490.9125610351562,0.8796448707580566,0.4828553795814514,0.5479849576950073,0.12095097452402115,13.275795459747314,2.5652284622192383,1.373000144958496,9.070773124694824,0.11615514755249023,0.0859823226928711,1.3925611972808838
9,16,15.747493028640747,-1463.4276000976563,0.9091365337371826,0.4911782443523407,0.5460343360900879,0.10859697312116623,14.328598260879517,2.6240339279174805,1.4188363552093506,10.052616834640503,0.12128186225891113,0.0891716480255127,1.392808198928833
9,17,16.675289154052734,-1540.5878173828125,0.8534806966781616,0.4793385863304138,0.5136586427688599,0.10698799788951874,13.238139390945435,2.5337586402893066,3.4371092319488525,9.055752277374268,0.1161642074584961,0.08459067344665527,1.4037301540374756
9,18,14.202839136123657,-1559.7044189453125,0.9998999834060669,0.340050607919693,0.4247502088546753,0.27103525400161743,12.865195512771606,2.5705084800720215,1.337602138519287,8.654552698135376,0.11548185348510742,0.08611512184143066,1.393083095550537
9,19,15.362016677856445,-1431.627880859375,0.8946758508682251,0.4632014036178589,0.57567298412323,0.07419463247060776,14.020063638687134,2.5671918392181396,1.3419077396392822,9.812961101531982,0.11553454399108887,0.08576846122741699,1.3934359550476074
9,20,14.62882375717163,-1505.6703369140625,0.9005284905433655,0.49908584356307983,0.5610695481300354,0.1483079344034195,13.21028208732605,2.5787177085876465,1.4184901714324951,8.990915060043335,0.11715030670166016,0.08621001243591309,1.3912014961242676
9,21,15.400601148605347,-1507.1204956054687,0.8973954319953918,0.48589611053466797,0.5428265929222107,0.12121735513210297,14.056154251098633,2.710503578186035,1.3444035053253174,9.590033769607544,0.11943674087524414,0.08845782279968262,1.4927217960357666
9,22,14.523609638214111,-1520.7803955078125,0.9998999834060669,0.34371188282966614,0.44578707218170166,0.24669711291790009,13.109152555465698,2.5364813804626465,1.4144132137298584,8.919944524765015,0.11680912971496582,0.08570194244384766,1.4048635959625244
9,23,14.542533874511719,-1543.1249633789062,0.8883656859397888,0.5018969178199768,0.5575445890426636,0.13573746383190155,13.190562009811401,2.5556869506835938,1.3519301414489746,8.986575365066528,0.1159353256225586,0.08620381355285645,1.401221752166748
9,24,14.268020153045654,-1520.6871826171875,0.8615317344665527,0.47984060645103455,0.5241015553474426,0.09390363097190857,12.886411190032959,2.579442262649536,1.3815619945526123,8.668510913848877,0.11556029319763184,0.08628726005554199,1.3914942741394043
9,25,14.511888265609741,-1558.2678344726562,0.878735363483429,0.5263816118240356,0.5376456379890442,0.1293608397245407,13.192205429077148,2.6643834114074707,1.3196287155151367,8.867451906204224,0.12776660919189453,0.08803558349609375,1.3939118385314941
9,26,16.866758108139038,-1547.0833251953125,0.8759863376617432,0.5009282231330872,0.5744478702545166,0.13469186425209045,13.213699340820312,2.5528759956359863,3.6530182361602783,9.01005506515503,0.1166679859161377,0.08601808547973633,1.4028685092926025
9,27,15.327325105667114,-1476.8778564453125,0.9025368094444275,0.49370795488357544,0.5668425559997559,0.09245625883340836,13.947975158691406,2.5721611976623535,1.379305124282837,9.734535694122314,0.1158897876739502,0.08626055717468262,1.3937971591949463
9,28,14.50679063796997,-1545.8863159179687,0.8730602264404297,0.4882035255432129,0.5571757555007935,0.12837517261505127,13.156827449798584,2.5722739696502686,1.3499183654785156,8.947738885879517,0.11530470848083496,0.08579635620117188,1.3909049034118652
9,29,14.174612045288086,-1546.7279296875,0.8805949091911316,0.5260002613067627,0.5362469553947449,0.15378256142139435,12.856415033340454,2.5730154514312744,1.3181521892547607,8.64664363861084,0.11541318893432617,0.0864858627319336,1.3896629810333252
9,30,17.904826164245605,-1507.416357421875,0.9046077728271484,0.4739001989364624,0.5627084970474243,0.1434202492237091,13.083624362945557,2.5366556644439697,4.821156740188599,8.88670039176941,0.1170506477355957,0.08693885803222656,1.410991907119751
10,1,17.226624727249146,-4755.995263671875,0.871343731880188,0.48916468024253845,0.5274959206581116,0.21077226102352142,15.847724437713623,2.714120864868164,1.3788809776306152,11.487812995910645,0.11505126953125,0.08660459518432617,1.3991727828979492
10,2,18.9852454662323,-4601.14306640625,0.878591001033783,0.5489891171455383,0.5539608001708984,0.17254629731178284,17.602293491363525,2.703277826309204,1.3829345703125,13.256078004837036,0.11540722846984863,0.08652329444885254,1.3961739540100098
10,3,17.47899031639099,-4809.07412109375,0.8579500913619995,0.5029062628746033,0.5179117918014526,0.21376608312129974,15.9950110912323,2.7142891883850098,1.4839613437652588,11.637134075164795,0.11514830589294434,0.08690714836120605,1.3964567184448242
10,4,23.29131531715393,-4769.399853515625,0.8768415451049805,0.4871072769165039,0.5284926891326904,0.21525287628173828,16.4610276222229,2.892599582672119,6.830267906188965,11.89108419418335,0.11775898933410645,0.0887148380279541,1.4251015186309814
10,5,17.416019916534424,-4757.06748046875,0.8619434237480164,0.5033457279205322,0.5437499284744263,0.20800256729125977,16.03976082801819,2.723698377609253,1.3762364387512207,11.66946005821228,0.11553311347961426,0.08641982078552246,1.399815559387207
10,6,17.619733810424805,-4763.0033203125,0.8596844673156738,0.49657291173934937,0.5283839106559753,0.2056025117635727,16.19811177253723,2.7089366912841797,1.421604871749878,11.842516899108887,0.11507225036621094,0.08752703666687012,1.3984425067901611
10,7,17.58906888961792,-4786.380908203125,0.853049635887146,0.494432657957077,0.5362703800201416,0.20770108699798584,16.17370367050171,2.782259225845337,1.4153461456298828,11.742663860321045,0.11644387245178223,0.08789205551147461,1.3983585834503174
10,8,19.0512113571167,-4795.952880859375,0.8541138768196106,0.4916815161705017,0.5361000299453735,0.210870623588562,15.790673732757568,2.722825765609741,3.260518789291382,11.38643217086792,0.11525225639343262,0.10759449005126953,1.4132671356201172
10,9,17.03288507461548,-4810.588623046875,0.8524293899536133,0.5054894685745239,0.5173758268356323,0.21729612350463867,15.62855577468872,2.7067089080810547,1.404313087463379,11.276684761047363,0.11533403396606445,0.087005615234375,1.3975424766540527
10,10,17.027225494384766,-4817.329150390625,0.8642845153808594,0.5036081671714783,0.5261222124099731,0.22489221394062042,15.669503450393677,2.7089035511016846,1.3577027320861816,11.317909955978394,0.11538505554199219,0.08625650405883789,1.3959033489227295
10,11,17.259138345718384,-4731.034765625,0.8643456101417542,0.5015499591827393,0.545638918876648,0.20456475019454956,15.861546039581299,2.7316391468048096,1.3975725173950195,11.486552238464355,0.1160588264465332,0.08708453178405762,1.3946678638458252
10,12,19.40704321861267,-4743.97548828125,0.9317536354064941,0.4317716062068939,0.4665603041648865,0.26585161685943604,16.01077175140381,2.6662778854370117,3.396249294281006,11.69420576095581,0.11333179473876953,0.08428525924682617,1.4092702865600586
10,13,16.602096557617188,-4784.23974609375,0.8737561702728271,0.5906992554664612,0.5076423287391663,0.2330569177865982,15.204753398895264,2.673245906829834,1.397322416305542,10.878570079803467,0.11548805236816406,0.08527088165283203,1.408179759979248
10,14,17.54286026954651,-4790.47626953125,0.8550605177879333,0.5007389187812805,0.5281305313110352,0.20802505314350128,16.19566583633423,2.7575995922088623,1.3471763134002686,11.786804914474487,0.11666226387023926,0.08678913116455078,1.4020781517028809
10,15,17.199313640594482,-4748.9330078125,0.8676642179489136,0.5030156970024109,0.5333850979804993,0.2126041203737259,15.878185033798218,2.836034059524536,1.3211078643798828,11.377033472061157,0.12598919868469238,0.08971500396728516,1.3943493366241455
10,16,17.10121726989746,-4807.21708984375,0.8525572419166565,0.5050805807113647,0.5243937969207764,0.21040526032447815,15.764751434326172,2.7233827114105225,1.33644437789917,11.391509532928467,0.11562061309814453,0.08678030967712402,1.4025959968566895
10,17,16.902514934539795,-4816.093017578125,0.8535489439964294,0.5127118825912476,0.5320438742637634,0.21990516781806946,15.542638063430786,2.7248973846435547,1.359856128692627,11.176378726959229,0.1152644157409668,0.08609843254089355,1.3951101303100586
10,18,17.148130655288696,-4838.021240234375,0.8260607123374939,0.4948045015335083,0.5555586814880371,0.19557788968086243,15.74109697341919,2.7320611476898193,1.4070143699645996,11.364576816558838,0.11504626274108887,0.08670687675476074,1.3979172706604004
10,19,17.556485176086426,-4724.48232421875,0.8605648875236511,0.4813922643661499,0.5429501533508301,0.20414184033870697,16.17506456375122,2.8271775245666504,1.3814036846160889,11.670067071914673,0.13252806663513184,0.0894317626953125,1.399430513381958
10,20,17.038730144500732,-4776.964013671875,0.8734699487686157,0.48893579840660095,0.5238426327705383,0.21772640943527222,15.712610006332397,2.7005598545074463,1.3261044025421143,11.368814945220947,0.11491990089416504,0.0856630802154541,1.3981010913848877
10,21,16.669464826583862,-4798.5919921875,0.8501114249229431,0.5028687119483948,0.5399855375289917,0.2149926871061325,15.338403463363647,2.712712049484253,1.331042766571045,10.984678506851196,0.11516404151916504,0.08615779876708984,1.3944430351257324
10,22,17.93567180633545,-4766.698876953125,0.9089669585227966,0.4613626301288605,0.4889944791793823,0.24268625676631927,16.574861526489258,2.707273006439209,1.3607902526855469,12.222349882125854,0.1147003173828125,0.08689212799072266,1.3981685638427734
10,23,17.549755811691284,-4796.761962890625,0.8848130106925964,0.4749738574028015,0.5059232115745544,0.23984257876873016,16.160962343215942,2.7173328399658203,1.3887760639190674,11.801085710525513,0.11505460739135742,0.08699488639831543,1.3953571319580078
10,24,16.96438503265381,-4855.871435546875,0.8393478989601135,0.49558618664741516,0.53106689453125,0.22575566172599792,15.572899103164673,2.751967430114746,1.3914663791656494,11.17182445526123,0.11610913276672363,0.0872049331665039,1.400526762008667
10,25,16.95971941947937,-4777.9142578125,0.8618974685668945,0.5101361870765686,0.5306578278541565,0.21505339443683624,15.610002279281616,2.707404613494873,1.3496990203857422,11.258272647857666,0.11541199684143066,0.08650326728820801,1.3973522186279297
10,26,17.164817333221436,-4771.305908203125,0.861059308052063,0.49008145928382874,0.5384739637374878,0.2096976935863495,15.81193470954895,2.7117843627929688,1.35286283493042,11.455896854400635,0.11520910263061523,0.08630156517028809,1.3976836204528809
10,27,17.959749460220337,-4752.373095703125,0.8762611746788025,0.49834144115448,0.5265354514122009,0.2165854126214981,16.6107394695282,2.8256425857543945,1.3489925861358643,12.110656499862671,0.13120126724243164,0.091522216796875,1.3952581882476807
10,28,17.259106159210205,-4818.667138671875,0.8565006852149963,0.501733124256134,0.5408421158790588,0.21966920793056488,15.886562824249268,2.6791586875915527,1.3725244998931885,11.546371221542358,0.11604547500610352,0.08646702766418457,1.413318157196045
10,29,16.914931058883667,-4777.730517578125,0.8671706914901733,0.46355459094047546,0.5493041276931763,0.22813118994235992,15.473356008529663,2.7210006713867188,1.4415550231933594,11.109086036682129,0.1147315502166748,0.08635520935058594,1.397092342376709
10,30,16.949036836624146,-4770.0970703125,0.8617866635322571,0.495458722114563,0.5391207933425903,0.2197679579257965,15.586472749710083,2.71006178855896,1.3625404834747314,11.234763860702515,0.11471366882324219,0.08630633354187012,1.3960847854614258
11,1,20.164793729782104,-13828.94267578125,0.8876625299453735,0.45038333535194397,0.5071659684181213,0.10245445370674133,18.81292700767517,3.2125909328460693,1.3517935276031494,13.907920360565186,0.13601398468017578,0.09975934028625488,1.3934297561645508
11,2,20.522517681121826,-13759.07099609375,0.9064534306526184,0.48102518916130066,0.5374602675437927,0.1015663668513298,19.114874839782715,3.01023268699646,1.4075958728790283,14.452417135238647,0.1156015396118164,0.09006524085998535,1.4015603065490723
11,3,20.41342520713806,-13845.17392578125,0.9026662111282349,0.48207011818885803,0.5180357098579407,0.1055302768945694,18.97671389579773,3.00250506401062,1.436659574508667,14.326034784317017,0.11507344245910645,0.08985567092895508,1.3983135223388672
11,4,20.8531334400177,-13846.2361328125,0.9054913520812988,0.4831470549106598,0.5407350063323975,0.10538244992494583,19.44031596183777,3.0515644550323486,1.4127585887908936,14.731233835220337,0.12045717239379883,0.0920107364654541,1.3970425128936768
11,5,23.70260715484619,-13629.43291015625,0.9111853837966919,0.48635298013687134,0.543933093547821,0.09995078295469284,20.197691202163696,2.9569711685180664,3.504865884780884,14.516976833343506,0.11355090141296387,0.08755373954772949,2.478745698928833
11,6,20.753527402877808,-13689.93955078125,0.9101895093917847,0.48739373683929443,0.54588782787323,0.09889895468950272,19.39496946334839,3.0096230506896973,1.3585021495819092,14.729741334915161,0.11589694023132324,0.08965659141540527,1.404381513595581
11,7,19.89664077758789,-13671.6720703125,0.9087125062942505,0.48917722702026367,0.5455546975135803,0.1030745878815651,18.529349088668823,3.0026679039001465,1.3672418594360352,13.881855726242065,0.11534976959228516,0.09018373489379883,1.3944141864776611
11,8,25.6898512840271,-13724.78798828125,0.9062835574150085,0.489014208316803,0.5497739911079407,0.09976529330015182,18.87182116508484,3.1743712425231934,6.817975282669067,14.01315951347351,0.1193699836730957,0.09313440322875977,1.4251878261566162
11,9,20.10918092727661,-13758.7880859375,0.9053224921226501,0.4840603172779083,0.5402496457099915,0.10496333241462708,18.721649408340454,3.033125638961792,1.387479543685913,14.038801670074463,0.11526346206665039,0.08996343612670898,1.3993680477142334
11,10,20.43002676963806,-13751.59873046875,0.9117702841758728,0.49030253291130066,0.5444924235343933,0.10701004415750504,19.040834426879883,3.013481616973877,1.3891475200653076,14.376263618469238,0.11522555351257324,0.08967232704162598,1.401237964630127
11,11,20.93100142478943,-13678.32802734375,0.8938153386116028,0.44157305359840393,0.49949297308921814,0.0842069461941719,19.543440580368042,3.1713778972625732,1.3874878883361816,14.68378472328186,0.1363236904144287,0.09520101547241211,1.3959553241729736
11,12,19.964889764785767,-13780.4833984375,0.9021559953689575,0.4833134710788727,0.5457510948181152,0.10080868005752563,18.584258794784546,3.014648675918579,1.3805761337280273,13.918051958084106,0.11571168899536133,0.09031343460083008,1.4001476764678955
11,13,20.324095487594604,-13745.4482421875,0.9055942296981812,0.48291775584220886,0.5370230078697205,0.10220121592283249,18.886046886444092,3.0041286945343018,1.4380013942718506,14.231789112091064,0.11675834655761719,0.09035921096801758,1.3977601528167725
11,14,21.015740156173706,-17215.8890625,0.8921405673027039,0.4997040927410126,0.550294041633606,0.15664921700954437,19.618345975875854,3.0311410427093506,1.3973324298858643,14.932836771011353,0.11810922622680664,0.09133434295654297,1.398446798324585
11,15,22.879929304122925,-17037.461328125,0.900313138961792,0.5073930025100708,0.5386109948158264,0.1455562710762024,19.531259775161743,3.015472650527954,3.3486149311065674,14.85431694984436,0.11590814590454102,0.09076738357543945,1.4093255996704102
11,16,20.410544872283936,-17155.49921875,0.8944540619850159,0.5092991590499878,0.5407716035842896,0.15165434777736664,19.03952932357788,3.01594877243042,1.3709707260131836,14.368536949157715,0.1158907413482666,0.09103178977966309,1.4019992351531982
11,17,20.651806831359863,-17146.1099609375,0.8966408371925354,0.5017128586769104,0.5424765348434448,0.15663054585456848,19.23711109161377,3.0332658290863037,1.4146451950073242,14.554101705551147,0.11764740943908691,0.09094858169555664,1.395909070968628
11,18,20.290321826934814,-17196.4375,0.8911744952201843,0.5109027624130249,0.5419938564300537,0.15634630620479584,18.903929471969604,3.159137725830078,1.3863403797149658,13.994625568389893,0.11900568008422852,0.09342741966247559,1.489163875579834
11,19,20.620031595230103,-17136.8751953125,0.8977158069610596,0.5000642538070679,0.540693998336792,0.15610983967781067,19.20177960395813,2.9999899864196777,1.4181978702545166,14.553713321685791,0.11499285697937012,0.09029006958007812,1.3975841999053955
11,20,21.071605682373047,-17026.253125,0.9023483395576477,0.5028249025344849,0.5370408892631531,0.14634715020656586,19.71842646598816,3.0133860111236572,1.3531303405761719,15.059508323669434,0.11494183540344238,0.08959054946899414,1.395864486694336
11,21,20.621223211288452,-17319.69453125,0.8870491981506348,0.5065293312072754,0.5442877411842346,0.16177766025066376,19.11165428161621,3.108938455581665,1.5094997882843018,14.332022190093994,0.12950539588928223,0.09470081329345703,1.3897526264190674
11,22,20.81485939025879,-17224.4474609375,0.8953641653060913,0.508511483669281,0.5359142422676086,0.160382941365242,19.453537464141846,3.0110318660736084,1.3612689971923828,14.78988265991211,0.11552023887634277,0.09136509895324707,1.4003715515136719
11,23,20.132513999938965,-17319.0390625,0.9998999834060669,0.37783533334732056,0.39234182238578796,0.267884224653244,18.73014187812805,3.0195069313049316,1.4023244380950928,14.058008909225464,0.11675047874450684,0.09166097640991211,1.3985583782196045
11,24,20.694852352142334,-17084.7544921875,0.9000917673110962,0.5046166777610779,0.5406582951545715,0.15176044404506683,19.201338529586792,2.9941558837890625,1.4934635162353516,14.555999279022217,0.11451077461242676,0.09018278121948242,1.4010930061340332
11,25,20.916945219039917,-17407.7138671875,0.8815576434135437,0.5275693535804749,0.5344103574752808,0.15622247755527496,18.487637042999268,2.9571027755737305,2.4292542934417725,13.867680549621582,0.11660885810852051,0.08932876586914062,1.4127452373504639
11,26,20.265047788619995,-17305.636328125,0.8910651206970215,0.5063971877098083,0.5418143272399902,0.16068735718727112,18.813079118728638,2.992949962615967,1.4519145488739014,14.169424772262573,0.11525297164916992,0.08920884132385254,1.4013352394104004
11,27,21.045989274978638,-17220.69453125,0.8974161148071289,0.507212221622467,0.5371320843696594,0.1578550487756729,19.527207851409912,3.0041491985321045,1.5187368392944336,14.87748646736145,0.11493134498596191,0.09018659591674805,1.3955252170562744
11,28,20.644450664520264,-17203.11875,0.8954936265945435,0.5082743763923645,0.5392446517944336,0.15747468173503876,19.27505898475647,3.172031879425049,1.3693184852600098,14.404756784439087,0.1411283016204834,0.09472894668579102,1.4001970291137695
11,29,20.652615308761597,-17057.0482421875,0.890211284160614,0.5036415457725525,0.5497087836265564,0.14093881845474243,19.146427154541016,3.006441831588745,1.5061373710632324,14.47953724861145,0.11677694320678711,0.08974170684814453,1.4090867042541504
11,30,20.376183032989502,-17316.2810546875,0.8920937776565552,0.5013446807861328,0.5442585945129395,0.162273108959198,18.871363401412964,2.966315507888794,1.5047667026519775,14.230350494384766,0.11679863929748535,0.09078383445739746,1.4215977191925049
12,1,21.27628755569458,-33855.63828125,0.900266706943512,0.5021756291389465,0.5319797396659851,0.14851871132850647,19.73914337158203,3.16007399559021,1.537109136581421,14.917558670043945,0.11635375022888184,0.09431004524230957,1.405170202255249
12,2,23.31371784210205,-34080.098046875,0.901602566242218,0.5007570385932922,0.5278517007827759,0.15357117354869843,19.88542938232422,3.1288418769836426,3.4282538890838623,15.089075088500977,0.11401653289794922,0.0922396183013916,1.4171960353851318
12,3,21.885587215423584,-34258.788671875,0.8959572315216064,0.5006225109100342,0.5275644063949585,0.15799489617347717,20.462231159210205,3.1729609966278076,1.4233217239379883,15.63099718093872,0.11535310745239258,0.09395885467529297,1.4041612148284912
12,4,21.356802225112915,-33910.252734375,0.9020259976387024,0.4980534613132477,0.5337572693824768,0.14937929809093475,20.00927209854126,3.1550650596618652,1.347496509552002,15.200160026550293,0.11648273468017578,0.09359145164489746,1.398838758468628
12,5,22.24182891845703,-33943.71171875,0.8997718691825867,0.5027636885643005,0.5313197374343872,0.15035556256771088,19.883314847946167,3.110203981399536,2.358477830886841,15.100977182388306,0.11547470092773438,0.09238100051879883,1.4196887016296387
12,6,20.61365818977356,-34233.226171875,0.8935747146606445,0.5008952021598816,0.531761884689331,0.15695646405220032,19.192862510681152,3.169395923614502,1.420764446258545,14.36730146408081,0.11550068855285645,0.0947878360748291,1.4004769325256348
12,7,21.50172996520996,-33803.3296875,0.901740312576294,0.5025469660758972,0.531335175037384,0.14509491622447968,20.141942262649536,3.158222198486328,1.3597548007965088,15.326981782913208,0.11514925956726074,0.09395337104797363,1.4025301933288574
12,8,21.81782341003418,-34030.434765625,0.8979176878929138,0.49762219190597534,0.5333075523376465,0.15378417074680328,20.346537351608276,3.3991215229034424,1.4712512493133545,15.239228248596191,0.14351916313171387,0.10074925422668457,1.397639513015747
12,9,21.220377683639526,-33936.63359375,0.9017772078514099,0.5018134713172913,0.5300933122634888,0.15044134855270386,19.706154108047485,3.1706202030181885,1.514186143875122,14.872368097305298,0.11612367630004883,0.09400010108947754,1.4076573848724365
12,10,21.610119581222534,-34058.028515625,0.8991983532905579,0.48029768466949463,0.5118538737297058,0.13956624269485474,20.100782871246338,3.2091333866119385,1.5093045234680176,15.23516297340393,0.1170339584350586,0.09361481666564941,1.4003441333770752
12,11,21.524365663528442,-33931.137890625,0.8998729586601257,0.5008459687232971,0.5307832360267639,0.15210096538066864,20.162042379379272,3.259859561920166,1.3622887134552002,15.211911678314209,0.13240718841552734,0.09712505340576172,1.4040327072143555
12,12,20.998406410217285,-34078.561328125,0.8982614278793335,0.5035503506660461,0.5282436609268188,0.15434220433235168,19.572881937026978,3.1308746337890625,1.4254896640777588,14.772767543792725,0.11639714241027832,0.09425806999206543,1.4129118919372559
12,13,21.25440812110901,-33872.326171875,0.8997909426689148,0.5028005242347717,0.5310221314430237,0.14928296208381653,19.85218071937561,3.185804843902588,1.4021928310394287,15.002705812454224,0.11621356010437012,0.09415841102600098,1.4073100090026855
12,14,21.856218099594116,-33715.83359375,0.9007781147956848,0.5011500120162964,0.5357611179351807,0.14446881413459778,20.47497868537903,3.2046101093292236,1.381204605102539,15.601020097732544,0.1188044548034668,0.09552407264709473,1.406372308731079
12,15,23.319277048110962,-33750.998046875,0.9036409854888916,0.5003584027290344,0.5310098528862,0.14627546072006226,19.90375828742981,3.138012647628784,3.415482521057129,15.112685918807983,0.11538147926330566,0.0929105281829834,1.399717092514038
12,16,21.774329662322998,-33689.01484375,0.9021682739257812,0.5023351311683655,0.534210205078125,0.142439067363739,20.40178632736206,3.1420226097106934,1.3725066184997559,15.607109546661377,0.11503148078918457,0.09417438507080078,1.3984148502349854
12,17,21.798709392547607,-33895.549609375,0.9051311612129211,0.50050288438797,0.5296505093574524,0.14844375848770142,20.359857082366943,3.211841106414795,1.4388186931610107,15.49215817451477,0.11610698699951172,0.09559893608093262,1.398435115814209
12,18,28.479976177215576,-33857.67890625,0.9017377495765686,0.5000885128974915,0.5293550491333008,0.15174046158790588,20.639376878738403,3.3805367946624756,7.84056544303894,15.520753622055054,0.14745163917541504,0.10037875175476074,1.423743486404419
12,19,22.80500888824463,-33694.96796875,0.9056241512298584,0.4981130361557007,0.5307764410972595,0.14512817561626434,21.385849475860596,3.1348562240600586,1.419123888015747,16.536667108535767,0.1169888973236084,0.09515547752380371,1.4567182064056396
12,20,21.90160298347473,-33698.787109375,0.9020695686340332,0.5029630661010742,0.5337687730789185,0.1422714740037918,20.4550359249115,3.3042092323303223,1.4465322494506836,15.442933797836304,0.13112521171569824,0.11559844017028809,1.4049103260040283
12,21,21.529344081878662,-33902.3375,0.8992238640785217,0.499885618686676,0.532809853553772,0.1507166475057602,20.121291160583496,3.3721749782562256,1.408017635345459,15.036752462387085,0.1413877010345459,0.09967947006225586,1.4050629138946533
12,22,25.777374029159546,-33847.653125,0.9011743068695068,0.5009094476699829,0.5348842144012451,0.1438872218132019,20.518664836883545,3.3428139686584473,5.258675575256348,15.466104745864868,0.13839197158813477,0.09810900688171387,1.4105126857757568
12,23,25.2957022190094,-33767.21484375,0.9030411839485168,0.5037418007850647,0.5311145782470703,0.14511528611183167,20.709357500076294,3.325063467025757,4.586305379867554,15.659327507019043,0.13452887535095215,0.09810042381286621,1.4308929443359375
12,24,25.422301054000854,-34000.061328125,0.8972894549369812,0.4976355731487274,0.5346322655677795,0.15226519107818604,20.39041042327881,3.358177661895752,5.031853914260864,15.33172869682312,0.1375718116760254,0.09775424003601074,1.4048619270324707
12,25,24.32636594772339,-33782.27578125,0.9011733531951904,0.49921831488609314,0.5344609022140503,0.14689774811267853,19.86531162261963,3.1118922233581543,4.461015224456787,15.077316522598267,0.1170799732208252,0.09355401992797852,1.4206931591033936
12,26,24.493099689483643,-34090.78984375,0.8971888422966003,0.49926096200942993,0.5300180912017822,0.15523535013198853,19.944432973861694,3.4166040420532227,4.54862642288208,14.819325923919678,0.12761759757995605,0.09828615188598633,1.4308075904846191
12,27,21.115270137786865,-33920.05234375,0.8986073136329651,0.502083420753479,0.5323330163955688,0.14966227114200592,19.5931134223938,3.123110294342041,1.5221161842346191,14.802841663360596,0.11527490615844727,0.09219074249267578,1.4155004024505615
12,28,21.475665807724,-33872.237890625,0.8985394239425659,0.4997553527355194,0.5365511178970337,0.1479288637638092,20.09538459777832,3.190506935119629,1.3802425861358643,15.238702297210693,0.11754488945007324,0.0953376293182373,1.4079456329345703
12,29,21.55050539970398,-34010.06484375,0.8980324268341064,0.5005655884742737,0.5337049961090088,0.15169821679592133,20.167663097381592,3.3037328720092773,1.3828070163726807,15.199437856674194,0.1194155216217041,0.09666275978088379,1.4029419422149658
12,30,26.88024139404297,-34047.692578125,0.8955843448638916,0.502594530582428,0.5323140621185303,0.15258093178272247,19.821231842041016,3.3086869716644287,7.058974981307983,14.816403865814209,0.13771581649780273,0.09830665588378906,1.4001414775848389
13,1,24.505350589752197,-79579.44296875,0.9092168807983398,0.46594512462615967,0.49942898750305176,0.15782292187213898,23.09430766105652,3.3898165225982666,1.4109466075897217,18.021676063537598,0.12645816802978516,0.10429763793945312,1.3980531692504883
13,2,28.821792364120483,-79727.81640625,0.9059900641441345,0.46979281306266785,0.5012229681015015,0.15924745798110962,23.348883152008057,3.4911296367645264,5.472816228866577,18.115753412246704,0.13840270042419434,0.10718846321105957,1.4334840774536133
13,3,24.371444702148438,-79653.00625,0.9048824310302734,0.4722503423690796,0.5002031326293945,0.15873566269874573,22.898877143859863,3.449098825454712,1.4724688529968262,17.75639319419861,0.13315916061401367,0.10543107986450195,1.3968193531036377
13,4,25.12564992904663,-79506.85859375,0.9113807678222656,0.4631820619106293,0.4956355094909668,0.1594448685646057,23.666993618011475,3.388519048690796,1.458564281463623,18.60139799118042,0.12517213821411133,0.10421919822692871,1.3960959911346436
13,5,25.629295825958252,-79648.1015625,0.9105567932128906,0.46613454818725586,0.49370211362838745,0.16147930920124054,24.164262056350708,3.533381223678589,1.464933156967163,18.81007218360901,0.13212013244628906,0.10519003868103027,1.5244064331054688
13,6,25.79166889190674,-79583.6578125,0.9066271185874939,0.4703561067581177,0.5007384419441223,0.15858837962150574,24.366730451583862,3.322648286819458,1.4248478412628174,19.375938177108765,0.12167167663574219,0.10112237930297852,1.3981890678405762
13,7,24.946156978607178,-79560.96796875,0.9109219312667847,0.46391016244888306,0.49691614508628845,0.16006910800933838,23.386196851730347,3.265921115875244,1.5598816871643066,18.449105978012085,0.11514115333557129,0.09998583793640137,1.4111449718475342
13,8,25.33786654472351,-79354.95078125,0.9101155996322632,0.468947172164917,0.49992436170578003,0.15717586874961853,23.918966054916382,3.601505756378174,1.4188096523284912,18.608377695083618,0.13755321502685547,0.10879158973693848,1.3995673656463623
13,9,30.692782640457153,-79179.45234375,0.914069414138794,0.4646798372268677,0.4978513717651367,0.15716958045959473,24.01425051689148,3.5648021697998047,6.678441762924194,18.744138717651367,0.13602352142333984,0.1072535514831543,1.4011831283569336
13,10,25.131349802017212,-79462.396875,0.9972349405288696,0.38358592987060547,0.41278907656669617,0.23906387388706207,23.593939065933228,3.4512758255004883,1.5373141765594482,18.451400995254517,0.12812376022338867,0.10553598403930664,1.4014949798583984
13,11,30.59763264656067,-79755.68359375,0.9065170884132385,0.471279114484787,0.4999152421951294,0.15899017453193665,23.45111656188965,3.461460590362549,7.14641809463501,18.287522792816162,0.13474225997924805,0.10695219039916992,1.4003241062164307
13,12,24.126088619232178,-79864.89765625,0.8998103141784668,0.47499480843544006,0.49704596400260925,0.15564490854740143,22.70850706100464,3.2921648025512695,1.417504072189331,17.74420714378357,0.11667490005493164,0.10146832466125488,1.408623218536377
13,13,24.994176387786865,-79499.39140625,0.9067045450210571,0.47055384516716003,0.5006499886512756,0.15786662697792053,23.505443572998047,3.4756572246551514,1.4886527061462402,18.328794717788696,0.13403940200805664,0.1046760082244873,1.4022774696350098
13,14,27.844666957855225,-79645.7015625,0.9906043410301208,0.38622355461120605,0.4172453284263611,0.23446045815944672,22.79257869720459,3.2705259323120117,5.052004098892212,17.853555917739868,0.1142878532409668,0.10013532638549805,1.4091029167175293
13,15,25.38140869140625,-79834.3078125,0.9053537249565125,0.47128042578697205,0.49953141808509827,0.16064094007015228,22.904938459396362,3.2988805770874023,2.4763832092285156,17.924222946166992,0.11716318130493164,0.10103583335876465,1.4177937507629395
13,16,24.91124939918518,-79643.3828125,0.9909072518348694,0.3865198493003845,0.41725194454193115,0.23184533417224884,23.507335901260376,3.38138484954834,1.4038124084472656,18.45263910293579,0.1219480037689209,0.10174727439880371,1.4011402130126953
13,17,24.76726484298706,-79677.23359375,0.9078256487846375,0.4714111387729645,0.4957979619503021,0.1608581244945526,23.333826303482056,3.4902594089508057,1.4333653450012207,18.15792489051819,0.12831735610961914,0.10461711883544922,1.3964385986328125
13,18,28.66887593269348,-79450.99765625,0.9109227061271667,0.4700508117675781,0.4958477020263672,0.15937741100788116,23.357951402664185,3.391416549682617,5.310851573944092,18.307127952575684,0.11490726470947266,0.10123515129089355,1.3978629112243652
13,19,26.003639936447144,-79789.29765625,0.9103417992591858,0.4612220823764801,0.49570319056510925,0.1627827137708664,23.484846115112305,3.4760468006134033,2.5187199115753174,18.248915910720825,0.11711812019348145,0.10394406318664551,1.493004560470581
13,20,24.666210412979126,-79949.68828125,0.9906948804855347,0.38649600744247437,0.4139029085636139,0.23975105583667755,23.25191354751587,3.268815517425537,1.4142212867736816,18.310120820999146,0.11608219146728516,0.10091328620910645,1.4109938144683838
13,21,25.501433849334717,-79802.7734375,0.9896858930587769,0.3866799771785736,0.41979050636291504,0.23507973551750183,23.79314112663269,3.547145366668701,1.708202600479126,18.53075361251831,0.13835954666137695,0.1086893081665039,1.4018616676330566
13,22,33.562111377716064,-79915.14296875,0.9061133861541748,0.4697529673576355,0.4954029619693756,0.16092555224895477,22.979751348495483,3.309164047241211,10.582257986068726,17.994056940078735,0.11813640594482422,0.10389065742492676,1.4077033996582031
13,23,24.558104991912842,-79774.7046875,0.9038675427436829,0.4724311828613281,0.5017962455749512,0.158232182264328,23.067887544631958,3.387237310409546,1.4901411533355713,18.008412837982178,0.12008142471313477,0.10665011405944824,1.3971638679504395
13,24,25.384305238723755,-79490.603125,0.9099154472351074,0.4702674150466919,0.4974750876426697,0.1586640328168869,23.965238571166992,3.560074806213379,1.418971300125122,18.70150589942932,0.13790678977966309,0.10695385932922363,1.396684169769287
13,25,24.978065013885498,-79427.278125,0.9998999834060669,0.38380518555641174,0.4179855287075043,0.23930588364601135,23.502344369888306,3.2537171840667725,1.4756414890289307,18.574213981628418,0.11516213417053223,0.10054731369018555,1.4139821529388428
13,26,24.509243965148926,-79963.14921875,0.9041621088981628,0.46870458126068115,0.5020131468772888,0.1616794914007187,23.09957265853882,3.496553421020508,1.409566879272461,17.901899099349976,0.13739418983459473,0.10570812225341797,1.398768663406372
13,27,25.581257581710815,-79606.3015625,0.9069076180458069,0.4691392183303833,0.5018287301063538,0.1586601585149765,23.097469091415405,3.294752359390259,2.483717679977417,18.115604400634766,0.11617279052734375,0.10159945487976074,1.4237456321716309
13,28,25.79749584197998,-79603.5078125,0.9920439124107361,0.3847346007823944,0.4191775619983673,0.23639315366744995,23.330440044403076,3.284196138381958,2.4669783115386963,18.356729984283447,0.11447858810424805,0.11050653457641602,1.4193058013916016
13,29,29.113388061523438,-79690.19375,0.9095550179481506,0.46696069836616516,0.4945937693119049,0.1609392762184143,23.0348858833313,3.43631911277771,6.078405380249023,17.91510534286499,0.13021421432495117,0.10398411750793457,1.3921282291412354
13,30,26.06927728652954,-79600.4265625,0.9086813926696777,0.4682284891605377,0.4964710772037506,0.15837013721466064,23.52633833885193,3.5701160430908203,2.5428404808044434,18.158058881759644,0.13275551795959473,0.10706090927124023,1.4992575645446777
14,1,32.691954612731934,-183645.5640625,0.9894363284111023,0.3902198374271393,0.4175066351890564,0.2451585978269577,27.439294815063477,3.586937189102173,5.252519607543945,22.110016345977783,0.13160300254821777,0.12253785133361816,1.4277794361114502
14,2,29.219491720199585,-184645.69375,0.9792869091033936,0.39570504426956177,0.4250960648059845,0.24139779806137085,26.580812454223633,3.3906006813049316,2.63855242729187,21.460262537002563,0.11484742164611816,0.11785268783569336,1.4522221088409424
14,3,30.29497766494751,-183775.6171875,0.9802547693252563,0.3982490599155426,0.4262383282184601,0.2353258579969406,27.64837908744812,3.629235029220581,2.646465301513672,22.265297651290894,0.13650751113891602,0.12339615821838379,1.4341132640838623
14,4,28.24085021018982,-183971.36875,0.9843866229057312,0.3907281756401062,0.4187522828578949,0.243620827794075,26.64501118659973,3.4282174110412598,1.5957179069519043,21.490994691848755,0.11738729476928711,0.12139010429382324,1.4406397342681885
14,5,29.017956972122192,-183588.821875,0.9084199666976929,0.4674210548400879,0.4948425590991974,0.16771669685840607,27.41604256629944,3.745426893234253,1.601787805557251,21.910709619522095,0.13701343536376953,0.12559294700622559,1.4313006401062012
14,6,28.579530000686646,-183989.0921875,0.9799315929412842,0.3925330638885498,0.4198584258556366,0.2355320006608963,27.008335828781128,3.627516984939575,1.5710728168487549,21.590591430664062,0.11952376365661621,0.12583422660827637,1.4984078407287598
14,7,32.35033464431763,-183516.7265625,0.9860418438911438,0.38617992401123047,0.4220764636993408,0.24171839654445648,27.040055751800537,3.4352593421936035,5.310149669647217,21.899553060531616,0.11551046371459961,0.11698508262634277,1.4267058372497559
14,8,28.785866260528564,-183950.603125,0.9843549728393555,0.39074409008026123,0.42380884289741516,0.24142420291900635,27.193819046020508,3.6760239601135254,1.5919089317321777,21.762524604797363,0.13712573051452637,0.12498736381530762,1.4303147792816162
14,9,28.242820739746094,-183955.7328125,0.9874017834663391,0.3980545699596405,0.4246551990509033,0.2429262399673462,26.628161907196045,3.409179449081421,1.6145305633544922,21.50737428665161,0.11523604393005371,0.11755990982055664,1.4339044094085693
14,10,28.57030153274536,-183929.6984375,0.9841423034667969,0.3900318443775177,0.42545363306999207,0.24086259305477142,26.954768657684326,3.456740379333496,1.6154170036315918,21.78449034690857,0.1175079345703125,0.1206514835357666,1.4285285472869873
14,11,29.154480934143066,-184143.5359375,0.9045156240463257,0.4681726098060608,0.4977399706840515,0.16823171079158783,26.54779314994812,3.467604398727417,2.6065685749053955,21.34379267692566,0.11653494834899902,0.11896252632141113,1.4557132720947266
14,12,34.0442750453949,-183531.834375,0.9849124550819397,0.38755449652671814,0.4175069332122803,0.23865555226802826,27.49123740196228,3.5963244438171387,6.552900791168213,22.15294098854065,0.1338508129119873,0.12286877632141113,1.4260406494140625
14,13,29.807167291641235,-183610.521875,0.9080060720443726,0.46810466051101685,0.4946284294128418,0.16770364344120026,27.1291983127594,3.435283660888672,2.6778392791748047,21.97230052947998,0.11471319198608398,0.11580109596252441,1.4465806484222412
14,14,29.16526198387146,-184008.75,0.982230007648468,0.39322543144226074,0.42242100834846497,0.2402384877204895,26.59256649017334,3.448047399520874,2.572571039199829,21.44204616546631,0.11558818817138672,0.1180109977722168,1.422943353652954
14,15,29.032905340194702,-183769.2421875,0.9819914102554321,0.39290815591812134,0.4267819821834564,0.23590898513793945,27.425869703292847,3.6287877559661865,1.6069202423095703,21.986246824264526,0.11993813514709473,0.12159276008605957,1.5226566791534424
14,16,28.49965763092041,-183492.521875,0.9891062378883362,0.38868531584739685,0.4187217056751251,0.24493275582790375,26.88877844810486,3.4079415798187256,1.610750675201416,21.75720191001892,0.1161651611328125,0.1193704605102539,1.4425699710845947
14,17,29.350581169128418,-183666.896875,0.9822328686714172,0.3966675102710724,0.4220636785030365,0.23500695824623108,27.645886182785034,3.5691301822662354,1.7045519351959229,22.29671025276184,0.14465713500976562,0.12322521209716797,1.442155122756958
14,18,29.29029941558838,-183929.85,0.9074795246124268,0.4682142734527588,0.4938836097717285,0.16867811977863312,27.715604066848755,3.6837761402130127,1.5745539665222168,22.259663581848145,0.14443445205688477,0.12587809562683105,1.4344990253448486
14,19,28.722235202789307,-183918.9125,0.9823123216629028,0.3966653645038605,0.4231368601322174,0.23758351802825928,27.144438982009888,3.686305046081543,1.5776643753051758,21.687127828598022,0.14725923538208008,0.12596631050109863,1.4309723377227783
14,20,29.097098112106323,-184481.7984375,0.978728711605072,0.3962650001049042,0.4291953444480896,0.2382974475622177,27.27959680557251,3.719001293182373,1.81736159324646,21.7900128364563,0.14441704750061035,0.12672877311706543,1.4319279193878174
14,21,28.440499782562256,-184048.78125,0.9818657040596008,0.3952089846134186,0.4276553690433502,0.23918551206588745,26.83018469810486,3.4608535766601562,1.6101925373077393,21.649800539016724,0.11719346046447754,0.11899638175964355,1.436826229095459
14,22,28.755903482437134,-183703.39375,0.9850543737411499,0.39333879947662354,0.4233359396457672,0.23919004201889038,27.2021586894989,3.4983296394348145,1.5536084175109863,21.98780846595764,0.12066960334777832,0.11936521530151367,1.4265072345733643
14,23,28.593497037887573,-183619.7546875,0.9877328276634216,0.38869965076446533,0.41681039333343506,0.24427922070026398,26.97239923477173,3.4588639736175537,1.6209745407104492,21.775184154510498,0.1177070140838623,0.1198115348815918,1.4547252655029297
14,24,29.84840965270996,-183830.1703125,0.9851018786430359,0.39294302463531494,0.42509034276008606,0.24037303030490875,27.19601583480835,3.4661521911621094,2.6522579193115234,21.991979360580444,0.11539745330810547,0.11878156661987305,1.4582622051239014
14,25,30.011043310165405,-183191.359375,0.9914649128913879,0.38511940836906433,0.41943567991256714,0.24542035162448883,27.326770544052124,3.470813274383545,2.6841378211975098,22.121760606765747,0.11698007583618164,0.11784791946411133,1.4537274837493896
14,26,31.99625515937805,-184134.6640625,0.9816320538520813,0.3948741555213928,0.4231247901916504,0.23962096869945526,26.688071250915527,3.4523026943206787,5.308055639266968,21.502126932144165,0.11667394638061523,0.12000632286071777,1.4505813121795654
14,27,29.607090711593628,-183404.99375,0.9900400638580322,0.38892480731010437,0.4203941822052002,0.24459020793437958,27.026083946228027,3.4608209133148193,2.5808866024017334,21.850778341293335,0.1165766716003418,0.11935210227966309,1.4319500923156738
14,28,29.23713183403015,-184026.6,0.9827716946601868,0.39488205313682556,0.42235660552978516,0.24024435877799988,26.643940210342407,3.4009008407592773,2.5930590629577637,21.50702428817749,0.11515545845031738,0.11700725555419922,1.458376407623291
14,29,29.68688702583313,-184147.45625,0.9855755567550659,0.3910689353942871,0.41828832030296326,0.24546408653259277,27.095375537872314,3.5906667709350586,2.5913853645324707,21.754887580871582,0.13464593887329102,0.12365078926086426,1.4323289394378662
14,30,29.724021196365356,-183694.8296875,0.9843538999557495,0.3932170569896698,0.4256710112094879,0.23952718079090118,27.18457865715027,3.5802855491638184,2.539306163787842,21.86469531059265,0.1324632167816162,0.1219472885131836,1.42622709274292
15,1,97.65981435775757,-400494.459375,0.9753751158714294,0.40099629759788513,0.4312951862812042,0.23325778543949127,47.79521942138672,6.36860203742981,49.86440896987915,25.364776372909546,0.9219741821289062,0.2823143005371094,14.812971353530884
15,2,33.11052870750427,-399874.4375,0.9806753396987915,0.39597728848457336,0.4234583079814911,0.23774614930152893,31.360081672668457,3.5328428745269775,1.7502586841583252,25.9439480304718,0.11938214302062988,0.13234806060791016,1.5869991779327393
15,3,32.97530460357666,-400083.534375,0.9783257842063904,0.39697515964508057,0.42925959825515747,0.23549099266529083,31.236686944961548,3.573594570159912,1.7384412288665771,25.788322687149048,0.11965608596801758,0.1343069076538086,1.5762040615081787
15,4,33.011141538619995,-400825.434375,0.9744780659675598,0.39719176292419434,0.42693591117858887,0.23432163894176483,31.298870086669922,3.6612281799316406,1.7120914459228516,25.767496347427368,0.12182974815368652,0.13563060760498047,1.5667216777801514
15,5,34.23423743247986,-400429.51875,0.977300763130188,0.3987220227718353,0.4251386523246765,0.23597551882266998,32.54502010345459,3.6804027557373047,1.6890342235565186,27.004676818847656,0.12030863761901855,0.1386268138885498,1.5548477172851562
15,6,32.97218608856201,-400116.021875,0.9775879383087158,0.4001431465148926,0.4283371567726135,0.2350490838289261,31.246805906295776,3.6244394779205322,1.7252123355865479,25.757103443145752,0.11934900283813477,0.13611197471618652,1.5646231174468994
15,7,33.32480216026306,-399603.8875,0.9835236072540283,0.39369550347328186,0.4230135381221771,0.24072018265724182,31.388734817504883,3.7520854473114014,1.935865879058838,25.751805782318115,0.1395702362060547,0.1379561424255371,1.539750337600708
15,8,32.16655945777893,-400731.484375,0.9731671810150146,0.4012833833694458,0.432055801153183,0.2324449121952057,30.536836862564087,3.5852081775665283,1.6295578479766846,25.131869792938232,0.11714005470275879,0.12984800338745117,1.5292935371398926
15,9,32.96693754196167,-400157.134375,0.9779968857765198,0.39962637424468994,0.4282187223434448,0.2346584051847458,31.291032791137695,3.6058480739593506,1.6757283210754395,25.864550590515137,0.11696219444274902,0.131486177444458,1.5285446643829346
15,10,33.1582510471344,-400153.03125,0.9780591726303101,0.4003525674343109,0.4264664649963379,0.23457595705986023,31.454554557800293,3.6278138160705566,1.703528642654419,25.96836495399475,0.11852073669433594,0.134993314743042,1.5597152709960938
15,11,33.23527765274048,-399865.3875,0.9793525338172913,0.3980503976345062,0.42705607414245605,0.23662744462490082,31.541101217269897,3.6315572261810303,1.6939947605133057,26.071582555770874,0.11865949630737305,0.13646483421325684,1.5374195575714111
15,12,32.77706551551819,-400182.3875,0.9778457880020142,0.3987194895744324,0.4296501576900482,0.2351260930299759,31.117611169815063,3.6360280513763428,1.6592772006988525,25.67670249938965,0.12030982971191406,0.13593244552612305,1.5028986930847168
15,13,33.43238544464111,-399913.221875,0.9788170456886292,0.3994410037994385,0.4276127517223358,0.23641543090343475,31.66301393508911,3.792214870452881,1.7691428661346436,25.89944839477539,0.1470317840576172,0.13763880729675293,1.6189558506011963
15,14,33.022655963897705,-400381.940625,0.9769663214683533,0.4026156961917877,0.42942142486572266,0.23425374925136566,31.36518359184265,3.775905132293701,1.657289981842041,25.694900274276733,0.14370131492614746,0.1385364532470703,1.5430595874786377
15,15,32.75041389465332,-400294.49375,0.9789268970489502,0.39683592319488525,0.42820796370506287,0.23736423254013062,31.005028009414673,3.6734371185302734,1.7452092170715332,25.493749380111694,0.12180447578430176,0.13489556312561035,1.5355284214019775
15,16,33.02879524230957,-399416.55,0.9810082912445068,0.396098792552948,0.42514169216156006,0.23663854598999023,31.309293031692505,3.591543674468994,1.7193186283111572,25.884902000427246,0.11871957778930664,0.13393545150756836,1.535402774810791
15,17,33.345993995666504,-400473.0875,0.9745743274688721,0.40124374628067017,0.4314963221549988,0.2327633649110794,31.67782998085022,3.7781591415405273,1.6679744720458984,26.006253242492676,0.14620637893676758,0.13866686820983887,1.5392839908599854
15,18,32.873871088027954,-399988.940625,0.9801414608955383,0.3963965177536011,0.4284699857234955,0.23827363550662994,31.169649600982666,3.591411828994751,1.7040412425994873,25.74281644821167,0.12026667594909668,0.134443998336792,1.5353100299835205
15,19,32.79472017288208,-400450.68125,0.977832019329071,0.39797964692115784,0.4282934069633484,0.2361961454153061,31.081223964691162,3.645059108734131,1.713324785232544,25.585992574691772,0.11938261985778809,0.13833284378051758,1.5462400913238525
15,20,32.869524240493774,-399673.484375,0.9804182648658752,0.3938603699207306,0.429135799407959,0.23641493916511536,31.145944833755493,3.5876917839050293,1.7234032154083252,25.713987827301025,0.11886978149414062,0.13308978080749512,1.5470390319824219
15,21,33.319719076156616,-399972.884375,0.9774361848831177,0.3984425365924835,0.42998021841049194,0.233624666929245,31.594841480255127,3.772630214691162,1.724675178527832,25.927833795547485,0.14751267433166504,0.13608574867248535,1.5428962707519531
15,22,33.219138622283936,-399292.2875,0.9802441000938416,0.3977288007736206,0.42706140875816345,0.23380926251411438,31.515028476715088,3.6023409366607666,1.7039294242858887,26.072700023651123,0.11965394020080566,0.13300156593322754,1.54231858253479
15,23,33.08764934539795,-399246.31875,0.9809301495552063,0.39543065428733826,0.4261402487754822,0.23615407943725586,31.416887044906616,3.609005928039551,1.670586347579956,25.971636295318604,0.11838150024414062,0.13399100303649902,1.5386667251586914
15,24,32.644062519073486,-400187.03125,0.9774097204208374,0.39894726872444153,0.4312361776828766,0.2346922606229782,30.971370935440063,3.6302013397216797,1.6725189685821533,25.505883932113647,0.11862969398498535,0.13370418548583984,1.5382955074310303
15,25,33.254414319992065,-400332.315625,0.9779943227767944,0.3980959355831146,0.42815664410591125,0.23592960834503174,31.582404136657715,3.814187526702881,1.6718227863311768,25.87554669380188,0.1456456184387207,0.13744783401489258,1.5405235290527344
15,26,33.03826642036438,-399190.7625,0.9822739958763123,0.39604103565216064,0.42319709062576294,0.23707859218120575,31.35409688949585,3.605787992477417,1.6839888095855713,25.89548420906067,0.11914229393005371,0.1434173583984375,1.544297218322754
15,27,33.205718994140625,-399013.675,0.98281329870224,0.3948149085044861,0.42569097876548767,0.23703676462173462,31.5218768119812,3.6211435794830322,1.683661699295044,26.054835081100464,0.11952877044677734,0.13521051406860352,1.5463109016418457
15,28,33.044296741485596,-399664.275,0.9779719114303589,0.398947536945343,0.4293064475059509,0.23341211676597595,31.35723352432251,3.6376969814300537,1.6868846416473389,25.897683143615723,0.12199759483337402,0.13741135597229004,1.516303300857544
15,29,33.74349236488342,-399650.396875,0.9821376800537109,0.3947395086288452,0.42536449432373047,0.23867182433605194,32.05393934249878,3.9096641540527344,1.6893768310546875,26.28840947151184,0.12583708763122559,0.14174532890319824,1.5408246517181396
15,30,34.138397455215454,-399072.628125,0.9856078624725342,0.39305347204208374,0.42487555742263794,0.24002160131931305,32.43067240715027,3.802891254425049,1.7075450420379639,26.746474504470825,0.13281035423278809,0.14019083976745605,1.555687665939331
16,1,36.66608667373657,-866297.0,0.970348060131073,0.4056360423564911,0.43421670794487,0.22675999999046326,34.35590481758118,3.9315361976623535,2.309847831726074,28.51368546485901,0.14959025382995605,0.16881895065307617,1.5246047973632812
16,2,35.992998123168945,-865334.8,0.9754133224487305,0.40107908844947815,0.4326709806919098,0.23174135386943817,33.71804356575012,3.673549175262451,2.2746164798736572,28.20697546005249,0.11783003807067871,0.1563129425048828,1.5185155868530273
16,3,36.51038932800293,-866329.9625,0.9740318655967712,0.40271133184432983,0.4337162971496582,0.23117142915725708,34.27207016944885,3.7908761501312256,2.237975835800171,28.64387273788452,0.1210479736328125,0.1703951358795166,1.4987847805023193
16,4,35.78996467590332,-866877.81875,0.9732233881950378,0.40402424335479736,0.4347051680088043,0.23065359890460968,33.51243805885315,3.7160561084747314,2.277188777923584,27.956603527069092,0.11809158325195312,0.1614985466003418,1.5148634910583496
16,5,36.59373426437378,-865715.98125,0.9748978614807129,0.40247073769569397,0.43108707666397095,0.23132094740867615,33.81465435028076,3.74456787109375,2.778747081756592,28.219884872436523,0.11885261535644531,0.16219663619995117,1.5233485698699951
16,6,36.22863173484802,-865043.175,0.9770078659057617,0.4060341715812683,0.4340006411075592,0.23161815106868744,34.00072407722473,3.7617571353912354,2.227567195892334,28.40580987930298,0.11844873428344727,0.15858054161071777,1.5107629299163818
16,7,35.891255378723145,-866372.6125,0.9760207533836365,0.40307772159576416,0.4332873523235321,0.2340540885925293,33.625303745269775,3.7907211780548096,2.265615224838257,28.034637451171875,0.12026333808898926,0.16613030433654785,1.4665248394012451
16,8,38.08841562271118,-866555.54375,0.9749699831008911,0.4013533294200897,0.4300834834575653,0.23312127590179443,35.803887367248535,3.9434118270874023,2.284186601638794,30.04833149909973,0.11977005004882812,0.16963696479797363,1.4753050804138184
16,9,36.044662952423096,-865934.28125,0.9751777052879333,0.4009116590023041,0.43136394023895264,0.23209385573863983,33.8484365940094,3.868872880935669,2.195892333984375,28.164170742034912,0.12148308753967285,0.16864895820617676,1.4768366813659668
16,10,35.905518531799316,-865836.53125,0.9756380319595337,0.40313297510147095,0.4332480728626251,0.23215213418006897,33.676464557647705,3.8016579151153564,2.228715419769287,28.065696239471436,0.12003421783447266,0.1711418628692627,1.4696235656738281
16,11,36.265639781951904,-865337.13125,0.9759171605110168,0.40054866671562195,0.43025654554367065,0.23236435651779175,34.08535695075989,3.797755002975464,2.179949998855591,28.48003077507019,0.11946845054626465,0.166273832321167,1.4746730327606201
16,12,35.82946729660034,-865531.8625,0.9762258529663086,0.40026339888572693,0.429592102766037,0.23377588391304016,33.73210072517395,3.8244192600250244,2.0970332622528076,28.114532232284546,0.1183309555053711,0.1627352237701416,1.4657564163208008
16,13,35.73790621757507,-866851.5125,0.9731613397598267,0.4026300609111786,0.4323042333126068,0.23148997128009796,33.56485557556152,3.76088547706604,2.1727168560028076,27.999032020568848,0.11866974830627441,0.16528940200805664,1.473982334136963
16,14,36.53083610534668,-865638.21875,0.9751512408256531,0.4030890166759491,0.43599382042884827,0.23070551455020905,34.30266857147217,3.806999921798706,2.227835178375244,28.68016290664673,0.1193382740020752,0.1678760051727295,1.481417179107666
16,15,36.05624866485596,-865279.825,0.9786167144775391,0.39896145462989807,0.430589884519577,0.23531900346279144,33.81084585189819,3.7706756591796875,2.2450642585754395,28.22613215446472,0.1192328929901123,0.16761064529418945,1.479567289352417
16,16,35.9704008102417,-866086.60625,0.976493239402771,0.4020729660987854,0.4317227303981781,0.23370403051376343,33.810083866119385,3.8439643383026123,2.15997576713562,28.14957356452942,0.12159466743469238,0.16779494285583496,1.4802446365356445
16,17,35.82580924034119,-867332.9125,0.9749618768692017,0.4001994729042053,0.4301252067089081,0.2347525954246521,33.610766649246216,3.840998411178589,2.214707851409912,27.95629096031189,0.12048602104187012,0.17168354988098145,1.4724886417388916
16,18,36.068978786468506,-867472.0875,0.9718576073646545,0.4011997878551483,0.43231841921806335,0.231645405292511,33.909244537353516,3.7910754680633545,2.159400224685669,28.30441689491272,0.11998605728149414,0.16711831092834473,1.4800984859466553
16,19,35.793763399124146,-865489.6375,0.9751552939414978,0.4019317328929901,0.4304163157939911,0.23199239373207092,33.4902617931366,3.6474015712738037,2.303154945373535,27.97269368171692,0.11879420280456543,0.15786361694335938,1.5486485958099365
16,20,36.507819414138794,-865173.25,0.9781474471092224,0.40191835165023804,0.4308443069458008,0.23421822488307953,34.30306959152222,3.8073387145996094,2.2044146060943604,28.6768057346344,0.12470006942749023,0.16791987419128418,1.478072166442871
16,21,36.440325021743774,-865879.6375,0.9760197997093201,0.40540075302124023,0.4332883059978485,0.23275868594646454,34.22285747528076,3.957169771194458,2.2171342372894287,28.4086492061615,0.14201831817626953,0.17152118682861328,1.473461389541626
16,22,36.018797636032104,-864350.3625,0.9773485660552979,0.4017595946788788,0.4314080774784088,0.2310255467891693,33.708664417266846,3.798177719116211,2.3097875118255615,28.243982791900635,0.11916375160217285,0.1662001609802246,1.3341972827911377
16,23,35.927611112594604,-866039.79375,0.9768706560134888,0.4019077718257904,0.4328750967979431,0.23418989777565002,33.68729305267334,3.7958998680114746,2.239980459213257,28.08933138847351,0.11865448951721191,0.16299724578857422,1.4748258590698242
16,24,36.11112666130066,-865189.63125,0.9753969311714172,0.40263861417770386,0.4303681254386902,0.23054863512516022,33.852752923965454,3.775573492050171,2.2580482959747314,28.256067037582397,0.12113642692565918,0.1670527458190918,1.4859869480133057
16,25,36.832228660583496,-865328.8125,0.9750702977180481,0.40280622243881226,0.4330528676509857,0.23053817451000214,34.54399657249451,3.9887940883636475,2.287897825241089,28.711726188659668,0.12479710578918457,0.1762850284576416,1.4933421611785889
16,26,36.74050331115723,-865943.85625,0.9755544662475586,0.4031388759613037,0.4303368330001831,0.2323525846004486,34.45107173919678,3.939460277557373,2.289093017578125,28.612574338912964,0.1476306915283203,0.16847491264343262,1.5148429870605469
16,27,35.98289346694946,-866450.88125,0.973893940448761,0.40180346369743347,0.4328024089336395,0.23172113299369812,33.733126401901245,3.7742507457733154,2.249427080154419,28.135266304016113,0.1180119514465332,0.15911221504211426,1.5006957054138184
16,28,36.21090888977051,-866027.7875,0.9750711917877197,0.4006940424442291,0.43006622791290283,0.23267389833927155,34.017197608947754,3.7941699028015137,2.193370819091797,28.397022247314453,0.12032413482666016,0.16543126106262207,1.4934868812561035
16,29,35.906243085861206,-866035.79375,0.9769067168235779,0.40149959921836853,0.431887149810791,0.23424124717712402,33.72602701187134,3.7701327800750732,2.1798670291900635,28.136046409606934,0.11813497543334961,0.17772459983825684,1.4781603813171387
16,30,37.823259353637695,-864717.15,0.976855993270874,0.39986687898635864,0.42851001024246216,0.2326575517654419,35.6404504776001,3.769906759262085,2.1824798583984375,30.06186008453369,0.11831307411193848,0.16643595695495605,1.4776742458343506
17,1,49.025689125061035,-1868472.5,0.971335232257843,0.40637800097465515,0.4363390803337097,0.2283967137336731,41.5343804359436,3.9633209705352783,7.490038156509399,35.49488282203674,0.1184077262878418,0.24120569229125977,1.6657633781433105
17,2,45.21612906455994,-1868654.7125,0.9734585881233215,0.4089810252189636,0.43852698802948,0.23019833862781525,41.65142631530762,3.955388069152832,3.56343674659729,35.669140577316284,0.11843395233154297,0.24216675758361816,1.6148881912231445
17,3,49.663222312927246,-1870898.675,0.9681254625320435,0.4080643355846405,0.4382791519165039,0.22612795233726501,41.4981849193573,4.169733762741089,8.163766145706177,35.27961611747742,0.14100098609924316,0.24361348152160645,1.595585823059082
17,4,44.93657827377319,-1869144.8125,0.9706510305404663,0.40605056285858154,0.4363706409931183,0.22809462249279022,41.408037424087524,3.9697413444519043,3.5272765159606934,35.40185475349426,0.11916184425354004,0.24161434173583984,1.6248698234558105
17,5,47.806973457336426,-1868933.5,0.9697182178497314,0.4061627686023712,0.43744957447052,0.22637809813022614,43.44208264350891,4.195133686065674,4.363688945770264,37.185317516326904,0.1421494483947754,0.24409198760986328,1.6064398288726807
17,6,45.26564168930054,-1868088.1125,0.9696144461631775,0.40769433975219727,0.4381747543811798,0.22580023109912872,41.831430435180664,4.177305698394775,3.432875394821167,35.573609352111816,0.11988496780395508,0.24151873588562012,1.6681315898895264
17,7,45.36749720573425,-1867918.7375,0.9692711234092712,0.4082648754119873,0.4381061792373657,0.2252579629421234,41.98302721977234,4.25244140625,3.3833038806915283,35.69188046455383,0.1379258632659912,0.23982977867126465,1.5972399711608887
17,8,45.35543394088745,-1870049.5875,0.9686700105667114,0.4069942533969879,0.4362110197544098,0.22657956182956696,41.949198722839355,4.2985146045684814,3.404923677444458,35.57026267051697,0.12138009071350098,0.24559450149536133,1.6612677574157715
17,9,51.381417989730835,-1869390.85,0.9703797698020935,0.40570464730262756,0.435557097196579,0.22825635969638824,41.7743878364563,3.9850826263427734,9.60575246810913,35.70846676826477,0.11957979202270508,0.24301958084106445,1.6671843528747559
17,10,45.179112672805786,-1870623.85,0.9698505401611328,0.40733927488327026,0.43606072664260864,0.22831156849861145,41.747955083847046,4.2549192905426025,3.429858684539795,35.417192459106445,0.14732122421264648,0.24780821800231934,1.6078314781188965
17,11,45.52438020706177,-1869429.375,0.9698506593704224,0.4068681597709656,0.43782296776771545,0.22712008655071259,42.10352373123169,4.24052882194519,3.41951322555542,35.73346948623657,0.12098097801208496,0.24465680122375488,1.7119698524475098
17,12,44.9129376411438,-1869946.85,0.9709767699241638,0.40933293104171753,0.4396790564060211,0.22863133251667023,41.37483263015747,3.981746196746826,3.536865711212158,35.351468563079834,0.11827802658081055,0.24003362655639648,1.6325740814208984
17,13,47.97854208946228,-1868441.45,0.9707751274108887,0.40638279914855957,0.4364723265171051,0.2274617850780487,41.21408748626709,3.970329761505127,6.7632129192352295,35.14907693862915,0.11699914932250977,0.23358869552612305,1.6941804885864258
17,14,45.53579020500183,-1870636.8875,0.9682945013046265,0.40804240107536316,0.4386538565158844,0.22611816227436066,42.115246534347534,4.2127814292907715,3.419370174407959,35.84356689453125,0.14139389991760254,0.24798893928527832,1.600132703781128
17,15,44.98491072654724,-1868867.075,0.968146562576294,0.4052644670009613,0.436092346906662,0.22499237954616547,41.499051094055176,3.9661855697631836,3.484593152999878,35.509127140045166,0.11889886856079102,0.2437431812286377,1.6096789836883545
17,16,45.076092004776,-1869033.9375,0.9710220694541931,0.4059421420097351,0.43640705943107605,0.2284359633922577,41.46062088012695,4.129367351531982,3.6142709255218506,35.287076473236084,0.1299130916595459,0.24466276168823242,1.6084001064300537
17,17,44.595447301864624,-1869821.7125,0.9717636704444885,0.4059640169143677,0.4355229437351227,0.23010791838169098,41.11562943458557,3.966496706008911,3.4785354137420654,35.12679958343506,0.11907100677490234,0.24257993698120117,1.6096773147583008
17,18,45.01150417327881,-1870113.1125,0.9702048301696777,0.40635037422180176,0.4373415410518646,0.22831225395202637,41.55259561538696,4.102735280990601,3.457735776901245,35.42144465446472,0.13222646713256836,0.23754596710205078,1.598937749862671
17,19,45.26699423789978,-1871127.0375,0.9677008986473083,0.40920335054397583,0.43881291151046753,0.22607073187828064,41.85304665565491,4.284880876541138,3.412748098373413,35.51218342781067,0.14046740531921387,0.2474839687347412,1.5990378856658936
17,20,45.74246788024902,-1870244.7125,0.968913197517395,0.4073830246925354,0.43853461742401123,0.22658845782279968,42.3348605632782,4.2240259647369385,3.406430721282959,36.055280447006226,0.1372981071472168,0.24562764167785645,1.6038594245910645
17,21,45.197571992874146,-1869384.2375,0.9691930413246155,0.4081571102142334,0.43772798776626587,0.22638331353664398,41.49978709220886,4.178160905838013,3.6965227127075195,35.239179372787476,0.12261676788330078,0.24212265014648438,1.6635329723358154
17,22,45.28220009803772,-1869366.35,0.9690169095993042,0.40683358907699585,0.43680140376091003,0.22599779069423676,41.85375714302063,4.088332176208496,3.427251100540161,35.74250650405884,0.12984800338745117,0.2377331256866455,1.5951740741729736
17,23,44.82564377784729,-1869937.275,0.9694146513938904,0.4053911566734314,0.4352284371852875,0.2274654507637024,41.48585748672485,4.188911437988281,3.338648796081543,35.26020407676697,0.13860869407653809,0.24471020698547363,1.5834195613861084
17,24,44.42938542366028,-1869150.975,0.9708191156387329,0.4061134159564972,0.4355241358280182,0.2283085286617279,40.960529804229736,3.8708181381225586,3.467686176300049,35.09292960166931,0.11669158935546875,0.2284691333770752,1.6028931140899658
17,25,45.317261934280396,-1868890.6125,0.9670163989067078,0.4057157039642334,0.4351920187473297,0.2236424684524536,41.88874340057373,4.254399538040161,3.4272475242614746,35.573922634124756,0.14308667182922363,0.24690937995910645,1.6002697944641113
17,26,45.59222602844238,-1868464.1875,0.9691329598426819,0.40497416257858276,0.4356193244457245,0.22563253343105316,42.12467694282532,4.245750904083252,3.466381788253784,35.823710680007935,0.13799238204956055,0.24704933166503906,1.6017131805419922
17,27,47.27421832084656,-1870785.875,0.9687014818191528,0.40767472982406616,0.43758347630500793,0.2274279147386551,41.675456047058105,4.1243743896484375,5.597614049911499,35.51903963088989,0.1415693759918213,0.24192261695861816,1.5816411972045898
17,28,50.929962396621704,-1869386.0,0.9693422317504883,0.40393367409706116,0.4346916973590851,0.22684119641780853,41.69687509536743,4.243046522140503,9.23181700706482,35.39866280555725,0.13886380195617676,0.24570226669311523,1.6022639274597168
17,29,45.717989683151245,-1872232.6625,0.9664566516876221,0.4067659080028534,0.43613991141319275,0.22595427930355072,41.3054141998291,4.179491758346558,4.411398887634277,35.07537579536438,0.1376657485961914,0.24350309371948242,1.6019914150238037
17,30,47.23799705505371,-1868621.9875,0.9708925485610962,0.40585029125213623,0.4358922839164734,0.22785191237926483,41.487872838974,3.9773736000061035,5.748875617980957,35.41843104362488,0.11854672431945801,0.23211193084716797,1.6915228366851807
18,1,56.348466634750366,-4027160.7,0.9623464345932007,0.41270336508750916,0.4427171051502228,0.22365255653858185,50.19764947891235,4.145661354064941,6.148571491241455,44.13237929344177,0.12176871299743652,0.3994758129119873,1.3492612838745117
18,2,55.54129505157471,-4026777.575,0.9634503126144409,0.41156354546546936,0.4417438805103302,0.22500114142894745,49.46010065078735,4.110722303390503,6.07896876335144,43.48783469200134,0.12159991264343262,0.3384382724761963,1.353724718093872
18,3,56.575947761535645,-4025937.7,0.962687611579895,0.41175687313079834,0.44186362624168396,0.22403298318386078,50.35374069213867,4.145241737365723,6.219957590103149,44.31564903259277,0.12209486961364746,0.35059452056884766,1.3705494403839111
18,4,56.751312255859375,-4024186.75,0.9634259939193726,0.4102383852005005,0.44009721279144287,0.22425103187561035,50.565550088882446,4.181439399719238,6.183516502380371,44.51098918914795,0.12306427955627441,0.3487510681152344,1.3525266647338867
18,5,56.48026990890503,-4022939.125,0.9630903005599976,0.40920591354370117,0.43964579701423645,0.22310784459114075,50.38452196121216,4.179250955581665,6.093500375747681,44.32350492477417,0.12314343452453613,0.3538343906402588,1.3553094863891602
18,6,55.393781900405884,-4026748.275,0.9632818698883057,0.4116531014442444,0.4414162337779999,0.22488120198249817,49.31233811378479,4.128802537918091,6.079219818115234,43.32133150100708,0.12358999252319336,0.33983922004699707,1.3492534160614014
18,7,58.35567831993103,-4023790.925,0.9641140699386597,0.41314661502838135,0.44303613901138306,0.22451069951057434,51.85688662528992,4.114575147628784,6.496568202972412,44.24233102798462,0.12162303924560547,0.3547837734222412,2.975496530532837
18,8,55.30309820175171,-4026675.325,0.9636229276657104,0.41115686297416687,0.44165533781051636,0.2248242199420929,48.99078011512756,4.096623182296753,6.310102701187134,43.03957796096802,0.1213991641998291,0.33323240280151367,1.352231740951538
18,9,55.67406439781189,-4023945.55,0.9643207788467407,0.41030555963516235,0.44034305214881897,0.2252148985862732,49.458054542541504,4.129056453704834,6.2137451171875,43.46312427520752,0.12187671661376953,0.3352382183074951,1.3591935634613037
18,10,56.45948839187622,-4026439.8,0.9636542201042175,0.41170650720596313,0.44184428453445435,0.2251840978860855,50.20544362068176,4.154182195663452,6.251792907714844,44.16534423828125,0.12298011779785156,0.34656333923339844,1.367922067642212
18,11,56.15786409378052,-4024197.4,0.9637356400489807,0.4111284613609314,0.4415096044540405,0.22403037548065186,50.03030180931091,4.113400220870972,6.125077486038208,44.0479633808136,0.12154841423034668,0.3500852584838867,1.3485336303710938
18,12,56.254419803619385,-4026416.1,0.9629138112068176,0.4103643596172333,0.4403521418571472,0.22432291507720947,49.95940637588501,4.095050573348999,6.292779207229614,43.991249561309814,0.12238740921020508,0.34715771675109863,1.3555457592010498
18,13,56.98181629180908,-4023959.8,0.9639975428581238,0.40866315364837646,0.4385434091091156,0.22459375858306885,50.846747159957886,4.107366561889648,6.132770538330078,44.875685930252075,0.12119555473327637,0.3403797149658203,1.3538548946380615
18,14,56.90579032897949,-4026064.375,0.9622328281402588,0.41078513860702515,0.44044938683509827,0.2236195057630539,50.79402542114258,4.307451248168945,6.109508037567139,44.565999031066895,0.14229130744934082,0.3500247001647949,1.3576865196228027
18,15,56.615028619766235,-4026437.3,0.9646838903427124,0.41145238280296326,0.44093823432922363,0.2262418568134308,50.358872175216675,4.111479043960571,6.253887414932251,44.36549353599548,0.12247157096862793,0.3526723384857178,1.357546329498291
18,16,56.27763342857361,-4024692.15,0.963930606842041,0.4109387695789337,0.44122251868247986,0.225008025765419,50.057270765304565,4.1956822872161865,6.218132495880127,43.900851011276245,0.12374305725097656,0.4122893810272217,1.3755686283111572
18,17,56.66105794906616,-4027872.5,0.9615976214408875,0.4125024974346161,0.4428679943084717,0.22338758409023285,50.526851177215576,4.279146432876587,6.131920099258423,44.33804368972778,0.1342601776123047,0.3613245487213135,1.3537542819976807
18,18,56.63731241226196,-4025712.925,0.9634459018707275,0.40969160199165344,0.43977218866348267,0.2246532440185547,50.451831102371216,4.210815191268921,6.183243989944458,44.34879779815674,0.12734389305114746,0.361513614654541,1.3510653972625732
18,19,56.509129762649536,-4026134.05,0.9629573225975037,0.41209208965301514,0.4422403872013092,0.22426769137382507,50.34981727600098,4.149355173110962,6.15680193901062,44.30948233604431,0.1237945556640625,0.3486604690551758,1.3696887493133545
18,20,55.81734657287598,-4022552.525,0.9648828506469727,0.4104612469673157,0.4411385953426361,0.22497428953647614,49.53672480583191,4.163247585296631,6.278442859649658,43.50427222251892,0.13015270233154297,0.33918046951293945,1.3431389331817627
18,21,55.83911609649658,-4024521.2,0.9637230634689331,0.4106774926185608,0.4412594139575958,0.22491024434566498,49.59016966819763,4.087061643600464,6.246746778488159,43.6453332901001,0.1210639476776123,0.3402683734893799,1.3484573364257812
18,22,56.20853614807129,-4024918.1,0.9643882513046265,0.41083937883377075,0.4411223530769348,0.22545459866523743,50.06354093551636,4.115853309631348,6.142805814743042,44.07857036590576,0.1215817928314209,0.34694457054138184,1.3517823219299316
18,23,56.832712173461914,-4024966.8,0.9630075097084045,0.41081956028938293,0.4402799904346466,0.22369450330734253,50.25171089172363,4.089083909988403,6.578774452209473,44.284488916397095,0.12272882461547852,0.3481154441833496,1.358487844467163
18,24,56.19693565368652,-4025268.45,0.963287889957428,0.4112119972705841,0.4411686658859253,0.22439388930797577,50.0256450176239,4.13838791847229,6.169085502624512,44.01394009590149,0.12309098243713379,0.3475806713104248,1.3537347316741943
18,25,56.75030851364136,-4024988.6,0.9639477133750916,0.4110605716705322,0.4412791430950165,0.2251983880996704,49.85050010681152,4.061724901199341,6.89760684967041,43.89286994934082,0.12348031997680664,0.35575413703918457,1.3679234981536865
18,26,57.10433506965637,-4027534.45,0.962949812412262,0.4112755358219147,0.44122329354286194,0.22456179559230804,50.23931813240051,4.066587924957275,6.862813472747803,44.25765371322632,0.12300920486450195,0.35712695121765137,1.386704683303833
18,27,56.15541863441467,-4027331.15,0.9625550508499146,0.411869615316391,0.4416239559650421,0.22447657585144043,49.39964699745178,4.037779092788696,6.753564357757568,43.489198207855225,0.12002825736999512,0.3389744758605957,1.366636037826538
18,28,57.14959383010864,-4024101.625,0.9643988609313965,0.4110986292362213,0.44161659479141235,0.22469539940357208,50.51884889602661,4.089353322982788,6.6283886432647705,44.571852922439575,0.12144231796264648,0.34600377082824707,1.3415145874023438
18,29,56.36854934692383,-4025274.1,0.9632011651992798,0.4111628532409668,0.44188404083251953,0.22414277493953705,49.73237347602844,4.284783840179443,6.6340110301971436,43.568498373031616,0.12421250343322754,0.3415980339050293,1.3642959594726562
18,30,56.617258071899414,-4025299.3,0.9629647731781006,0.4122314453125,0.44284677505493164,0.2236478179693222,50.32864737510681,4.187597751617432,6.286406755447388,44.26275181770325,0.12368106842041016,0.3452913761138916,1.3602967262268066
19,1,75.75117492675781,-8733844.4,0.9487922191619873,0.4166848957538605,0.44770529866218567,0.22681887447834015,62.232860803604126,4.595110893249512,13.513378858566284,55.46324634552002,0.14406347274780273,0.5346236228942871,1.3672029972076416
19,2,77.04327893257141,-8728045.0,0.9505066275596619,0.4175027012825012,0.4483966529369354,0.22732707858085632,62.23097801208496,4.2629406452178955,14.806647539138794,55.520626068115234,0.12061238288879395,0.5243618488311768,1.3794806003570557
19,3,73.94336199760437,-8730286.3,0.9502120614051819,0.4166406989097595,0.44818735122680664,0.22766618430614471,62.12189507484436,4.555321216583252,11.81563949584961,55.31604838371277,0.1228022575378418,0.5308244228363037,1.4846453666687012
19,4,75.14820265769958,-8731714.6,0.9490789771080017,0.4169199764728546,0.44734081625938416,0.22668471932411194,61.72308158874512,4.277510166168213,13.420032978057861,55.06545925140381,0.1208345890045166,0.5225818157196045,1.38527512550354
19,5,73.54850316047668,-8730250.2,0.9497865438461304,0.4169915020465851,0.44756588339805603,0.22664014995098114,61.623549461364746,4.29191517829895,11.919955015182495,54.94482421875,0.1189260482788086,0.5225183963775635,1.3881721496582031
19,6,75.98798656463623,-8729017.2,0.9512588977813721,0.41842877864837646,0.44821467995643616,0.22782951593399048,62.99318552017212,4.574871778488159,12.989428043365479,56.24527144432068,0.14156579971313477,0.5315794944763184,1.371372938156128
19,7,73.41513657569885,-8733178.7,0.9490899443626404,0.4177454710006714,0.44804278016090393,0.22683465480804443,61.248892068862915,4.378622770309448,12.161296606063843,54.477866888046265,0.12986493110656738,0.5123348236083984,1.3681507110595703
19,8,74.84185099601746,-8727029.8,0.9491186141967773,0.41572287678718567,0.4465970993041992,0.22601614892482758,62.04837203025818,4.7406628131866455,12.788640975952148,55.158021688461304,0.1475543975830078,0.5259826183319092,1.362640142440796
19,9,74.00952076911926,-8732812.1,0.9474921226501465,0.4145767092704773,0.4448295831680298,0.22480618953704834,62.02469992637634,4.511243581771851,11.979762554168701,55.241480588912964,0.13906478881835938,0.5366690158843994,1.3711154460906982
19,10,74.75676035881042,-8726302.6,0.9497401714324951,0.4160310626029968,0.44670960307121277,0.22585976123809814,62.22282290458679,4.599750280380249,12.529058933258057,55.47125434875488,0.1461474895477295,0.5295524597167969,1.3641431331634521
19,11,73.10744571685791,-8732279.7,0.9478002190589905,0.4149283170700073,0.44563567638397217,0.2248268872499466,60.3401358127594,4.302954435348511,12.762291193008423,53.730473279953,0.1181633472442627,0.4901268482208252,1.3615643978118896
19,12,76.62231659889221,-8729612.1,0.9494301676750183,0.4168861210346222,0.44738277792930603,0.22644612193107605,61.667670011520386,4.393100738525391,14.94902753829956,54.97733163833618,0.12900900840759277,0.5220129489898682,1.3789491653442383
19,13,75.89341521263123,-8732094.2,0.9488908648490906,0.41619834303855896,0.44718825817108154,0.22653472423553467,61.39670395851135,4.304894208908081,14.491129875183105,54.712515115737915,0.11949682235717773,0.5089013576507568,1.3727219104766846
19,14,76.1389331817627,-8730798.9,0.9495365619659424,0.41668805480003357,0.44779276847839355,0.2265758514404297,60.995617151260376,4.28077244758606,15.137844800949097,54.36434483528137,0.1196134090423584,0.5040955543518066,1.3778440952301025
19,15,77.06616950035095,-8732920.8,0.9495273232460022,0.41717883944511414,0.4474785029888153,0.22698628902435303,61.78368139266968,4.350364685058594,15.27746033668518,55.07804608345032,0.1209409236907959,0.5284912586212158,1.3694782257080078
19,16,73.56796956062317,-8728928.0,0.9501327872276306,0.416538268327713,0.4475322365760803,0.22742094099521637,61.82751154899597,4.521472692489624,11.735250473022461,55.11219668388367,0.1425931453704834,0.523813009262085,1.363098382949829
19,17,74.07156872749329,-8735749.9,0.9506797790527344,0.41811713576316833,0.4482654333114624,0.22878456115722656,62.07225012779236,4.544005870819092,11.993952989578247,55.295748472213745,0.12233757972717285,0.5279932022094727,1.4111614227294922
19,18,74.22496724128723,-8729823.8,0.949388861656189,0.41717779636383057,0.4478233754634857,0.22653880715370178,62.08133554458618,4.508423566818237,12.13869047164917,55.374621629714966,0.13705110549926758,0.5279455184936523,1.3677282333374023
19,19,75.19812798500061,-8732054.5,0.9514870643615723,0.4193080961704254,0.4499741494655609,0.22862400114536285,62.51798129081726,4.559827566146851,12.675228357315063,55.73563861846924,0.14083647727966309,0.5324535369873047,1.368530511856079
19,20,74.22496914863586,-8733637.1,0.9507103562355042,0.41877245903015137,0.4495047926902771,0.2281201034784317,62.60752630233765,4.569779396057129,11.611693859100342,55.798178911209106,0.14193129539489746,0.5326864719390869,1.3769853115081787
19,21,75.30418062210083,-8731544.6,0.9498923420906067,0.41741904616355896,0.4490216076374054,0.22689387202262878,61.922065019607544,4.2720863819122314,13.37695860862732,55.270533323287964,0.11977243423461914,0.5262370109558105,1.3773725032806396
19,22,73.9373426437378,-8729924.2,0.9493451118469238,0.4172525703907013,0.44764086604118347,0.22613903880119324,62.17071485519409,4.58732271194458,11.761638641357422,55.4281690120697,0.14276528358459473,0.5329246520996094,1.368440866470337
19,23,75.59174633026123,-8732518.5,0.9480747580528259,0.416667640209198,0.44686198234558105,0.225022554397583,63.73557257652283,4.554811239242554,11.850597858428955,56.97906279563904,0.12124371528625488,0.5282421112060547,1.384688138961792
19,24,77.6256673336029,-8732394.5,0.9504358172416687,0.4178072214126587,0.4482094943523407,0.2277550995349884,62.100056409835815,4.546566009521484,15.52066445350647,55.38127112388611,0.14367985725402832,0.5272102355957031,1.3631670475006104
19,25,73.24902176856995,-8728364.6,0.9511953592300415,0.4178791046142578,0.4483732283115387,0.22773592174053192,61.520816802978516,4.424261808395386,11.723210334777832,54.78002429008484,0.12887883186340332,0.5071728229522705,1.4437611103057861
19,26,76.79874753952026,-8730343.7,0.9504379034042358,0.4186303913593292,0.4485602080821991,0.2272617220878601,62.168240547180176,4.473228693008423,14.625333786010742,55.46229076385498,0.14052653312683105,0.5299110412597656,1.3770360946655273
19,27,78.8648693561554,-8734209.8,0.9490017294883728,0.417197585105896,0.44756656885147095,0.22708435356616974,61.889321088790894,4.5303730964660645,16.970643758773804,55.18176555633545,0.14336061477661133,0.5271775722503662,1.3623838424682617
19,28,74.28047466278076,-8731850.9,0.949582576751709,0.4179735481739044,0.4486536681652069,0.22692762315273285,62.7281379699707,4.597076892852783,11.547457933425903,55.98351812362671,0.1484384536743164,0.5334224700927734,1.3657245635986328
19,29,73.9734365940094,-8727902.5,0.9506059885025024,0.4170980453491211,0.44757282733917236,0.22748039662837982,62.23638343811035,4.420736074447632,11.731645584106445,55.53096151351929,0.13733577728271484,0.5297486782073975,1.3718092441558838
19,30,75.0588150024414,-8731489.6,0.9498754143714905,0.41731539368629456,0.447456032037735,0.22725622355937958,61.8725163936615,4.252367734909058,13.18110966682434,55.228944540023804,0.11908912658691406,0.5236914157867432,1.3814170360565186
20,1,102.4569320678711,-19006913.6,0.9289848208427429,0.4220367670059204,0.45403623580932617,0.23624937236309052,78.07045841217041,4.454272270202637,24.37580394744873,70.68960452079773,0.13226771354675293,0.8028595447540283,1.391395092010498
20,2,102.22888398170471,-19011751.8,0.9288167357444763,0.422019362449646,0.4534803032875061,0.23634125292301178,78.20147848129272,4.473411798477173,24.016804218292236,70.78148436546326,0.13367676734924316,0.8078291416168213,1.394568920135498
20,3,100.99294710159302,-19006419.0,0.9293081760406494,0.4225809872150421,0.4547584056854248,0.23654495179653168,76.66875648498535,4.4856390953063965,24.313529014587402,69.28858304023743,0.13224053382873535,0.7989141941070557,1.39384126663208
20,4,102.33242154121399,-19016043.0,0.9282807111740112,0.42197099328041077,0.4539851248264313,0.2364361733198166,78.06652307510376,4.563699722290039,24.25531768798828,70.55885529518127,0.14539408683776855,0.8055624961853027,1.4107341766357422
20,5,102.14796900749207,-19016155.4,0.9278901219367981,0.42107534408569336,0.45291972160339355,0.23563137650489807,77.81837487220764,4.473890066146851,24.31895923614502,70.3815393447876,0.13548064231872559,0.7998948097229004,1.407639741897583
20,6,99.73094987869263,-19012749.0,0.9283615946769714,0.42213910818099976,0.4537213444709778,0.23620502650737762,75.80381178855896,4.445818901062012,23.916717767715454,68.467111825943,0.1324002742767334,0.7692744731903076,1.3905384540557861
20,7,102.12893319129944,-19014072.4,0.9290487170219421,0.42251554131507874,0.4541037082672119,0.23713961243629456,77.85241317749023,4.482011556625366,24.265933752059937,70.42332315444946,0.13393855094909668,0.8109197616577148,1.3875060081481934
20,8,100.67287302017212,-19013473.8,0.9276283383369446,0.42051059007644653,0.4523468613624573,0.2352614849805832,77.04708576202393,4.5154948234558105,23.615461349487305,69.61889147758484,0.1331157684326172,0.8102512359619141,1.39817214012146
20,9,101.85694646835327,-19015556.0,0.9291447401046753,0.422678142786026,0.45355749130249023,0.23701708018779755,77.79450750350952,4.457608938217163,24.051733016967773,70.39723706245422,0.13316106796264648,0.7980256080627441,1.3906562328338623
20,10,101.13642191886902,-19011717.0,0.9289552569389343,0.4221659302711487,0.4539346694946289,0.23685775697231293,77.09976601600647,4.490113973617554,24.025992155075073,69.69842195510864,0.13184833526611328,0.8079149723052979,1.3915491104125977
20,11,100.85767793655396,-19006032.8,0.9287605881690979,0.4220484495162964,0.453353613615036,0.2362542450428009,77.03735995292664,4.4668872356414795,23.809959888458252,69.63711500167847,0.13167643547058105,0.8020603656768799,1.383795976638794
20,12,102.0238561630249,-19012886.6,0.9287212491035461,0.4219833016395569,0.4538525640964508,0.2367282658815384,77.99571490287781,4.443929195404053,24.01747989654541,70.60754323005676,0.13347744941711426,0.8075094223022461,1.3939526081085205
20,13,101.34645390510559,-19014105.4,0.9292530417442322,0.4220573306083679,0.45434093475341797,0.2374788522720337,77.32263207435608,4.502621412277222,24.013073444366455,69.88075113296509,0.13529443740844727,0.8132612705230713,1.4069116115570068
20,14,100.81330156326294,-19012519.8,0.9309496879577637,0.4242080748081207,0.45599165558815,0.23816142976284027,76.6398663520813,4.465789079666138,24.162612438201904,69.25073456764221,0.1326768398284912,0.7866275310516357,1.398766040802002
20,15,101.2564148902893,-19005841.6,0.9294470548629761,0.42210909724235535,0.45323872566223145,0.2367381900548935,77.09816575050354,4.469889402389526,24.14752769470215,69.69364953041077,0.131181001663208,0.7930231094360352,1.3965568542480469
20,16,102.4798469543457,-19005551.2,0.9291370511054993,0.4220658242702484,0.4542442262172699,0.23627428710460663,78.32300901412964,4.456282138824463,24.14636754989624,70.95383596420288,0.13092327117919922,0.7803514003753662,1.3815741539001465
20,17,101.22435808181763,-19013321.2,0.9286033511161804,0.4217749536037445,0.4534481167793274,0.23639574646949768,77.42027688026428,4.450424432754517,23.793349504470825,70.01287722587585,0.13196253776550293,0.812056303024292,1.388150691986084
20,18,99.6508641242981,-19007152.4,0.9286907911300659,0.42164793610572815,0.45357435941696167,0.23576688766479492,75.47861385345459,4.431392431259155,24.161800622940063,68.16345715522766,0.12813401222229004,0.7399723529815674,1.3901774883270264
20,19,102.19271063804626,-19012753.8,0.9265859723091125,0.4197077453136444,0.45151689648628235,0.23381559550762177,78.11737203598022,4.5446248054504395,24.06471300125122,70.74711418151855,0.13246917724609375,0.7920899391174316,1.3927974700927734
20,20,102.19945502281189,-19010196.6,0.9285559058189392,0.42178088426589966,0.4533070921897888,0.23627375066280365,77.97685551643372,4.46777606010437,24.211883544921875,70.59650611877441,0.13258099555969238,0.810084342956543,1.3943712711334229
20,21,102.00507950782776,-19013181.8,0.9287082552909851,0.4222866892814636,0.45415741205215454,0.23661424219608307,77.83141899108887,4.510093927383423,24.16299843788147,70.42975974082947,0.13358092308044434,0.7977211475372314,1.3918483257293701
20,22,100.10779547691345,-19012823.0,0.9281647205352783,0.4219335913658142,0.4541228413581848,0.23624134063720703,76.40719628334045,4.6223344802856445,23.690106868743896,69.01324963569641,0.13978171348571777,0.7751750946044922,1.3816719055175781
20,23,101.4258918762207,-19008085.0,0.93087238073349,0.42290499806404114,0.454882949590683,0.23789358139038086,77.39241409301758,4.493803977966309,24.02282476425171,70.01800608634949,0.13274526596069336,0.8023550510406494,1.4033081531524658
20,24,101.9152889251709,-19012397.8,0.9312836527824402,0.42400553822517395,0.4563567042350769,0.2383193075656891,77.5882203578949,4.479865789413452,24.316445112228394,70.22195339202881,0.13216495513916016,0.7981023788452148,1.3973414897918701
20,25,100.784015417099,-19014654.8,0.9283619523048401,0.42233091592788696,0.4542413055896759,0.23653371632099152,76.98222279548645,4.4860451221466064,23.791133880615234,69.6122579574585,0.13113784790039062,0.8118157386779785,1.390383005142212
20,26,101.98854684829712,-19009016.0,0.9293760657310486,0.42289838194847107,0.4541706144809723,0.2369767278432846,77.71981954574585,4.450936317443848,24.25827193260193,70.3076159954071,0.13104629516601562,0.8115289211273193,1.4025731086730957
20,27,101.60620927810669,-19019267.4,0.9305532574653625,0.4240719676017761,0.45567068457603455,0.23835042119026184,77.45837593078613,4.484721899032593,24.137218236923218,70.05051040649414,0.1328263282775879,0.7927625179290771,1.396517038345337
20,28,103.14568638801575,-19009715.4,0.9283965229988098,0.42219504714012146,0.45407575368881226,0.23598170280456543,78.98945236206055,4.676666975021362,24.145572900772095,71.45744442939758,0.14444208145141602,0.8612484931945801,1.3931326866149902
20,29,102.84395098686218,-19008832.2,0.928783118724823,0.4217848777770996,0.45331111550331116,0.23649433255195618,78.74701356887817,4.488825798034668,24.08630347251892,71.33509588241577,0.13706374168395996,0.8146429061889648,1.3974707126617432
20,30,101.85969924926758,-19011484.0,0.9285022616386414,0.42264315485954285,0.4543168544769287,0.2362837791442871,77.7383177280426,4.450973272323608,24.110660791397095,70.33020496368408,0.13251042366027832,0.810866117477417,1.3889293670654297
