k,sample,total_time,best_ll,P00,P01,P10,P11,full_fit,gradient_gpu,init_cpu_gpu,mcmc_cpu,optimizer_gpu,transfer_pcie,warm_up_mcmc_cpu
1,1,76.82583236694336,-0.0004000663757324219,0.9998999834060669,9.999999747378752e-05,0.9998999834060669,9.999999747378752e-05,17.307459115982056,1.5100042819976807,59.51833701133728,2.34244966506958,0.11735343933105469,0.07880163192749023,13.216851949691772
1,2,16.868151426315308,-0.0004000663757324219,0.9998999834060669,0.9998999834060669,9.999999747378752e-05,9.999999747378752e-05,4.875967264175415,1.503007411956787,11.992143630981445,1.7492609024047852,0.11663460731506348,0.07850527763366699,1.3866379261016846
1,3,15.300882577896118,0.0,0.8999999761581421,0.699999988079071,0.5,0.20000000298023224,3.506218433380127,1.2873258590698242,11.79463005065918,0.6016547679901123,0.1137995719909668,0.08017182350158691,1.381608247756958
1,4,16.643567085266113,-0.0004000663757324219,0.9998999834060669,0.9998999834060669,9.999999747378752e-05,9.999999747378752e-05,4.900532960891724,1.5103836059570312,11.743001937866211,1.7872676849365234,0.11294269561767578,0.07889294624328613,1.370009422302246
1,5,16.661919593811035,-0.0004000663757324219,0.9998999834060669,0.9998999834060669,9.999999747378752e-05,9.999999747378752e-05,4.859132766723633,1.5043656826019287,11.802754163742065,1.747692584991455,0.11280035972595215,0.07849812507629395,1.3741786479949951
1,6,16.677446842193604,-0.0004000663757324219,0.9998999834060669,0.9998999834060669,9.999999747378752e-05,9.999999747378752e-05,4.896554946899414,1.5034232139587402,11.780858278274536,1.7860970497131348,0.11357688903808594,0.07930707931518555,1.3720762729644775
1,7,15.738203287124634,0.0,0.8999999761581421,0.699999988079071,0.5,0.20000000298023224,3.5208280086517334,1.3048858642578125,12.217342615127563,0.607914924621582,0.1131749153137207,0.0793149471282959,1.3752403259277344
1,8,16.652232885360718,-0.0004000663757324219,0.9998999834060669,0.9998999834060669,9.999999747378752e-05,9.999999747378752e-05,4.869800090789795,1.4981541633605957,11.782398700714111,1.7482898235321045,0.11318230628967285,0.07763886451721191,1.3908557891845703
1,9,16.74642586708069,-0.0004000663757324219,0.9998999834060669,9.999999747378752e-05,0.9998999834060669,9.999999747378752e-05,4.890610694885254,1.5179588794708252,11.855779886245728,1.7581510543823242,0.1144251823425293,0.07981443405151367,1.377335548400879
1,10,17.09263253211975,-0.0004000663757324219,0.9998999834060669,0.9998999834060669,9.999999747378752e-05,9.999999747378752e-05,5.351121664047241,1.7969281673431396,11.74145221710205,1.9075794219970703,0.129288911819458,0.08351898193359375,1.3802244663238525
1,11,15.229703903198242,0.0,0.8999999761581421,0.699999988079071,0.5,0.20000000298023224,3.4825077056884766,1.2765138149261475,11.747161865234375,0.6011106967926025,0.11138916015625,0.07778501510620117,1.3755691051483154
1,12,15.30075740814209,0.0,0.8999999761581421,0.699999988079071,0.5,0.20000000298023224,3.476381301879883,1.2767248153686523,11.824343919754028,0.6023616790771484,0.11187601089477539,0.07726287841796875,1.3683197498321533
1,13,16.69068169593811,-0.0004000663757324219,0.9998999834060669,0.9998999834060669,9.999999747378752e-05,9.999999747378752e-05,4.8837339878082275,1.5151934623718262,11.806907176971436,1.7513370513916016,0.1135396957397461,0.07983708381652832,1.3811509609222412
1,14,16.65688419342041,-0.0004000663757324219,0.9998999834060669,9.999999747378752e-05,0.9998999834060669,9.999999747378752e-05,4.886520147323608,1.5116102695465088,11.770325899124146,1.7604475021362305,0.11365365982055664,0.07885146141052246,1.3791990280151367
1,15,16.663583517074585,-0.0004000663757324219,0.9998999834060669,9.999999747378752e-05,0.9998999834060669,9.999999747378752e-05,4.895279884338379,1.5184011459350586,11.768269300460815,1.756882905960083,0.11375975608825684,0.0801541805267334,1.3836278915405273
1,16,16.744441270828247,-0.0004000663757324219,0.9998999834060669,0.9998999834060669,9.999999747378752e-05,9.999999747378752e-05,4.901228666305542,1.528289794921875,11.843179702758789,1.7581002712249756,0.1139841079711914,0.07971906661987305,1.3786823749542236
1,17,15.236935138702393,0.0,0.8999999761581421,0.699999988079071,0.5,0.20000000298023224,3.4861562252044678,1.280005931854248,11.750741958618164,0.5984528064727783,0.11262750625610352,0.07816362380981445,1.3763792514801025
1,18,16.681268453598022,-0.0004000663757324219,0.9998999834060669,0.9998999834060669,9.999999747378752e-05,9.999999747378752e-05,4.880461692810059,1.5182981491088867,11.800771713256836,1.7508106231689453,0.11263489723205566,0.07975959777832031,1.377403736114502
1,19,15.755882024765015,-0.0004000663757324219,0.9998999834060669,9.999999747378752e-05,9.999999747378752e-05,0.9998999834060669,4.022419691085815,1.5030393600463867,11.733431816101074,0.9125635623931885,0.11320757865905762,0.07831907272338867,1.373067855834961
1,20,16.715742349624634,-0.0004000663757324219,0.9998999834060669,0.9998999834060669,9.999999747378752e-05,9.999999747378752e-05,4.885600566864014,1.5160424709320068,11.830107927322388,1.751023769378662,0.11406636238098145,0.07946658134460449,1.3824012279510498
1,21,16.63685631752014,-0.0004000663757324219,0.9998999834060669,0.9998999834060669,9.999999747378752e-05,9.999999747378752e-05,4.86889123916626,1.5051565170288086,11.767931938171387,1.7502222061157227,0.11372089385986328,0.07872319221496582,1.3791096210479736
1,22,16.720662593841553,-0.0004000663757324219,0.9998999834060669,9.999999747378752e-05,0.9998999834060669,9.999999747378752e-05,4.87415075302124,1.5056331157684326,11.846473455429077,1.755086898803711,0.11234688758850098,0.07886242866516113,1.3804306983947754
1,23,6.18743896484375,-0.0004000663757324219,0.9998999834060669,0.9998999834060669,9.999999747378752e-05,9.999999747378752e-05,4.89057993888855,1.5189330577850342,1.2968206405639648,1.7542221546173096,0.11404252052307129,0.07984280586242676,1.3811938762664795
1,24,6.18122673034668,-0.0004000663757324219,0.9998999834060669,0.9998999834060669,9.999999747378752e-05,9.999999747378752e-05,4.880408763885498,1.515523910522461,1.3007853031158447,1.7472748756408691,0.11387825012207031,0.07977294921875,1.3814823627471924
1,25,6.118826150894165,-0.0004000663757324219,0.9998999834060669,0.9998999834060669,9.999999747378752e-05,9.999999747378752e-05,4.882387399673462,1.5231449604034424,1.2364044189453125,1.7482688426971436,0.11376142501831055,0.0795583724975586,1.3756203651428223
1,26,6.269655227661133,-0.0004000663757324219,0.9998999834060669,0.9998999834060669,9.999999747378752e-05,9.999999747378752e-05,4.973607063293457,1.5017523765563965,1.2960147857666016,1.8704731464385986,0.1124112606048584,0.07787775993347168,1.3701808452606201
1,27,6.150651931762695,-0.0004000663757324219,0.9998999834060669,9.999999747378752e-05,0.9998999834060669,9.999999747378752e-05,4.88947606086731,1.5179827213287354,1.2611396312713623,1.7563140392303467,0.11477112770080566,0.07911896705627441,1.378537654876709
1,28,4.771603345870972,0.0,0.8999999761581421,0.699999988079071,0.5,0.20000000298023224,3.495800256729126,1.2841601371765137,1.275770902633667,0.5984640121459961,0.11313438415527344,0.07938909530639648,1.379532814025879
1,29,6.125602722167969,-0.0004000663757324219,0.9998999834060669,0.9998999834060669,9.999999747378752e-05,9.999999747378752e-05,4.876245737075806,1.514657974243164,1.2493236064910889,1.7495009899139404,0.11413264274597168,0.07935118675231934,1.376441478729248
1,30,6.346678733825684,-0.0004000663757324219,0.9998999834060669,0.9998999834060669,9.999999747378752e-05,9.999999747378752e-05,4.893827199935913,1.5246763229370117,1.4528191089630127,1.7511017322540283,0.11508750915527344,0.07979583740234375,1.3806161880493164
2,1,8.370143413543701,-4.115541458129883,0.9998999834060669,0.7420569062232971,0.9998999834060669,9.999999747378752e-05,7.123441934585571,1.6671278476715088,1.24666428565979,3.8332316875457764,0.1145029067993164,0.08071327209472656,1.3846659660339355
2,2,7.119846343994141,-1.466524887084961,0.9998999834060669,0.9450027346611023,9.999999747378752e-05,9.999999747378752e-05,5.793383598327637,1.657867193222046,1.3264267444610596,2.516500949859619,0.11479759216308594,0.08036398887634277,1.3809444904327393
2,3,7.113790988922119,-1.4509840250015258,0.9998999834060669,9.999999747378752e-05,0.9336811900138855,9.999999747378752e-05,5.846506357192993,1.6866917610168457,1.2672410011291504,2.541836977005005,0.11516046524047852,0.08027029037475586,1.380065679550171
2,4,8.600378274917603,-3.8717994689941406,0.9998999834060669,0.7860843539237976,0.7862328886985779,9.999999747378752e-05,7.321197509765625,1.662543773651123,1.2791409492492676,4.0380024909973145,0.11407995223999023,0.07994627952575684,1.383927345275879
2,5,8.933758974075317,-2.6161413192749023,0.9998999834060669,0.741803765296936,0.9998999834060669,9.999999747378752e-05,7.637790203094482,1.6608736515045166,1.2959344387054443,4.357863903045654,0.11423254013061523,0.08003783226013184,1.381896734237671
2,6,7.936500787734985,-4.416009902954102,0.9998999834060669,0.9998999834060669,0.48284482955932617,9.999999747378752e-05,6.597893476486206,1.664158582687378,1.3385722637176514,3.3061363697052,0.11591219902038574,0.08054733276367188,1.3881895542144775
2,7,7.885341167449951,-5.1837921142578125,0.9998999834060669,0.6579522490501404,0.8110977411270142,9.999999747378752e-05,6.629579782485962,1.6593406200408936,1.2557239532470703,3.3472704887390137,0.11532974243164062,0.07960176467895508,1.3852579593658447
2,8,8.177681684494019,-2.2939562797546387,0.9998999834060669,0.2356475591659546,0.9998999834060669,9.999999747378752e-05,6.9178431034088135,1.6690573692321777,1.2597980499267578,3.6278109550476074,0.11460733413696289,0.08101224899291992,1.3823540210723877
2,9,8.197511672973633,-4.5005998611450195,0.9998999834060669,0.9998999834060669,0.9998999834060669,9.999999747378752e-05,6.950854778289795,1.6576175689697266,1.2466163635253906,3.671226739883423,0.11412358283996582,0.08014607429504395,1.384786605834961
2,10,9.326826572418213,-1.5017995834350586,0.9998999834060669,0.9998999834060669,0.9998999834060669,9.999999747378752e-05,8.034987211227417,1.6606981754302979,1.2918074131011963,4.750516891479492,0.11536765098571777,0.0809013843536377,1.3833348751068115
2,11,7.213214635848999,-5.53035306930542,0.9998999834060669,0.742020845413208,0.4816700518131256,9.999999747378752e-05,5.933404207229614,1.657102108001709,1.279771089553833,2.6597564220428467,0.11413264274597168,0.07944083213806152,1.3804526329040527
2,12,8.060818910598755,-4.279099941253662,0.9998999834060669,0.8388485312461853,0.5046874284744263,9.999999747378752e-05,6.743791580200195,1.674098253250122,1.3169939517974854,3.445427894592285,0.11600899696350098,0.08062338829040527,1.3841817378997803
2,13,8.236524105072021,-2.2939529418945312,0.9998999834060669,0.9998999834060669,0.23495374619960785,9.999999747378752e-05,6.921953916549683,1.6970162391662598,1.3145310878753662,3.6076605319976807,0.11381340026855469,0.08043098449707031,1.3807034492492676
2,14,7.86971640586853,-4.416008949279785,0.9998999834060669,0.9998999834060669,0.48170527815818787,9.999999747378752e-05,6.597774505615234,1.671694040298462,1.271902084350586,3.3045899868011475,0.11422061920166016,0.08065652847290039,1.383657455444336
2,16,8.600583553314209,-3.8717994689941406,0.9998999834060669,0.7867449522018433,0.7851223945617676,9.999999747378752e-05,7.286249160766602,1.658970594406128,1.314293384552002,4.008649587631226,0.11390948295593262,0.08092045783996582,1.3803057670593262
2,17,7.664105653762817,-3.793454647064209,0.9998999834060669,0.9998999834060669,0.2335815727710724,9.999999747378752e-05,6.2688024044036865,1.6601827144622803,1.3952713012695312,2.9824795722961426,0.11405014991760254,0.08022451400756836,1.3893215656280518
2,18,8.379895210266113,-4.115541458129883,0.9998999834060669,0.7420057058334351,0.9998999834060669,9.999999747378752e-05,7.083849668502808,1.6699910163879395,1.296010971069336,3.7914562225341797,0.11511373519897461,0.08117890357971191,1.3825287818908691
2,19,8.326353073120117,-4.5005998611450195,0.9998999834060669,0.9998999834060669,0.9998999834060669,9.999999747378752e-05,6.982771873474121,1.6679129600524902,1.3435406684875488,3.6954457759857178,0.11473917961120605,0.08040499687194824,1.3806428909301758
2,20,7.683406829833984,-3.5108479022979737,0.9998999834060669,0.2938680350780487,0.7041489481925964,9.999999747378752e-05,6.357151985168457,1.675363540649414,1.3262226581573486,3.067110061645508,0.1138911247253418,0.0798187255859375,1.3786845207214355
2,21,7.552786350250244,-3.5136685371398926,0.9998999834060669,0.2684801518917084,0.7923642992973328,9.999999747378752e-05,6.286616802215576,1.6585712432861328,1.266136646270752,3.0070858001708984,0.11519789695739746,0.08050251007080078,1.3827435970306396
2,22,7.37767481803894,-3.715693473815918,0.9998999834060669,0.245194211602211,0.8788514137268066,9.999999747378752e-05,6.117791652679443,1.6639409065246582,1.2598438262939453,2.838451623916626,0.1135704517364502,0.08020877838134766,1.3783683776855469
2,23,7.419624328613281,-3.715693473815918,0.9998999834060669,0.24519462883472443,0.8788512945175171,9.999999747378752e-05,6.153835773468018,1.6639013290405273,1.2657551765441895,2.8766915798187256,0.11420249938964844,0.08002114295959473,1.376368522644043
2,24,8.412650346755981,-2.9166088104248047,0.9998999834060669,0.4818272590637207,0.9998999834060669,9.999999747378752e-05,7.166422605514526,1.664583683013916,1.2461955547332764,3.882323741912842,0.11418485641479492,0.08028960227966309,1.382267713546753
2,25,8.941880226135254,-2.6161413192749023,0.9998999834060669,0.9998999834060669,0.7420092821121216,9.999999747378752e-05,7.672940492630005,1.6958789825439453,1.2688994407653809,4.3576037883758545,0.11379599571228027,0.0805971622467041,1.3825104236602783
2,26,7.0157318115234375,-1.460777759552002,0.9998999834060669,0.9505274295806885,9.999999747378752e-05,9.999999747378752e-05,5.7543323040008545,1.6563568115234375,1.2613654136657715,2.476273775100708,0.11400341987609863,0.07938885688781738,1.3857824802398682
2,27,7.592713117599487,-3.7933545112609863,0.9998999834060669,0.9998999834060669,0.2352461963891983,9.999999747378752e-05,6.2881715297698975,1.6794722080230713,1.3045079708099365,2.989575147628784,0.11496806144714355,0.08031034469604492,1.3808767795562744
2,28,7.38007664680481,-4.838960647583008,0.9998999834060669,0.5450828075408936,0.5450822114944458,9.999999747378752e-05,6.070656776428223,1.6599628925323486,1.3093876838684082,2.795501708984375,0.11385631561279297,0.08019328117370605,1.3787250518798828
2,29,6.181805372238159,-0.0004000663757324219,0.9998999834060669,0.9998999834060669,9.999999747378752e-05,9.999999747378752e-05,4.9061853885650635,1.5350704193115234,1.2755870819091797,1.7523386478424072,0.11390948295593262,0.08032631874084473,1.3816306591033936
2,30,8.113842010498047,-4.5005998611450195,0.9998999834060669,0.9998999834060669,0.9998999834060669,9.999999747378752e-05,6.839702129364014,1.668466329574585,1.274104118347168,3.5460031032562256,0.11550641059875488,0.08111023902893066,1.385087490081787
3,2,9.767722845077515,-13.590290069580078,0.9998999834060669,0.5869120359420776,0.5754249691963196,9.999999747378752e-05,8.464249610900879,1.802321434020996,1.3034336566925049,5.044188737869263,0.11440396308898926,0.08032608032226562,1.3804121017456055
3,3,7.367919206619263,-3.715693473815918,0.9998999834060669,0.8788641691207886,0.24532976746559143,9.999999747378752e-05,6.081087112426758,1.6630094051361084,1.2867941856384277,2.8005001544952393,0.11484670639038086,0.08017730712890625,1.3798704147338867
3,4,9.755102634429932,-16.267637252807617,0.9998999834060669,0.7116039991378784,0.6897638440132141,9.999999747378752e-05,8.44028091430664,1.8345363140106201,1.3147876262664795,4.981308698654175,0.11505460739135742,0.08104872703552246,1.3856854438781738
3,5,10.32429552078247,-15.114771842956543,0.9998999834060669,0.7421149015426636,0.6831232905387878,9.999999747378752e-05,9.066720247268677,1.8169889450073242,1.2575416564941406,5.630515813827515,0.11441445350646973,0.07972979545593262,1.38250732421875
3,6,8.173657417297363,-14.473068237304688,0.5334699749946594,0.9998999834060669,0.602035641670227,9.999999747378752e-05,6.931918144226074,1.7867398262023926,1.2417049407958984,3.5300352573394775,0.1144869327545166,0.08002591133117676,1.378563404083252
3,7,8.759459733963013,-11.447051048278809,0.9998999834060669,0.8968063592910767,0.23259396851062775,9.999999747378752e-05,7.40205454826355,1.8041188716888428,1.357365608215332,3.97835111618042,0.11354970932006836,0.08041095733642578,1.3829877376556396
3,8,9.6390860080719,-16.136783599853516,0.9998999834060669,0.6143242120742798,0.7134985327720642,9.999999747378752e-05,8.326529741287231,1.805891752243042,1.3125207424163818,4.895790100097656,0.11384129524230957,0.08006000518798828,1.3882863521575928
3,9,10.11244797706604,-15.159940719604492,0.9998999834060669,0.8873504996299744,0.5373311638832092,9.999999747378752e-05,8.840117931365967,1.8092575073242188,1.2722926139831543,5.410149097442627,0.1144704818725586,0.08119606971740723,1.3822689056396484
3,10,9.207659721374512,-13.131378364562988,0.9998999834060669,0.5639849901199341,0.4821168780326843,9.999999747378752e-05,7.933681964874268,1.7979888916015625,1.2739450931549072,4.513449192047119,0.11548042297363281,0.08034658432006836,1.3842535018920898
3,11,9.217190742492676,-10.367880821228027,0.9998999834060669,0.2644740045070648,0.7636207342147827,9.999999747378752e-05,7.887371301651001,1.8264679908752441,1.3297851085662842,4.438352108001709,0.11519408226013184,0.08116507530212402,1.383423089981079
3,12,9.135219812393188,-14.56058464050293,0.9998999834060669,0.6245877146720886,0.5127593874931335,9.999999747378752e-05,7.787946701049805,1.800828456878662,1.3472316265106201,4.36787486076355,0.11442327499389648,0.08068966865539551,1.3813683986663818
3,13,9.94356632232666,-14.776371002197266,0.9998999834060669,0.9998999834060669,0.46907734870910645,9.999999747378752e-05,8.64548635482788,1.7978975772857666,1.2980401515960693,5.231260776519775,0.11376523971557617,0.08001422882080078,1.379758596420288
3,14,9.409350872039795,-13.234288501739503,0.9998999834060669,0.7364447712898254,0.3878292143344879,9.999999747378752e-05,8.151506662368774,1.811753273010254,1.2578034400939941,4.720430135726929,0.11328625679016113,0.08102726936340332,1.3825428485870361
3,15,9.281560182571411,-11.924212074279785,0.9998999834060669,0.8080155849456787,0.3204878270626068,9.999999747378752e-05,8.002447843551636,1.8028342723846436,1.2790796756744385,4.575627326965332,0.11519527435302734,0.08154749870300293,1.384390115737915
3,16,9.338642120361328,-12.607701301574707,0.9998999834060669,0.5737825036048889,0.5145227313041687,9.999999747378752e-05,8.07290768623352,1.808887004852295,1.2656996250152588,4.645167589187622,0.11437821388244629,0.08096742630004883,1.3811631202697754
3,17,10.159525632858276,-15.221895217895508,0.9998999834060669,0.5727430582046509,0.9341422915458679,9.999999747378752e-05,8.850850343704224,1.7978160381317139,1.308633804321289,5.4311487674713135,0.11330008506774902,0.07944917678833008,1.386155366897583
3,18,9.220701456069946,-12.802534580230713,0.9998999834060669,0.7327826023101807,0.3911380469799042,9.999999747378752e-05,7.859508991241455,1.7976315021514893,1.3611602783203125,4.442412614822388,0.11376786231994629,0.08035635948181152,1.3829119205474854
3,19,8.999300003051758,-15.114851379394532,0.9998999834060669,0.7030985951423645,0.459757536649704,9.999999747378752e-05,7.703144073486328,1.8144416809082031,1.2961225509643555,4.266414403915405,0.1148078441619873,0.08093476295471191,1.3840374946594238
3,20,9.630846977233887,-14.69495325088501,0.9998999834060669,0.5596067905426025,0.649884819984436,9.999999747378752e-05,8.303325414657593,1.8116304874420166,1.3274877071380615,4.868469953536987,0.11522889137268066,0.08086943626403809,1.3847265243530273
3,21,8.067253112792969,-15.497910499572754,0.8718932867050171,0.4809482991695404,0.7231395244598389,9.999999747378752e-05,6.788308620452881,1.797661542892456,1.2789099216461182,3.371628522872925,0.1139364242553711,0.07980489730834961,1.383061170578003
3,22,10.39720869064331,-20.862059020996092,0.9998999834060669,0.8147745728492737,0.6745728850364685,0.05676264315843582,9.102227687835693,1.8154516220092773,1.2949461936950684,5.662652015686035,0.11422967910766602,0.080780029296875,1.3869988918304443
3,23,8.229856014251709,-4.528374481201172,0.9998999834060669,0.7145571708679199,0.6312044858932495,9.999999747378752e-05,6.967367887496948,1.6631639003753662,1.262453317642212,3.6841187477111816,0.11403322219848633,0.08041954040527344,1.3830974102020264
3,24,10.332823991775513,-18.952231407165527,0.9998999834060669,0.8062371015548706,0.5394072532653809,0.06322336196899414,9.062545537948608,1.8055591583251953,1.2702441215515137,5.635012626647949,0.11365294456481934,0.08046770095825195,1.3854906558990479
3,25,7.00163197517395,-7.445206642150879,0.2901068925857544,0.9998999834060669,0.281931072473526,9.999999747378752e-05,5.742981672286987,1.795734167098999,1.2586169242858887,2.329150676727295,0.11371731758117676,0.07967162132263184,1.3818726539611816
3,26,8.142198324203491,-2.916609764099121,0.9998999834060669,0.9998999834060669,9.999999747378752e-05,0.48181653022766113,6.847135305404663,1.6718311309814453,1.2950243949890137,3.5537314414978027,0.11523723602294922,0.08103799819946289,1.3825078010559082
3,27,9.707003593444824,-21.595566940307616,0.9998999834060669,0.7407563924789429,0.5756834149360657,0.08040303736925125,8.420083045959473,1.8045356273651123,1.2868869304656982,4.995107173919678,0.11418366432189941,0.08046984672546387,1.383375644683838
3,28,10.814495325088501,-15.907443618774414,0.9998999834060669,0.7382386326789856,0.9501048922538757,9.999999747378752e-05,9.532814979553223,1.8045117855072021,1.2816400527954102,6.109997034072876,0.11424517631530762,0.08041834831237793,1.3808941841125488
3,29,8.82696533203125,-7.381397914886475,0.5235913395881653,0.9998999834060669,0.9998999834060669,0.43477925658226013,7.388934850692749,1.6842904090881348,1.4379913806915283,4.080800533294678,0.1144564151763916,0.0808408260345459,1.385300636291504
3,30,9.990808725357056,-14.888866806030274,0.9998999834060669,0.48341548442840576,0.7757097482681274,9.999999747378752e-05,8.73287844657898,1.8167927265167236,1.2578942775726318,5.2934956550598145,0.11377739906311035,0.08095526695251465,1.3852994441986084
4,1,11.156027793884277,-45.55668144226074,0.9998999834060669,0.4744735360145569,0.4804638624191284,0.08949609845876694,9.869045972824097,1.9518651962280273,1.2869470119476318,5.296689510345459,0.11394810676574707,0.08110165596008301,2.3828115463256836
4,2,9.722232818603516,-33.47080307006836,0.845012903213501,0.5528921484947205,0.5152162313461304,9.999999747378752e-05,8.277997970581055,1.9624218940734863,1.4441936016082764,4.696666955947876,0.11374831199645996,0.08063077926635742,1.3820221424102783
4,3,11.137271642684937,-37.42217178344727,0.9998999834060669,0.4778822660446167,0.6171387434005737,9.999999747378752e-05,9.872472286224365,1.960160255432129,1.2647600173950195,6.291368722915649,0.11347103118896484,0.08027958869934082,1.3840405941009521
4,4,11.705788612365723,-50.17367782592773,0.9998999834060669,0.4853839874267578,0.6836584806442261,0.031455688178539276,10.407972574234009,1.9593980312347412,1.2977778911590576,6.8286168575286865,0.11376142501831055,0.08146142959594727,1.3812732696533203
4,5,12.415717363357544,-48.53512687683106,0.9639144539833069,0.6469936370849609,0.7369527220726013,9.999999747378752e-05,11.155025959014893,1.9472630023956299,1.2606561183929443,7.286372661590576,0.1137993335723877,0.08042144775390625,1.6844887733459473
4,6,10.818898677825928,-42.929700469970705,0.9492510557174683,0.5250141620635986,0.7151733636856079,9.999999747378752e-05,9.491122961044312,1.9647533893585205,1.3277344703674316,5.896969795227051,0.11608695983886719,0.08288860321044922,1.3874642848968506
4,7,11.30269193649292,-42.31549835205078,0.9998999834060669,0.5387474298477173,0.6613637208938599,9.999999747378752e-05,10.060067415237427,1.9701097011566162,1.2425894737243652,6.465768814086914,0.11433219909667969,0.08098292350769043,1.3855633735656738
4,8,10.500923871994019,-47.20590362548828,0.9998999834060669,0.5364842414855957,0.536293625831604,0.04574405401945114,9.24598240852356,1.9698045253753662,1.2549042701721191,5.6561338901519775,0.11460661888122559,0.08021068572998047,1.3826720714569092
4,9,13.022952318191528,-55.58758888244629,0.9998999834060669,0.684378445148468,0.7481188178062439,0.03734305873513222,11.734268426895142,1.9836571216583252,1.2886488437652588,8.12216329574585,0.11454010009765625,0.08136773109436035,1.389176607131958
4,10,11.357990980148315,-40.05188903808594,0.9998999834060669,0.48658695816993713,0.6958702802658081,9.999999747378752e-05,10.081398963928223,1.9590420722961426,1.2765533924102783,6.496267557144165,0.11624526977539062,0.08062982559204102,1.3863739967346191
4,11,11.338739156723022,-38.75133857727051,0.9998999834060669,0.5674777626991272,0.5479721426963806,9.999999747378752e-05,10.083053827285767,1.955308437347412,1.2556447982788086,6.502788543701172,0.11449646949768066,0.08178853988647461,1.3857755661010742
4,12,11.154234409332275,-33.503282928466795,0.9998999834060669,0.43106546998023987,0.6074680089950562,9.999999747378752e-05,9.858545780181885,1.949880599975586,1.2956557273864746,6.288623571395874,0.11443424224853516,0.08032345771789551,1.3822383880615234
4,13,12.766948461532593,-42.646396255493165,0.9998999834060669,0.7811538577079773,0.5183104872703552,9.999999747378752e-05,11.488411903381348,1.957442045211792,1.2784976959228516,7.906064033508301,0.11413431167602539,0.08165740966796875,1.3857886791229248
4,14,11.620310544967651,-37.92556381225586,0.9998999834060669,0.7056097984313965,0.4579754173755646,9.999999747378752e-05,10.35961127281189,1.9684128761291504,1.2606642246246338,6.768653869628906,0.11453032493591309,0.08016252517700195,1.385322093963623
4,15,10.69963526725769,-44.91446075439453,0.9998999834060669,0.3211914002895355,0.7101191878318787,0.08248294144868851,9.377615928649902,1.9547572135925293,1.3219785690307617,5.802095413208008,0.11441469192504883,0.0800783634185791,1.3840398788452148
4,16,11.159499883651733,-38.16287269592285,0.9998999834060669,0.6130002737045288,0.5247914791107178,9.999999747378752e-05,9.93857192993164,1.9377315044403076,1.2208952903747559,6.380450963973999,0.11392402648925781,0.07935762405395508,1.384669542312622
4,17,10.846380233764648,-38.6244255065918,0.9998999834060669,0.4207996129989624,0.5685654878616333,0.037335943430662155,9.537444114685059,1.9463014602661133,1.3089029788970947,5.9680867195129395,0.11412811279296875,0.08054780960083008,1.3859808444976807
4,18,10.663779497146606,-19.455156517028808,0.9998999834060669,0.6192502379417419,0.9751636385917664,0.05009119212627411,9.373493194580078,1.8032567501068115,1.290252447128296,5.945577144622803,0.11521506309509277,0.08093762397766113,1.3854749202728271
4,19,10.522999048233032,-35.89404411315918,0.9998999834060669,0.4680010974407196,0.5753173232078552,9.999999747378752e-05,9.254511594772339,1.9670586585998535,1.2684473991394043,5.668043613433838,0.11441659927368164,0.07972836494445801,1.3829014301300049
4,20,9.936464071273804,-43.22786254882813,0.7977431416511536,0.7022015452384949,0.6164405345916748,9.999999747378752e-05,8.68023681640625,1.9598379135131836,1.2561891078948975,5.103020906448364,0.1141974925994873,0.08071565628051758,1.3798305988311768
4,21,10.172040700912476,-36.30053062438965,0.9998999834060669,0.4382472336292267,0.6397128701210022,9.999999747378752e-05,8.843051671981812,1.966468095779419,1.328951120376587,5.25507664680481,0.11484169960021973,0.08235430717468262,1.380845308303833
4,22,11.261849641799927,-38.6296989440918,0.9998999834060669,0.46639561653137207,0.6572186946868896,9.999999747378752e-05,9.895003080368042,1.9682095050811768,1.3668079376220703,6.300086975097656,0.11595726013183594,0.08073782920837402,1.387760877609253
4,23,9.99550747871399,-38.48197937011719,0.9372660517692566,0.6327171921730042,0.495175302028656,9.999999747378752e-05,8.648552656173706,1.949756145477295,1.346921682357788,5.07707405090332,0.11403679847717285,0.08176493644714355,1.38252854347229
4,24,11.621709823608398,-54.28239784240723,0.9998999834060669,0.644850492477417,0.6136959195137024,0.02767196297645569,10.289498805999756,1.9614951610565186,1.33217191696167,6.701426982879639,0.11529326438903809,0.08148908615112305,1.386821985244751
4,25,12.044500827789307,-61.2145492553711,0.9998999834060669,0.6904345154762268,0.610454797744751,0.06556753069162369,10.736777782440186,1.945624828338623,1.3076896667480469,7.166859149932861,0.11436009407043457,0.08188533782958984,1.3848598003387451
4,26,14.112576484680176,-44.57469444274902,0.9998999834060669,0.6684776544570923,0.7035557627677917,9.999999747378752e-05,12.785577774047852,1.9616668224334717,1.3269579410552979,9.198772430419922,0.11455869674682617,0.08118176460266113,1.3864357471466064
4,27,12.544223308563232,-43.418022537231444,0.9998999834060669,0.5268702507019043,0.740408718585968,9.999999747378752e-05,11.257637739181519,1.9635822772979736,1.286550760269165,7.6698243618011475,0.1147010326385498,0.08159494400024414,1.3852522373199463
4,28,13.27260446548462,-54.796613693237305,0.9998999834060669,0.6430278420448303,0.6876206398010254,0.04828837513923645,11.935738325119019,1.9589877128601074,1.336829662322998,8.349045276641846,0.11457562446594238,0.08218550682067871,1.3875763416290283
4,29,12.357448101043701,-50.573157501220706,0.9998999834060669,0.7037177681922913,0.5590883493423462,0.030575985088944435,11.057786226272583,1.9539718627929688,1.2996275424957275,7.481871128082275,0.11386871337890625,0.08062243461608887,1.3849811553955078
4,30,11.813335180282593,-44.59354934692383,0.9998999834060669,0.7230197787284851,0.5330337285995483,0.02848554402589798,10.513237714767456,1.9468507766723633,1.3000555038452148,6.9411704540252686,0.11449480056762695,0.08158016204833984,1.386113166809082
5,1,12.654574632644653,-102.65460891723633,0.9998999834060669,0.5768848061561584,0.5772472023963928,9.999999747378752e-05,11.382298469543457,2.097322702407837,1.272242546081543,7.664359092712402,0.11396265029907227,0.08089685440063477,1.3833205699920654
5,2,14.492389917373657,-109.47471160888672,0.9998999834060669,0.6728081703186035,0.5320892333984375,9.999999747378752e-05,13.193014144897461,2.0964386463165283,1.299339771270752,9.471470594406128,0.11553764343261719,0.08112287521362305,1.3857982158660889
5,3,14.367050886154175,-112.56853637695312,0.9998999834060669,0.524735689163208,0.6920996904373169,9.999999747378752e-05,13.043155431747437,2.102306604385376,1.3238554000854492,9.317988395690918,0.11380553245544434,0.0810701847076416,1.3855490684509277
5,4,12.953105688095093,-119.3404769897461,0.9998999834060669,0.5414944887161255,0.5163841247558594,0.0714912861585617,11.624770641326904,2.0913519859313965,1.3282928466796875,7.908007621765137,0.11414146423339844,0.08103823661804199,1.388023853302002
5,5,13.712675094604492,-96.77168579101563,0.9998999834060669,0.5985211730003357,0.5102425813674927,9.999999747378752e-05,12.410758018493652,2.0861732959747314,1.3018786907196045,8.6990065574646,0.11358070373535156,0.08042740821838379,1.388944387435913
5,6,13.908316373825073,-131.9300064086914,0.9893806576728821,0.6537085175514221,0.6239502429962158,0.046130768954753876,12.618557929992676,2.089893102645874,1.2897181510925293,8.905486345291138,0.11488533020019531,0.08094906806945801,1.385051965713501
5,7,14.431328773498535,-95.99491348266602,0.9998999834060669,0.5807154774665833,0.5352248549461365,9.999999747378752e-05,13.137755393981934,2.132106304168701,1.2935383319854736,9.379755735397339,0.11568808555603027,0.08116412162780762,1.3865013122558594
5,8,13.970153331756592,-123.48116836547851,0.9126330614089966,0.7260898351669312,0.6069539189338684,9.999999747378752e-05,12.654993057250977,2.085771322250366,1.3151180744171143,8.943474292755127,0.1135258674621582,0.08065915107727051,1.3886127471923828
5,9,13.972096681594849,-138.33133392333986,0.9998999834060669,0.5897616147994995,0.5343320965766907,0.0721319168806076,12.737474918365479,2.0865225791931152,1.2345824241638184,9.028294086456299,0.11399412155151367,0.08096814155578613,1.3855390548706055
5,10,13.390742540359497,-92.78530578613281,0.9998999834060669,0.4851137399673462,0.6078506112098694,9.999999747378752e-05,12.08382248878479,2.083982467651367,1.306884527206421,8.373549938201904,0.11445021629333496,0.07995915412902832,1.3895258903503418
5,11,15.060234546661377,-98.46086273193359,0.9998999834060669,0.4840511977672577,0.6868764758110046,9.999999747378752e-05,13.82480239868164,2.111440896987915,1.2353992462158203,10.085217237472534,0.11495661735534668,0.08199739456176758,1.3883697986602783
5,12,12.304317235946655,-137.30972290039062,0.9752802848815918,0.5240302085876465,0.5854935050010681,0.07346026599407196,11.033447027206421,2.0866146087646484,1.2708358764648438,7.3224711418151855,0.11420297622680664,0.08044815063476562,1.3869824409484863
5,13,14.60336709022522,-121.06568756103516,0.9998999834060669,0.5364063382148743,0.6792402267456055,0.02059120498597622,13.313416242599487,2.1008706092834473,1.2899088859558105,9.58446216583252,0.11383700370788574,0.08105993270874023,1.3905596733093262
5,14,11.911806344985962,-117.49821624755859,0.9496987462043762,0.6263566613197327,0.4885402321815491,0.0656774640083313,10.645809173583984,2.0894155502319336,1.2659578323364258,6.931506156921387,0.11398601531982422,0.0807802677154541,1.387955665588379
5,15,14.628255367279053,-102.6798713684082,0.9998999834060669,0.6275758743286133,0.5282861590385437,9.999999747378752e-05,13.267210960388184,2.177241563796997,1.3610117435455322,7.880418300628662,0.11416077613830566,0.09127998352050781,2.9615402221679688
5,16,15.082309246063232,-109.71949996948243,0.9998999834060669,0.5696011185646057,0.64066082239151,9.999999747378752e-05,13.774125814437866,2.0842411518096924,1.308149814605713,10.062254190444946,0.11415839195251465,0.08043527603149414,1.3911199569702148
5,17,14.387242317199707,-121.31736831665039,0.9998999834060669,0.6205516457557678,0.6400313377380371,9.999999747378752e-05,13.062593221664429,2.083387613296509,1.3246169090270996,9.360855340957642,0.11341047286987305,0.08021020889282227,1.3830270767211914
5,18,12.650301933288574,-107.68818893432618,0.8909912109375,0.6435081362724304,0.5772230625152588,9.999999747378752e-05,11.320454120635986,2.096848487854004,1.3298134803771973,7.598284959793091,0.11420559883117676,0.0810689926147461,1.3876943588256836
5,19,14.45696759223938,-145.52149200439453,0.9998999834060669,0.5748841762542725,0.6331797242164612,0.07048074156045914,13.183993816375732,2.0873379707336426,1.2729382514953613,9.47034740447998,0.11435627937316895,0.08065915107727051,1.3886003494262695
5,20,15.061658143997192,-147.19879455566405,0.9998999834060669,0.5949314832687378,0.6728607416152954,0.03778383508324623,13.679678916931152,2.097449541091919,1.3819432258605957,9.95633053779602,0.11443543434143066,0.08225846290588379,1.386458158493042
5,21,14.11968994140625,-101.87393264770508,0.9998999834060669,0.6042208075523376,0.5444238781929016,9.999999747378752e-05,12.857923984527588,2.085320234298706,1.2617247104644775,9.144522190093994,0.11422181129455566,0.08104681968688965,1.3898305892944336
5,22,13.463591575622559,-137.36034088134767,0.9998999834060669,0.612302303314209,0.49055153131484985,0.08032883703708649,12.081347942352295,2.087750196456909,1.3822078704833984,8.367779016494751,0.11432862281799316,0.08136868476867676,1.387183427810669
5,23,12.797159433364868,-115.46772384643555,0.9650613069534302,0.6338586211204529,0.5713167786598206,0.02527775801718235,11.557121992111206,2.0984513759613037,1.2400047779083252,7.834905624389648,0.11477875709533691,0.08051037788391113,1.3859608173370361
5,24,14.935809135437012,-125.95405883789063,0.9960835576057434,0.7246052622795105,0.5791423320770264,9.999999747378752e-05,13.566132307052612,2.086611032485962,1.3696420192718506,9.854963064193726,0.1141664981842041,0.08025312423706055,1.3877179622650146
5,25,17.825826168060303,-149.51925811767578,0.9998999834060669,0.7330814599990845,0.6284569501876831,0.03583778813481331,16.557228565216064,2.0978574752807617,1.2685627937316895,12.832781553268433,0.1137089729309082,0.08113908767700195,1.3894431591033936
5,26,13.940642595291138,-136.7047317504883,0.9388895630836487,0.6893126368522644,0.6630926132202148,0.05301422253251076,12.631707906723022,2.08731746673584,1.3089015483856201,8.91762661933899,0.1138453483581543,0.08102035522460938,1.3897197246551514
5,27,14.693012475967407,-104.84253845214843,0.9998999834060669,0.6198533773422241,0.5492090582847595,9.999999747378752e-05,13.474361419677734,2.127877712249756,1.2186088562011719,9.721809387207031,0.11420440673828125,0.081817626953125,1.3861756324768066
5,28,15.17970585823059,-118.03507537841797,0.9998999834060669,0.6290578246116638,0.630599856376648,9.999999747378752e-05,13.932756662368774,2.106942653656006,1.2469086647033691,10.193813562393188,0.1147921085357666,0.08124279975891113,1.3926892280578613
5,29,14.799058198928833,-131.3831588745117,0.9998999834060669,0.6370477676391602,0.5320993661880493,0.04847219958901405,13.47548222541809,2.118427038192749,1.3235313892364502,9.735030889511108,0.11409568786621094,0.08092403411865234,1.3844473361968994
5,30,14.535191535949707,-96.19269332885742,0.9998999834060669,0.470483660697937,0.6189925670623779,9.999999747378752e-05,13.231012344360352,2.095795154571533,1.3041462898254395,9.511023759841919,0.11452174186706543,0.08103609085083008,1.3857839107513428
6,1,9.699371337890625,-16.42428321838379,0.9998999834060669,0.7394697070121765,0.6031586527824402,9.999999747378752e-05,8.372334241867065,1.8053324222564697,1.3269948959350586,4.944609880447388,0.11461734771728516,0.08054661750793457,1.3841314315795898
6,2,10.890675067901611,-23.308577728271484,0.9998999834060669,0.4641425907611847,0.34258243441581726,9.999999747378752e-05,9.580361366271973,1.944624900817871,1.3102753162384033,6.019504070281982,0.11417675018310547,0.08005189895629883,1.3794686794281006
6,3,10.715134382247925,-14.360455989837646,0.9998999834060669,0.45007142424583435,0.9998999834060669,9.999999747378752e-05,9.449084520339966,1.832230567932129,1.2660081386566162,5.990647792816162,0.11550045013427734,0.08145976066589355,1.386317253112793
6,4,10.509886264801025,-16.854210090637206,0.8076889514923096,0.9667639136314392,0.5866542458534241,9.999999747378752e-05,9.268675327301025,1.829709768295288,1.2411746978759766,5.814794540405273,0.11533975601196289,0.08225822448730469,1.3830680847167969
6,5,10.103114604949951,-27.08432731628418,0.9998999834060669,0.3329409956932068,0.5237457156181335,9.999999747378752e-05,8.769447326660156,1.9464445114135742,1.3336248397827148,5.200754642486572,0.11410379409790039,0.08041858673095703,1.3852226734161377
6,6,10.896932363510132,-26.590451812744142,0.9998999834060669,0.4726027846336365,0.3879493176937103,9.999999747378752e-05,9.613154172897339,1.9591116905212402,1.2837421894073486,6.033215284347534,0.11396098136901855,0.08060431480407715,1.3835792541503906
6,7,9.307007312774658,-21.306355285644532,0.8520904779434204,0.7760302424430847,0.6212612986564636,0.06227410212159157,7.944907903671265,1.8009123802185059,1.3620667457580566,4.52578330039978,0.11344742774963379,0.0803537368774414,1.3822228908538818
6,8,10.433645009994507,-27.823353576660157,0.9998999834060669,0.42490455508232117,0.4306907653808594,9.999999747378752e-05,8.899204015731812,1.95451021194458,1.5344059467315674,5.323469638824463,0.11641240119934082,0.08045411109924316,1.3813247680664062
6,9,9.811287879943848,-24.468730926513672,0.9998999834060669,0.3688776195049286,0.4368297755718231,9.999999747378752e-05,8.55384087562561,1.9464750289916992,1.2574059963226318,4.988813638687134,0.11529040336608887,0.08041095733642578,1.3805136680603027
6,10,9.769355058670044,-25.681647491455077,0.9998999834060669,0.43890905380249023,0.3859041929244995,9.999999747378752e-05,8.486256122589111,1.9587469100952148,1.2830634117126465,4.90333104133606,0.11393547058105469,0.08079886436462402,1.3865582942962646
6,11,9.894699573516846,-28.54681396484375,0.9998999834060669,0.4309127628803253,0.43975672125816345,9.999999747378752e-05,8.57790470123291,1.9587385654449463,1.3167569637298584,4.999907970428467,0.11411070823669434,0.08159828186035156,1.3807158470153809
6,12,11.620865106582642,-16.670637130737305,0.9638612866401672,0.6947029829025269,0.6825868487358093,9.999999747378752e-05,10.290529012680054,1.8067660331726074,1.3303008079528809,6.861856698989868,0.11438941955566406,0.08200788497924805,1.3823895454406738
6,13,9.970219850540161,-22.565248489379883,0.9998999834060669,0.7694376707077026,0.5116779804229736,0.11231458932161331,8.65101170539856,1.8020260334014893,1.319169521331787,5.2275919914245605,0.11382579803466797,0.0805196762084961,1.384913682937622
6,14,9.776176929473877,-24.49226779937744,0.9998999834060669,0.5108597874641418,0.31018951535224915,9.999999747378752e-05,8.469908475875854,1.9462013244628906,1.3062210083007812,4.901943922042847,0.11472511291503906,0.08105635643005371,1.3827533721923828
6,15,10.429170846939087,-15.672811031341553,0.8824236989021301,0.9998999834060669,0.4908851385116577,9.999999747378752e-05,9.146219968795776,1.774235486984253,1.282905101776123,5.752441167831421,0.11206579208374023,0.07887959480285645,1.3869547843933105
6,16,10.883911848068237,-25.334761238098146,0.9998999834060669,0.43457913398742676,0.40777501463890076,9.999999747378752e-05,9.616533756256104,1.9541571140289307,1.2673430442810059,6.031468629837036,0.1157081127166748,0.08191561698913574,1.3900842666625977
6,17,10.045807123184204,-26.160173988342287,0.9998999834060669,0.4512707591056824,0.39774274826049805,9.999999747378752e-05,8.763479948043823,1.9515619277954102,1.2822914123535156,5.194079637527466,0.11446452140808105,0.08022046089172363,1.379997730255127
6,18,9.978845357894897,-28.488755416870116,0.9070675373077393,0.45173701643943787,0.4757615625858307,9.999999747378752e-05,8.693734407424927,1.9777326583862305,1.2850720882415771,5.093394994735718,0.11444759368896484,0.08141779899597168,1.3844974040985107
6,19,12.453881740570068,-21.973499298095703,0.9998999834060669,0.35208606719970703,0.45431309938430786,9.999999747378752e-05,11.130306243896484,1.953770399093628,1.3235366344451904,7.555229425430298,0.11445093154907227,0.08132815361022949,1.3825700283050537
6,20,11.486610889434814,-25.493813133239748,0.9998999834060669,0.47777464985847473,0.3863983750343323,9.999999747378752e-05,10.149859428405762,1.9470062255859375,1.3367133140563965,6.58243465423584,0.11424803733825684,0.08011698722839355,1.3834116458892822
6,21,9.56541633605957,-25.857450866699217,0.9998999834060669,0.4149971008300781,0.4122542142868042,9.999999747378752e-05,8.277644872665405,1.9412710666656494,1.2877287864685059,4.718153715133667,0.11302018165588379,0.08034396171569824,1.382080316543579
6,22,9.602508783340454,-28.12035427093506,0.952313244342804,0.5487908720970154,0.3518920838832855,9.999999747378752e-05,8.13728952407837,1.951240062713623,1.465184211730957,4.561822891235352,0.11443424224853516,0.08170127868652344,1.3851909637451172
6,23,10.101739168167114,-26.346525955200196,0.9998999834060669,0.3096303343772888,0.5637415051460266,9.999999747378752e-05,8.792235612869263,1.9634604454040527,1.3094701766967773,5.205322265625,0.11429810523986816,0.0810403823852539,1.385545253753662
6,24,11.097197771072388,-14.867679214477539,0.9998999834060669,0.7790830731391907,0.5305863618850708,9.999999747378752e-05,9.813667058944702,1.7993872165679932,1.2834899425506592,6.396204948425293,0.1142435073852539,0.08023858070373535,1.3810207843780518
6,25,10.875683307647705,-26.56385955810547,0.9998999834060669,0.3994695842266083,0.4654826521873474,9.999999747378752e-05,9.54135012626648,1.9430806636810303,1.3342974185943604,5.975152492523193,0.11425042152404785,0.0802764892578125,1.3858840465545654
6,26,10.549349308013916,-15.626214790344239,0.9998999834060669,0.6438764929771423,0.6459376811981201,9.999999747378752e-05,9.21345829963684,1.8503661155700684,1.3358571529388428,5.739756107330322,0.11518692970275879,0.0815436840057373,1.3840885162353516
6,27,9.962303400039673,-27.15442008972168,0.9998999834060669,0.4890401065349579,0.36973169445991516,9.999999747378752e-05,8.696589231491089,1.9535081386566162,1.2656736373901367,5.120102167129517,0.11441636085510254,0.0803837776184082,1.385051965713501
6,28,10.603388547897339,-28.28515911102295,0.9220954179763794,0.4035613238811493,0.5042012929916382,9.999999747378752e-05,9.129893064498901,1.9474382400512695,1.473464012145996,5.558075189590454,0.11442852020263672,0.0806121826171875,1.3865439891815186
6,29,10.32739520072937,-14.259644794464112,0.9998999834060669,0.996340811252594,0.44282472133636475,9.999999747378752e-05,9.065932989120483,1.8021245002746582,1.2614295482635498,5.644001245498657,0.11389994621276855,0.08122563362121582,1.3816502094268799
6,30,10.521936178207397,-25.041093254089354,0.9998999834060669,0.4918215870857239,0.35699987411499023,9.999999747378752e-05,9.155580282211304,1.956460952758789,1.3663222789764404,5.570042610168457,0.1144564151763916,0.0801551342010498,1.391861915588379
7,1,19.195286750793457,-773.0671203613281,0.9998999834060669,0.550560474395752,0.5455113649368286,0.06373842805624008,17.90788221359253,2.396605968475342,1.2873706817626953,13.883973121643066,0.1141972541809082,0.08140301704406738,1.388563871383667
7,2,18.721083879470825,-686.3284729003906,0.9132797122001648,0.6169120669364929,0.6174002289772034,0.04523245617747307,17.44580340385437,2.3905844688415527,1.275245189666748,13.424903869628906,0.11492395401000977,0.0812981128692627,1.3908989429473877
7,3,18.888399839401245,-763.1954345703125,0.9998999834060669,0.4984377920627594,0.5844666957855225,0.04975670576095581,17.619687795639038,2.4020707607269287,1.268669843673706,13.585129499435425,0.11500334739685059,0.08134984970092773,1.393528699874878
7,4,18.90561556816101,-787.9957336425781,0.9998999834060669,0.536292314529419,0.5411896705627441,0.0809093788266182,17.608783721923828,2.405864953994751,1.2967898845672607,13.572526216506958,0.11416316032409668,0.08150196075439453,1.3916852474212646
7,5,19.235023975372314,-734.5831420898437,0.9795358180999756,0.5773059129714966,0.5863476395606995,0.03131647780537605,17.891774892807007,2.4016387462615967,1.3432059288024902,13.859519481658936,0.11503362655639648,0.08130764961242676,1.3920137882232666
7,6,19.681889057159424,-752.5057800292968,0.9989553093910217,0.5387006402015686,0.6042066812515259,0.03711167722940445,18.397037982940674,2.502967357635498,1.2848107814788818,14.265887260437012,0.11429238319396973,0.08189868927001953,1.388988971710205
7,7,19.553374528884888,-673.0411010742188,0.9428584575653076,0.5932298898696899,0.6344469785690308,0.04306212067604065,18.31423544883728,2.421598434448242,1.2390987873077393,14.262113332748413,0.11464262008666992,0.08141160011291504,1.391836404800415
7,8,20.66299533843994,-687.9202514648438,0.9462316632270813,0.6273057460784912,0.5878452658653259,0.020432153716683388,19.425763368606567,2.3901259899139404,1.237194538116455,15.402945041656494,0.11389684677124023,0.08056139945983887,1.395381212234497
7,9,21.502915859222412,-649.6826171875,0.9447896480560303,0.5823448896408081,0.6224502921104431,0.002492146100848913,20.23276448249817,2.606555938720703,1.2700908184051514,14.688662767410278,0.13924741744995117,0.08671283721923828,2.647981882095337
7,10,30.492072582244873,-759.4760498046875,0.9565248489379883,0.5769790410995483,0.591850757598877,0.04527181386947632,18.661446571350098,2.4559996128082275,11.830570936203003,14.534441471099854,0.12916016578674316,0.08189177513122559,1.4046432971954346
7,11,28.707404613494873,-732.8963256835938,0.9224977493286133,0.5795335173606873,0.6308650970458984,0.021568700671195984,16.86680507659912,2.3924145698547363,11.840562343597412,12.837392091751099,0.11534333229064941,0.08091521263122559,1.3984477519989014
7,12,30.719815492630005,-728.3155090332032,0.9598884582519531,0.5988815426826477,0.5737550258636475,0.031543344259262085,18.87203049659729,2.4021379947662354,11.84774136543274,14.832331657409668,0.11538505554199219,0.0851130485534668,1.3945612907409668
7,13,18.884254455566406,-726.965283203125,0.9439569115638733,0.5627214908599854,0.6011906862258911,0.03793080523610115,17.611329078674316,2.4585535526275635,1.2728829383850098,13.50971007347107,0.11645126342773438,0.08191084861755371,1.4005701541900635
7,14,19.149275302886963,-756.2051147460937,0.9559797644615173,0.556134045124054,0.5978353023529053,0.04579608514904976,17.66839337348938,2.393470048904419,1.480839729309082,13.646962642669678,0.11448788642883301,0.08108687400817871,1.3895864486694336
7,15,19.075682401657104,-688.5560363769531,0.9288052916526794,0.6268177032470703,0.6126716136932373,0.020854737609624863,17.793161153793335,2.4001333713531494,1.282477617263794,13.757444858551025,0.11566162109375,0.08122038841247559,1.3958425521850586
7,16,20.338675022125244,-732.8822814941407,0.9455100297927856,0.6060060858726501,0.6058447957038879,0.024839844554662704,19.006755113601685,2.3997859954833984,1.3318793773651123,14.968639612197876,0.11544060707092285,0.08129405975341797,1.3990957736968994
7,17,20.250240802764893,-732.0638610839844,0.9998999834060669,0.5399758815765381,0.594840943813324,0.037889622151851654,18.960793018341064,2.386824131011963,1.2894065380096436,14.942228317260742,0.11471390724182129,0.08094429969787598,1.3934142589569092
7,18,20.1049907207489,-678.9035400390625,0.9988000988960266,0.5755735039710999,0.5725010633468628,0.015219071879982948,18.836038827896118,2.398270606994629,1.2689030170440674,14.80679178237915,0.11473774909973145,0.08143043518066406,1.3914990425109863
7,19,18.563304901123047,-774.5065856933594,0.9561543464660645,0.5719026923179626,0.5554755330085754,0.05383811518549919,17.31256628036499,2.404054880142212,1.2507026195526123,13.27301549911499,0.11568713188171387,0.08140254020690918,1.3959226608276367
7,20,19.18594527244568,-703.2300720214844,0.9799869656562805,0.5848378539085388,0.5907809734344482,0.016526948660612106,17.884779691696167,2.4435226917266846,1.3011243343353271,13.809965133666992,0.11543512344360352,0.0817101001739502,1.391371250152588
7,21,20.232572317123413,-690.2693725585938,0.9947734475135803,0.5824570059776306,0.5743579268455505,0.01707320846617222,18.890204668045044,2.3852241039276123,1.3423278331756592,14.871882438659668,0.11546826362609863,0.08065080642700195,1.3942477703094482
7,22,19.560738801956177,-663.7644958496094,0.9477860927581787,0.6139804720878601,0.5939862132072449,0.012217814102768898,18.327955722808838,2.4038844108581543,1.2327485084533691,14.29118013381958,0.11446976661682129,0.08017277717590332,1.3952951431274414
7,23,19.650800943374634,-660.5245544433594,0.952537477016449,0.579444944858551,0.6376782059669495,0.02948758937418461,18.317262887954712,2.382802724838257,1.3335049152374268,14.306032657623291,0.11427974700927734,0.08030152320861816,1.3913512229919434
7,24,19.55342960357666,-751.184423828125,0.9891236424446106,0.5540696382522583,0.5815180540084839,0.03417334705591202,18.233822345733643,2.4135525226593018,1.3195650577545166,14.18854832649231,0.11638808250427246,0.08077383041381836,1.3918685913085938
7,25,18.553261280059814,-773.3635009765625,0.9454419612884521,0.5999857187271118,0.5864970684051514,0.04896868020296097,17.283721446990967,2.4065823554992676,1.2695038318634033,13.244187116622925,0.11586523056030273,0.08107662200927734,1.39335036277771
7,26,17.951921701431274,-754.1944458007813,0.9140241742134094,0.6124369502067566,0.5980373620986938,0.02965354733169079,16.601047039031982,2.4061779975891113,1.3508400917053223,12.559000730514526,0.11606025695800781,0.08160185813903809,1.3948516845703125
7,27,19.84401035308838,-680.898046875,0.9563243985176086,0.561423659324646,0.6224490404129028,0.00636888574808836,18.221415996551514,2.3815786838531494,1.6225533485412598,14.211385488510132,0.1143941879272461,0.08087873458862305,1.3902108669281006
7,28,19.070163249969482,-767.6315734863281,0.9414008259773254,0.6214715242385864,0.5642284750938416,0.04099857062101364,17.74908185005188,2.4094316959381104,1.3210482597351074,13.712074041366577,0.11509227752685547,0.08015036582946777,1.3895659446716309
7,29,19.089990615844727,-707.1850769042969,0.9400880932807922,0.598583996295929,0.6205288767814636,0.030878808349370956,17.767703533172607,2.3951427936553955,1.3222451210021973,13.740796566009521,0.11412239074707031,0.08172345161437988,1.3928163051605225
7,30,21.53526020050049,-668.4005432128906,0.9970098733901978,0.6005154848098755,0.5706017017364502,0.045391745865345,20.27292275428772,2.391350030899048,1.26228928565979,16.245293378829956,0.11555910110473633,0.0810551643371582,1.396759271621704
8,1,22.917455196380615,-1742.6084350585938,0.9776872396469116,0.5880228281021118,0.578481912612915,0.014583565294742584,21.633939743041992,2.544954538345337,1.283477544784546,17.448493003845215,0.11597967147827148,0.08255720138549805,1.3992187976837158
8,2,21.44998049736023,-1865.8541259765625,0.9670435786247253,0.5668711066246033,0.5889809131622314,0.04256659746170044,20.196821928024292,2.548640012741089,1.2531163692474365,16.011425018310547,0.11434698104858398,0.08229827880859375,1.3971421718597412
8,3,21.627651929855347,-1838.5405151367188,0.9668471217155457,0.5642493963241577,0.5741814374923706,0.041849832981824875,20.387151956558228,2.5315935611724854,1.24045729637146,16.225093364715576,0.11372756958007812,0.08163094520568848,1.3925750255584717
8,4,24.276283502578735,-1785.8034545898438,0.9978984594345093,0.5671448707580566,0.5719743967056274,0.0306230578571558,23.021230220794678,2.540680170059204,1.2550156116485596,18.84484839439392,0.1147005558013916,0.08273196220397949,1.3949980735778809
8,5,23.95890760421753,-1843.228515625,0.9795072674751282,0.5808489322662354,0.5631402134895325,0.03858736529946327,22.60623812675476,2.542213201522827,1.3526268005371094,18.423442363739014,0.1147005558013916,0.08193373680114746,1.401543378829956
8,6,23.012667179107666,-1808.2634033203126,0.9517009854316711,0.5827134251594543,0.6006119847297668,0.02157674916088581,21.759329080581665,2.540591239929199,1.253293514251709,17.580342054367065,0.11489105224609375,0.08301568031311035,1.3970038890838623
8,7,22.1213161945343,-1785.3620849609374,0.9522213935852051,0.5968736410140991,0.6010328531265259,0.02899732068181038,20.737226963043213,2.536328077316284,1.384042501449585,16.56718921661377,0.11437678337097168,0.08207225799560547,1.3942713737487793
8,8,21.379512548446655,-1865.6088012695313,0.9476069211959839,0.5921180248260498,0.5834788084030151,0.03526737540960312,20.090710401535034,2.5765204429626465,1.2887628078460693,15.874174356460571,0.11655831336975098,0.08281612396240234,1.398305892944336
8,9,22.871542930603027,-1826.8179931640625,0.9624518752098083,0.5962510704994202,0.57743239402771,0.03255082666873932,21.60824179649353,2.54880428314209,1.2632622718811035,17.422163009643555,0.11441230773925781,0.08225488662719727,1.3979754447937012
8,10,23.552216053009033,-1811.6171142578125,0.9924526214599609,0.5714605450630188,0.5759424567222595,0.029003841802477837,22.259485483169556,2.555907726287842,1.2926926612854004,18.065056800842285,0.11493921279907227,0.08236575126647949,1.3982048034667969
8,11,21.790604829788208,-1804.17880859375,0.9680494070053101,0.5792381763458252,0.5934235453605652,0.026491010561585426,20.3941547870636,2.561339855194092,1.3964135646820068,16.194496154785156,0.11508822441101074,0.0825192928314209,1.3975930213928223
8,12,21.99114727973938,-1831.1356323242187,0.9684100151062012,0.5820066332817078,0.5814902186393738,0.050112053751945496,20.701670169830322,2.5349764823913574,1.2894327640533447,16.531086206436157,0.11408019065856934,0.08235645294189453,1.3964886665344238
8,13,23.100950241088867,-1760.281396484375,0.9599958062171936,0.5863072872161865,0.590571403503418,0.02196413092315197,21.805811643600464,2.564950466156006,1.295100212097168,17.601253747940063,0.11482095718383789,0.08275818824768066,1.3986802101135254
8,14,23.103130340576172,-1736.9389404296876,0.9757487177848816,0.586854875087738,0.5830914378166199,0.016179895028471947,21.74878430366516,2.5704147815704346,1.3543040752410889,17.54052472114563,0.11467409133911133,0.08296680450439453,1.397613763809204
8,15,22.874983072280884,-1734.7563232421876,0.9732992053031921,0.5762748718261719,0.5905197858810425,0.016585679724812508,21.614352703094482,2.5726499557495117,1.260587215423584,17.405334949493408,0.1156625747680664,0.08349752426147461,1.3936834335327148
8,16,22.414371252059937,-1836.74697265625,0.9796583652496338,0.5940566658973694,0.5824766159057617,0.04565922170877457,21.09990954399109,2.5425920486450195,1.3144195079803467,16.91976761817932,0.11471986770629883,0.08219361305236816,1.3980145454406738
8,17,22.612391233444214,-1743.2275024414062,0.9640041589736938,0.5958849787712097,0.5927679538726807,0.016116244718432426,21.29386305809021,2.5466976165771484,1.3184854984283447,17.111698627471924,0.1144874095916748,0.08241057395935059,1.3957459926605225
8,18,23.153968572616577,-1790.989501953125,0.9774364233016968,0.579235315322876,0.5822561979293823,0.024153385311365128,21.84216856956482,2.545062303543091,1.3117623329162598,17.661575317382812,0.11421799659729004,0.08264613151550293,1.3958237171173096
8,19,22.76241135597229,-1795.0654174804688,0.9495032429695129,0.5977890491485596,0.6016337275505066,0.021351100876927376,21.50289559364319,2.6934621334075928,1.2594609260559082,17.123338222503662,0.13982892036437988,0.0863487720489502,1.396303653717041
8,20,22.105421543121338,-1876.83828125,0.9758886694908142,0.5677947402000427,0.5829261541366577,0.04120440408587456,20.64206099510193,2.5335533618927,1.4633238315582275,16.470901012420654,0.11450552940368652,0.08284521102905273,1.3967394828796387
8,21,22.540273189544678,-1866.5519287109375,0.9943902492523193,0.5812739729881287,0.5829839110374451,0.05261969938874245,21.26619815826416,2.5790517330169678,1.274038314819336,17.04529309272766,0.11580228805541992,0.08357930183410645,1.3996989727020264
8,22,20.302770137786865,-1879.7284912109376,0.9338356256484985,0.6112820506095886,0.590677797794342,0.03597100079059601,19.023022651672363,2.537994384765625,1.2797071933746338,14.848966121673584,0.11526012420654297,0.08269238471984863,1.3950073719024658
8,23,23.491185903549194,-1880.70986328125,0.9749213457107544,0.569244384765625,0.5725648403167725,0.04191413149237633,22.177742958068848,2.5550284385681152,1.3134002685546875,17.987312078475952,0.11431264877319336,0.08232712745666504,1.396155834197998
8,24,23.123599529266357,-1828.8083374023438,0.9668626189231873,0.587884783744812,0.5762367844581604,0.028998607769608498,21.854032039642334,2.5456314086914062,1.2695279121398926,17.662567615509033,0.11600017547607422,0.08248066902160645,1.4041404724121094
8,25,21.953291177749634,-1803.6946655273437,0.9488848447799683,0.589209258556366,0.6050915122032166,0.03015795908868313,20.72496271133423,2.550180435180664,1.228285312652588,16.54452657699585,0.1143956184387207,0.0820012092590332,1.3913664817810059
8,26,22.32890272140503,-1766.0087646484376,0.9410403370857239,0.6320173144340515,0.5564113855361938,0.02279147505760193,21.035789251327515,2.536374092102051,1.29306960105896,16.86199378967285,0.11420631408691406,0.08315086364746094,1.3956036567687988
8,27,45.95433831214905,-1890.25595703125,0.9998999834060669,0.5607240200042725,0.5536990165710449,0.05192149430513382,21.466246604919434,2.9457597732543945,24.488029718399048,16.82612681388855,0.1441805362701416,0.08755898475646973,1.4013404846191406
8,28,31.568422317504883,-1949.5010620117187,0.9780542850494385,0.5702588558197021,0.5673460364341736,0.061993785202503204,20.962267875671387,2.8454089164733887,10.606106996536255,16.417295932769775,0.13925766944885254,0.08641505241394043,1.399184226989746
8,29,22.449348211288452,-1890.7996948242187,0.9998999834060669,0.5425184369087219,0.5720422863960266,0.04697202518582344,21.158903121948242,2.5385708808898926,1.2904012203216553,16.982115507125854,0.11478614807128906,0.08243036270141602,1.39835786819458
8,30,22.083763599395752,-1789.9776733398437,0.9429627656936646,0.5987984538078308,0.6128843426704407,0.027639375999569893,20.582043886184692,2.5484490394592285,1.5016765594482422,16.39981198310852,0.11501860618591309,0.08274149894714355,1.3928837776184082
9,1,29.297133445739746,-4555.913525390625,0.990100622177124,0.5659117698669434,0.5646492838859558,0.04881947487592697,27.984774351119995,2.7355599403381348,1.3123407363891602,23.578279972076416,0.11546111106872559,0.08502030372619629,1.4274730682373047
9,2,29.537997007369995,-4571.85634765625,0.9661211967468262,0.5756071209907532,0.5846437811851501,0.037530459463596344,28.27138590812683,2.697553873062134,1.2665927410125732,23.905245065689087,0.11531972885131836,0.08265113830566406,1.4273505210876465
9,3,28.911679983139038,-4543.859130859375,0.9619203209877014,0.5735504031181335,0.5877712368965149,0.045489586889743805,27.561420679092407,2.7000648975372314,1.3502426147460938,23.213125467300415,0.11523079872131348,0.08287453651428223,1.40696382522583
9,4,27.675066232681274,-4563.57861328125,0.9763532876968384,0.5735407471656799,0.5747712254524231,0.04843820258975029,26.32368516921997,2.6929538249969482,1.3513624668121338,21.985297679901123,0.11555171012878418,0.08296966552734375,1.4039602279663086
9,5,29.452022790908813,-4645.487744140625,0.9920809864997864,0.5658015608787537,0.5486339330673218,0.059512440115213394,28.173519372940063,2.7203004360198975,1.278486728668213,23.80404829978943,0.1162407398223877,0.08441662788391113,1.4057033061981201
9,6,28.907938480377197,-4625.047900390625,0.9979311227798462,0.5590785145759583,0.5645512342453003,0.05686979740858078,27.660274028778076,2.709198474884033,1.2476396560668945,23.303566932678223,0.11620593070983887,0.08326315879821777,1.4049022197723389
9,7,27.813891649246216,-4605.1234375,0.9715566635131836,0.5725741386413574,0.57038813829422,0.048196595162153244,26.462312698364258,2.6933188438415527,1.3515605926513672,22.122559547424316,0.11581563949584961,0.08275222778320312,1.4050891399383545
9,8,29.438231229782104,-4657.79013671875,0.9914040565490723,0.5605666041374207,0.5629286766052246,0.05504003167152405,28.15439772605896,2.7006497383117676,1.2838160991668701,23.801596879959106,0.11610651016235352,0.08383393287658691,1.4093077182769775
9,9,28.191246509552002,-4581.634228515625,0.9738554358482361,0.5779879689216614,0.5701556205749512,0.04610496759414673,26.84075140953064,2.7211709022521973,1.350475788116455,22.473555088043213,0.1150505542755127,0.08291935920715332,1.4048385620117188
9,10,29.553280353546143,-4524.59140625,0.9850503206253052,0.563706636428833,0.5735438466072083,0.04514250159263611,28.14275074005127,2.7237980365753174,1.4105119705200195,23.766837120056152,0.11564326286315918,0.08436393737792969,1.4087834358215332
9,11,28.244264841079712,-4641.0119140625,0.9880596399307251,0.5602051615715027,0.5621171593666077,0.05571199953556061,26.95394468307495,2.71370792388916,1.290304183959961,22.592644691467285,0.11499905586242676,0.08340167999267578,1.406240463256836
9,12,28.92274022102356,-4554.744921875,0.9891905188560486,0.5816190838813782,0.5527607798576355,0.04463157802820206,27.61410880088806,2.7118077278137207,1.308614730834961,23.255932569503784,0.11473798751831055,0.08334112167358398,1.405550241470337
9,13,29.330742597579956,-4555.1359375,0.9663240313529968,0.5717902183532715,0.5838816165924072,0.044131502509117126,27.93886113166809,2.7074456214904785,1.3918650150299072,23.586403369903564,0.1149289608001709,0.0831458568572998,1.4038002490997314
9,14,28.645394802093506,-4623.03828125,0.9716839790344238,0.5861526131629944,0.5651814341545105,0.049513690173625946,27.341126203536987,2.904503583908081,1.3042504787445068,22.68669629096985,0.13980388641357422,0.08742046356201172,1.461350679397583
9,15,29.28484582901001,-4548.30615234375,0.9805631637573242,0.5782318711280823,0.5683806538581848,0.04645552858710289,27.985158920288086,2.90195631980896,1.2996630668640137,23.360908031463623,0.13848638534545898,0.08922004699707031,1.432464838027954
9,16,28.91293215751648,-4554.040283203125,0.9814810156822205,0.5685532689094543,0.5686399936676025,0.04714122414588928,27.538082361221313,2.944218873977661,1.3748316764831543,22.870065689086914,0.1392674446105957,0.08880186080932617,1.4349677562713623
9,17,27.729056119918823,-4638.91904296875,0.9720132350921631,0.582163393497467,0.5692295432090759,0.05030385032296181,26.449116706848145,2.947866439819336,1.2799222469329834,21.803578853607178,0.13789606094360352,0.08807945251464844,1.4121646881103516
9,18,27.681689977645874,-4641.76220703125,0.9759929776191711,0.5768718719482422,0.5684467554092407,0.05179189145565033,26.33733296394348,2.867178440093994,1.3443372249603271,21.79506802558899,0.11943435668945312,0.08844351768493652,1.4228301048278809
9,19,27.23555064201355,-4669.27587890625,0.9714201092720032,0.5634380578994751,0.5766075849533081,0.05269545316696167,25.970799684524536,2.7009940147399902,1.2647345066070557,21.59885549545288,0.11675500869750977,0.08471226692199707,1.4272923469543457
9,20,30.045039892196655,-4492.620703125,0.9761990904808044,0.5687398910522461,0.5872644782066345,0.04013121500611305,28.723163843154907,2.8745980262756348,1.3218586444854736,24.18619656562805,0.11982440948486328,0.08909893035888672,1.4094300270080566
9,21,28.97923755645752,-4568.059326171875,0.9898867607116699,0.5769696831703186,0.5595998764038086,0.049350012093782425,27.63510489463806,2.9362354278564453,1.344115972518921,23.001125812530518,0.13692927360534668,0.08910870552062988,1.4101200103759766
9,22,29.43305993080139,-4551.279150390625,0.9786196351051331,0.5725661516189575,0.5659925937652588,0.04867727309465408,28.101607084274292,2.888030529022217,1.3314368724822998,23.527989864349365,0.1347653865814209,0.08720850944519043,1.4049925804138184
9,23,28.580448389053345,-4631.67998046875,0.9679495096206665,0.5818927884101868,0.5700299739837646,0.047477155923843384,27.226750135421753,2.9153378009796143,1.3536808490753174,22.624027729034424,0.13654470443725586,0.08717489242553711,1.4050304889678955
9,24,28.446441888809204,-4565.108740234375,0.9883456230163574,0.575754702091217,0.5568232536315918,0.04920748993754387,27.136693716049194,2.6893279552459717,1.309729814529419,22.79480791091919,0.11328506469726562,0.08252429962158203,1.4150104522705078
9,25,29.413145780563354,-4579.696142578125,0.9958240389823914,0.5648155212402344,0.567302405834198,0.046147629618644714,28.096945762634277,2.7178518772125244,1.31618070602417,23.724093914031982,0.11543035507202148,0.08353042602539062,1.4127721786499023
9,26,28.46671414375305,-4558.81416015625,0.9938697814941406,0.563715398311615,0.5635525584220886,0.05071134865283966,27.186283826828003,2.714796543121338,1.2804124355316162,22.824779987335205,0.11588907241821289,0.08358263969421387,1.40409255027771
9,27,28.887811183929443,-4684.80615234375,0.9998999834060669,0.5462605953216553,0.5595123767852783,0.06359720230102539,27.615190505981445,2.6708626747131348,1.2726011276245117,23.30713200569153,0.1134042739868164,0.08215832710266113,1.400068759918213
9,28,28.896320343017578,-4559.792578125,0.9881660342216492,0.5683431625366211,0.5571866631507874,0.04713449627161026,27.573628187179565,2.739278554916382,1.3226730823516846,23.18682312965393,0.11534953117370605,0.0841362476348877,1.404268741607666
9,29,29.347959995269775,-4536.310888671875,0.9712225794792175,0.5647549629211426,0.5895825624465942,0.043800950050354004,27.94693088531494,2.920520782470703,1.4010095596313477,23.356414318084717,0.1162574291229248,0.08514857292175293,1.4251680374145508
9,30,28.646710872650146,-4535.576220703125,0.9842009544372559,0.5752686858177185,0.5707399845123291,0.04922362044453621,27.329484462738037,2.695117712020874,1.317209005355835,22.989988088607788,0.11544680595397949,0.0837559700012207,1.4015965461730957
10,1,35.213770627975464,-9449.0912109375,0.9997396469116211,0.5422117114067078,0.5462073087692261,0.04284703731536865,33.93203806877136,2.8410680294036865,1.2816853523254395,29.43702507019043,0.11495399475097656,0.08439755439758301,1.4108893871307373
10,2,36.00926089286804,-9509.991796875,0.9998999834060669,0.5435135960578918,0.5378376841545105,0.04972386360168457,34.658321380615234,2.832280158996582,1.3508923053741455,30.170334100723267,0.11493825912475586,0.08352875709533691,1.4146897792816162
10,3,36.32782793045044,-9596.971875,0.9998999834060669,0.5474798083305359,0.5466740727424622,0.05234132707118988,35.03424429893494,2.8353159427642822,1.2935428619384766,30.549341678619385,0.11464762687683105,0.08383464813232422,1.4085872173309326
10,4,34.047462463378906,-9584.8802734375,0.9998999834060669,0.5473594069480896,0.5389682054519653,0.05382121354341507,32.736780881881714,2.839733123779297,1.3106379508972168,28.257089376449585,0.11376476287841797,0.08373045921325684,1.4004201889038086
10,5,34.898146867752075,-11446.69814453125,0.9957770705223083,0.5553287863731384,0.54816073179245,0.07066171616315842,33.60735750198364,2.8404734134674072,1.2907705307006836,29.11937689781189,0.11507940292358398,0.0837702751159668,1.4056787490844727
10,6,36.618412494659424,-11255.6615234375,0.986853837966919,0.5573839545249939,0.5536449551582336,0.05807207524776459,35.314616680145264,2.8091342449188232,1.3037760257720947,30.86705470085144,0.11224675178527832,0.0822744369506836,1.402310848236084
10,7,34.86658501625061,-11419.953515625,0.9955135583877563,0.5608935952186584,0.5534772276878357,0.07059038430452347,33.48081612586975,2.840663194656372,1.3857498168945312,29.002284049987793,0.11501431465148926,0.08538961410522461,1.393679141998291
10,8,34.309046268463135,-11535.15234375,0.9922688007354736,0.5534661412239075,0.5498639941215515,0.07443098723888397,32.96149730682373,2.857387065887451,1.3475306034088135,28.439204692840576,0.11553525924682617,0.08472466468811035,1.4211704730987549
10,9,36.300533056259155,-11294.1798828125,0.9998999834060669,0.551645815372467,0.5622602105140686,0.07076286524534225,34.94497847557068,2.8466711044311523,1.3555350303649902,30.44370722770691,0.11572933197021484,0.08461737632751465,1.4112660884857178
10,10,35.69694495201111,-11306.59091796875,0.9998999834060669,0.5507303476333618,0.5561845302581787,0.06922279298305511,34.236960887908936,2.855353832244873,1.4599637985229492,29.722851037979126,0.11523032188415527,0.08446431159973145,1.4157066345214844
10,11,36.952364921569824,-11282.241796875,0.9896469116210938,0.5571714043617249,0.5602729320526123,0.061638619750738144,35.6664936542511,2.839442014694214,1.2858517169952393,31.170419454574585,0.11534595489501953,0.0843193531036377,1.4132235050201416
10,12,36.53560495376587,-11171.44052734375,0.9802762269973755,0.5539908409118652,0.5783422589302063,0.05666779354214668,35.197489738464355,2.841221809387207,1.3380963802337646,30.691713094711304,0.11679887771606445,0.08559393882751465,1.417292833328247
10,13,36.6641628742218,-11342.49365234375,0.9998999834060669,0.5444853901863098,0.5606616139411926,0.06977509707212448,35.31970000267029,2.849524974822998,1.3444435596466064,30.807981252670288,0.1151883602142334,0.08531975746154785,1.4184274673461914
10,14,35.82595419883728,-11379.59375,0.9998999834060669,0.5512975454330444,0.5486725568771362,0.07051253318786621,34.48764443397522,2.8617959022521973,1.3382892608642578,29.968981504440308,0.11582398414611816,0.0842280387878418,1.4135375022888184
10,15,36.392621994018555,-11139.3044921875,0.9998999834060669,0.5572715997695923,0.56328946352005,0.06404555588960648,35.10259699821472,2.845444679260254,1.2900066375732422,30.600506067276,0.11647272109985352,0.08455801010131836,1.4121527671813965
10,16,35.84251832962036,-11392.7623046875,0.9896445274353027,0.5596538186073303,0.5585309267044067,0.06537515670061111,34.46990609169006,2.868567943572998,1.3725919723510742,29.950011014938354,0.11535263061523438,0.08491730690002441,1.4078929424285889
10,17,35.57284712791443,-11454.990625,0.99439537525177,0.5558632016181946,0.561801552772522,0.07330281287431717,34.30261707305908,2.8820104598999023,1.2702102661132812,29.761391162872314,0.11704039573669434,0.0876622200012207,1.4105443954467773
10,18,36.16784191131592,-11214.31044921875,0.9988686442375183,0.5535099506378174,0.5587654113769531,0.0631462037563324,34.88511610031128,2.8342387676239014,1.282705307006836,30.396015167236328,0.11501002311706543,0.08482789993286133,1.4117836952209473
10,19,36.87568712234497,-11292.4640625,0.9926128387451172,0.5601070523262024,0.5480874180793762,0.06386235356330872,35.54572081565857,2.8600804805755615,1.3299469947814941,31.02381658554077,0.11711788177490234,0.08673238754272461,1.413489818572998
10,20,37.39023756980896,-11253.88193359375,0.9997775554656982,0.5603836178779602,0.5575010180473328,0.06600043922662735,35.97371816635132,2.8539340496063232,1.416499376296997,31.461316108703613,0.11516904830932617,0.08631324768066406,1.413503646850586
10,21,35.655304193496704,-11380.17451171875,0.9974210858345032,0.554437518119812,0.5497854351997375,0.06757576018571854,34.334757804870605,2.982421875,1.320528507232666,29.651748657226562,0.13222742080688477,0.08939909934997559,1.4139180183410645
10,22,36.00475287437439,-11385.9755859375,0.9998999834060669,0.546459972858429,0.5637456178665161,0.07036413252353668,34.71644973754883,2.849820613861084,1.2882816791534424,30.210731506347656,0.11539888381958008,0.08427977561950684,1.4126384258270264
10,23,35.544883489608765,-11308.23544921875,0.9998999834060669,0.550908088684082,0.5540708899497986,0.0659814104437828,34.22785782814026,2.8505842685699463,1.3170058727264404,29.719966411590576,0.11534309387207031,0.0855109691619873,1.413111925125122
10,24,35.986469745635986,-11385.569140625,0.9968101382255554,0.5533737540245056,0.5527166724205017,0.06994513422250748,34.66172194480896,2.8447322845458984,1.3247294425964355,30.1607449054718,0.11488151550292969,0.08515310287475586,1.413092851638794
10,25,35.2137291431427,-11394.00810546875,0.9909712076187134,0.5584604740142822,0.551040530204773,0.06945487856864929,33.83130502700806,2.8406684398651123,1.3824057579040527,29.33887791633606,0.11625504493713379,0.08474230766296387,1.4070227146148682
10,26,37.34603476524353,-11381.4478515625,0.9998999834060669,0.5538408756256104,0.5468761324882507,0.07153329998254776,36.004425048828125,2.8654820919036865,1.341590166091919,31.48114585876465,0.1151285171508789,0.08448386192321777,1.4148507118225098
10,27,36.42584562301636,-11379.79423828125,0.9935111999511719,0.5638043284416199,0.5530998706817627,0.06997054070234299,35.068544149398804,2.832853078842163,1.3572826385498047,30.578723907470703,0.11527013778686523,0.0846700668334961,1.413590669631958
10,28,35.1944682598114,-11363.20673828125,0.9998999834060669,0.5470831990242004,0.5548980236053467,0.07383981347084045,33.90636444091797,2.8537771701812744,1.2880854606628418,29.403108596801758,0.11534762382507324,0.08416438102722168,1.4069511890411377
10,29,34.93751525878906,-11497.29375,0.9962021112442017,0.5556052327156067,0.5520504117012024,0.07755833864212036,33.53590130805969,2.8678157329559326,1.401594877243042,29.006856679916382,0.11706686019897461,0.0891122817993164,1.411301612854004
10,30,35.0029661655426,-11391.3041015625,0.9931977987289429,0.5525417923927307,0.561035692691803,0.06978050619363785,33.64791798591614,2.9934301376342773,1.3550283908843994,28.977845430374146,0.12427759170532227,0.0892333984375,1.412240982055664
11,1,45.5660297870636,-27330.9953125,0.9998999834060669,0.5406476855278015,0.5455043911933899,0.08326149731874466,44.23425912857056,3.0118348598480225,1.331747055053711,39.549386739730835,0.11630511283874512,0.08746862411499023,1.4257559776306152
11,2,45.765902042388916,-27515.4419921875,0.9998999834060669,0.5414584875106812,0.5483536720275879,0.08948303759098053,44.26803016662598,3.1614127159118652,1.4978468418121338,39.41248607635498,0.12587237358093262,0.09157919883728027,1.425468921661377
11,3,46.17756175994873,-27278.494140625,0.9998999834060669,0.5493640303611755,0.5443730354309082,0.07784019410610199,44.85177803039551,3.0189266204833984,1.3257606029510498,40.1593861579895,0.11628031730651855,0.0862112045288086,1.4272611141204834
11,4,45.59744930267334,-27228.6134765625,0.9998999834060669,0.5444517135620117,0.5519152879714966,0.07901554554700851,44.331852436065674,3.0755698680877686,1.2655718326568604,39.5871205329895,0.11808538436889648,0.08920431137084961,1.4164204597473145
11,5,46.94216561317444,-27137.5087890625,0.9998999834060669,0.5418319702148438,0.5491368174552917,0.07860225439071655,45.52924823760986,3.019263505935669,1.4128906726837158,40.80602717399597,0.11958622932434082,0.10163712501525879,1.4384210109710693
11,6,46.66553521156311,-27396.5880859375,0.9998999834060669,0.5426219701766968,0.5469794273376465,0.085206039249897,44.590702295303345,2.9552388191223145,2.074805498123169,39.95373225212097,0.11405467987060547,0.08685874938964844,1.4377319812774658
11,7,45.32776761054993,-27428.875390625,0.9998999834060669,0.5423632264137268,0.553247332572937,0.0860847532749176,43.98806023597717,3.1604292392730713,1.3396813869476318,39.125739097595215,0.1318202018737793,0.0923006534576416,1.4275925159454346
11,8,48.00139498710632,-27088.753515625,0.9998999834060669,0.5496572256088257,0.5471130609512329,0.08398441970348358,46.65656518936157,3.0360753536224365,1.3448030948638916,41.92009520530701,0.125169038772583,0.09277606010437012,1.4372637271881104
11,9,48.41456699371338,-27349.3888671875,0.9998999834060669,0.5389991402626038,0.544863760471344,0.08282800018787384,47.096362590789795,3.1460795402526855,1.3181767463684082,42.22905349731445,0.12599539756774902,0.09275221824645996,1.455625295639038
11,10,47.19049286842346,-27409.3525390625,0.9998999834060669,0.55331951379776,0.5476101636886597,0.0897422581911087,45.88416409492493,3.2901246547698975,1.3063035011291504,40.86297345161438,0.1325855255126953,0.12363696098327637,1.4270129203796387
11,11,46.998236417770386,-27393.634375,0.9998999834060669,0.5437421798706055,0.5452015995979309,0.08295215666294098,45.65047740936279,3.193751811981201,1.3477327823638916,40.68770408630371,0.13266730308532715,0.09925675392150879,1.4885149002075195
11,12,47.62128138542175,-27192.6140625,0.9998999834060669,0.5458512306213379,0.5501474738121033,0.08229494094848633,46.28351593017578,3.0634548664093018,1.337740182876587,41.540305614471436,0.11835169792175293,0.09177803993225098,1.4253246784210205
11,13,47.01478171348572,-27466.1421875,0.9998999834060669,0.5491488575935364,0.540940523147583,0.0838443711400032,45.69729042053223,3.308444023132324,1.3174664974212646,40.61382865905762,0.135270357131958,0.16944313049316406,1.4208078384399414
11,14,47.586451292037964,-27386.43515625,0.9998999834060669,0.5432907938957214,0.5467720627784729,0.08274703472852707,46.2875611782074,3.1078338623046875,1.2988667488098145,41.479931592941284,0.13057589530944824,0.09297013282775879,1.4279747009277344
11,15,48.77014946937561,-27087.2544921875,0.9998999834060669,0.5438207983970642,0.5437754988670349,0.07787086069583893,47.44043588638306,3.2236101627349854,1.3296890258789062,42.47849988937378,0.13775110244750977,0.10570883750915527,1.4426887035369873
11,16,49.67129993438721,-27437.3923828125,0.9998999834060669,0.5450348854064941,0.5477988123893738,0.08377872407436371,48.30032134056091,3.198404312133789,1.3709526062011719,43.29196810722351,0.1331191062927246,0.10658407211303711,1.5201613903045654
11,17,47.629359006881714,-27112.6080078125,0.9998999834060669,0.5492037534713745,0.5374250411987305,0.08096430450677872,46.27101445198059,3.1135413646698,1.3583195209503174,41.46570658683777,0.12312006950378418,0.09227418899536133,1.4289700984954834
11,18,46.7982976436615,-27479.62734375,0.9998999834060669,0.545931875705719,0.5402517914772034,0.08608536422252655,45.48755478858948,3.30106520652771,1.3107197284698486,40.40913414955139,0.13828015327453613,0.16497325897216797,1.4250388145446777
11,19,45.89838433265686,-27462.0171875,0.9998999834060669,0.5478993654251099,0.5451362133026123,0.08605814725160599,44.55960464477539,3.1712119579315186,1.3387532234191895,39.62724232673645,0.12392497062683105,0.09490776062011719,1.497464895248413
11,20,48.32357478141785,-27096.219140625,0.9998999834060669,0.5537751913070679,0.5425342917442322,0.08001793920993805,46.960291147232056,3.1998674869537354,1.363255500793457,42.04757332801819,0.1305677890777588,0.09276628494262695,1.4406013488769531
11,21,44.86193346977234,-27530.8720703125,0.9984673857688904,0.5438072681427002,0.5444876551628113,0.0839209333062172,43.46713924407959,3.029092788696289,1.3947646617889404,38.72480511665344,0.12347030639648438,0.0920553207397461,1.4534392356872559
11,22,46.3712260723114,-27776.58046875,0.9998999834060669,0.5396400690078735,0.5437809824943542,0.08860793709754944,45.00271201133728,3.2819933891296387,1.3684873580932617,39.98893070220947,0.13394975662231445,0.09205889701843262,1.4546387195587158
11,23,47.92420244216919,-27291.7271484375,0.9998999834060669,0.5473310351371765,0.5439942479133606,0.08046847581863403,46.582475900650024,3.2034971714019775,1.3417019844055176,41.671536922454834,0.12666893005371094,0.09459280967712402,1.4388611316680908
11,24,44.86285734176636,-27429.4919921875,0.9998999834060669,0.5500116944313049,0.5439899563789368,0.07885883748531342,43.55084419250488,2.978259563446045,1.3119893074035645,38.89981508255005,0.11901426315307617,0.08962297439575195,1.4204986095428467
11,25,45.71023750305176,-27251.13125,0.9998999834060669,0.5422443747520447,0.5454822182655334,0.0820772722363472,44.390742778778076,3.1248183250427246,1.319472074508667,39.560537338256836,0.12367868423461914,0.09174227714538574,1.4413268566131592
11,26,46.324748039245605,-27393.5669921875,0.9998999834060669,0.547285258769989,0.5456175208091736,0.08513887226581573,44.944124698638916,3.0108368396759033,1.3805997371673584,40.28972840309143,0.11517786979675293,0.08606815338134766,1.3991961479187012
11,27,44.62384605407715,-27335.726953125,0.9998999834060669,0.5480488538742065,0.5444602370262146,0.08435840904712677,43.29729151725769,2.9903876781463623,1.3265314102172852,38.63916015625,0.11569404602050781,0.0858757495880127,1.423088550567627
11,28,45.70977449417114,-27410.11875,0.9998999834060669,0.5392354726791382,0.5469743013381958,0.08360584080219269,44.34189295768738,3.0117313861846924,1.3678581714630127,39.66107726097107,0.11537837982177734,0.08696579933166504,1.4236907958984375
11,29,46.0118670463562,-27425.538671875,0.9998999834060669,0.5422269105911255,0.547218918800354,0.08384183049201965,44.622586488723755,2.9996819496154785,1.3892571926116943,39.95267033576965,0.1152956485748291,0.08716154098510742,1.424164056777954
11,30,48.03786635398865,-27097.46875,0.9998999834060669,0.5464988946914673,0.5489750504493713,0.08040376007556915,46.57945680618286,2.9874517917633057,1.4583861827850342,41.92880058288574,0.11407661437988281,0.0852351188659668,1.4217851161956787
12,1,55.08780002593994,-65146.8359375,0.9998999834060669,0.537283718585968,0.5384359955787659,0.09681925177574158,53.72221541404724,3.1390738487243652,1.3655216693878174,48.91092491149902,0.11457037925720215,0.08980560302734375,1.4244327545166016
12,2,54.67060041427612,-65313.13046875,0.9998999834060669,0.539047122001648,0.5364847183227539,0.0966639295220375,53.10088610649109,3.1712026596069336,1.56965970993042,48.248262882232666,0.11661243438720703,0.09092068672180176,1.4300060272216797
12,3,54.968788862228394,-65125.501953125,0.9998999834060669,0.5374341011047363,0.5428397059440613,0.0940808355808258,53.58213758468628,3.153869867324829,1.3865954875946045,48.7528235912323,0.11578607559204102,0.09019207954406738,1.4253997802734375
12,4,53.59887647628784,-65123.528125,0.9998999834060669,0.5358961224555969,0.535895824432373,0.09395170956850052,52.12809944152832,3.1581931114196777,1.4707238674163818,47.28896117210388,0.11626029014587402,0.09366154670715332,1.425396203994751
12,5,53.821436166763306,-65219.826953125,0.9998999834060669,0.5404037833213806,0.5368443727493286,0.09633752703666687,52.45855093002319,3.140286684036255,1.3628320693969727,47.6410129070282,0.11581182479858398,0.09029936790466309,1.4270081520080566
12,6,54.2826132774353,-65434.40546875,0.9998999834060669,0.5347549319267273,0.5393226742744446,0.09953822195529938,52.91836595535278,3.2754039764404297,1.364189624786377,47.96624994277954,0.11648964881896973,0.09120655059814453,1.4256930351257324
12,7,55.400634765625,-65371.46015625,0.9998999834060669,0.539000391960144,0.5389091968536377,0.09644795954227448,54.03473520278931,3.195129632949829,1.3658506870269775,49.16488480567932,0.1146998405456543,0.09153485298156738,1.4237313270568848
12,8,54.601197481155396,-65497.989453125,0.9998999834060669,0.5349764823913574,0.5390718579292297,0.0968591719865799,53.22234869003296,3.1449668407440186,1.3787829875946045,48.37646198272705,0.11526250839233398,0.09090399742126465,1.450573205947876
12,9,53.90337133407593,-65367.958984375,0.9998999834060669,0.5411683917045593,0.5369335412979126,0.09991178661584854,52.484172344207764,3.1430411338806152,1.4191362857818604,47.65876770019531,0.11578583717346191,0.09093761444091797,1.4314124584197998
12,10,55.08538866043091,-65026.058203125,0.9998999834060669,0.539361834526062,0.5429691076278687,0.0972091481089592,53.73368525505066,3.141434669494629,1.3516426086425781,48.915035009384155,0.11490797996520996,0.09133768081665039,1.4265975952148438
12,11,54.095513343811035,-65209.32421875,0.9998999834060669,0.5395708084106445,0.5377213358879089,0.09632579982280731,52.739280223846436,3.1481997966766357,1.3561749458312988,47.915318965911865,0.11564755439758301,0.09192848205566406,1.4235162734985352
12,12,53.75566482543945,-65453.669921875,0.9998999834060669,0.5390622615814209,0.5370573997497559,0.09760750830173492,52.33425188064575,3.16914439201355,1.4213619232177734,47.48713731765747,0.11587095260620117,0.09199047088623047,1.4249579906463623
12,13,54.22030448913574,-65224.681640625,0.9998999834060669,0.5393900275230408,0.5381356477737427,0.09322671592235565,52.90512681007385,3.1421661376953125,1.3151285648345947,48.0726957321167,0.11572027206420898,0.09100699424743652,1.4391283988952637
12,14,56.95266056060791,-64745.159375,0.9998999834060669,0.5426366329193115,0.536325991153717,0.09208659827709198,55.12120866775513,3.1823275089263916,1.8314006328582764,50.25872874259949,0.11533045768737793,0.09211874008178711,1.4274911880493164
12,15,54.15154194831848,-65212.34453125,0.9998999834060669,0.5351343154907227,0.5404658317565918,0.0958934873342514,52.75896215438843,3.166541576385498,1.3925278186798096,47.90754246711731,0.11699795722961426,0.09399199485778809,1.4284899234771729
12,16,54.932530641555786,-65274.284765625,0.9998999834060669,0.5383817553520203,0.5382898449897766,0.09548520296812057,53.5075957775116,3.334280014038086,1.424877643585205,48.46524477005005,0.11661386489868164,0.0939633846282959,1.4523258209228516
12,17,54.256901264190674,-65277.669140625,0.9998999834060669,0.5360056161880493,0.5373745560646057,0.09729086607694626,52.89020752906799,3.1732006072998047,1.3666431903839111,48.03992986679077,0.11414146423339844,0.0919344425201416,1.427123785018921
12,18,55.42677330970764,-65070.87578125,0.9998999834060669,0.5418612957000732,0.5348708629608154,0.09554704278707504,54.10182476043701,3.1826748847961426,1.3248958587646484,49.23896932601929,0.11669182777404785,0.09133172035217285,1.4277937412261963
12,19,56.84187197685242,-65232.765625,0.9998999834060669,0.5365692973136902,0.5409110188484192,0.09624968469142914,55.507110595703125,3.172884225845337,1.3347008228302002,50.656569957733154,0.11532115936279297,0.0902547836303711,1.4285030364990234
12,20,53.40140652656555,-65198.16484375,0.9998999834060669,0.5330360531806946,0.5405004024505615,0.09747528284788132,52.05657124519348,3.146056652069092,1.3447816371917725,47.236461877822876,0.11488461494445801,0.09056854248046875,1.4245021343231201
12,21,57.12947058677673,-65233.053125,0.9998999834060669,0.5362890362739563,0.5387374758720398,0.09766068309545517,55.755218744277954,3.231539487838745,1.374197006225586,50.848241329193115,0.11646795272827148,0.09142351150512695,1.4235925674438477
12,22,55.56254816055298,-65234.750390625,0.9998999834060669,0.5383937954902649,0.5402100086212158,0.09485719352960587,54.19405269622803,3.176630735397339,1.3684375286102295,49.34794902801514,0.11498284339904785,0.08945870399475098,1.4213385581970215
12,23,55.254751205444336,-65075.49296875,0.9998999834060669,0.5385196805000305,0.5382766127586365,0.09424901753664017,53.82345938682556,3.163658618927002,1.4312357902526855,48.983400106430054,0.11598730087280273,0.09123611450195312,1.4247894287109375
12,24,54.3781054019928,-65244.6015625,0.9998999834060669,0.5357805490493774,0.5400781035423279,0.09603709727525711,53.064401626586914,3.202108860015869,1.3136489391326904,48.180087089538574,0.11783862113952637,0.0925900936126709,1.4269368648529053
12,25,53.580830335617065,-65445.396484375,0.9998999834060669,0.5387036800384521,0.5399205684661865,0.09813332557678223,52.2180962562561,3.144355297088623,1.3626773357391357,47.39683175086975,0.11568975448608398,0.09112405776977539,1.4263160228729248
12,26,54.69643688201904,-65192.10625,0.9998999834060669,0.544158935546875,0.5383723974227905,0.09756132960319519,53.355207204818726,3.186884641647339,1.3411719799041748,48.48612904548645,0.11617636680603027,0.09176492691040039,1.4289391040802002
12,27,55.57282471656799,-65087.799609375,0.9998999834060669,0.5390682816505432,0.5375173687934875,0.09608611464500427,54.232203245162964,3.1942949295043945,1.3405663967132568,49.36192297935486,0.11493563652038574,0.09099674224853516,1.4266736507415771
12,28,55.98600649833679,-64551.521875,0.9998999834060669,0.5398644804954529,0.5388385057449341,0.09290264546871185,54.57646656036377,3.1389451026916504,1.4094774723052979,49.7652063369751,0.11720609664916992,0.09078621864318848,1.4198899269104004
12,29,53.90257501602173,-65318.03671875,0.9998999834060669,0.5368777513504028,0.5395958423614502,0.09708964824676514,52.48332667350769,3.146599531173706,1.419189691543579,47.662081480026245,0.11574387550354004,0.09219574928283691,1.422119140625
12,30,54.23598504066467,-65307.11484375,0.9998999834060669,0.5396316051483154,0.5410932898521423,0.09868011623620987,52.883872270584106,3.1454014778137207,1.352055549621582,48.06388068199158,0.11545681953430176,0.09031343460083008,1.4253828525543213
13,1,73.44965314865112,-150532.0015625,0.9998999834060669,0.5290812253952026,0.5291139483451843,0.10362588614225388,71.8402578830719,3.3589227199554443,1.6093168258666992,66.67979741096497,0.11638927459716797,0.10099172592163086,1.5393495559692383
13,2,72.50461840629578,-154047.9296875,0.9998999834060669,0.5342157483100891,0.530970573425293,0.1076219230890274,70.97824478149414,3.301234245300293,1.5262951850891113,65.86413788795471,0.1150970458984375,0.0984032154083252,1.556185245513916
13,3,71.97212314605713,-154065.6921875,0.9998999834060669,0.5327005386352539,0.533278226852417,0.10826936364173889,70.5055160522461,3.3018710613250732,1.466533899307251,65.39437651634216,0.11630582809448242,0.10039186477661133,1.5478875637054443
13,4,71.29901552200317,-153881.165625,0.9998999834060669,0.534787654876709,0.5312355756759644,0.10629750043153763,69.83946943283081,3.3165948390960693,1.4594671726226807,64.71053218841553,0.11586618423461914,0.1030886173248291,1.5479962825775146
13,5,72.65732312202454,-153515.565625,0.9998999834060669,0.533752977848053,0.5314570665359497,0.10586800426244736,71.13618636131287,3.311629056930542,1.5210647583007812,66.01903176307678,0.11765527725219727,0.102203369140625,1.5403368473052979
13,6,71.79344153404236,-154159.98125,0.9998999834060669,0.5318524241447449,0.5320394039154053,0.10804425925016403,70.28949522972107,3.330371379852295,1.5038673877716064,65.1502857208252,0.11602449417114258,0.10118651390075684,1.5462300777435303
13,7,71.80359268188477,-153892.6375,0.9998999834060669,0.5347482562065125,0.5294589996337891,0.10771415382623672,70.34887194633484,3.3252153396606445,1.454643964767456,65.21620297431946,0.11519742012023926,0.10068368911743164,1.5465137958526611
13,8,71.00846934318542,-154286.4890625,0.9998999834060669,0.5328639149665833,0.5308011770248413,0.1086319237947464,69.43431997299194,3.4967098236083984,1.5740697383880615,64.13059043884277,0.11855268478393555,0.10233783721923828,1.5416874885559082
13,9,70.6690742969513,-153763.740625,0.9998999834060669,0.5319887399673462,0.5332739353179932,0.10669926553964615,69.18418288230896,3.325989007949829,1.4848103523254395,64.06670141220093,0.11723971366882324,0.10087203979492188,1.5282528400421143
13,10,71.2318503856659,-153930.9203125,0.9998999834060669,0.5355809926986694,0.5309281945228577,0.10821739584207535,69.71441006660461,3.3231923580169678,1.5173611640930176,64.58144211769104,0.11640429496765137,0.10203266143798828,1.5459487438201904
13,11,70.65152192115784,-153759.5296875,0.9998999834060669,0.5348268747329712,0.5344511270523071,0.1088753417134285,69.15232300758362,3.3129801750183105,1.4991133213043213,64.0405924320221,0.11583328247070312,0.1018681526184082,1.5364396572113037
13,12,71.89183354377747,-153390.05,0.9998999834060669,0.5341668128967285,0.5305628776550293,0.1054706871509552,70.42004919052124,3.296814441680908,1.4717092514038086,65.3133716583252,0.1157083511352539,0.09987425804138184,1.5486009120941162
13,13,70.77225470542908,-153470.9859375,0.9998999834060669,0.5318447947502136,0.5326229333877563,0.1040400043129921,69.28981137275696,3.392101526260376,1.4823648929595947,64.10545802116394,0.11570620536804199,0.10036969184875488,1.5315780639648438
13,14,71.81148505210876,-153677.7390625,0.9998999834060669,0.5311630964279175,0.5341355800628662,0.10709618031978607,70.37052369117737,3.3354110717773438,1.4408931732177734,65.22991943359375,0.11452841758728027,0.09983706474304199,1.5467822551727295
13,15,70.76729846000671,-154102.3015625,0.9998999834060669,0.5327755808830261,0.5306858420372009,0.11021958291530609,69.15075039863586,3.2861883640289307,1.6164703369140625,64.06608533859253,0.11492633819580078,0.09787130355834961,1.5421295166015625
13,16,71.9579963684082,-154096.715625,0.9998999834060669,0.5311787128448486,0.5309998393058777,0.10814282298088074,70.47312068939209,3.280693531036377,1.484792947769165,65.39430022239685,0.11363697052001953,0.09887194633483887,1.5421078205108643
13,17,73.30701756477356,-154033.7390625,0.9998999834060669,0.5366988778114319,0.5332341194152832,0.10897631198167801,71.81903958320618,3.290073871612549,1.4878990650177002,66.73619151115417,0.11368513107299805,0.0973958969116211,1.5380916595458984
13,18,70.55237984657288,-154297.6328125,0.9998999834060669,0.5305171012878418,0.5312302708625793,0.1075790673494339,69.07347965240479,3.3009443283081055,1.4788224697113037,63.965022563934326,0.11565828323364258,0.10180497169494629,1.544245719909668
13,19,71.27030062675476,-154060.759375,0.9998999834060669,0.5331503748893738,0.5324572324752808,0.10604123771190643,69.7436683177948,3.3321738243103027,1.5265588760375977,64.61200904846191,0.11588835716247559,0.10016441345214844,1.5389125347137451
13,20,76.42071199417114,-153535.8109375,0.9998999834060669,0.5330826044082642,0.5342534184455872,0.10693538933992386,74.94052147865295,3.3085267543792725,1.4801104068756104,69.81813788414001,0.11660122871398926,0.10018777847290039,1.552785873413086
13,21,71.204594373703,-154133.246875,0.9998999834060669,0.5347187519073486,0.5295636057853699,0.10782554745674133,69.67129802703857,3.2924482822418213,1.53322172164917,64.56286001205444,0.1149590015411377,0.09907937049865723,1.5579779148101807
13,22,72.39043140411377,-153970.2515625,0.9998999834060669,0.5308048725128174,0.5312270522117615,0.10573279857635498,70.90668034553528,3.300821542739868,1.4836645126342773,65.82349514961243,0.11523222923278809,0.10041546821594238,1.5224864482879639
13,23,72.1444993019104,-153556.8359375,0.9998999834060669,0.5345783829689026,0.5304092168807983,0.10709062218666077,70.72601270675659,3.3035128116607666,1.418409824371338,65.61768889427185,0.11495113372802734,0.10053467750549316,1.5452251434326172
13,24,72.79051995277405,-153789.634375,0.9998999834060669,0.5328747630119324,0.533287763595581,0.10540183633565903,71.31412863731384,3.3177103996276855,1.4763140678405762,66.1860716342926,0.1153116226196289,0.10167884826660156,1.5484039783477783
13,25,71.29634356498718,-154024.1796875,0.9998999834060669,0.5336219668388367,0.5340988636016846,0.1080261841416359,69.81645154953003,3.2856249809265137,1.4798150062561035,64.72193551063538,0.11351776123046875,0.09767007827758789,1.554283857345581
13,26,72.59225535392761,-153907.1453125,0.9998999834060669,0.5348349809646606,0.5335178375244141,0.10848406702280045,71.15073466300964,3.3145711421966553,1.4414441585540771,66.04736757278442,0.11470532417297363,0.09832644462585449,1.5317554473876953
13,27,70.93800091743469,-153973.7640625,0.9998999834060669,0.532775342464447,0.5334993004798889,0.10715475678443909,69.3805296421051,3.354801654815674,1.5573890209197998,64.13185048103333,0.1214756965637207,0.10142016410827637,1.6241486072540283
13,28,71.81977105140686,-153468.7421875,0.9998999834060669,0.531588613986969,0.5334122776985168,0.10633058845996857,70.28027963638306,3.2863729000091553,1.539417028427124,65.2017149925232,0.1137228012084961,0.09879016876220703,1.5362181663513184
13,29,71.5023832321167,-154192.7890625,0.9998999834060669,0.5344313979148865,0.532803475856781,0.10744495689868927,70.02100586891174,3.3137996196746826,1.4812984466552734,64.89572978019714,0.11535406112670898,0.09974551200866699,1.5514698028564453
13,30,71.66083860397339,-154126.6390625,0.9998999834060669,0.5318070650100708,0.5304600596427917,0.10485423356294632,70.21473264694214,3.30794095993042,1.4460272789001465,65.09665870666504,0.11525583267211914,0.09847712516784668,1.5522246360778809
14,1,95.9026312828064,-360290.140625,0.9998999834060669,0.5267500281333923,0.5277811884880066,0.11761905997991562,94.22303986549377,3.5179495811462402,1.6794829368591309,88.93607449531555,0.11495018005371094,0.11709260940551758,1.4926135540008545
14,2,93.96014404296875,-360981.625,0.9998999834060669,0.5277596712112427,0.5268610715866089,0.1180884838104248,92.22011590003967,3.4509456157684326,1.7399184703826904,86.98501539230347,0.11515069007873535,0.12256884574890137,1.500835657119751
14,3,95.05110836029053,-359853.740625,0.9998999834060669,0.5285256505012512,0.5275286436080933,0.1170426532626152,93.31296014785767,3.457444429397583,1.7380378246307373,88.08887076377869,0.11453485488891602,0.11627364158630371,1.490624189376831
14,4,95.12026047706604,-360402.984375,0.9998999834060669,0.5282317399978638,0.5245152711868286,0.11602313816547394,93.42719197273254,3.4603664875030518,1.6929538249969482,88.19133877754211,0.11429977416992188,0.12162423133850098,1.494063138961792
14,5,95.86072158813477,-360639.990625,0.9998999834060669,0.5279684066772461,0.5254514217376709,0.11706400662660599,94.00752711296082,3.459218978881836,1.8530888557434082,88.77048563957214,0.11632847785949707,0.1218271255493164,1.4932255744934082
14,6,93.93838620185852,-360731.0,0.9998999834060669,0.5305819511413574,0.5279192924499512,0.11906968802213669,92.19502067565918,3.5775258541107178,1.743257761001587,86.83970475196838,0.11595296859741211,0.1215660572052002,1.4950966835021973
14,7,95.28844833374023,-360356.43125,0.9998999834060669,0.5251876711845398,0.5275125503540039,0.11624262481927872,93.51613640785217,3.528036594390869,1.77219820022583,88.20070242881775,0.11549186706542969,0.1201930046081543,1.5064141750335693
14,8,94.73413681983948,-359856.615625,0.9998999834060669,0.5282589793205261,0.5274897217750549,0.11614297330379486,93.03106379508972,3.44148588180542,1.7029519081115723,87.8209581375122,0.11395573616027832,0.11922121047973633,1.490452766418457
14,9,94.86580300331116,-360713.559375,0.9998999834060669,0.5282664895057678,0.5261922478675842,0.11851200461387634,92.8249773979187,3.670414686203003,2.040709972381592,87.35432815551758,0.11575460433959961,0.11997318267822266,1.5190131664276123
14,10,98.2853934764862,-359833.234375,0.9998999834060669,0.528439998626709,0.5272663831710815,0.11646231263875961,96.54055118560791,3.436525821685791,1.7447330951690674,91.33052396774292,0.11434674263000488,0.11776018142700195,1.4962751865386963
14,11,95.0458574295044,-360889.525,0.9998999834060669,0.5259984731674194,0.5269578099250793,0.11691241711378098,93.35363483428955,3.4287567138671875,1.692110538482666,88.18565011024475,0.11321163177490234,0.11638355255126953,1.4648971557617188
14,12,94.43353724479675,-361402.665625,0.9998999834060669,0.5251514315605164,0.5295489430427551,0.11908325552940369,92.61743712425232,3.5312960147857666,1.8159754276275635,87.27680253982544,0.1278388500213623,0.12290406227111816,1.5009911060333252
14,13,94.58409094810486,-360605.971875,0.9998999834060669,0.52638840675354,0.5274600982666016,0.11696578562259674,92.7667715549469,3.439460515975952,1.817211389541626,87.55934286117554,0.11383533477783203,0.1162116527557373,1.4929678440093994
14,14,93.76149702072144,-360588.053125,0.9998999834060669,0.5268600583076477,0.5280143618583679,0.11689228564500809,92.01225590705872,3.441988706588745,1.7491209506988525,86.77875185012817,0.11374306678771973,0.1169135570526123,1.5156421661376953
14,15,94.73459792137146,-360237.5125,0.9998999834060669,0.5270287990570068,0.5268701314926147,0.11646061390638351,92.98631501197815,3.4519293308258057,1.748162031173706,87.74104738235474,0.11518740653991699,0.11946892738342285,1.513352632522583
14,16,94.1215226650238,-360218.928125,0.9998999834060669,0.5281874537467957,0.5276212692260742,0.11695299297571182,92.4309732913971,3.449185371398926,1.690438985824585,87.21102404594421,0.1142432689666748,0.11904096603393555,1.4918756484985352
14,17,95.02831172943115,-361133.525,0.9998999834060669,0.528622031211853,0.527197003364563,0.11769269406795502,93.2878086566925,3.5010931491851807,1.7403762340545654,87.99717879295349,0.1209249496459961,0.12088203430175781,1.4996001720428467
14,18,95.03467345237732,-360020.525,0.9998999834060669,0.5288134217262268,0.5302383899688721,0.11903953552246094,93.28280806541443,3.587390422821045,1.7517321109771729,87.88301348686218,0.11684107780456543,0.11916685104370117,1.5311455726623535
14,19,95.7649621963501,-361188.16875,0.9998999834060669,0.5270260572433472,0.5257629752159119,0.11836037784814835,94.04068970680237,3.434885263442993,1.7241673469543457,88.84243893623352,0.11310696601867676,0.11532926559448242,1.4901394844055176
14,20,94.6068205833435,-359567.584375,0.9998999834060669,0.5284334421157837,0.5284721851348877,0.11812824755907059,92.92879271507263,3.4828505516052246,1.6779062747955322,87.68563604354858,0.11613774299621582,0.12193465232849121,1.4764885902404785
14,21,94.55334782600403,-360621.1,0.9998999834060669,0.5263271331787109,0.528283417224884,0.11810662597417831,92.8454384803772,3.4318790435791016,1.7077972888946533,87.62538146972656,0.11574816703796387,0.12303042411804199,1.5028533935546875
14,22,95.15953779220581,-359926.003125,0.9998999834060669,0.526986837387085,0.5277523994445801,0.11650510132312775,93.45383787155151,3.4293406009674072,1.705580472946167,88.2381432056427,0.11571192741394043,0.12324643135070801,1.501713514328003
14,23,92.79101610183716,-361106.1,0.9998999834060669,0.5285981297492981,0.528561532497406,0.11977306008338928,91.0781364440918,3.498812198638916,1.7127695083618164,85.79626178741455,0.11590933799743652,0.12171459197998047,1.4993774890899658
14,24,94.46476459503174,-360375.69375,0.9998999834060669,0.5287273526191711,0.5267255306243896,0.1164369061589241,92.78938221931458,3.4519197940826416,1.6752769947052002,87.57324862480164,0.1137087345123291,0.11583471298217773,1.489588737487793
14,25,95.50517392158508,-360709.725,0.9998999834060669,0.5292405486106873,0.5288326144218445,0.11916342377662659,93.75850915908813,3.4063522815704346,1.7465503215789795,88.61565709114075,0.11503410339355469,0.11999893188476562,1.456618070602417
14,26,95.18948531150818,-360667.003125,0.9998999834060669,0.5279542207717896,0.526567280292511,0.11706314235925674,93.36431121826172,3.469175100326538,1.82505464553833,88.05529284477234,0.11594462394714355,0.11938881874084473,1.5592904090881348
14,27,94.60269618034363,-360637.075,0.9998999834060669,0.5260798931121826,0.5283500552177429,0.11674478650093079,92.83790230751038,3.40024733543396,1.7646706104278564,87.64925575256348,0.11536455154418945,0.11854791641235352,1.5098626613616943
14,28,94.47760367393494,-360695.71875,0.9998999834060669,0.5252829790115356,0.5279673337936401,0.11758314818143845,92.66298151016235,3.3938331604003906,1.8145051002502441,87.46735644340515,0.11662006378173828,0.11944937705993652,1.5204932689666748
14,29,94.21284222602844,-360857.38125,0.9998999834060669,0.5258733034133911,0.527716875076294,0.11602786183357239,92.24456977844238,3.4469287395477295,1.9681591987609863,87.01211404800415,0.11479997634887695,0.11825966835021973,1.5078318119049072
14,30,95.63312840461731,-360760.25,0.9998999834060669,0.5252376794815063,0.5259623527526855,0.11689526587724686,93.92692637443542,3.6609270572662354,1.7060635089874268,88.41080236434937,0.1391143798828125,0.1268634796142578,1.5285041332244873
15,1,128.5968861579895,-840127.10625,0.9998999834060669,0.5215368270874023,0.5222682952880859,0.12639082968235016,124.3248770236969,3.6763172149658203,4.271833896636963,118.75797915458679,0.11569356918334961,0.1387169361114502,1.5883612632751465
15,2,129.24185252189636,-839241.025,0.9998999834060669,0.522736132144928,0.5216063857078552,0.12697233259677887,125.06061816215515,3.652193069458008,4.181052207946777,119.54541969299316,0.11418533325195312,0.13726305961608887,1.5642237663269043
15,3,129.47924852371216,-840930.69375,0.9998999834060669,0.5234347581863403,0.5225334763526917,0.12726832926273346,125.15544033050537,3.921584129333496,4.3236329555511475,119.33085227012634,0.11641383171081543,0.13759708404541016,1.6006293296813965
15,4,126.26038432121277,-841177.675,0.9998999834060669,0.5223134756088257,0.5216633677482605,0.1283542364835739,123.94881844520569,3.6569111347198486,2.3113884925842285,118.41638135910034,0.11553359031677246,0.14407730102539062,1.5670783519744873
15,5,126.39425039291382,-840565.75,0.9998999834060669,0.521693766117096,0.5227585434913635,0.12691904604434967,124.14096736907959,3.648423671722412,2.2531051635742188,118.62074136734009,0.1149439811706543,0.1419525146484375,1.56630539894104
15,6,128.0555202960968,-839046.8625,0.9998999834060669,0.522083580493927,0.5219612717628479,0.12671084702014923,125.8127748966217,3.667637348175049,2.2425758838653564,120.27182865142822,0.11527895927429199,0.14287471771240234,1.56697678565979
15,7,125.73362159729004,-839652.08125,0.9998999834060669,0.5216783881187439,0.5225511789321899,0.12732546031475067,123.47233390808105,3.652606725692749,2.261117458343506,117.94923448562622,0.11556720733642578,0.1414494514465332,1.5651297569274902
15,8,126.21176362037659,-840672.00625,0.9998999834060669,0.5231915712356567,0.5207296013832092,0.12660247087478638,123.915842294693,3.667215585708618,2.295747756958008,118.36905670166016,0.11594247817993164,0.1423799991607666,1.572666883468628
15,9,125.69596576690674,-840406.45,0.9998999834060669,0.5219885110855103,0.5219651460647583,0.12720072269439697,123.4390857219696,3.643333673477173,2.2567009925842285,117.92678356170654,0.11478352546691895,0.14400458335876465,1.5620512962341309
15,10,127.72411799430847,-839712.225,0.9998999834060669,0.5221021771430969,0.5223419070243835,0.1271117627620697,125.43469429016113,3.6321232318878174,2.2892448902130127,119.92761301994324,0.11487340927124023,0.1420280933380127,1.5694777965545654
15,11,125.62073850631714,-841557.96875,0.9998999834060669,0.5223022699356079,0.5210592150688171,0.1274406462907791,123.36987662315369,3.6540119647979736,2.250690460205078,117.84184217453003,0.1150209903717041,0.14349675178527832,1.5668928623199463
15,12,127.21226191520691,-839618.83125,0.9998999834060669,0.5222516059875488,0.5225523710250854,0.1268889307975769,124.95347929000854,3.6089560985565186,2.2586002349853516,119.48571395874023,0.11356925964355469,0.13725829124450684,1.5603764057159424
15,13,126.95766830444336,-840091.38125,0.9998999834060669,0.5232937932014465,0.5215251445770264,0.12701046466827393,124.702889919281,3.7469029426574707,2.254595994949341,119.0809211730957,0.11514115333557129,0.14500212669372559,1.5665791034698486
15,14,126.79220247268677,-840017.8,0.9998999834060669,0.5230541229248047,0.5234171748161316,0.12770596146583557,124.56375098228455,3.7353274822235107,2.228267192840576,118.95290517807007,0.1150968074798584,0.14355206489562988,1.5685746669769287
15,15,126.91181015968323,-839758.9625,0.9998999834060669,0.5216965675354004,0.5224362015724182,0.12747640907764435,124.63157868385315,3.6582283973693848,2.2800567150115967,119.09824395179749,0.11615896224975586,0.14294981956481934,1.5674269199371338
15,16,126.83759379386902,-840126.81875,0.9998999834060669,0.5221417546272278,0.522173285484314,0.12750187516212463,124.57905626296997,3.6415159702301025,2.258366107940674,119.06698799133301,0.11528611183166504,0.14250755310058594,1.5638446807861328
15,17,126.21623301506042,-841023.1875,0.9998999834060669,0.5220699906349182,0.5211860537528992,0.12702365219593048,123.9781608581543,3.6696531772613525,2.2379002571105957,118.43772959709167,0.11690855026245117,0.1422557830810547,1.5633437633514404
15,18,126.53254556655884,-840409.28125,0.9998999834060669,0.522337794303894,0.5211167931556702,0.126887246966362,124.18267869949341,3.6756365299224854,2.3496882915496826,118.63501143455505,0.11545205116271973,0.14255261421203613,1.5657765865325928
15,19,127.85859680175781,-840048.2875,0.9998999834060669,0.5219835638999939,0.5228155255317688,0.12637591361999512,125.26209425926208,3.6201844215393066,2.5963282585144043,119.79115152359009,0.11473321914672852,0.13614964485168457,1.552403211593628
15,20,126.43818163871765,-839798.45625,0.9998999834060669,0.5212455987930298,0.5225414633750916,0.12671557068824768,124.19065427780151,3.7588798999786377,2.247347354888916,118.53249549865723,0.13026666641235352,0.14562678337097168,1.56874418258667
15,21,130.9417335987091,-841121.1125,0.9998999834060669,0.5220746994018555,0.5216981172561646,0.1278185397386551,125.06937408447266,3.6291942596435547,5.87217903137207,119.55651760101318,0.11668801307678223,0.1402738094329834,1.5784509181976318
15,22,126.81085586547852,-840048.1875,0.9998999834060669,0.5222938656806946,0.521643340587616,0.1273144632577896,124.39972877502441,3.650251865386963,2.410949468612671,118.87085914611816,0.11752605438232422,0.14340639114379883,1.5685477256774902
15,23,125.90410280227661,-840553.8875,0.9998999834060669,0.5207151770591736,0.5228299498558044,0.12670044600963593,123.63892936706543,3.6479694843292236,2.2650020122528076,118.1207628250122,0.1168673038482666,0.1432812213897705,1.561401605606079
15,24,127.14254355430603,-840897.4875,0.9998999834060669,0.5221312046051025,0.5220932960510254,0.1272645741701126,124.89518713951111,3.618812084197998,2.247177839279175,119.41476655006409,0.11517143249511719,0.1372530460357666,1.5620536804199219
15,25,127.6668791770935,-840501.08125,0.9998999834060669,0.5219746232032776,0.5221761465072632,0.12651745975017548,125.23076486587524,3.641068696975708,2.435933828353882,119.67550468444824,0.11820602416992188,0.14331531524658203,1.6036489009857178
15,26,128.09021878242493,-840120.65,0.9998999834060669,0.5216785073280334,0.5233968496322632,0.12641245126724243,125.76843595504761,3.899841070175171,2.3215856552124023,119.93887662887573,0.13619089126586914,0.14748692512512207,1.5822253227233887
15,27,126.98773121833801,-840216.2375,0.9998999834060669,0.5217533707618713,0.5220021605491638,0.1270437091588974,124.7206768989563,3.63962721824646,2.266878604888916,119.20236301422119,0.1152658462524414,0.14252448081970215,1.5728473663330078
15,28,125.32861971855164,-840045.025,0.9998999834060669,0.5217137932777405,0.5221478343009949,0.1267315149307251,123.07317328453064,3.626945734024048,2.2552731037139893,117.5767252445221,0.11612987518310547,0.1387794017791748,1.5666601657867432
15,29,128.01775336265564,-839854.6,0.9998999834060669,0.5214791893959045,0.5223937630653381,0.1275993436574936,125.74583768844604,3.647433042526245,2.2717432975769043,120.22286105155945,0.11578202247619629,0.14310073852539062,1.5676765441894531
15,30,125.75766468048096,-840816.9375,0.9998999834060669,0.5214623212814331,0.5220505595207214,0.1273738145828247,123.52974009513855,3.682053327560425,2.2277536392211914,117.99254393577576,0.11414694786071777,0.13643383979797363,1.5575861930847168
16,1,160.81508874893188,-1948533.025,0.9998999834060669,0.5168671011924744,0.5177852511405945,0.13655656576156616,157.1254563331604,4.27130126953125,3.6892921924591064,150.7805576324463,0.1412806510925293,0.17055344581604004,1.6892497539520264
16,2,161.51456594467163,-1950327.85,0.9998999834060669,0.5168159604072571,0.517135500907898,0.137247234582901,158.00305223464966,4.28394627571106,3.5111382007598877,151.62702441215515,0.14976000785827637,0.17230749130249023,1.6975181102752686
16,3,159.24567341804504,-1948047.925,0.9998999834060669,0.5169114470481873,0.5175216197967529,0.13597694039344788,155.72887086868286,4.286792039871216,3.5164570808410645,149.34930300712585,0.14490795135498047,0.17357158660888672,1.7019634246826172
16,4,156.3613920211792,-1950924.75,0.9998999834060669,0.5169480443000793,0.517223060131073,0.13714519143104553,152.8935523033142,4.2514564990997314,3.467503070831299,146.58208632469177,0.14432835578918457,0.1645340919494629,1.6801409721374512
16,5,158.28153610229492,-1950026.75,0.9998999834060669,0.5163987874984741,0.5173884034156799,0.1362956464290619,154.73650240898132,4.23296332359314,3.5446925163269043,148.44112300872803,0.138411283493042,0.16455316543579102,1.687391757965088
16,6,157.23208570480347,-1949947.0625,0.9998999834060669,0.5167781114578247,0.517484188079834,0.1369369924068451,153.7098023891449,4.241755962371826,3.521932601928711,147.3976912498474,0.14214038848876953,0.16520333290100098,1.690981149673462
16,7,159.82788610458374,-1948609.575,0.9998999834060669,0.5169291496276855,0.5174561142921448,0.13655731081962585,156.2712185382843,4.264902591705322,3.556316614151001,149.91912508010864,0.14759469032287598,0.17193031311035156,1.6947059631347656
16,8,158.3736572265625,-1949557.0,0.9998999834060669,0.5168936252593994,0.5166682600975037,0.1370377093553543,154.73466110229492,4.283699035644531,3.6386563777923584,148.36979269981384,0.14650440216064453,0.1713261604309082,1.69124436378479
16,9,157.37766933441162,-1950472.875,0.9998999834060669,0.5169867873191833,0.5170519351959229,0.13668343424797058,153.8513011932373,4.257501602172852,3.52604341506958,147.53563046455383,0.14013266563415527,0.16518473625183105,1.680718183517456
16,10,159.7759222984314,-1950924.0875,0.9998999834060669,0.5169816613197327,0.5172473192214966,0.13695840537548065,156.32164692878723,4.287683010101318,3.4539339542388916,149.95520997047424,0.1459343433380127,0.1728529930114746,1.6866052150726318
16,11,162.02132272720337,-1950990.8,0.9998999834060669,0.5167600512504578,0.516477644443512,0.13649813830852509,158.55246233940125,4.3750901222229,3.4685144424438477,152.09368538856506,0.14328479766845703,0.17362213134765625,1.6936569213867188
16,12,158.3572998046875,-1950211.925,0.9998999834060669,0.516829252243042,0.5177507400512695,0.13687650859355927,154.68153500556946,4.267803192138672,3.6754238605499268,148.33222270011902,0.14250802993774414,0.17135024070739746,1.6955962181091309
16,13,158.6049361228943,-1951043.3625,0.9998999834060669,0.5173448324203491,0.5171054601669312,0.13734155893325806,154.9667627811432,4.273014545440674,3.6378326416015625,148.61297178268433,0.14630961418151855,0.17162299156188965,1.6917428970336914
16,14,159.39060020446777,-1950952.725,0.9998999834060669,0.5175133347511292,0.5170806050300598,0.13763774931430817,155.93854641914368,4.269066333770752,3.4517111778259277,149.58846068382263,0.14751815795898438,0.17023038864135742,1.6916744709014893
16,15,158.8575520515442,-1950177.8,0.9998999834060669,0.5192515850067139,0.5183620452880859,0.13886591792106628,155.3820071220398,4.27730917930603,3.475201368331909,149.0244164466858,0.14418673515319824,0.17367100715637207,1.6902506351470947
16,16,157.96388936042786,-1949784.875,0.9998999834060669,0.5166929364204407,0.5163922309875488,0.13692812621593475,154.49141764640808,4.2527406215667725,3.4721310138702393,148.16762614250183,0.1435556411743164,0.16758942604064941,1.688199758529663
16,17,159.6558973789215,-1949971.7875,0.9998999834060669,0.5165767073631287,0.5171269178390503,0.13632294535636902,156.16811800003052,4.2757792472839355,3.487393617630005,149.81354761123657,0.14167118072509766,0.17202162742614746,1.6931886672973633
16,18,158.792866230011,-1951273.8,0.9998999834060669,0.5173665285110474,0.5157378315925598,0.1372835636138916,155.18564867973328,4.273120641708374,3.606886625289917,148.8427357673645,0.14747071266174316,0.16497302055358887,1.6849863529205322
16,19,158.09397411346436,-1952506.325,0.9998999834060669,0.5166317224502563,0.5171694755554199,0.13757765293121338,154.5154001712799,4.2701239585876465,3.5782318115234375,148.1632137298584,0.14544391632080078,0.17038202285766602,1.6942403316497803
16,20,160.29656505584717,-1950421.4625,0.9998999834060669,0.5186356902122498,0.5190719366073608,0.13917791843414307,156.66080403327942,4.266151189804077,3.6354174613952637,150.3049032688141,0.14455533027648926,0.17166852951049805,1.7008275985717773
16,21,158.68704986572266,-1951467.05,0.9998999834060669,0.517179548740387,0.5176665782928467,0.13771238923072815,155.16361045837402,4.3725550174713135,3.5230941772460938,148.69812560081482,0.14787983894348145,0.17308354377746582,1.6978435516357422
16,22,159.02777528762817,-1949759.6,0.9998999834060669,0.5159081220626831,0.5153494477272034,0.13553832471370697,155.52275490760803,4.281619548797607,3.5046730041503906,149.16391730308533,0.14149928092956543,0.17142701148986816,1.692533254623413
16,23,159.29998350143433,-1949473.6125,0.9998999834060669,0.5181317925453186,0.5162032842636108,0.13698673248291016,155.80275464057922,4.257107973098755,3.496880054473877,149.4713954925537,0.14272618293762207,0.17293667793273926,1.687286138534546
16,24,158.83226919174194,-1948864.725,0.9998999834060669,0.5173189640045166,0.5178189873695374,0.13675180077552795,155.34622502326965,4.244466543197632,3.4857091903686523,149.03508377075195,0.14409375190734863,0.17025232315063477,1.6806890964508057
16,25,158.94666457176208,-1949679.075,0.9998999834060669,0.5174055695533752,0.5165977478027344,0.1368725597858429,155.5218780040741,4.2655274868011475,3.4244601726531982,149.1940734386444,0.13994956016540527,0.1661970615386963,1.685065507888794
16,26,161.00860047340393,-1950020.05,0.9998999834060669,0.5175976753234863,0.5168021321296692,0.13684645295143127,157.52982711791992,4.281283378601074,3.478381633758545,151.16331219673157,0.14545488357543945,0.172621488571167,1.6953842639923096
16,27,160.37696266174316,-1950142.8,0.9998999834060669,0.5173446536064148,0.5165163278579712,0.13665913045406342,156.83284425735474,4.242910861968994,3.543771743774414,150.50895977020264,0.14695239067077637,0.17092132568359375,1.6908555030822754
16,28,157.8655698299408,-1949852.4375,0.9998999834060669,0.5183609127998352,0.5166633129119873,0.1378580927848816,154.37761759757996,4.250219345092773,3.4876115322113037,148.05698704719543,0.14482808113098145,0.16649389266967773,1.6866159439086914
16,29,158.19332814216614,-1950465.1375,0.9998999834060669,0.5150943398475647,0.5141592025756836,0.1349450796842575,154.59605717658997,3.7605581283569336,3.5969269275665283,148.8119580745697,0.1162862777709961,0.16761994361877441,1.6920299530029297
16,30,158.5284502506256,-1950536.725,0.9998999834060669,0.5189872980117798,0.518858790397644,0.13905633985996246,154.83432912826538,3.7696995735168457,3.693777561187744,149.02691459655762,0.11678552627563477,0.17389154434204102,1.6981987953186035
17,1,221.18155169487,-4511629.8,0.9998999834060669,0.5117217898368835,0.512531578540802,0.1483575999736786,214.68097352981567,4.106932878494263,6.499821901321411,208.1475386619568,0.13148283958435059,0.23084163665771484,2.002809524536133
17,2,220.58234643936157,-4511208.25,0.9998999834060669,0.5109979510307312,0.5114495158195496,0.14733095467090607,214.08323788642883,4.049647808074951,6.498377799987793,207.62371969223022,0.12383341789245605,0.2284848690032959,2.0058789253234863
17,3,221.17576241493225,-4510692.8,0.9998999834060669,0.5116258859634399,0.5120350122451782,0.1469375342130661,214.78391361236572,4.087392807006836,6.39113712310791,208.313973903656,0.11719512939453125,0.22594356536865234,1.9913067817687988
17,4,222.3018627166748,-4516297.85,0.9998999834060669,0.5117588639259338,0.5114057660102844,0.14793862402439117,215.93460822105408,4.179023265838623,6.366523742675781,207.85017943382263,0.14496827125549316,0.23729205131530762,3.4570250511169434
17,5,221.7993438243866,-4513262.4,0.9998999834060669,0.5109915733337402,0.5117042064666748,0.14708936214447021,215.31498670578003,3.9910080432891846,6.4836390018463135,208.93409204483032,0.11686420440673828,0.22664117813110352,1.997438669204712
17,6,221.49465346336365,-4510363.9,0.9998999834060669,0.5113664269447327,0.5120280981063843,0.14737385511398315,215.07837343215942,3.934236764907837,6.4155707359313965,208.75998830795288,0.11545181274414062,0.23067855834960938,1.9900877475738525
17,7,220.37420010566711,-4512446.35,0.9998999834060669,0.5113999843597412,0.5113325715065002,0.14717523753643036,214.04432225227356,4.2056896686553955,6.329174280166626,207.41236996650696,0.150895357131958,0.23515033721923828,1.9693169593811035
17,8,222.45051622390747,-4511253.5,0.9998999834060669,0.5111052393913269,0.5114306807518005,0.14718057215213776,216.01310849189758,4.13693380355835,6.436669826507568,209.44748091697693,0.13666319847106934,0.2295386791229248,2.0018625259399414
17,9,225.8055465221405,-4510300.5,0.9998999834060669,0.5130460858345032,0.5130111575126648,0.1486051231622696,219.41216826438904,4.033644676208496,6.392638683319092,212.9729824066162,0.1233375072479248,0.23009657859802246,2.00046706199646
17,10,220.83775734901428,-4510232.4,0.9998999834060669,0.5118288397789001,0.5115453004837036,0.147522434592247,214.46184468269348,4.0975258350372314,6.375183582305908,207.97488403320312,0.11751222610473633,0.23537373542785645,1.9877994060516357
17,11,223.9162106513977,-4512209.25,0.9998999834060669,0.5118054151535034,0.5119002461433411,0.1473352611064911,217.46158933639526,4.213142395019531,6.453911066055298,210.82298612594604,0.1391890048980713,0.23585844039916992,1.9842145442962646
17,12,220.33671498298645,-4514683.95,0.9998999834060669,0.5120654106140137,0.5125640630722046,0.14854443073272705,213.59401035308838,4.165383577346802,6.7420148849487305,206.92346143722534,0.11935901641845703,0.22772502899169922,2.1103739738464355
17,13,219.81533813476562,-4511731.05,0.9998999834060669,0.511140763759613,0.5112431645393372,0.1474023014307022,213.41534447669983,3.8990323543548584,6.399277687072754,207.12695407867432,0.11608266830444336,0.23172521591186523,1.9945170879364014
17,14,219.18481349945068,-4514503.3,0.9998999834060669,0.5118585228919983,0.5116793513298035,0.14748515188694,212.83539581298828,4.2322001457214355,6.348680734634399,206.6334855556488,0.1470959186553955,0.23432207107543945,1.519226312637329
17,15,219.13185954093933,-4512782.4,0.9998999834060669,0.5138112306594849,0.5133376717567444,0.14980557560920715,212.71507024765015,4.141303062438965,6.416051626205444,206.1627480983734,0.1327834129333496,0.22980952262878418,1.989325761795044
17,16,221.81568026542664,-4511327.4,0.9998999834060669,0.5113497972488403,0.5114848017692566,0.14705543220043182,215.30549335479736,3.9858765602111816,6.5094544887542725,208.8576500415802,0.1206357479095459,0.2910599708557129,1.999885082244873
17,17,220.34719491004944,-4513116.5,0.9998999834060669,0.5129782557487488,0.5130648612976074,0.14883607625961304,213.83932995796204,3.987227201461792,6.5071446895599365,207.46367740631104,0.11617708206176758,0.22716045379638672,1.9966588020324707
17,18,224.18051624298096,-4511198.65,0.9998999834060669,0.5118521451950073,0.5116018652915955,0.14735738933086395,217.66757822036743,4.150251626968384,6.512199401855469,211.08883595466614,0.13971281051635742,0.2316272258758545,1.9913849830627441
17,19,218.1195125579834,-4510649.1,0.9998999834060669,0.5114495158195496,0.5112751722335815,0.14710529148578644,211.83805060386658,4.000169515609741,6.280754327774048,205.46604752540588,0.12500596046447754,0.2221083641052246,1.971830129623413
17,20,222.8347189426422,-4511303.55,0.9998999834060669,0.510938286781311,0.5117293000221252,0.14718656241893768,216.47095847129822,4.055822372436523,6.363038778305054,210.0326428413391,0.11734414100646973,0.22684526443481445,1.9898488521575928
17,21,221.2634515762329,-4511687.35,0.9998999834060669,0.5109360814094543,0.5109582543373108,0.14713431894779205,214.85548281669617,4.293193340301514,6.4072535037994385,208.12373065948486,0.1419370174407959,0.24596261978149414,1.98695969581604
17,22,219.62106251716614,-4510360.4,0.9998999834060669,0.5115684270858765,0.5110945701599121,0.14707474410533905,213.24054384231567,4.167678356170654,6.379780054092407,207.11021780967712,0.14248871803283691,0.2400057315826416,1.5221161842346191
17,23,221.12880969047546,-4513054.6,0.9998999834060669,0.511064887046814,0.5115813612937927,0.1473044753074646,214.31002640724182,4.450809955596924,6.817885160446167,207.33620357513428,0.14606451988220215,0.24409008026123047,2.073249578475952
17,24,223.98602867126465,-4512995.85,0.9998999834060669,0.5112206935882568,0.511157751083374,0.14685869216918945,217.53053665161133,4.305114507675171,6.454758405685425,210.71608567237854,0.13275551795959473,0.3278830051422119,1.9938607215881348
17,25,234.31182980537415,-4511221.15,0.9998999834060669,0.5121224522590637,0.5114530920982361,0.14729097485542297,227.88664269447327,4.258121490478516,6.424479246139526,221.16274166107178,0.13751649856567383,0.26090288162231445,2.010932207107544
17,26,218.56160068511963,-4513086.2,0.9998999834060669,0.5115072727203369,0.5112634301185608,0.14746007323265076,212.28515934944153,4.1269752979278564,6.275730609893799,205.75509810447693,0.13708853721618652,0.2395954132080078,1.9653806686401367
17,27,220.85405683517456,-4514796.95,0.9998999834060669,0.5107834339141846,0.5116106271743774,0.1471083164215088,213.87912344932556,4.043832302093506,6.974128484725952,207.40771532058716,0.12291312217712402,0.2384037971496582,2.015935182571411
17,28,216.65916299819946,-4515153.45,0.9998999834060669,0.5131843090057373,0.5130199193954468,0.14954711496829987,210.27932214736938,3.972346305847168,6.379124164581299,203.96558666229248,0.11641407012939453,0.2172558307647705,1.9611375331878662
17,29,221.86117887496948,-4510511.2,0.9998999834060669,0.511650800704956,0.5112497806549072,0.14700530469417572,215.44073462486267,3.984224796295166,6.419725179672241,209.06536078453064,0.11717367172241211,0.22664809226989746,1.9994890689849854
17,30,220.47315740585327,-4514322.6,0.9998999834060669,0.5116446614265442,0.5109342336654663,0.14745239913463593,214.09564304351807,3.9663021564483643,6.3767921924591064,207.75540375709534,0.11696839332580566,0.22658848762512207,1.9824309349060059
18,1,311.9167594909668,-10435460.4,0.9998999834060669,0.5056178569793701,0.5051374435424805,0.15892532467842102,298.42662167549133,4.32759165763855,13.488667011260986,291.92661237716675,0.14383482933044434,0.35289669036865234,1.6109559535980225
18,2,315.64032673835754,-10442562.1,0.9998999834060669,0.5048061609268188,0.5045072436332703,0.15877218544483185,302.11542868614197,4.454615354537964,13.523433446884155,295.46208119392395,0.15505719184875488,0.3594202995300293,1.6128618717193604
18,3,307.9518175125122,-10442646.0,0.9998999834060669,0.5021058917045593,0.5023083686828613,0.15608228743076324,294.65348291397095,4.241444826126099,13.296947717666626,288.2728304862976,0.13659214973449707,0.34625935554504395,1.5960838794708252
18,4,310.17291140556335,-10440703.2,0.9998999834060669,0.506247341632843,0.5067240595817566,0.16048449277877808,296.1288516521454,4.081756591796875,14.042604207992554,289.9086561203003,0.12451481819152832,0.34752845764160156,1.6172113418579102
18,5,310.8381612300873,-10437972.2,0.9998999834060669,0.5054582357406616,0.5049566030502319,0.15923239290714264,297.3964104652405,4.254748821258545,13.440326929092407,290.9927933216095,0.13429641723632812,0.3474903106689453,1.609480381011963
18,6,310.9418430328369,-10441493.4,0.9998999834060669,0.5056492686271667,0.505469024181366,0.159465029835701,297.4575972557068,4.289945840835571,13.482787847518921,290.99333906173706,0.13914060592651367,0.35265350341796875,1.617678165435791
18,7,311.7789218425751,-10439742.6,0.9998999834060669,0.5055637359619141,0.5059888362884521,0.15947291254997253,298.3228316307068,4.441458702087402,13.454614162445068,291.66751646995544,0.15165162086486816,0.3674962520599365,1.622884750366211
18,8,312.1011905670166,-10438170.9,0.9998999834060669,0.5054312348365784,0.5059597492218018,0.15961290895938873,298.5254023075104,4.1903955936431885,13.574340581893921,292.1922073364258,0.12308907508850098,0.35032176971435547,1.6178929805755615
18,9,311.6340606212616,-10439438.1,0.9998999834060669,0.5053406953811646,0.5053763389587402,0.15910392999649048,297.8144919872284,4.377958297729492,13.818097591400146,291.2960259914398,0.12286877632141113,0.34760141372680664,1.6190860271453857
18,10,312.12648701667786,-10438608.5,0.9998999834060669,0.5045533776283264,0.504704475402832,0.15851682424545288,298.59145855903625,4.382081985473633,13.533548831939697,291.9347879886627,0.13464999198913574,0.47873497009277344,1.601945161819458
18,11,310.7316436767578,-10437948.0,0.9998999834060669,0.5030747652053833,0.5027804970741272,0.15667971968650818,297.47245240211487,4.342647552490234,13.257792234420776,290.9573724269867,0.146620512008667,0.356020450592041,1.6047356128692627
18,12,313.2055790424347,-10438363.5,0.9998999834060669,0.5056665539741516,0.5051281452178955,0.15900081396102905,299.6936728954315,4.297946453094482,13.510438203811646,293.1345868110657,0.12679648399353027,0.35353922843933105,1.7298088073730469
18,13,312.57239508628845,-10438918.0,0.9998999834060669,0.5053398013114929,0.5055012106895447,0.1593112051486969,299.0360984802246,4.336499214172363,13.534825801849365,292.53419399261475,0.14100146293640137,0.3533186912536621,1.6088476181030273
18,14,324.55538058280945,-10439053.0,0.9998999834060669,0.5057725310325623,0.5054282546043396,0.15956799685955048,311.0924422740936,4.369550704956055,13.46146273612976,304.512003660202,0.15394186973571777,0.3565399646759033,1.6294150352478027
18,15,316.72706389427185,-10436631.7,0.9998999834060669,0.5049253702163696,0.5054215788841248,0.1591908037662506,303.3646287918091,4.222681522369385,13.360988140106201,296.9651255607605,0.13007020950317383,0.3837406635284424,1.610072374343872
18,16,319.44807028770447,-10438534.5,0.9998999834060669,0.5060605406761169,0.5057153105735779,0.15929476916790009,305.69521260261536,4.4420857429504395,13.751404285430908,299.02121329307556,0.14180421829223633,0.4194016456604004,1.6121811866760254
18,17,326.96322870254517,-10437892.3,0.9998999834060669,0.5055261254310608,0.5054150819778442,0.15909874439239502,313.49680614471436,4.5406622886657715,13.464953899383545,306.73930644989014,0.13708782196044922,0.39102721214294434,1.6293349266052246
18,18,314.05033564567566,-10439754.5,0.9998999834060669,0.5051591992378235,0.5056046843528748,0.15906235575675964,300.7204375267029,4.3983001708984375,13.328473567962646,294.124169588089,0.14291024208068848,0.3928711414337158,1.6010205745697021
18,19,316.2105185985565,-10437344.6,0.9998999834060669,0.5053687691688538,0.505427360534668,0.1589866578578949,302.11779594421387,4.426060438156128,14.090814113616943,295.45872163772583,0.12912368774414062,0.357053279876709,1.6936559677124023
18,20,310.41304445266724,-10440543.2,0.9998999834060669,0.5056511163711548,0.5049440860748291,0.15917126834392548,296.7843267917633,4.095915079116821,13.627252101898193,290.5407683849335,0.12437605857849121,0.34842371940612793,1.6255261898040771
18,21,309.0666534900665,-10441308.0,0.9998999834060669,0.5052735209465027,0.5051530599594116,0.15931661427021027,295.59196972846985,4.071821928024292,13.473241567611694,289.385933637619,0.12318110466003418,0.3466758728027344,1.615354299545288
18,22,319.47354435920715,-10439011.5,0.9998999834060669,0.5052742958068848,0.5053439736366272,0.15913239121437073,295.31474900245667,4.056232452392578,24.157344102859497,289.0221166610718,0.12405228614807129,0.44137001037597656,1.6221139430999756
18,23,305.8280408382416,-10439292.9,0.9998999834060669,0.5051336288452148,0.5055646300315857,0.1591009646654129,292.62408471107483,4.174564838409424,13.202549695968628,286.34173464775085,0.12030935287475586,0.33683156967163086,1.6018824577331543
18,24,312.1734993457794,-10439728.1,0.9998999834060669,0.5053999423980713,0.5059900283813477,0.1596471667289734,298.8299856185913,4.127077579498291,13.342043399810791,292.5613303184509,0.12246346473693848,0.3486912250518799,1.6213290691375732
18,25,303.60852670669556,-10439563.4,0.9998999834060669,0.505293071269989,0.5053463578224182,0.15917342901229858,290.4578146934509,4.0883331298828125,13.149290800094604,284.2800621986389,0.11944890022277832,0.3310225009918213,1.5908374786376953
18,26,322.03599214553833,-10434351.1,0.9998999834060669,0.5054779648780823,0.5047781467437744,0.15875694155693054,297.8109641075134,4.184230089187622,24.22356653213501,291.4914803504944,0.12160444259643555,0.3476886749267578,1.6163136959075928
18,27,312.31634187698364,-10440250.2,0.9998999834060669,0.5052973628044128,0.5053170323371887,0.15918894112110138,299.0430908203125,4.098718881607056,13.27183747291565,292.8473904132843,0.12040257453918457,0.33359384536743164,1.5948512554168701
18,28,334.0310146808624,-10438015.2,0.9998999834060669,0.5056971311569214,0.5057311058044434,0.1594545990228653,299.2258508205414,4.100191593170166,34.803741455078125,286.960134267807,0.11854028701782227,0.3325464725494385,7.666096925735474
18,29,315.176011800766,-10436342.4,0.9998999834060669,0.505178689956665,0.5054064393043518,0.15915684401988983,301.8903179168701,4.406863212585449,13.284268379211426,295.28529477119446,0.16019344329833984,0.35548996925354004,1.6105849742889404
18,30,307.0878987312317,-10436018.3,0.9998999834060669,0.5053154826164246,0.5052580237388611,0.1590636670589447,293.61156487464905,4.120771646499634,13.474884986877441,287.36917328834534,0.12164640426635742,0.3346853256225586,1.6172032356262207
19,1,446.81169176101685,-24256754.4,0.9998999834060669,0.4994395971298218,0.4999489486217499,0.17242205142974854,417.66176986694336,4.281030654907227,29.146785497665405,403.3344783782959,0.13205885887145996,0.543830156326294,1.7348694801330566
19,2,454.8542182445526,-24261194.0,0.9998999834060669,0.49999678134918213,0.5002899169921875,0.17304682731628418,425.33417439460754,4.290327787399292,29.516791343688965,410.9432256221771,0.13031744956970215,0.5484628677368164,1.7473127841949463
19,3,454.53034234046936,-24248319.2,0.9998999834060669,0.49924424290657043,0.4995194971561432,0.1719946563243866,425.076420545578,4.323592185974121,29.45069169998169,410.70913100242615,0.1309986114501953,0.552736759185791,1.7331676483154297
19,4,454.48542642593384,-24250763.4,0.9998999834060669,0.49934569001197815,0.4994404911994934,0.17177660763263702,424.7474479675293,4.30687952041626,29.73483180999756,410.3445179462433,0.13109183311462402,0.5550670623779297,1.7444326877593994
19,5,456.687695980072,-24257552.4,0.9998999834060669,0.5003511905670166,0.5003954172134399,0.17316004633903503,426.81131887435913,4.29189658164978,29.873208045959473,412.4190649986267,0.1325669288635254,0.5529780387878418,1.7557222843170166
19,6,450.4555697441101,-24261814.8,0.9998999834060669,0.49860331416130066,0.4985126256942749,0.1714850515127182,420.3001244068146,4.569950342178345,30.15213179588318,405.9460144042969,0.13190484046936035,0.5365240573883057,1.743424415588379
19,7,453.3916299343109,-24262699.6,0.9998999834060669,0.49938327074050903,0.4993273913860321,0.17222866415977478,423.46544194221497,4.286775827407837,29.92302656173706,409.12655329704285,0.1315462589263916,0.5473554134368896,1.7396178245544434
19,8,504.9100966453552,-24259986.0,0.9998999834060669,0.4995077848434448,0.49941113591194153,0.17240406572818756,450.3975920677185,4.668402910232544,54.50925374031067,430.18662309646606,0.14234399795532227,0.6906421184539795,7.307078838348389
19,9,477.9770247936249,-24261802.2,0.9998999834060669,0.4994089901447296,0.4992493689060211,0.17217448353767395,446.86165046691895,4.82085108757019,31.112069845199585,432.0961287021637,0.14514923095703125,0.7123584747314453,1.827085018157959
19,10,474.7300052642822,-24256098.0,0.9998999834060669,0.4992184340953827,0.4991898536682129,0.17216740548610687,444.5729672908783,4.74131441116333,30.15248727798462,429.7844305038452,0.14714336395263672,0.688786506652832,1.9281375408172607
19,11,456.67557764053345,-24266672.8,0.9998999834060669,0.4997793734073639,0.4993540048599243,0.17251956462860107,426.91537642478943,4.314010143280029,29.756983041763306,412.5366327762604,0.13579511642456055,0.5722813606262207,1.7389233112335205
19,12,455.8602237701416,-24261827.0,0.9998999834060669,0.4997982978820801,0.4996456205844879,0.17243918776512146,426.00016951560974,4.278076648712158,29.856844663619995,411.64487528800964,0.13174152374267578,0.553656816482544,1.7371103763580322
19,13,455.8667776584625,-24257379.2,0.9998999834060669,0.4992651045322418,0.4992099702358246,0.17222702503204346,424.38871479034424,4.370260953903198,31.47484064102173,409.963166475296,0.13165044784545898,0.5601515769958496,1.7469439506530762
19,14,458.71358823776245,-24257033.8,0.9998999834060669,0.501510739326477,0.5016546845436096,0.17428617179393768,429.06794452667236,4.319314956665039,29.642430067062378,414.64822244644165,0.13124489784240723,0.5557315349578857,1.748816728591919
19,15,456.39027762413025,-24259213.8,0.9998999834060669,0.49999532103538513,0.49949681758880615,0.17237405478954315,426.94814801216125,4.712195873260498,29.438929557800293,412.415810585022,0.14452409744262695,0.6077322959899902,1.7588489055633545
19,16,457.54471611976624,-24261784.6,0.9998999834060669,0.5007270574569702,0.5005186796188354,0.17342106997966766,427.3987205028534,4.3704674243927,30.142789602279663,412.98247957229614,0.13891816139221191,0.5887608528137207,1.7474849224090576
19,17,492.0973539352417,-24260082.2,0.9998999834060669,0.4993060529232025,0.49929189682006836,0.17206254601478577,435.1159563064575,4.439077854156494,56.97815132141113,414.29074454307556,0.13947391510009766,0.5976276397705078,8.100216627120972
19,18,454.4693672657013,-24261377.8,0.9998999834060669,0.4996171295642853,0.49928584694862366,0.1725354939699173,425.09345269203186,4.318720102310181,29.372705221176147,410.65555143356323,0.13479351997375488,0.5532526969909668,1.7395961284637451
19,19,455.2772481441498,-24259737.2,0.9998999834060669,0.5016868114471436,0.5015994310379028,0.17426997423171997,425.40684056282043,4.345354318618774,29.867185831069946,410.9958817958832,0.1313929557800293,0.5443599224090576,1.7372806072235107
19,20,456.9352557659149,-24261991.0,0.9998999834060669,0.5000837445259094,0.49937376379966736,0.17261843383312225,427.3375370502472,4.705164909362793,29.594462633132935,412.82922196388245,0.14474892616271973,0.6023683547973633,1.7417144775390625
19,21,453.3279106616974,-24251730.4,0.9998999834060669,0.5010001063346863,0.5011505484580994,0.17348453402519226,423.7898910045624,4.337297201156616,29.53484296798706,409.34017419815063,0.13481688499450684,0.563709020614624,1.7468469142913818
19,22,457.97922825813293,-24261319.4,0.9998999834060669,0.4993916153907776,0.4993835687637329,0.17215174436569214,428.3582458496094,4.366787433624268,29.617751121520996,413.93500232696533,0.13263964653015137,0.5519154071807861,1.7492907047271729
19,23,456.37274408340454,-24264285.6,0.9998999834060669,0.5011991262435913,0.5012851357460022,0.17417411506175995,424.75084042549133,4.345764398574829,31.618688583374023,410.5388023853302,0.1360328197479248,0.5558452606201172,1.7351109981536865
19,24,452.71207308769226,-24265903.2,0.9998999834060669,0.4989715814590454,0.49943894147872925,0.17214815318584442,423.36387634277344,4.2696967124938965,29.344987869262695,409.1800844669342,0.13063645362854004,0.5455760955810547,1.733738660812378
19,25,486.5717935562134,-24257616.0,0.9998999834060669,0.501632571220398,0.5013193488121033,0.1742134988307953,432.824912071228,4.288733720779419,53.74376106262207,412.6418845653534,0.13247895240783691,0.5500638484954834,7.6721272468566895
19,26,454.62953639030457,-24266748.4,0.9998999834060669,0.49958503246307373,0.49952495098114014,0.17228835821151733,425.10598373413086,4.287533521652222,29.520342111587524,410.8107511997223,0.13147950172424316,0.5585451126098633,1.772228479385376
19,27,457.6491153240204,-24260685.6,0.9998999834060669,0.4991035759449005,0.4995644986629486,0.1721246838569641,425.9274353981018,4.307281732559204,31.718411922454834,411.53792548179626,0.13160252571105957,0.5642650127410889,1.7456581592559814
19,28,455.863037109375,-24262545.2,0.9998999834060669,0.4996771216392517,0.4997442662715912,0.17244450747966766,426.27040362358093,4.325949430465698,29.589442253112793,411.84387135505676,0.13126707077026367,0.5548446178436279,1.7487576007843018
19,29,448.0808951854706,-24262642.4,0.9998999834060669,0.4994780123233795,0.49962273240089417,0.1723773330450058,418.52044796943665,4.273959398269653,29.557328701019287,404.1114218235016,0.13020873069763184,0.5349669456481934,1.7519149780273438
19,30,467.5660569667816,-24256775.0,0.9998999834060669,0.5007897019386292,0.5007801651954651,0.17350459098815918,438.02307200431824,4.384859085083008,29.53980326652527,423.564085483551,0.13317394256591797,0.561748743057251,1.7457599639892578
20,1,695.0465476512909,-56826726.0,0.9998999834060669,0.4942552447319031,0.49413126707077026,0.1870908886194229,625.3010034561157,4.839260816574097,69.73469662666321,599.0614857673645,0.1424410343170166,1.0989129543304443,1.9607892036437988
20,2,708.3739333152771,-56816136.0,0.9998999834060669,0.4949003756046295,0.49499961733818054,0.1878173053264618,640.5277900695801,5.0811779499053955,67.8351240158081,614.1378886699677,0.15172576904296875,1.2526977062225342,1.93617582321167
20,3,696.3085532188416,-56832682.4,0.9998999834060669,0.49357160925865173,0.4938304126262665,0.18664875626564026,628.6022257804871,4.7720746994018555,67.69514322280884,602.1221992969513,0.14255619049072266,1.4248266220092773,1.942115068435669
20,4,706.7714474201202,-56816651.6,0.9998999834060669,0.4935503900051117,0.493365615606308,0.1861407458782196,612.2305085659027,5.086958885192871,94.52999782562256,579.1299822330475,0.14029693603515625,1.002732753753662,8.979926109313965
20,5,760.9849872589111,-56824688.0,0.9998999834060669,0.49428173899650574,0.4945232570171356,0.18730489909648895,681.3951985836029,5.197304010391235,79.57866334915161,655.0178940296173,0.14692282676696777,1.2083213329315186,1.9493207931518555
20,6,736.4663951396942,-56825769.6,0.9998999834060669,0.49370521306991577,0.4936683475971222,0.18659809231758118,668.8899095058441,5.091509819030762,67.56594395637512,642.4439826011658,0.14116406440734863,1.1050114631652832,1.987114429473877
20,7,745.982846736908,-56818338.4,0.9998999834060669,0.49330008029937744,0.493374764919281,0.1861158162355423,677.7520432472229,4.787185907363892,68.21985387802124,650.8926305770874,0.14096307754516602,1.1539888381958008,1.9827263355255127
20,8,722.4649124145508,-56826845.2,0.9998999834060669,0.49325698614120483,0.4933178424835205,0.18613556027412415,654.2481787204742,4.885762453079224,68.20582294464111,627.4066236019135,0.1414783000946045,1.1401896476745605,1.962890625
20,9,760.0069873332977,-56811906.0,0.9998999834060669,0.4933412969112396,0.4935011863708496,0.18618717789649963,657.4537582397461,4.828001022338867,102.5425181388855,620.7101514339447,0.13905096054077148,1.1116156578063965,11.899052619934082
20,10,722.3016412258148,-56831288.0,0.9998999834060669,0.4948177933692932,0.4946444630622864,0.18762214481830597,654.1390669345856,4.812121629714966,68.15092349052429,627.3116879463196,0.14098834991455078,1.129091501235962,1.9638593196868896
20,11,713.190313577652,-56821507.6,0.9998999834060669,0.49291858077049255,0.4931407570838928,0.18587087094783783,646.3851051330566,4.86267876625061,66.79441785812378,619.1658103466034,0.1382591724395752,1.511638879776001,1.9842791557312012
20,12,729.1979417800903,-56814776.8,0.9998999834060669,0.4949885606765747,0.4947209656238556,0.18746636807918549,661.0878915786743,4.741392135620117,68.09925651550293,634.2482290267944,0.14123821258544922,1.1405115127563477,1.974811315536499
20,13,741.3619866371155,-56843575.2,0.9998999834060669,0.4950186610221863,0.4949714243412018,0.18791866302490234,673.271467924118,4.92957329750061,68.0791699886322,646.4203424453735,0.14273500442504883,1.1862714290618896,1.9854669570922852
20,14,765.4502384662628,-56800984.8,0.9998999834060669,0.4944348633289337,0.49449631571769714,0.18711231648921967,662.9533383846283,4.8199379444122314,102.48597526550293,629.3117158412933,0.1397554874420166,1.1160023212432861,8.840951681137085
20,15,699.289208650589,-56813786.8,0.9998999834060669,0.4933464825153351,0.4933133125305176,0.18611542880535126,631.4129347801208,4.730162858963013,67.86553883552551,604.7272441387177,0.13634634017944336,1.0726337432861328,1.9396049976348877
20,16,719.2541058063507,-56808734.4,0.9998999834060669,0.4933844804763794,0.49328917264938354,0.18606632947921753,650.8121116161346,4.7836408615112305,68.43123841285706,623.9871575832367,0.1415553092956543,1.1798348426818848,1.9747295379638672
20,17,729.7441675662994,-56824431.6,0.9998999834060669,0.49320748448371887,0.49320152401924133,0.18611471354961395,661.8633210659027,4.771746635437012,67.86982917785645,635.0087292194366,0.14041876792907715,1.1491596698760986,1.9756879806518555
20,18,721.8474078178406,-56832239.6,0.9998999834060669,0.49355652928352356,0.4934650957584381,0.18640807271003723,654.4818007946014,4.989914417266846,67.35460662841797,627.6889667510986,0.13891267776489258,1.100975751876831,2.0169222354888916
20,19,754.9298226833344,-56841152.0,0.9998999834060669,0.4946616590023041,0.4945802092552185,0.18769806623458862,657.0997335910797,4.810226678848267,97.8191385269165,624.0205159187317,0.14153218269348145,1.1470577716827393,8.263550281524658
20,20,723.3833458423615,-56828055.6,0.9998999834060669,0.494403213262558,0.4946839213371277,0.1873626708984375,655.0828964710236,4.823345422744751,68.28951025009155,628.2814402580261,0.1427288055419922,1.1450419425964355,1.975062608718872
20,21,722.8964948654175,-56836974.8,0.9998999834060669,0.4948408603668213,0.4947981536388397,0.18786071240901947,654.8705399036407,4.740627765655518,68.01430773735046,628.0718638896942,0.14000225067138672,1.142960786819458,1.9780046939849854
20,22,730.3287706375122,-56821368.0,0.9998999834060669,0.49491533637046814,0.4950054883956909,0.1877172440290451,661.0360839366913,4.846609354019165,69.28136396408081,634.1964299678802,0.13990354537963867,1.1448378562927246,2.012373208999634
20,23,717.0050141811371,-56851516.8,0.9998999834060669,0.4943138360977173,0.4944849908351898,0.18748460710048676,648.6491298675537,4.76146936416626,68.34434652328491,621.8628349304199,0.13968396186828613,1.1414258480072021,1.9664387702941895
20,24,764.1182374954224,-56822767.6,0.9998999834060669,0.49357470870018005,0.4931586682796478,0.18624670803546906,669.9437890052795,4.817968368530273,94.16293907165527,635.2272963523865,0.1430206298828125,1.1607706546783447,9.87223505973816
20,25,715.2779479026794,-56829363.6,0.9998999834060669,0.4936095178127289,0.4931190311908722,0.18628668785095215,647.1149444580078,5.359178781509399,68.15178108215332,620.0533330440521,0.15576410293579102,1.263611078262329,2.006462812423706
20,26,695.3979377746582,-56827056.4,0.9998999834060669,0.4935363829135895,0.4934251308441162,0.1864803284406662,627.6547605991364,4.736201047897339,67.73193502426147,600.8359851837158,0.14501404762268066,1.1282808780670166,1.9444301128387451
20,27,696.7050006389618,-56830410.4,0.9998999834060669,0.49359679222106934,0.4933394193649292,0.1863500028848648,629.4608635902405,4.74786114692688,67.23292779922485,602.7558441162109,0.14110040664672852,1.108201026916504,1.9491181373596191
20,28,700.9359309673309,-56827809.6,0.9998999834060669,0.49454909563064575,0.49477314949035645,0.1874423623085022,626.5450351238251,4.931757211685181,74.37840294837952,599.7172632217407,0.15361809730529785,1.1386046409606934,1.9344403743743896
20,29,678.6771550178528,-56837880.4,0.9998999834060669,0.494932621717453,0.49485576152801514,0.18783429265022278,611.0808625221252,4.745575666427612,67.5852780342102,584.4098563194275,0.14287948608398438,1.0378844738006592,1.9207768440246582
20,30,725.2210805416107,-56807181.6,0.9998999834060669,0.49454933404922485,0.4943624436855316,0.18713727593421936,634.529865026474,4.806501388549805,90.67998337745667,601.8324382305145,0.14556193351745605,1.0845749378204346,7.9678168296813965
21,1,1138.0932693481445,-133743030.4,0.9998999834060669,0.4861453175544739,0.48572003841400146,0.20297957956790924,963.1458568572998,5.336066007614136,174.92143726348877,920.6026277542114,0.1457507610321045,1.9026768207550049,2.27663516998291
21,2,1096.8575010299683,-133733817.6,0.9998999834060669,0.4859570562839508,0.4857260286808014,0.20298288762569427,938.184492111206,5.087022066116333,158.6502869129181,885.4075968265533,0.14530134201049805,1.832970142364502,2.2403478622436523
21,3,1135.4299557209015,-133727615.2,0.9998999834060669,0.4868530333042145,0.4866641163825989,0.20398803055286407,971.4081654548645,5.097737073898315,163.99804544448853,919.1161782741547,0.14963865280151367,1.932743787765503,2.2619550228118896
21,4,1178.3559894561768,-133775831.2,0.9998999834060669,0.4860437512397766,0.48607346415519714,0.2034156173467636,965.279876947403,5.028607368469238,213.0525951385498,901.3311462402344,0.1411747932434082,1.8304402828216553,12.51931381225586
21,5,1187.0303738117218,-133733983.2,0.9998999834060669,0.4879857301712036,0.48804232478141785,0.20500320196151733,973.9644465446472,5.1668384075164795,213.04218244552612,910.5247683525085,0.14865589141845703,1.8803682327270508,12.556352853775024
21,6,1123.5854723453522,-133721588.0,0.9998999834060669,0.4859912097454071,0.4857684075832367,0.20274381339550018,967.0703279972076,5.040454149246216,156.4906928539276,913.4525933265686,0.14047479629516602,1.9108657836914062,2.272111654281616
21,7,1116.3300347328186,-133722382.4,0.9998999834060669,0.48744142055511475,0.48693355917930603,0.20441870391368866,957.9152436256409,5.109383583068848,158.3916449546814,915.3124804496765,0.14073562622070312,1.935560941696167,2.275526762008667
21,8,1240.3390724658966,-133710920.8,0.9998999834060669,0.48559820652008057,0.48551028966903687,0.20262651145458221,1049.701506614685,7.453871488571167,190.60955238342285,984.2443053722382,0.823375940322876,2.1400961875915527,12.113030433654785
21,9,1280.787551164627,-133731134.4,0.9998999834060669,0.48765087127685547,0.4875650703907013,0.20446786284446716,1090.1344275474548,7.612616539001465,190.62286067008972,1024.8972146511078,0.7949044704437256,2.349982261657715,12.13086986541748
21,10,1124.8250443935394,-133744296.0,0.9998999834060669,0.4858652651309967,0.48604094982147217,0.203082874417305,943.3442845344543,5.481699466705322,181.45804405212402,894.2859144210815,0.14237117767333984,1.7798559665679932,8.969139814376831
21,11,1188.282458782196,-133776190.4,0.9998999834060669,0.4864009618759155,0.48643365502357483,0.20378300547599792,1007.922206401825,5.259121417999268,180.33109283447266,954.561927318573,0.14476227760314941,2.151216983795166,2.745140790939331
21,12,1245.1272838115692,-133773702.4,0.9998999834060669,0.4854086935520172,0.48546233773231506,0.20296095311641693,1083.3637042045593,5.353778600692749,161.7397916316986,1029.9078586101532,0.15061259269714355,2.1585872173309326,2.331254482269287
21,13,1189.3454673290253,-133759103.2,0.9998999834060669,0.485231876373291,0.48533785343170166,0.20269665122032166,1024.556696653366,5.438928127288818,164.76261734962463,981.7844665050507,0.1497516632080078,2.1492767333984375,2.263883590698242
21,14,1080.6284775733948,-133735436.8,0.9998999834060669,0.4866199195384979,0.48643410205841064,0.20385229587554932,926.6949501037598,5.427757978439331,153.91057324409485,884.3948373794556,0.1393139362335205,1.749086856842041,2.2545058727264404
21,15,1130.5156288146973,-133720294.4,0.9998999834060669,0.4875619411468506,0.48753243684768677,0.20437739789485931,968.6319890022278,5.518628358840942,161.85397624969482,915.7181239128113,0.15526795387268066,2.032578229904175,2.334055185317993
21,16,1112.3370456695557,-133728426.4,0.9998999834060669,0.4865671992301941,0.4866955578327179,0.20384778082370758,960.8809711933136,5.135646343231201,151.4330186843872,907.731612443924,0.14695024490356445,1.8966026306152344,2.2144274711608887
21,17,1110.9823288917542,-133752688.0,0.9998999834060669,0.48543787002563477,0.48530828952789307,0.2027677297592163,959.8483967781067,5.031736373901367,151.11101245880127,906.6668288707733,0.148878812789917,1.8609304428100586,2.2503793239593506
21,18,1103.3345727920532,-133786040.8,0.9998999834060669,0.4855698049068451,0.48557141423225403,0.203067809343338,951.8405318260193,4.91971230506897,151.47103118896484,909.4187104701996,0.1420760154724121,1.851733922958374,2.233433485031128
21,19,1096.7620208263397,-133717036.8,0.9998999834060669,0.4857076108455658,0.4857896864414215,0.20274947583675385,946.9891901016235,5.428191184997559,149.7497947216034,904.6191129684448,0.14162635803222656,1.8187079429626465,2.2517523765563965
21,20,1147.1057379245758,-133747507.2,0.9998999834060669,0.48656871914863586,0.48650062084198,0.20375339686870575,963.7548606395721,5.070154666900635,183.32372975349426,908.360021352768,0.148468017578125,1.896576166152954,5.035362243652344
21,21,1121.4605119228363,-133732235.2,0.9998999834060669,0.48583984375,0.4861108958721161,0.20323583483695984,966.851359128952,5.088800668716431,154.58560514450073,913.6544697284698,0.14591550827026367,1.9364759922027588,2.287257194519043
21,22,1109.2655107975006,-133728828.0,0.9998999834060669,0.4858627915382385,0.48590075969696045,0.20301437377929688,957.126193523407,5.09322714805603,152.11616826057434,914.58229637146,0.14734482765197754,1.8803346157073975,2.30112361907959
21,23,1102.4212865829468,-133720008.0,0.9998999834060669,0.48583999276161194,0.4858910143375397,0.20321902632713318,952.5320401191711,5.160637140274048,149.86644077301025,900.2319359779358,0.1442403793334961,1.868664026260376,2.258054256439209
21,24,1123.5640330314636,-133753164.8,0.9998999834060669,0.48525676131248474,0.485198974609375,0.20258407294750214,970.1014552116394,5.086340427398682,153.43863582611084,917.565904378891,0.1457517147064209,1.9068567752838135,2.2618930339813232
21,25,1095.8957660198212,-133708730.4,0.9998999834060669,0.48549872636795044,0.4854047894477844,0.20253781974315643,944.2230520248413,4.964788913726807,151.6495451927185,891.1471655368805,0.13958477973937988,1.8225440979003906,2.277789354324341
21,26,1199.3641393184662,-133781988.0,0.9998999834060669,0.484636127948761,0.48484528064727783,0.20227040350437164,1049.0502893924713,5.425890684127808,150.29092955589294,996.4201350212097,0.15547776222229004,2.237348794937134,2.2283935546875
21,27,1114.2319416999817,-133715988.8,0.9998999834060669,0.4868648648262024,0.4865359663963318,0.2039620727300644,951.3455834388733,4.984109163284302,162.86353611946106,909.0044634342194,0.14170193672180176,1.7484197616577148,2.261781930923462
21,28,1184.9678959846497,-133721244.0,0.9998999834060669,0.48561304807662964,0.4856950342655182,0.20287548005580902,1011.6639478206635,5.702769756317139,173.27968645095825,958.3415894508362,0.15454959869384766,1.973081111907959,2.2701258659362793
21,29,1120.0501565933228,-133739460.8,0.9998999834060669,0.4853692352771759,0.4853392243385315,0.2027922123670578,957.1470687389374,5.1467695236206055,162.88008642196655,914.7286446094513,0.14476919174194336,1.7727863788604736,2.2923521995544434
21,30,1179.3223359584808,-133694463.2,0.9998999834060669,0.4853268563747406,0.48511803150177,0.2022855430841446,1031.6362879276276,5.2381751537323,147.6634919643402,979.1813583374023,0.14865851402282715,2.148313283920288,2.197479724884033
22,1,1880.7528848648071,-314319644.8,0.9998999834060669,0.47280073165893555,0.47233742475509644,0.23004311323165894,1485.25168967247,5.397315740585327,395.4528877735138,1388.8626022338867,0.14406299591064453,3.364722728729248,9.113399505615234
22,2,1850.3023273944855,-314313193.6,0.9998999834060669,0.4734036922454834,0.4729398190975189,0.23090192675590515,1471.4662718772888,5.514016151428223,378.7886207103729,1363.9113698005676,0.1464841365814209,3.2655560970306396,2.6973347663879395
22,3,2107.1377708911896,-314284947.2,0.9998999834060669,0.4733159840106964,0.4733823835849762,0.23054447770118713,1710.3647556304932,7.844661235809326,396.71031856536865,1591.326477766037,0.8803830146789551,4.150177478790283,10.641160249710083
22,4,1836.9258155822754,-314301446.4,0.9998999834060669,0.4711723029613495,0.4709504544734955,0.22849729657173157,1474.9717471599579,5.280476093292236,361.90558552742004,1384.8899767398834,0.1442115306854248,3.3506720066070557,2.8012373447418213
22,5,1849.4557375907898,-314270784.0,0.9998999834060669,0.47525453567504883,0.4749487042427063,0.23244546353816986,1480.800148010254,5.539898633956909,368.60751128196716,1390.7782218456268,0.14408183097839355,3.3045339584350586,2.7935707569122314
22,6,1831.3896570205688,-314407536.0,0.9998999834060669,0.47294938564300537,0.47305983304977417,0.23122215270996094,1492.4938776493073,5.503932476043701,338.84766960144043,1383.2040541172028,0.1464238166809082,4.893584251403809,2.7671687602996826
22,7,1850.448603630066,-314341420.8,0.9998999834060669,0.47307685017585754,0.47299841046333313,0.23095041513442993,1500.1744148731232,5.732396125793457,350.22642278671265,1392.5302431583405,0.15488672256469727,3.4084906578063965,2.8099684715270996
22,8,1890.0846283435822,-314334716.8,0.9998999834060669,0.47556614875793457,0.47559887170791626,0.23273682594299316,1505.9218022823334,5.496265888214111,384.11534810066223,1407.4446771144867,0.14686369895935059,3.446772575378418,11.087725639343262
22,9,1848.4158008098602,-314304595.2,0.9998999834060669,0.4732736647129059,0.473106324672699,0.2308717519044876,1468.3045456409454,5.539774417877197,380.06314611434937,1371.899144411087,0.14267539978027344,3.2564258575439453,9.236554861068726
22,10,1860.0638828277588,-314290963.2,0.9998999834060669,0.4727455973625183,0.4727080166339874,0.23022255301475525,1489.8181681632996,5.575425148010254,370.1978533267975,1382.1084396839142,0.14754748344421387,3.3800668716430664,2.7728312015533447
22,11,1823.1617531776428,-314337100.8,0.9998999834060669,0.4756111800670624,0.4756699800491333,0.2330029457807541,1482.9036960601807,5.399184942245483,340.21006751060486,1375.4774096012115,0.14021658897399902,3.3328187465667725,2.7176594734191895
22,12,1881.3589353561401,-314347648.0,0.9998999834060669,0.47324544191360474,0.4730099141597748,0.23091737926006317,1507.8774495124817,5.46880030632019,373.4330313205719,1393.982678413391,0.1485304832458496,3.45646071434021,8.975966215133667
22,13,1893.5283634662628,-314396249.6,0.9998999834060669,0.47538354992866516,0.47564050555229187,0.23295633494853973,1550.4140939712524,5.73243522644043,343.06579661369324,1459.9454748630524,0.1488039493560791,3.7626848220825195,2.7736761569976807
22,14,1799.2946767807007,-314321606.4,0.9998999834060669,0.4731113612651825,0.4731149673461914,0.23098254203796387,1461.9161820411682,5.653751611709595,337.3309648036957,1371.9112613201141,0.14451861381530762,3.340085506439209,2.7520551681518555
22,15,1976.4808032512665,-314329971.2,0.9998999834060669,0.4732983708381653,0.47336050868034363,0.23062489926815033,1633.5530543327332,6.0197389125823975,342.87995290756226,1542.7286474704742,0.15192699432373047,4.136996269226074,2.749067783355713
22,16,1845.4315836429596,-314575011.2,0.9998999834060669,0.47497302293777466,0.47485631704330444,0.23319938778877258,1473.2033159732819,5.527629137039185,372.18066024780273,1359.0162019729614,0.14569568634033203,3.2821455001831055,9.424909591674805
22,17,1840.4598834514618,-314307676.8,0.9998999834060669,0.47513991594314575,0.4753871262073517,0.23238441348075867,1468.2482764720917,5.400461196899414,372.16390347480774,1354.0825726985931,0.14292573928833008,3.248598098754883,9.509061336517334
22,18,1998.1062514781952,-314341273.6,0.9998999834060669,0.47340941429138184,0.47293567657470703,0.23099510371685028,1645.7877900600433,5.730205535888672,352.2688801288605,1537.38218832016,0.15518498420715332,3.8429677486419678,2.892021417617798
22,19,1840.0911622047424,-314402560.0,0.9998999834060669,0.4728221595287323,0.47269153594970703,0.23068493604660034,1501.8863401412964,5.697465419769287,338.1568388938904,1411.6447587013245,0.14907550811767578,3.604968309402466,2.6906538009643555
22,20,1831.6322166919708,-314466236.8,0.9998999834060669,0.4731060862541199,0.47308632731437683,0.23130404949188232,1467.8279061317444,5.640887022018433,363.75536465644836,1370.6045846939087,0.14927244186401367,3.334404468536377,9.92341423034668
22,21,1802.0899851322174,-314253644.8,0.9998999834060669,0.4732816815376282,0.47326746582984924,0.23015406727790833,1457.8685171604156,5.647452354431152,344.173214673996,1350.503044128418,0.15352463722229004,3.314164161682129,2.742084264755249
22,22,1808.803114414215,-314359222.4,0.9998999834060669,0.4732912480831146,0.47314533591270447,0.23098336160182953,1462.0129034519196,5.423475027084351,346.741770029068,1354.4816522598267,0.13918042182922363,3.2644100189208984,2.72060227394104
22,23,1826.7527701854706,-314269091.2,0.9998999834060669,0.4733276963233948,0.47342073917388916,0.2303585559129715,1462.5326046943665,5.754845380783081,364.17186880111694,1366.3284850120544,0.14913702011108398,3.370039701461792,8.752139329910278
22,24,2007.8579361438751,-314342256.0,0.9998999834060669,0.473183274269104,0.47313809394836426,0.23106737434864044,1664.3084664344788,5.961090803146362,343.5009684562683,1556.3233649730682,0.15191078186035156,4.126954555511475,2.7701399326324463
22,25,1816.8827078342438,-314365356.8,0.9998999834060669,0.4722137153148651,0.4719648063182831,0.22984054684638977,1476.2930827140808,5.479566812515259,340.5414471626282,1386.3531901836395,0.1451418399810791,3.335697650909424,2.7438509464263916
22,26,1982.253660917282,-314327116.8,0.9998999834060669,0.47214052081108093,0.4722050130367279,0.22928832471370697,1609.4891555309296,5.6777663230896,372.71704292297363,1495.74533867836,0.15072250366210938,3.680600643157959,8.39714002609253
22,27,1794.6210494041443,-314321552.0,0.9998999834060669,0.47353458404541016,0.4730496108531952,0.23089002072811127,1459.4842398166656,5.627443552017212,335.08846282958984,1369.3345289230347,0.144744873046875,3.3600575923919678,2.870614767074585
22,28,1870.366149187088,-314295785.6,0.9998999834060669,0.475190669298172,0.4751271903514862,0.2322053611278534,1475.5376908779144,6.327795028686523,394.7707495689392,1360.935068845749,0.15129733085632324,3.244166374206543,9.831210374832153
22,29,2007.195726633072,-314377056.0,0.9998999834060669,0.47324588894844055,0.4729471206665039,0.23100969195365906,1665.0346252918243,6.171680927276611,342.11261510849,1573.9150009155273,0.15584063529968262,4.325793981552124,2.7818644046783447
22,30,1840.5728135108948,-314408915.2,0.9998999834060669,0.47568589448928833,0.47569191455841064,0.233169823884964,1497.4606428146362,5.397104024887085,343.0636336803436,1390.0748138427734,0.14853525161743164,3.5499019622802734,2.7532505989074707
23,1,3127.1215119361877,-735267353.6,0.9779913425445557,0.47000887989997864,0.46995624899864197,0.24906447529792786,2243.7128529548645,6.155695676803589,883.2868919372559,1999.5217225551605,0.15082550048828125,6.913392782211304,3.420179605484009
23,2,3183.800135374069,-734935955.2,0.9805510640144348,0.4728090763092041,0.47287705540657043,0.2517854571342468,2381.2300119400024,6.508033752441406,802.4668424129486,2182.8039610385895,0.15277647972106934,7.793700456619263,3.3671886920928955
23,3,3025.5314388275146,-734932403.2,0.9797112345695496,0.4721680283546448,0.47200149297714233,0.25134965777397156,2211.599071264267,5.988530397415161,813.8310918807983,1970.3144273757935,0.1452012062072754,6.594729661941528,3.3565704822540283
23,4,2971.5853118896484,-735193574.4,0.9783110022544861,0.47053804993629456,0.4704018533229828,0.24969229102134705,2159.0146305561066,6.013976335525513,812.468258857727,1957.3087093830109,0.14558982849121094,6.39809775352478,8.115331411361694
23,5,3333.2042038440704,-734967123.2,0.9810064435005188,0.4730471968650818,0.4731839895248413,0.2522178292274475,2498.106918811798,6.653061151504517,834.9944448471069,2256.5589554309845,0.15813994407653809,8.154148578643799,3.3294286727905273
23,6,3135.0008103847504,-734918726.4,0.9799657464027405,0.47253257036209106,0.4722936153411865,0.2516678273677826,2363.385666847229,6.333386421203613,771.513751745224,2160.37513422966,0.15189504623413086,7.676242113113403,8.048796653747559
23,7,3095.816033601761,-734976435.2,0.9804784059524536,0.4730593264102936,0.47291362285614014,0.25217780470848083,2237.7289130687714,6.200250148773193,857.9679448604584,1994.9145948886871,0.15577244758605957,6.862943410873413,3.43707537651062
23,8,3013.29735660553,-735218035.2,0.9780528545379639,0.47028830647468567,0.4699286222457886,0.2493283450603485,2236.601472377777,5.932124137878418,776.5922632217407,1997.0678339004517,0.14539575576782227,6.816563129425049,3.4433276653289795
23,9,2980.6854293346405,-734934835.2,0.9805135726928711,0.47283098101615906,0.4726758599281311,0.25172165036201477,2186.0667719841003,6.07665228843689,794.5170238018036,1939.072427034378,0.14635443687438965,6.542795181274414,8.9484224319458
23,10,3553.0053310394287,-735004467.2,0.9800015091896057,0.47204911708831787,0.47189152240753174,0.25111690163612366,2615.7003343105316,8.502516031265259,937.186235666275,2406.2363183498383,0.7925107479095459,7.902759075164795,11.621652603149414
23,11,3173.4848353862762,-734978086.4,0.9806582927703857,0.47303658723831177,0.4729478657245636,0.25234493613243103,2400.7684264183044,6.461316823959351,772.6130599975586,2202.2384407520294,0.1533353328704834,7.856275796890259,3.411681652069092
23,12,3363.73047041893,-735185292.8,0.9781767725944519,0.470360666513443,0.47006532549858093,0.24944190680980682,2570.8388500213623,6.741152763366699,792.7888753414154,2322.5697107315063,0.16291427612304688,8.502037763595581,8.063318014144897
23,13,2897.9946098327637,-735013452.8,0.9805700778961182,0.4729219079017639,0.4727661609649658,0.2520454525947571,2142.7370047569275,5.951210021972656,755.1566963195801,1945.6893734931946,0.14490914344787598,6.442108869552612,3.384652853012085
23,14,2977.153321504593,-734805497.6,0.9805055856704712,0.47261732816696167,0.4724136292934418,0.2513570189476013,2199.893081188202,6.089149475097656,777.1583969593048,1959.9291961193085,0.14957332611083984,6.562535762786865,3.4279263019561768
23,15,3032.6220076084137,-735026233.6,0.9795771837234497,0.47200536727905273,0.47206026315689087,0.25145837664604187,2234.7747745513916,5.90625524520874,797.7438957691193,1986.9054827690125,0.14846181869506836,6.737759590148926,8.55148983001709
23,16,3035.5817131996155,-735085843.2,0.9804717898368835,0.47293993830680847,0.47267767786979675,0.2521705627441406,2255.347582578659,6.157792568206787,780.1316215991974,2052.445137500763,0.1477186679840088,7.063898801803589,8.576534748077393
23,17,2977.0067281723022,-735025395.2,0.9805100560188293,0.47323867678642273,0.47261443734169006,0.25220298767089844,2212.2172043323517,5.913736343383789,764.6873917579651,1976.3950414657593,0.14374637603759766,6.621619462966919,3.374943733215332
23,18,2970.44078207016,-735200947.2,0.9789597988128662,0.4710109829902649,0.4710485339164734,0.2503982484340668,2202.203522205353,5.970458745956421,768.1339325904846,1960.758528470993,0.14368534088134766,6.571910381317139,3.2914183139801025
23,19,2958.1046810150146,-735052774.4,0.9803664684295654,0.47230684757232666,0.4723624587059021,0.2515915632247925,2139.153968811035,6.480557441711426,818.8278832435608,1942.108413696289,0.15122342109680176,6.375087022781372,3.36875581741333
23,20,3489.0454757213593,-734883635.2,0.9804072380065918,0.4724217653274536,0.4725189507007599,0.2516559362411499,2560.1560850143433,6.4386091232299805,928.7760019302368,2353.6285355091095,0.15993523597717285,7.956683397293091,11.316303491592407
23,21,3019.2680768966675,-735025811.2,0.978869616985321,0.4710064232349396,0.47065532207489014,0.24995510280132294,2169.50195646286,6.43587589263916,849.6662509441376,1924.6767673492432,0.15044665336608887,6.31681489944458,7.325049877166748
23,22,2969.6456096172333,-735015628.8,0.9795101284980774,0.4715089797973633,0.47168171405792236,0.25065404176712036,2172.3465156555176,6.049226760864258,797.1968836784363,1971.0794978141785,0.1446688175201416,6.709965467453003,7.310490608215332
