k,sample,total_time,best_ll,P00,P01,P10,P11,full_fit,gradient_gpu,init_cpu_gpu,mcmc_cpu,optimizer_gpu,transfer_pcie,warm_up_mcmc_cpu
1,1,5.555599927902222,-0.0004000663757324219,0.9998999834060669,9.999999747378752e-05,9.999999747378752e-05,0.9998999834060669,4.082366943359375,1.515089988708496,1.4732012748718262,0.9431769847869873,0.11501216888427734,0.07935833930969238,1.3869783878326416
1,2,6.330163955688477,-0.0004000663757324219,0.9998999834060669,0.9998999834060669,9.999999747378752e-05,0.9998999834060669,4.990929126739502,1.4997422695159912,1.3391971588134766,1.865466594696045,0.11365103721618652,0.07828783988952637,1.3929245471954346
1,3,5.159852743148804,0.0,0.8999999761581421,0.699999988079071,0.5,0.20000000298023224,3.8764803409576416,1.4432926177978516,1.283325433731079,0.7508580684661865,0.1333765983581543,0.08165240287780762,1.4069931507110596
1,4,4.945251703262329,0.0,0.8999999761581421,0.699999988079071,0.5,0.20000000298023224,3.61126446723938,1.3478827476501465,1.3339412212371826,0.6177918910980225,0.11616659164428711,0.08080887794494629,1.4063401222229004
1,5,6.405908584594727,-0.0004000663757324219,0.9998999834060669,0.9998999834060669,9.999999747378752e-05,0.9998999834060669,5.105159044265747,1.557300329208374,1.3007149696350098,1.9201788902282715,0.11670327186584473,0.08084630966186523,1.3872995376586914
1,6,5.347977161407471,-0.0004000663757324219,0.9998999834060669,9.999999747378752e-05,9.999999747378752e-05,0.9998999834060669,4.042565107345581,1.5037829875946045,1.305377721786499,0.9056274890899658,0.11484718322753906,0.07992839813232422,1.395129919052124
1,7,6.393545627593994,-0.0004000663757324219,0.9998999834060669,0.9998999834060669,9.999999747378752e-05,0.9998999834060669,5.021007537841797,1.5023763179779053,1.3725008964538574,1.8951337337493896,0.1128537654876709,0.07755112648010254,1.3921709060668945
1,8,6.327459096908569,-0.0004000663757324219,0.9998999834060669,9.999999747378752e-05,0.9998999834060669,9.999999747378752e-05,4.9196741580963135,1.5244348049163818,1.4077467918395996,1.7696325778961182,0.11442160606384277,0.0795278549194336,1.3890445232391357
1,9,5.328812837600708,-0.0004000663757324219,0.9998999834060669,9.999999747378752e-05,9.999999747378752e-05,0.9998999834060669,4.060580253601074,1.5379908084869385,1.268197774887085,0.906015157699585,0.11560821533203125,0.07971858978271484,1.377758264541626
1,10,6.197626829147339,-0.0004000663757324219,0.9998999834060669,9.999999747378752e-05,0.9998999834060669,9.999999747378752e-05,4.891681909561157,1.5148558616638184,1.305907964706421,1.7630059719085693,0.11426544189453125,0.07986664772033691,1.376701831817627
1,11,6.170834302902222,-0.0004000663757324219,0.9998999834060669,0.9998999834060669,9.999999747378752e-05,9.999999747378752e-05,4.896403074264526,1.5014636516571045,1.274397850036621,1.7795193195343018,0.11175084114074707,0.07836723327636719,1.384157419204712
1,12,6.281782627105713,-0.0004000663757324219,0.9998999834060669,0.9998999834060669,9.999999747378752e-05,9.999999747378752e-05,4.9068357944488525,1.531264066696167,1.3749113082885742,1.7616372108459473,0.11470293998718262,0.07973051071166992,1.3765575885772705
1,13,5.406949281692505,-0.0004000663757324219,0.9998999834060669,9.999999747378752e-05,9.999999747378752e-05,0.9998999834060669,4.0869340896606445,1.5719668865203857,1.3199796676635742,0.9057052135467529,0.11413455009460449,0.08266758918762207,1.3683621883392334
1,14,6.235080003738403,-0.0004000663757324219,0.9998999834060669,0.9998999834060669,9.999999747378752e-05,9.999999747378752e-05,4.916697263717651,1.5412299633026123,1.3183414936065674,1.7563667297363281,0.11462521553039551,0.07890915870666504,1.3841073513031006
1,15,5.316744804382324,-0.0004000663757324219,0.9998999834060669,9.999999747378752e-05,9.999999747378752e-05,0.9998999834060669,4.001805543899536,1.5008063316345215,1.3149011135101318,0.918898344039917,0.11316823959350586,0.07757258415222168,1.3498141765594482
1,16,6.246461391448975,-0.0004000663757324219,0.9998999834060669,0.9998999834060669,9.999999747378752e-05,0.9998999834060669,4.962697267532349,1.5013082027435303,1.2837307453155518,1.8809595108032227,0.11189866065979004,0.07755112648010254,1.3497660160064697
1,17,6.195480823516846,-0.0004000663757324219,0.9998999834060669,0.9998999834060669,9.999999747378752e-05,9.999999747378752e-05,4.877841949462891,1.516479730606079,1.3176047801971436,1.7493691444396973,0.11389756202697754,0.07893705368041992,1.3768260478973389
1,19,4.886209964752197,0.0,0.8999999761581421,0.699999988079071,0.5,0.20000000298023224,3.5223405361175537,1.2772307395935059,1.3638310432434082,0.6011509895324707,0.11382389068603516,0.07867169380187988,1.4102518558502197
1,20,6.285271167755127,-0.0004000663757324219,0.9998999834060669,0.9998999834060669,9.999999747378752e-05,9.999999747378752e-05,4.986090660095215,1.5927631855010986,1.2991416454315186,1.7576956748962402,0.11606931686401367,0.08174395561218262,1.3953275680541992
1,21,6.345438480377197,-0.0004000663757324219,0.9998999834060669,0.9998999834060669,9.999999747378752e-05,0.9998999834060669,5.08610987663269,1.5472187995910645,1.2592918872833252,1.8843896389007568,0.1143794059753418,0.08150744438171387,1.4155032634735107
1,22,4.843266725540161,0.0,0.8999999761581421,0.699999988079071,0.5,0.20000000298023224,3.518439769744873,1.2851641178131104,1.3247921466827393,0.6031513214111328,0.11551046371459961,0.07946944236755371,1.3938415050506592
1,23,4.796298503875732,0.0,0.8999999761581421,0.699999988079071,0.5,0.20000000298023224,3.5023577213287354,1.2747254371643066,1.2939064502716064,0.6069955825805664,0.11348104476928711,0.07755589485168457,1.3894622325897217
1,24,5.357654809951782,-0.0004000663757324219,0.9998999834060669,9.999999747378752e-05,9.999999747378752e-05,0.9998999834060669,4.010602235794067,1.4828071594238281,1.347015380859375,0.9112632274627686,0.11216259002685547,0.07697582244873047,1.386310338973999
1,25,6.173784017562866,-0.0004000663757324219,0.9998999834060669,9.999999747378752e-05,0.9998999834060669,9.999999747378752e-05,4.918354749679565,1.5242211818695068,1.2553937435150146,1.7899408340454102,0.11522054672241211,0.08081698417663574,1.365293264389038
1,27,6.338861703872681,-0.0004000663757324219,9.999999747378752e-05,0.9998999834060669,9.999999747378752e-05,9.999999747378752e-05,4.991638660430908,1.6805131435394287,1.3471641540527344,1.6604866981506348,0.131300687789917,0.08464717864990234,1.3804876804351807
1,28,6.433489799499512,-0.0004000663757324219,0.9998999834060669,0.9998999834060669,9.999999747378752e-05,0.9998999834060669,5.075571060180664,1.5596795082092285,1.3578827381134033,1.8878393173217773,0.1141362190246582,0.08153963088989258,1.3895959854125977
1,29,4.8219358921051025,0.0,0.8999999761581421,0.699999988079071,0.5,0.20000000298023224,3.509713888168335,1.273970365524292,1.3121874332427979,0.6039154529571533,0.11205506324768066,0.07672953605651855,1.4040579795837402
1,30,6.345771312713623,-0.0004000663757324219,0.9998999834060669,0.9998999834060669,9.999999747378752e-05,0.9998999834060669,4.993928670883179,1.4854068756103516,1.3518028259277344,1.8786976337432861,0.11202263832092285,0.07775354385375977,1.3992030620574951
2,1,4.818385362625122,0.0,0.8999999761581421,0.699999988079071,0.5,0.20000000298023224,3.4862024784088135,1.2700889110565186,1.3321475982666016,0.600579023361206,0.11376667022705078,0.07773613929748535,1.3835842609405518
2,2,6.3823137283325195,-3.4939952850341798,0.9998999834060669,0.28678393363952637,9.999999747378752e-05,0.7350301742553711,5.012641429901123,1.6449012756347656,1.3696351051330566,1.7388358116149902,0.11461114883422852,0.07920575141906738,1.3931326866149902
2,3,8.272031307220459,-5.746829032897949,0.9998999834060669,0.6649527549743652,0.24476853013038635,0.2629665434360504,6.923254728317261,1.7634422779083252,1.3487224578857422,3.484938383102417,0.13761687278747559,0.08127284049987793,1.393968105316162
2,4,7.789575815200806,-6.126626968383789,0.9998999834060669,0.27235308289527893,0.5319104194641113,0.5945245623588562,6.3937647342681885,1.6481008529663086,1.3957781791687012,3.112872362136841,0.11484408378601074,0.07994627952575684,1.3962149620056152
2,5,5.976140022277832,-4.70218415260315,0.861825704574585,0.2880035936832428,0.04289122298359871,0.3101012706756592,4.675379037857056,1.626863956451416,1.3007259368896484,1.4130504131317139,0.11306238174438477,0.07789039611816406,1.4046554565429688
2,6,6.683690547943115,-5.73393988609314,0.9998999834060669,9.999999747378752e-05,0.59645676612854,0.6294100880622864,5.373712539672852,1.7368724346160889,1.3099348545074463,2.0041399002075195,0.1169886589050293,0.08249306678771973,1.3894314765930176
2,7,5.97904634475708,-4.3975934982299805,0.9998999834060669,9.999999747378752e-05,0.26582521200180054,0.58153235912323,4.63573694229126,1.6417920589447021,1.3432693481445312,1.3680570125579834,0.1126394271850586,0.07812309265136719,1.3941538333892822
2,8,4.799716472625732,0.0,0.8999999761581421,0.699999988079071,0.5,0.20000000298023224,3.4935853481292725,1.275069236755371,1.3060972690582275,0.5997612476348877,0.11255860328674316,0.07753729820251465,1.3888683319091797
2,9,13.57249927520752,-0.0004000663757324219,0.9998999834060669,0.9998999834060669,9.999999747378752e-05,9.999999747378752e-05,5.745574474334717,2.0208959579467773,7.826873064041138,2.027498722076416,0.14113426208496094,0.08835625648498535,1.4013116359710693
2,10,14.552486896514893,-5.925645208358764,0.9998999834060669,0.3191085159778595,0.20455680787563324,0.6662642359733582,6.601712942123413,2.1699225902557373,7.950722932815552,2.737779378890991,0.14433741569519043,0.08710694313049316,1.3962175846099854
2,11,14.50263261795044,-3.7319123268127443,0.9998999834060669,9.999999747378752e-05,0.24779796600341797,0.8921627402305603,5.648328065872192,2.1782171726226807,8.854252338409424,1.7755024433135986,0.14417409896850586,0.08724594116210938,1.3965764045715332
2,12,13.664780139923096,-2.2939538955688477,0.9998999834060669,0.23444826900959015,9.999999747378752e-05,0.9998999834060669,5.891237497329712,2.1740496158599854,7.773488998413086,2.016757011413574,0.14776301383972168,0.08693957328796387,1.3974628448486328
2,13,13.69577956199646,-0.0004000663757324219,0.9998999834060669,0.9998999834060669,9.999999747378752e-05,0.9998999834060669,5.90262770652771,2.025376796722412,7.793091058731079,2.17547607421875,0.14243483543395996,0.09033346176147461,1.40169095993042
2,14,14.960143804550171,-7.9690165519714355,0.9998999834060669,0.5339738726615906,0.9998999834060669,0.21890239417552948,7.187795162200928,2.2181808948516846,7.772292852401733,3.2626209259033203,0.14765596389770508,0.08818817138671875,1.4027388095855713
2,15,12.73162293434143,-0.0004000663757324219,0.9998999834060669,9.999999747378752e-05,9.999999747378752e-05,0.9998999834060669,4.915252685546875,2.060857057571411,7.8163182735443115,1.1583824157714844,0.14156413078308105,0.08695459365844727,1.401137351989746
2,16,14.303749799728394,-4.838961601257324,0.9998999834060669,9.999999747378752e-05,0.5452404022216797,0.5453338027000427,6.4865405559539795,2.1283302307128906,7.817150354385376,2.649989604949951,0.14416980743408203,0.0867462158203125,1.4117882251739502
2,17,13.759825468063354,-3.556633949279785,0.9998999834060669,9.999999747378752e-05,0.28592437505722046,0.7726225852966309,5.877545595169067,2.184281826019287,7.88222861289978,1.9819657802581787,0.15092730522155762,0.0884406566619873,1.4033186435699463
2,18,14.105009317398071,-4.568202924728394,0.9998999834060669,9.999999747378752e-05,0.5455390810966492,0.9265614151954651,6.315415382385254,2.2048466205596924,7.789543867111206,2.4111907482147217,0.14196228981018066,0.08755970001220703,1.4026579856872559
2,19,13.703977823257446,-3.7933549880981445,0.9998999834060669,0.2365240901708603,9.999999747378752e-05,0.9998999834060669,5.856438398361206,2.176346778869629,7.847485303878784,1.9943325519561768,0.1393437385559082,0.08669161796569824,1.3919994831085205
2,20,13.725154638290405,-2.2939534187316895,0.9998999834060669,0.23477639257907867,9.999999747378752e-05,0.9998999834060669,5.931283473968506,2.172004461288452,7.793819427490234,2.029501438140869,0.1447734832763672,0.0901784896850586,1.4244329929351807
2,21,13.631403923034668,-3.55457763671875,0.9998999834060669,0.28034043312072754,9.999999747378752e-05,0.7622879147529602,5.774690389633179,2.1309432983398438,7.8566625118255615,1.9463365077972412,0.13957500457763672,0.08804965019226074,1.4068241119384766
2,22,13.39337420463562,-4.397594928741455,0.9998999834060669,0.26540330052375793,9.999999747378752e-05,0.5811113119125366,5.5312278270721436,2.1606595516204834,7.862096309661865,1.6535916328430176,0.15209007263183594,0.09005379676818848,1.4038705825805664
2,23,13.642935991287231,-3.7310509204864504,0.9998999834060669,0.24595209956169128,9.999999747378752e-05,0.8893340229988098,5.717116594314575,2.20093035697937,7.925763130187988,1.807199478149414,0.1492605209350586,0.08941078186035156,1.3996424674987793
2,24,13.79957914352417,-3.46525502204895,0.9998999834060669,0.3413119316101074,9.999999747378752e-05,0.39701783657073975,5.786201000213623,2.1668953895568848,8.013326168060303,1.9153773784637451,0.14514708518981934,0.08801889419555664,1.4016432762145996
2,25,16.08968710899353,-6.729310989379883,0.9998999834060669,0.711265504360199,0.9998999834060669,0.1817331314086914,8.279885053634644,2.2069151401519775,7.809740781784058,4.3577094078063965,0.14603471755981445,0.08792829513549805,1.4124531745910645
2,26,13.027001857757568,-1.4958076000213623,0.9998999834060669,9.999999747378752e-05,9.999999747378752e-05,0.8064607381820679,5.211872339248657,2.2163710594177246,7.815076112747192,1.293992042541504,0.14237022399902344,0.08797311782836914,1.4028875827789307
2,27,13.031776666641235,-1.3429342746734618,0.9998999834060669,9.999999747378752e-05,9.999999747378752e-05,0.8347194194793701,5.253951549530029,2.2164430618286133,7.777763843536377,1.3475165367126465,0.1421060562133789,0.08689355850219727,1.3930063247680664
2,28,13.589200258255005,-0.0004000663757324219,0.9998999834060669,0.9998999834060669,9.999999747378752e-05,9.999999747378752e-05,5.794677495956421,2.025195360183716,7.794459104537964,2.078188180923462,0.14082121849060059,0.08684945106506348,1.3972444534301758
2,29,13.593205690383911,-3.494132709503174,0.9998999834060669,0.28008657693862915,9.999999747378752e-05,0.7255245447158813,5.81026029586792,2.1340062618255615,7.782884120941162,1.988142728805542,0.1445913314819336,0.08721494674682617,1.387282371520996
2,30,14.382065296173096,-4.838961124420166,0.9998999834060669,9.999999747378752e-05,0.5453118085861206,0.5453068017959595,6.572152853012085,2.192253589630127,7.809850215911865,2.67281436920166,0.14602422714233398,0.08765316009521484,1.40421462059021
3,1,15.162225484848022,-13.202946662902832,0.9998999834060669,0.6284211874008179,9.999999747378752e-05,0.41087332367897034,7.350529432296753,2.3576509952545166,7.81164288520813,3.2784690856933594,0.14995861053466797,0.08849620819091797,1.4061527252197266
3,2,14.705819129943848,-13.333351707458496,0.9998999834060669,0.3910786211490631,9.999999747378752e-05,0.6623539328575134,6.906489849090576,2.3528032302856445,7.799273252487183,2.8356010913848877,0.14890384674072266,0.08919668197631836,1.410764455795288
3,3,14.361521244049072,-10.070948028564453,0.7597524523735046,0.532533586025238,9.999999747378752e-05,0.31258416175842285,6.583630323410034,2.402111053466797,7.777826547622681,2.45222806930542,0.14729809761047363,0.09359073638916016,1.419205665588379
3,4,15.787124872207642,-12.310840606689453,0.9998999834060669,0.5567352175712585,9.999999747378752e-05,0.9998999834060669,8.02868366241455,2.3622419834136963,7.7583887577056885,3.9357481002807617,0.14920687675476074,0.09496521949768066,1.4151039123535156
3,5,14.695971965789795,-7.025440406799317,0.9998999834060669,0.26053476333618164,0.4649556577205658,0.8178329467773438,6.9204442501068115,2.1802895069122314,7.775474786758423,3.0316152572631836,0.1449902057647705,0.08918356895446777,1.4071273803710938
3,6,13.739777088165283,-2.2939529418945312,0.9998999834060669,0.23476506769657135,9.999999747378752e-05,0.9998999834060669,5.913370132446289,2.178431510925293,7.826354265213013,2.0377352237701416,0.144775390625,0.08731961250305176,1.397420883178711
3,7,15.077282905578613,-20.347327041625977,0.9998999834060669,0.34143996238708496,0.26694580912590027,0.4911704361438751,7.330255508422852,2.282013416290283,7.746970176696777,3.366394519805908,0.14922618865966797,0.08597707748413086,1.3782377243041992
3,8,15.484846591949463,-13.976016426086426,0.9998999834060669,0.5876139998435974,9.999999747378752e-05,0.5709996223449707,7.545343399047852,2.345663070678711,7.939450263977051,3.4947712421417236,0.146864652633667,0.0877542495727539,1.4021639823913574
3,9,14.410758018493652,-12.94339542388916,0.9998999834060669,0.13633720576763153,0.17291828989982605,0.5896511673927307,6.5653111934661865,2.3391706943511963,7.845384359359741,2.5179102420806885,0.14711976051330566,0.08851838111877441,1.4039254188537598
3,10,15.11997389793396,-17.297231101989745,0.795910656452179,0.24728019535541534,0.500852644443512,0.2861294448375702,7.304213285446167,2.328158378601074,7.81569766998291,3.280353546142578,0.14245152473449707,0.08746600151062012,1.3984379768371582
3,11,13.63477635383606,-7.445735931396484,0.9998999834060669,0.11145202070474625,9.999999747378752e-05,0.6464143991470337,5.786774635314941,2.2866790294647217,7.847949504852295,1.8075685501098633,0.14692187309265137,0.08691740036010742,1.3893201351165771
3,12,13.635691404342651,-7.451250648498535,0.9998999834060669,0.10468354821205139,9.999999747378752e-05,0.6666984558105469,5.8257060050964355,2.3286831378936768,7.80993127822876,1.7893383502960205,0.14908242225646973,0.08814787864685059,1.4021399021148682
3,13,14.750146627426147,-17.6601469039917,0.9998999834060669,0.24997909367084503,0.2621687650680542,0.4346652030944824,6.9794793128967285,2.3442978858947754,7.770612001419067,2.928504228591919,0.14991378784179688,0.08799195289611816,1.4019360542297363
3,14,13.384409427642822,-11.997819328308106,0.9998999834060669,9.999999747378752e-05,0.28225576877593994,0.7197012305259705,5.560641050338745,1.908020257949829,7.823730945587158,1.9879884719848633,0.11829352378845215,0.08686590194702148,1.4129390716552734
3,15,13.271003484725952,-0.0015997886657714844,0.9998999834060669,9.999999747378752e-05,9.999999747378752e-05,0.9998999834060669,5.3207478523254395,2.233626365661621,7.950200796127319,1.3868958950042725,0.14461183547973633,0.08748364448547363,1.399310827255249
3,16,14.35935378074646,-13.927079772949218,0.9998999834060669,0.31731340289115906,0.02340938337147236,0.700768768787384,6.551124334335327,2.292518138885498,7.808187007904053,2.5544378757476807,0.13788294792175293,0.08877134323120117,1.4153645038604736
3,17,13.699747562408447,-10.177359199523925,0.9998999834060669,0.18009550869464874,0.04610159993171692,0.4200071096420288,5.855079650878906,2.349775791168213,7.84461522102356,1.7934105396270752,0.14839553833007812,0.08782339096069336,1.4077677726745605
3,18,14.536595106124878,-8.878755569458008,0.9998999834060669,0.3735272288322449,9.999999747378752e-05,0.39549922943115234,6.681641101837158,2.318627119064331,7.854902267456055,2.660672903060913,0.14545822143554688,0.08777356147766113,1.400514841079712
3,19,13.931020259857178,-9.767362308502197,0.9998999834060669,9.999999747378752e-05,0.19466494023799896,0.6419530510902405,6.0860817432403564,2.3305091857910156,7.844884157180786,2.053269386291504,0.14141106605529785,0.08776473999023438,1.4063899517059326
3,20,14.703914880752563,-4.115542411804199,0.9998999834060669,0.7420091032981873,9.999999747378752e-05,0.9998999834060669,6.877238750457764,2.1733531951904297,7.826617002487183,3.0023794174194336,0.14533162117004395,0.08791589736938477,1.400207281112671
3,21,15.776927471160889,-18.80316028594971,0.9998999834060669,0.19289159774780273,0.529503345489502,0.4057684540748596,7.983278274536133,2.335754632949829,7.793589115142822,3.9408798217773438,0.1464073657989502,0.08763432502746582,1.4048285484313965
3,22,13.965782880783081,-11.501407051086426,0.9998999834060669,9.999999747378752e-05,0.26536545157432556,0.7018290758132935,6.164999961853027,2.334883451461792,7.800716876983643,2.1331794261932373,0.14298248291015625,0.08695340156555176,1.3982436656951904
3,23,12.735814809799194,-0.0004000663757324219,0.9998999834060669,9.999999747378752e-05,9.999999747378752e-05,0.9998999834060669,4.920623064041138,2.0652174949645996,7.81513237953186,1.1554176807403564,0.14420223236083984,0.08641362190246582,1.4017117023468018
3,24,14.654853820800781,-14.469380187988282,0.9998999834060669,0.40993401408195496,9.999999747378752e-05,0.8650635480880737,6.898848056793213,2.3477110862731934,7.755950927734375,2.8506691455841064,0.1433713436126709,0.0887904167175293,1.3997881412506104
3,25,14.5042085647583,-14.93846836090088,0.9998999834060669,0.14348120987415314,0.2453889697790146,0.5470160841941833,6.614324569702148,2.3418853282928467,7.889820575714111,2.5585134029388428,0.14493989944458008,0.0891270637512207,1.4111433029174805
3,26,14.340198278427124,-12.656336688995362,0.9998999834060669,0.0480416975915432,0.32707107067108154,0.42059326171875,6.523762464523315,2.4187734127044678,7.8163743019104,2.38641095161438,0.14212274551391602,0.09192967414855957,1.4153361320495605
3,27,15.810996770858765,-22.438663291931153,0.9998999834060669,0.16326184570789337,0.4637071192264557,0.8136971592903137,8.053890228271484,2.3384790420532227,7.757044553756714,4.0147435665130615,0.14853644371032715,0.08785462379455566,1.3970887660980225
3,28,14.344056606292725,-12.550384616851806,0.9998999834060669,0.10746665298938751,0.21417905390262604,0.512241005897522,6.58646297454834,2.340378522872925,7.757533311843872,2.5440611839294434,0.14875292778015137,0.08797097206115723,1.3976469039916992
3,29,14.587900161743164,-17.709882736206055,0.9998999834060669,0.12853479385375977,0.3378899097442627,0.596386194229126,6.779522895812988,2.3452906608581543,7.808324098587036,2.7389304637908936,0.14378142356872559,0.0869293212890625,1.3979828357696533
3,30,16.175678491592407,-26.828962135314942,0.9998999834060669,0.33523833751678467,0.5632616281509399,0.4425088167190552,8.375796794891357,2.352670907974243,7.7998199462890625,4.31822943687439,0.14300537109375,0.08943319320678711,1.4030959606170654
4,1,16.048218727111816,-43.96267318725586,0.9998999834060669,0.37075936794281006,0.30985113978385925,0.27393361926078796,8.29074478149414,2.4433162212371826,7.757413625717163,4.139976263046265,0.1408393383026123,0.08936619758605957,1.4116849899291992
4,2,14.973469018936157,-31.41462116241455,0.9837397336959839,0.39804816246032715,9.999999747378752e-05,0.5550979375839233,7.174774646759033,2.477795124053955,7.798630714416504,3.0014724731445312,0.14267373085021973,0.08658075332641602,1.399627447128296
4,3,15.472674131393433,-43.86972274780273,0.9998999834060669,0.2440173178911209,0.1897413730621338,0.5702176094055176,7.68572211265564,2.502969264984131,7.786900281906128,3.470623016357422,0.1488797664642334,0.08893847465515137,1.4047348499298096
4,4,15.827349424362183,-37.75202407836914,0.9998999834060669,0.3566257357597351,0.12345103919506073,0.45473745465278625,8.080917358398438,2.4844698905944824,7.746370792388916,3.8002984523773193,0.14429903030395508,0.08840107917785645,1.4954569339752197
4,5,15.950938701629639,-49.35082244873047,0.9998999834060669,0.2963404059410095,0.18599992990493774,0.6282851696014404,8.083709478378296,2.4711549282073975,7.86716628074646,3.899158239364624,0.14274358749389648,0.08802437782287598,1.4151959419250488
4,6,16.230759382247925,-53.460480499267575,0.9998999834060669,0.35426777601242065,0.1816960722208023,0.6005427241325378,8.39588189125061,2.504196882247925,7.834813356399536,4.163427829742432,0.14943623542785645,0.08985424041748047,1.4209668636322021
4,7,14.953025579452515,-27.79390811920166,0.9998999834060669,0.22288180887699127,0.1482621282339096,0.39927539229393005,7.176482915878296,2.4283218383789062,7.7764928340911865,3.0574264526367188,0.14777708053588867,0.08686280250549316,1.3882286548614502
4,8,15.60194993019104,-42.31356582641602,0.9998999834060669,0.30632856488227844,0.09132329374551773,0.675411581993103,7.752314567565918,2.5094802379608154,7.8495707511901855,3.534747362136841,0.14663028717041016,0.0885002613067627,1.4056956768035889
4,9,15.715978860855103,-36.14114227294922,0.9067609310150146,0.5139449238777161,9.999999747378752e-05,0.5760870575904846,7.779480457305908,2.5323121547698975,7.936448812484741,3.5413434505462646,0.14448976516723633,0.08944320678710938,1.403686761856079
4,10,14.943939924240112,-33.27230529785156,0.9998999834060669,0.04925515130162239,0.28621944785118103,0.6137141585350037,7.129605770111084,2.481640100479126,7.8142712116241455,2.9388833045959473,0.14859724044799805,0.08913540840148926,1.4020864963531494
4,11,15.78323483467102,-40.23954734802246,0.9998999834060669,0.25960737466812134,0.2225828766822815,0.45714840292930603,7.937520742416382,2.475759267807007,7.845654010772705,3.7526309490203857,0.14713120460510254,0.08877968788146973,1.4048142433166504
4,12,14.963077545166016,-36.64666328430176,0.8865737915039062,0.338206022977829,0.14523014426231384,0.4695127010345459,7.129912376403809,2.5029995441436768,7.833108186721802,2.9211225509643555,0.1455826759338379,0.08873367309570312,1.402611494064331
4,13,16.310761213302612,-50.798138809204104,0.9398052096366882,0.49567079544067383,0.13392683863639832,0.4889615774154663,8.465929746627808,2.505821943283081,7.844775676727295,4.2510809898376465,0.14554667472839355,0.08867073059082031,1.4060847759246826
4,14,15.394307851791382,-33.269900512695315,0.9998999834060669,0.24836815893650055,0.20711098611354828,0.3634537160396576,7.575685501098633,2.4915590286254883,7.818559169769287,3.3862459659576416,0.1473863124847412,0.09048724174499512,1.3898568153381348
4,15,15.585383415222168,-44.600246047973634,0.9998999834060669,0.2702206075191498,0.1892072856426239,0.5548235774040222,7.7570788860321045,2.480947732925415,7.82824182510376,3.580142021179199,0.14374303817749023,0.08800721168518066,1.396669626235962
4,16,16.46859860420227,-55.50380020141601,0.9998999834060669,0.21244657039642334,0.3386639952659607,0.5648636817932129,8.62738847732544,2.4874446392059326,7.841156721115112,4.441062688827515,0.1441183090209961,0.08788013458251953,1.399118185043335
4,17,15.252051830291748,-36.523501586914065,0.9998999834060669,0.2577126622200012,0.13624371588230133,0.5185104012489319,7.425119400024414,2.51405668258667,7.826875448226929,3.209782123565674,0.14190196990966797,0.08871912956237793,1.4020752906799316
4,18,15.622327089309692,-44.6651309967041,0.9998999834060669,0.3229216933250427,0.13195639848709106,0.5755980014801025,7.794454574584961,2.4723167419433594,7.827810764312744,3.6230225563049316,0.14299321174621582,0.08831429481506348,1.4001238346099854
4,19,14.773825883865356,-25.86154079437256,0.9998999834060669,0.16639377176761627,0.10447707027196884,0.48057523369789124,6.96530294418335,2.4725120067596436,7.808459997177124,2.788302421569824,0.15050864219665527,0.0880594253540039,1.3968656063079834
4,20,15.169389724731445,-38.6394157409668,0.9998999834060669,0.142855703830719,0.3024422526359558,0.4713223874568939,7.344205379486084,2.4957168102264404,7.82512903213501,3.140594959259033,0.14483070373535156,0.08872723579406738,1.406386137008667
4,21,15.377557516098022,-36.643694686889646,0.9998999834060669,0.3436419367790222,0.09707542508840561,0.4734884798526764,7.577357769012451,2.497407913208008,7.800141334533691,3.366314649581909,0.15192079544067383,0.08857560157775879,1.4052181243896484
4,22,15.71324872970581,-39.73821678161621,0.9998999834060669,0.18349018692970276,0.22943614423274994,0.5231192111968994,7.778698682785034,2.5041120052337646,7.934499979019165,3.54606032371521,0.1464066505432129,0.08796119689941406,1.4262504577636719
4,23,15.515231847763062,-43.01721839904785,0.9998999834060669,0.26017409563064575,0.1903000921010971,0.5206125974655151,7.528357744216919,2.502694845199585,7.986814498901367,3.3169775009155273,0.14534497261047363,0.08831644058227539,1.4062130451202393
4,24,14.559184312820435,-33.40984325408935,0.9998999834060669,0.08598382771015167,0.18748565018177032,0.6857350468635559,6.806285619735718,2.4941177368164062,7.752840518951416,2.6084399223327637,0.14931869506835938,0.0876011848449707,1.3988549709320068
4,25,15.345070838928223,-25.781659889221192,0.9998999834060669,0.13725726306438446,0.24864831566810608,0.3408074378967285,7.527541160583496,2.483492851257324,7.817475318908691,3.338027000427246,0.14748191833496094,0.08758211135864258,1.404341697692871
4,26,16.020880937576294,-46.07977409362793,0.9998999834060669,0.19125217199325562,0.3177976906299591,0.5064364671707153,8.288506984710693,2.4531679153442383,7.732307434082031,4.143688201904297,0.14746522903442383,0.08729839324951172,1.3866698741912842
4,27,15.296310186386108,-34.02930850982666,0.9998999834060669,0.1592971831560135,0.3381345570087433,0.3316471576690674,7.447605848312378,2.4714818000793457,7.84864354133606,3.2718489170074463,0.14615821838378906,0.08758163452148438,1.4029967784881592
4,28,14.598703384399414,-29.707949447631837,0.8509618043899536,0.19527782499790192,0.2888163924217224,0.36381322145462036,6.739855051040649,2.483161687850952,7.858788728713989,2.5541067123413086,0.14307904243469238,0.0884556770324707,1.404869556427002
4,29,14.28059196472168,-20.755583572387696,0.9998999834060669,9.999999747378752e-05,0.20441991090774536,0.5838831663131714,6.458041429519653,2.5186641216278076,7.82249903678894,2.239476442337036,0.14371657371520996,0.08836221694946289,1.399871587753296
4,30,16.608094930648804,-50.95785675048828,0.9998999834060669,0.3300114572048187,0.16963839530944824,0.6333964467048645,8.79781436920166,2.464134693145752,7.810220718383789,4.62862491607666,0.14443564414978027,0.08834290504455566,1.404109001159668
5,1,16.15377640724182,-102.18257293701171,0.9998999834060669,0.20207133889198303,0.2711711525917053,0.4740923345088959,8.284548997879028,2.634542465209961,7.869163274765015,3.942033052444458,0.14694666862487793,0.08958196640014648,1.4022185802459717
5,2,16.436179399490356,-110.08035659790039,0.9538848400115967,0.404592365026474,0.14061814546585083,0.4883357286453247,8.596248626708984,2.600322723388672,7.839865684509277,4.280245065689087,0.1454625129699707,0.08855366706848145,1.4133367538452148
5,3,15.763647317886353,-96.19104309082032,0.9998999834060669,0.12346456944942474,0.23941054940223694,0.6349846720695496,7.9568867683410645,2.643057346343994,7.806706666946411,3.602760076522827,0.14550447463989258,0.09087824821472168,1.405440330505371
5,4,15.626006841659546,-85.6318962097168,0.9998999834060669,0.2933903932571411,0.08880744129419327,0.5555877685546875,7.744380474090576,2.7030043601989746,7.881575107574463,3.314237356185913,0.14672589302062988,0.09080648422241211,1.4208712577819824
5,5,16.001861095428467,-76.90204086303712,0.9998999834060669,0.20839397609233856,0.28641945123672485,0.32010355591773987,8.228604078292847,2.607058048248291,7.773204803466797,3.926740884780884,0.14253449440002441,0.08781218528747559,1.3972280025482178
5,6,15.764791488647461,-102.74144134521484,0.8618162870407104,0.3509877920150757,0.09986051172018051,0.673130452632904,7.935157537460327,2.654411792755127,7.829572677612305,3.5465168952941895,0.14867687225341797,0.09116220474243164,1.4253697395324707
5,7,15.870002508163452,-74.77892837524413,0.9998999834060669,0.2849714457988739,0.12139908224344254,0.4296625256538391,8.023066282272339,2.6232945919036865,7.846876382827759,3.686779737472534,0.14822101593017578,0.08849644660949707,1.4081218242645264
5,8,15.682491779327393,-91.30768661499023,0.8565064072608948,0.34182462096214294,0.15055960416793823,0.5084272027015686,7.8960583209991455,2.6345431804656982,7.786378383636475,3.552380323410034,0.147552490234375,0.08933806419372559,1.404097080230713
5,9,15.573364496231079,-86.63739624023438,0.9998999834060669,0.1811058521270752,0.18223337829113007,0.5520029664039612,7.659478664398193,2.6348464488983154,7.913822889328003,3.3225696086883545,0.14358901977539062,0.0879216194152832,1.402587652206421
5,10,16.094640970230103,-128.2904541015625,0.7429138422012329,0.2745600640773773,0.2453429400920868,0.7714693546295166,8.260554313659668,2.6689817905426025,7.834034204483032,3.8574798107147217,0.14434194564819336,0.09622597694396973,1.42384672164917
5,11,16.120112419128418,-96.90563659667968,0.9998999834060669,0.2568536102771759,0.16562634706497192,0.5123289823532104,8.337077140808105,2.646911859512329,7.782975673675537,3.9880409240722656,0.1428999900817871,0.08846211433410645,1.4023196697235107
5,12,16.269543647766113,-100.98281784057617,0.9998999834060669,0.29565146565437317,0.1792972832918167,0.49133622646331787,8.356854915618896,2.666743040084839,7.912636995315552,3.96008038520813,0.1445600986480713,0.09119296073913574,1.4250297546386719
5,13,16.827547788619995,-114.21164093017578,0.9998999834060669,0.2811332643032074,0.20921525359153748,0.5389677286148071,9.040585279464722,2.636589527130127,7.786908388137817,4.691155433654785,0.14711761474609375,0.09014511108398438,1.4075441360473633
5,14,16.370991468429565,-100.90481491088867,0.9998999834060669,0.2817293405532837,0.2061031311750412,0.4730226397514343,8.556185245513916,2.6243045330047607,7.814751148223877,4.225894927978516,0.14463591575622559,0.08841991424560547,1.4050965309143066
5,15,16.030004739761353,-87.66754837036133,0.9998999834060669,0.1849053055047989,0.26872479915618896,0.4435284733772278,8.184039115905762,2.6164841651916504,7.845901727676392,3.8634579181671143,0.15039992332458496,0.08846879005432129,1.3979253768920898
5,16,16.017369031906128,-102.11418838500977,0.9998999834060669,0.2699611783027649,0.14571838080883026,0.5806517004966736,8.207219123840332,2.658033609390259,7.810096025466919,3.842956304550171,0.14722228050231934,0.08911514282226562,1.4023175239562988
5,17,17.151501893997192,-111.67095718383788,0.9998999834060669,0.34791436791419983,0.2963346540927887,0.3300221562385559,9.359932661056519,2.619209051132202,7.791515350341797,5.043479919433594,0.14326095581054688,0.08776640892028809,1.3987317085266113
5,18,15.52193832397461,-99.75992279052734,0.7187678217887878,0.3724227845668793,0.10255268216133118,0.7491644024848938,7.724269151687622,2.6557321548461914,7.797615051269531,3.3624961376190186,0.1473543643951416,0.08867263793945312,1.4021623134613037
5,19,16.898245811462402,-93.71146545410156,0.9998999834060669,0.09396608918905258,0.2963656783103943,0.5866595506668091,9.107384204864502,2.6111509799957275,7.790812253952026,3.4529659748077393,0.14703035354614258,0.08904385566711426,2.7392055988311768
5,20,16.12927007675171,-105.97639923095703,0.9266671538352966,0.21594120562076569,0.3146151602268219,0.4945291578769684,8.27978777885437,2.620398998260498,7.849422454833984,3.9599509239196777,0.14110755920410156,0.08859586715698242,1.4027247428894043
5,21,15.797136545181274,-98.61911849975586,0.9858726859092712,0.22916607558727264,0.20533376932144165,0.5372686982154846,7.987387418746948,2.621300458908081,7.809697866439819,3.6728105545043945,0.13887500762939453,0.08821392059326172,1.3989441394805908
5,22,16.659576654434204,-122.4227783203125,0.9998999834060669,0.34669655561447144,0.17035239934921265,0.5290278196334839,8.854774475097656,2.624777317047119,7.804738283157349,4.530516147613525,0.14487600326538086,0.08961248397827148,1.396286964416504
5,23,16.07236409187317,-86.05851364135742,0.9998999834060669,0.14771583676338196,0.3361882269382477,0.4024485945701599,8.26296353340149,2.6685712337493896,7.809347629547119,3.8893845081329346,0.145704984664917,0.08952641487121582,1.401899814605713
5,24,15.222540855407715,-85.78573837280274,0.9998999834060669,0.18209773302078247,0.2986372709274292,0.394905149936676,7.371736526489258,2.1093063354492188,7.850762128829956,3.610396385192871,0.11551976203918457,0.08483266830444336,1.4060795307159424
5,25,15.173498153686523,-67.73290710449218,0.9908921718597412,0.3023161292076111,9.999999747378752e-05,0.6448813676834106,7.399635553359985,2.672715187072754,7.773810625076294,3.0156261920928955,0.14973783493041992,0.08838462829589844,1.4045789241790771
5,26,15.775171041488647,-104.41721878051757,0.9803245067596436,0.3323192596435547,0.1300555318593979,0.549371600151062,8.014069080352783,2.574415922164917,7.761032581329346,3.7435905933380127,0.14214181900024414,0.0886240005493164,1.3994953632354736
5,27,16.734184980392456,-98.10386734008789,0.9998999834060669,0.3601914644241333,0.1004289835691452,0.5252189636230469,8.797177076339722,2.623415946960449,7.936953067779541,4.469061374664307,0.14359498023986816,0.08807563781738281,1.4057648181915283
5,28,15.870000839233398,-101.06083145141602,0.939039409160614,0.27704641222953796,0.2018100470304489,0.5205998420715332,8.021382570266724,2.566230058670044,7.8485565185546875,3.755230665206909,0.1465315818786621,0.08914446830749512,1.3936691284179688
5,29,15.622370481491089,-91.35922164916992,0.8418789505958557,0.06822557002305984,0.3222934305667877,0.7028429508209229,7.784593820571899,2.6386160850524902,7.837721586227417,3.4373373985290527,0.14619970321655273,0.0892188549041748,1.4056429862976074
5,30,16.623185396194458,-114.81020050048828,0.9998999834060669,0.2738572657108307,0.19728831946849823,0.5652076601982117,8.858631372451782,2.632298469543457,7.76449990272522,4.514745712280273,0.14746570587158203,0.08980369567871094,1.4043810367584229
6,1,12.248934030532837,0.0,0.8999999761581421,0.699999988079071,0.5,0.20000000298023224,4.423824310302734,1.839611530303955,7.825054883956909,0.8870959281921387,0.14475536346435547,0.08539843559265137,1.4005815982818604
6,2,12.184448480606079,0.0,0.8999999761581421,0.699999988079071,0.5,0.20000000298023224,4.364593267440796,1.803527593612671,7.819804906845093,0.8606486320495605,0.14623427391052246,0.08565783500671387,1.4026389122009277
6,3,12.113675117492676,0.0,0.8999999761581421,0.699999988079071,0.5,0.20000000298023224,4.382297515869141,1.8039283752441406,7.731325387954712,0.8789985179901123,0.14226388931274414,0.0861968994140625,1.4033255577087402
6,4,12.299686431884766,0.0,0.8999999761581421,0.699999988079071,0.5,0.20000000298023224,4.421967029571533,1.8352439403533936,7.8776633739471436,0.8862645626068115,0.1381819248199463,0.08616113662719727,1.410236120223999
6,5,13.2812180519104,-0.0004000663757324219,9.999999747378752e-05,0.9998999834060669,9.999999747378752e-05,9.999999747378752e-05,5.500544309616089,2.019230365753174,7.7806196212768555,1.7806158065795898,0.14444184303283691,0.08771347999572754,1.4013359546661377
6,6,12.237120866775513,0.0,0.8999999761581421,0.699999988079071,0.5,0.20000000298023224,4.404837131500244,1.829829216003418,7.83223819732666,0.8762071132659912,0.1438007354736328,0.08666753768920898,1.4018948078155518
6,7,13.268959522247314,-0.0004000663757324219,9.999999747378752e-05,0.9998999834060669,9.999999747378752e-05,9.999999747378752e-05,5.481069803237915,2.027439594268799,7.78782320022583,1.7523059844970703,0.14482998847961426,0.08657002449035645,1.4019887447357178
6,8,12.190324068069458,0.0,0.8999999761581421,0.699999988079071,0.5,0.20000000298023224,4.351532459259033,1.7944436073303223,7.838741779327393,0.8609342575073242,0.14547276496887207,0.08604741096496582,1.4002201557159424
6,9,12.225356817245483,0.0,0.8999999761581421,0.699999988079071,0.5,0.20000000298023224,4.405327320098877,1.8372368812561035,7.8199782371521,0.8702812194824219,0.14180994033813477,0.08583450317382812,1.4034171104431152
6,10,12.203201055526733,0.0,0.8999999761581421,0.699999988079071,0.5,0.20000000298023224,4.390575885772705,1.8241262435913086,7.8125693798065186,0.8707494735717773,0.14439916610717773,0.08523702621459961,1.4007294178009033
6,11,13.336324691772461,-0.0004000663757324219,9.999999747378752e-05,0.9998999834060669,9.999999747378752e-05,9.999999747378752e-05,5.485271215438843,1.9786396026611328,7.85099720954895,1.8025543689727783,0.1472163200378418,0.0883328914642334,1.4001071453094482
6,12,12.143768072128296,0.0,0.8999999761581421,0.699999988079071,0.5,0.20000000298023224,4.390073299407959,1.8282067775726318,7.753635406494141,0.8651885986328125,0.1456754207611084,0.08603882789611816,1.3995778560638428
6,13,12.232440948486328,0.0,0.8999999761581421,0.699999988079071,0.5,0.20000000298023224,4.432023048400879,1.8509621620178223,7.800365924835205,0.8699886798858643,0.1497960090637207,0.08757638931274414,1.4058244228363037
6,14,12.25788950920105,0.0,0.8999999761581421,0.699999988079071,0.5,0.20000000298023224,4.42263650894165,1.8427062034606934,7.835200548171997,0.8806748390197754,0.1450498104095459,0.08571314811706543,1.4013962745666504
6,15,13.291500806808472,-0.0004000663757324219,9.999999747378752e-05,0.9998999834060669,9.999999747378752e-05,9.999999747378752e-05,5.5233154296875,2.0439932346343994,7.76813268661499,1.7629892826080322,0.1514146327972412,0.08771204948425293,1.408226490020752
6,16,12.173985242843628,0.0,0.8999999761581421,0.699999988079071,0.5,0.20000000298023224,4.394479513168335,1.8128383159637451,7.779454469680786,0.8835721015930176,0.1415424346923828,0.08653569221496582,1.4021289348602295
6,17,12.230843305587769,0.0,0.8999999761581421,0.699999988079071,0.5,0.20000000298023224,4.382475852966309,1.8206977844238281,7.848313331604004,0.8593311309814453,0.14193034172058105,0.08658623695373535,1.4096131324768066
6,18,12.229357719421387,0.0,0.8999999761581421,0.699999988079071,0.5,0.20000000298023224,4.403111934661865,1.8285386562347412,7.826193571090698,0.8795244693756104,0.14342594146728516,0.08660221099853516,1.3987183570861816
6,19,12.24104905128479,0.0,0.8999999761581421,0.699999988079071,0.5,0.20000000298023224,4.396812915802002,1.813347578048706,7.844184637069702,0.8841886520385742,0.14263176918029785,0.08600401878356934,1.404545783996582
6,20,13.27021837234497,-0.0004000663757324219,9.999999747378752e-05,0.9998999834060669,9.999999747378752e-05,9.999999747378752e-05,5.487696170806885,2.0311059951782227,7.782471418380737,1.7608363628387451,0.14086604118347168,0.08719611167907715,1.4016692638397217
6,21,12.202432870864868,0.0,0.8999999761581421,0.699999988079071,0.5,0.20000000298023224,4.389610290527344,1.831775426864624,7.812759876251221,0.8715200424194336,0.13733673095703125,0.08549642562866211,1.398012638092041
6,22,13.338846445083618,-0.0004000663757324219,9.999999747378752e-05,9.999999747378752e-05,0.9998999834060669,9.999999747378752e-05,5.486097574234009,2.0281012058258057,7.8526952266693115,1.7531592845916748,0.14505839347839355,0.08710265159606934,1.4043147563934326
6,23,13.18832278251648,-0.0004000663757324219,9.999999747378752e-05,0.9998999834060669,9.999999747378752e-05,9.999999747378752e-05,5.477154970169067,2.0010056495666504,7.711115598678589,1.7776811122894287,0.1453850269317627,0.08676314353942871,1.3990051746368408
6,24,12.158612489700317,0.0,0.8999999761581421,0.699999988079071,0.5,0.20000000298023224,4.384258985519409,1.8334286212921143,7.774299144744873,0.8529272079467773,0.14341306686401367,0.08581829071044922,1.4029731750488281
6,25,13.278463125228882,-0.0004000663757324219,9.999999747378752e-05,0.9998999834060669,9.999999747378752e-05,9.999999747378752e-05,5.499665021896362,2.033970594406128,7.778734922409058,1.770941972732544,0.14264678955078125,0.08662581443786621,1.3984527587890625
6,26,12.33933711051941,0.0,0.8999999761581421,0.699999988079071,0.5,0.20000000298023224,4.43014121055603,1.840944766998291,7.9091432094573975,0.8831436634063721,0.14661598205566406,0.08646249771118164,1.4068176746368408
6,27,12.149592161178589,0.0,0.8999999761581421,0.699999988079071,0.5,0.20000000298023224,4.3965442180633545,1.8138492107391357,7.752994775772095,0.8819384574890137,0.14743661880493164,0.08587503433227539,1.402552604675293
6,28,12.51309609413147,0.0,0.8999999761581421,0.699999988079071,0.5,0.20000000298023224,4.373664855957031,1.8133249282836914,8.139375448226929,0.8647329807281494,0.14137554168701172,0.08654284477233887,1.4005813598632812
6,29,12.206616163253784,0.0,0.8999999761581421,0.699999988079071,0.5,0.20000000298023224,4.387906074523926,1.824028491973877,7.818659782409668,0.8798573017120361,0.14056015014648438,0.08643889427185059,1.3921043872833252
6,30,12.183218717575073,0.0,0.8999999761581421,0.699999988079071,0.5,0.20000000298023224,4.393994331359863,1.8136851787567139,7.789172887802124,0.8860561847686768,0.14615440368652344,0.08556437492370605,1.3969318866729736
7,1,16.84508967399597,-458.64915161132814,0.9998999834060669,0.24566218256950378,0.17364253103733063,0.5181160569190979,9.008580207824707,2.899683713912964,7.836447477340698,4.4005913734436035,0.14494919776916504,0.0883944034576416,1.4069364070892334
7,2,16.099878311157227,-456.810986328125,0.9994990229606628,0.2570229470729828,0.17718453705310822,0.4996795654296875,8.274843215942383,2.4260919094085693,7.824992656707764,4.192598104476929,0.11710619926452637,0.08555912971496582,1.4073779582977295
7,3,17.488234996795654,-499.3410339355469,0.9755819439888,0.2675892412662506,0.24607063829898834,0.46131154894828796,9.64826226234436,2.918562650680542,7.839917898178101,5.012075424194336,0.15072202682495117,0.08931422233581543,1.4078452587127686
7,4,16.74122405052185,-490.72190551757814,0.9372627139091492,0.22716961801052094,0.23080089688301086,0.5432682037353516,8.975549459457397,2.8648502826690674,7.765624046325684,4.4200544357299805,0.1466057300567627,0.08724546432495117,1.3869085311889648
7,5,16.520164489746094,-446.03989562988284,0.9332239627838135,0.202131986618042,0.17657777667045593,0.6042205691337585,8.707680225372314,3.004960775375366,7.812419891357422,3.9976282119750977,0.1462268829345703,0.08867692947387695,1.401472568511963
7,6,15.74826455116272,-467.9794921875,0.9413105249404907,0.17124806344509125,0.27628815174102783,0.5853773355484009,7.951103687286377,2.413165807723999,7.797117471694946,3.889556407928467,0.11473894119262695,0.08430671691894531,1.4041717052459717
7,7,9.468645095825195,-495.2023010253906,0.8828441500663757,0.20326630771160126,0.2559269964694977,0.5914919972419739,7.85962986946106,2.387364149093628,1.6089725494384766,3.833415985107422,0.11618351936340332,0.08492088317871094,1.3922815322875977
7,8,9.898452043533325,-499.9624450683594,0.9351487755775452,0.28206679224967957,0.2475094199180603,0.46283313632011414,8.570093154907227,2.482520341873169,1.3283050060272217,4.435100317001343,0.12584877014160156,0.08714127540588379,1.3855211734771729
7,9,9.738945960998535,-478.2407745361328,0.8823133111000061,0.2968485653400421,0.138614684343338,0.6152567267417908,7.842638254165649,2.369476556777954,1.8962700366973877,3.836226463317871,0.11493778228759766,0.08393263816833496,1.3928534984588623
7,10,9.829458951950073,-485.4258728027344,0.9371799230575562,0.3030337989330292,0.21674609184265137,0.4786226153373718,8.38429307937622,2.3989360332489014,1.4451103210449219,4.349629640579224,0.11606645584106445,0.0851747989654541,1.388157606124878
7,11,11.29128384590149,-483.82794494628905,0.91392982006073,0.2194293588399887,0.2173580378293991,0.5842447876930237,7.854046106338501,2.3590474128723145,3.4372026920318604,3.8647122383117676,0.11346936225891113,0.08239459991455078,1.390357255935669
7,12,9.336261749267578,-500.60194396972656,0.8622090220451355,0.307409405708313,0.17333368957042694,0.5897120237350464,7.944040536880493,2.377349376678467,1.392179250717163,3.937669038772583,0.11456108093261719,0.08388376235961914,1.3857669830322266
7,13,11.333427667617798,-490.77764892578125,0.9175291657447815,0.21900640428066254,0.22919341921806335,0.5548616647720337,7.896760940551758,2.371795415878296,3.4366300106048584,3.8896231651306152,0.1135554313659668,0.08334040641784668,1.3935136795043945
7,14,9.294890880584717,-489.27752075195315,0.8894964456558228,0.2805967628955841,0.1863340437412262,0.5732735991477966,7.953193426132202,2.386842966079712,1.3416550159454346,3.9325809478759766,0.11534500122070312,0.0852971076965332,1.3873169422149658
7,15,11.746035814285278,-487.6946655273438,0.9172255992889404,0.31419944763183594,0.14168621599674225,0.5655655264854431,8.196569681167603,2.4268457889556885,3.549423933029175,4.120408058166504,0.11717772483825684,0.08520746231079102,1.4009132385253906
7,16,9.681739330291748,-477.03211975097656,0.9704818725585938,0.18839947879314423,0.24939274787902832,0.5391233563423157,8.278675079345703,2.4268863201141357,1.4030280113220215,4.219244956970215,0.1158144474029541,0.08418035507202148,1.3875107765197754
7,17,9.5109384059906,-476.49285888671875,0.9289609789848328,0.24047724902629852,0.1856028437614441,0.5774239301681519,7.968705177307129,2.3711931705474854,1.5421934127807617,3.965351104736328,0.114990234375,0.08255863189697266,1.3908019065856934
7,18,9.499026536941528,-462.0090667724609,0.9745033979415894,0.20871658623218536,0.21737563610076904,0.5355454683303833,8.080267667770386,2.37031888961792,1.4187166690826416,4.076224327087402,0.11498785018920898,0.0838925838470459,1.3896830081939697
7,19,10.080110788345337,-493.2632141113281,0.906306803226471,0.17535491287708282,0.297720342874527,0.5542110800743103,8.633290767669678,2.6196863651275635,1.4467668533325195,4.318128347396851,0.14861059188842773,0.09100580215454102,1.3883004188537598
7,20,9.566406726837158,-463.7029663085938,0.9998999834060669,0.20106816291809082,0.20232035219669342,0.5352471470832825,8.164957284927368,2.3826615810394287,1.4014129638671875,4.148059368133545,0.11598467826843262,0.0859365463256836,1.3866894245147705
7,21,9.726318836212158,-450.5315246582031,0.9914731979370117,0.2162192016839981,0.17264583706855774,0.5524560809135437,8.34967565536499,2.520716667175293,1.3765804767608643,4.152495622634888,0.1387925148010254,0.08933329582214355,1.386641502380371
7,22,9.283710956573486,-488.4187286376953,0.9074013233184814,0.2621714770793915,0.18618807196617126,0.5727207064628601,7.8670876026153564,2.37005615234375,1.41658616065979,3.8589603900909424,0.11669325828552246,0.08379673957824707,1.3927972316741943
7,23,9.504499673843384,-485.1029113769531,0.9572605490684509,0.19944584369659424,0.24553926289081573,0.5315945148468018,8.153738498687744,2.3843724727630615,1.3507204055786133,4.123462915420532,0.11588573455810547,0.08367633819580078,1.4019176959991455
7,24,11.325318336486816,-504.30615234375,0.8722038269042969,0.25332099199295044,0.2096777707338333,0.5969963669776917,7.928745746612549,2.3808250427246094,3.396531343460083,3.9114980697631836,0.11588597297668457,0.0846867561340332,1.3904237747192383
7,25,9.726728677749634,-485.5729461669922,0.9491710066795349,0.24917636811733246,0.19871938228607178,0.5379014015197754,8.368597269058228,2.4263932704925537,1.3580844402313232,4.301950931549072,0.12052416801452637,0.08618378639221191,1.3844475746154785
7,26,11.365216255187988,-495.43239135742186,0.888446569442749,0.26435211300849915,0.18898627161979675,0.5864429473876953,7.939076900482178,2.3778252601623535,3.4260966777801514,3.9226551055908203,0.11458134651184082,0.08424997329711914,1.3944547176361084
7,27,9.898470878601074,-494.1306213378906,0.9392803907394409,0.21761344373226166,0.2867855727672577,0.49560365080833435,8.503944158554077,2.4128406047821045,1.3944721221923828,4.456269264221191,0.11881804466247559,0.08483076095581055,1.3843846321105957
7,28,11.770423173904419,-527.1146606445312,0.8788634538650513,0.3329271376132965,0.25499415397644043,0.46354082226753235,8.389090776443481,2.361780881881714,3.3812944889068604,4.405048608779907,0.11351752281188965,0.08300328254699707,1.3818607330322266
7,29,9.247751951217651,-496.78452758789064,0.887438178062439,0.24744080007076263,0.206512913107872,0.5898799896240234,7.901947736740112,2.3801848888397217,1.3457648754119873,3.8882312774658203,0.11584353446960449,0.08402585983276367,1.388612985610962
7,30,11.616937160491943,-448.2520446777344,0.9998999834060669,0.20705413818359375,0.20362579822540283,0.5154052376747131,8.174946308135986,2.387174367904663,3.441946506500244,4.141810894012451,0.11795926094055176,0.08495759963989258,1.3969898223876953
8,1,9.569955825805664,-1092.9046875,0.9285386800765991,0.22073373198509216,0.2375560700893402,0.5918974280357361,8.218147993087769,2.547133684158325,1.3517558574676514,4.039537191390991,0.11561107635498047,0.08539104461669922,1.3852407932281494
8,2,11.426374435424805,-1062.8904296875,0.9206420183181763,0.2388496994972229,0.16426898539066315,0.6281594634056091,7.941944122314453,2.5421652793884277,3.4843873977661133,3.6871840953826904,0.11565208435058594,0.08494257926940918,1.466722011566162
8,3,9.39910101890564,-998.1328063964844,0.9745874404907227,0.22066281735897064,0.14118371903896332,0.6133525967597961,7.925597667694092,2.536884307861328,1.4734642505645752,3.7628982067108154,0.11525392532348633,0.08445954322814941,1.3808987140655518
8,4,11.825268030166626,-1121.3026489257813,0.9414191842079163,0.27394789457321167,0.20388111472129822,0.5267455577850342,8.488893270492554,2.536555290222168,3.336329221725464,4.299286842346191,0.11529541015625,0.0851740837097168,1.4068033695220947
8,5,9.447307348251343,-1170.082177734375,0.8280246257781982,0.2729259729385376,0.2117103785276413,0.6283295750617981,8.110519886016846,2.528347969055176,1.3367528915405273,3.947767496109009,0.11534309387207031,0.08458161354064941,1.3892972469329834
8,6,10.6334068775177,-1092.0422485351562,0.9039108157157898,0.24518868327140808,0.1847390979528427,0.6085716485977173,8.290331840515137,2.6360023021698,2.3430368900299072,4.011215686798096,0.11728429794311523,0.08655762672424316,1.3932695388793945
8,7,9.676595449447632,-1116.4334228515625,0.9005167484283447,0.31313684582710266,0.1899985373020172,0.5652152895927429,8.308762550354004,2.51959228515625,1.3677945137023926,4.1555516719818115,0.1147456169128418,0.08446335792541504,1.389244556427002
8,8,9.780278444290161,-1131.96181640625,0.8534588813781738,0.27191951870918274,0.20296770334243774,0.6169493198394775,8.20509386062622,2.723719835281372,1.5751452445983887,3.828066110610962,0.11921167373657227,0.08896994590759277,1.3973634243011475
8,9,9.784975051879883,-1159.0207397460938,0.8604565262794495,0.2999323308467865,0.1926911622285843,0.5651187300682068,8.229387760162354,2.5313706398010254,1.5555453300476074,4.061490774154663,0.11597919464111328,0.08500313758850098,1.390261173248291
8,10,9.847628593444824,-1078.7796997070313,0.9532082080841064,0.2413160353899002,0.19100500643253326,0.5675292015075684,8.504356622695923,2.7578353881835938,1.343231201171875,4.061922550201416,0.11850833892822266,0.09360790252685547,1.4249846935272217
8,11,9.54996633529663,-1045.210693359375,0.9541835188865662,0.24071219563484192,0.175906240940094,0.5645771622657776,8.142337560653687,2.57267427444458,1.407590627670288,3.9144647121429443,0.11731410026550293,0.08758687973022461,1.4035344123840332
8,12,9.572762966156006,-1063.3210327148438,0.9423093795776367,0.19283413887023926,0.20894715189933777,0.5956976413726807,8.207015037536621,2.551030158996582,1.3657033443450928,4.005725622177124,0.11551809310913086,0.08509302139282227,1.4041967391967773
8,13,9.6285719871521,-1149.0622680664062,0.8588785529136658,0.2692013680934906,0.22165225446224213,0.5945364236831665,8.267760992050171,2.603928565979004,1.3607699871063232,4.010511159896851,0.11727261543273926,0.08641481399536133,1.4027609825134277
8,14,10.296807527542114,-1090.3727416992188,0.9690908789634705,0.21999472379684448,0.2530825436115265,0.5071905851364136,8.936895370483398,2.762812376022339,1.359874963760376,4.5170183181762695,0.12394475936889648,0.08878970146179199,1.3919663429260254
8,15,9.472472190856934,-1098.0340942382813,0.919618546962738,0.20763829350471497,0.2326304018497467,0.5771414041519165,8.15369462966919,2.5288338661193848,1.3187365531921387,3.992628574371338,0.11475133895874023,0.08405756950378418,1.387965202331543
8,16,9.55973196029663,-1188.8533081054688,0.828352689743042,0.2201288640499115,0.29958394169807434,0.5988549590110779,8.190561056137085,2.5956177711486816,1.3691177368164062,3.943185567855835,0.12043905258178711,0.08600330352783203,1.3959448337554932
8,17,12.022958040237427,-1123.7653198242188,0.9506667852401733,0.2895706593990326,0.2047116905450821,0.5040498971939087,8.65053939819336,2.5252840518951416,3.372375726699829,4.4977476596832275,0.11417365074157715,0.0834507942199707,1.386495590209961
8,18,9.895617008209229,-1110.0018798828125,0.9270711541175842,0.24611525237560272,0.22351041436195374,0.5414060354232788,8.388893365859985,2.5542712211608887,1.5066883563995361,4.206400632858276,0.11505365371704102,0.08450150489807129,1.3839974403381348
8,19,12.262560844421387,-1065.3169921875,0.9815964698791504,0.26618775725364685,0.18625229597091675,0.5449261665344238,8.846382141113281,2.6822445392608643,3.4161229133605957,4.463419675827026,0.14287185668945312,0.09949636459350586,1.391753911972046
8,20,9.472951650619507,-1106.9515258789063,0.891961932182312,0.23674044013023376,0.21293644607067108,0.601330041885376,8.125885486602783,2.548976421356201,1.3470251560211182,3.9427459239959717,0.11739206314086914,0.08586668968200684,1.3858835697174072
8,21,11.723030805587769,-1076.186279296875,0.9616749286651611,0.2192135602235794,0.21581421792507172,0.5408263206481934,8.343740463256836,2.527432441711426,3.379244327545166,4.176796913146973,0.11585140228271484,0.08530235290527344,1.3923149108886719
8,22,9.425914287567139,-1110.9653076171876,0.8421039581298828,0.30359676480293274,0.15565936267375946,0.6353875994682312,8.027372121810913,2.5362446308135986,1.398508071899414,3.861668586730957,0.1155555248260498,0.08456134796142578,1.3839411735534668
8,23,11.418955326080322,-1109.836669921875,0.8903756737709045,0.23379887640476227,0.21236179769039154,0.6197683811187744,8.033733367919922,2.5229015350341797,3.3851795196533203,3.873147487640381,0.11615324020385742,0.08440756797790527,1.3912944793701172
8,24,9.773235082626343,-1107.574560546875,0.9459781646728516,0.2203505039215088,0.26245465874671936,0.5581936240196228,8.44264841079712,2.5514585971832275,1.3305327892303467,4.258054971694946,0.11734390258789062,0.08611416816711426,1.3832082748413086
8,25,11.821820974349976,-1157.0237060546874,0.889192521572113,0.2532684803009033,0.24042066931724548,0.5643819570541382,8.367120027542114,2.543952703475952,3.4546544551849365,4.18021559715271,0.11531925201416016,0.08517575263977051,1.3967006206512451
8,26,9.536582469940186,-1146.2367797851562,0.8793847560882568,0.32569047808647156,0.18348237872123718,0.5648531913757324,8.210118532180786,2.553738594055176,1.3264133930206299,4.021911144256592,0.11749887466430664,0.08544397354125977,1.3842928409576416
8,27,11.800480365753174,-1138.9239868164063,0.9108158946037292,0.30346935987472534,0.18630222976207733,0.5605584979057312,8.414557218551636,2.520582914352417,3.385881185531616,4.262531518936157,0.11492776870727539,0.08347272872924805,1.388232707977295
8,28,9.665356874465942,-1105.7163940429687,0.9036584496498108,0.19145946204662323,0.2611486613750458,0.5843120217323303,8.309431314468384,2.604673385620117,1.355867862701416,4.060293197631836,0.12015032768249512,0.0873713493347168,1.3878939151763916
8,29,11.79762601852417,-1046.42158203125,0.9998999834060669,0.2280229926109314,0.19819308817386627,0.5190017223358154,8.422229051589966,2.530315399169922,3.375359535217285,4.256604433059692,0.1156466007232666,0.08401203155517578,1.390733003616333
8,30,9.698563575744629,-1071.098193359375,0.9818128943443298,0.26872578263282776,0.21996909379959106,0.5595356822013855,8.350985050201416,2.5389387607574463,1.347538948059082,4.1790478229522705,0.11606764793395996,0.08421730995178223,1.388166904449463
9,1,11.969775915145874,-2387.484521484375,0.92079758644104,0.24024492502212524,0.19746875762939453,0.5862450003623962,8.599527597427368,2.6591360569000244,3.3702330589294434,4.315139293670654,0.11464571952819824,0.08452534675598145,1.3817546367645264
9,2,10.240867853164673,-2440.524169921875,0.916140615940094,0.22055350244045258,0.23656891286373138,0.5789006352424622,8.843823909759521,2.7497522830963135,1.3970282077789307,4.440616130828857,0.12683415412902832,0.08819127082824707,1.3861103057861328
9,3,12.174377679824829,-2610.0113525390625,0.8609883785247803,0.25766730308532715,0.2898656725883484,0.548019528388977,8.78078556060791,2.677915334701538,3.3935747146606445,4.467451095581055,0.11448144912719727,0.08540773391723633,1.38956618309021
9,4,10.411487817764282,-2374.2153076171876,0.961635410785675,0.23594196140766144,0.20391157269477844,0.5562640428543091,9.073820114135742,2.7682173252105713,1.3376522064208984,4.6584460735321045,0.1215050220489502,0.0873878002166748,1.3869647979736328
9,5,11.858919143676758,-2230.9756591796877,0.9767338037490845,0.22490106523036957,0.16337591409683228,0.5864158868789673,8.622299671173096,2.6840336322784424,3.2366018295288086,4.300882339477539,0.11473894119262695,0.08588385581970215,1.391092300415039
9,6,10.136300802230835,-2390.706787109375,0.9256815910339355,0.2174042910337448,0.2132684886455536,0.5932425856590271,8.783074140548706,2.721261978149414,1.3532114028930664,4.418426275253296,0.1192326545715332,0.08795833587646484,1.3867499828338623
9,7,12.063061952590942,-2540.3978759765623,0.8787733912467957,0.23983947932720184,0.2534135580062866,0.5704105496406555,8.665021657943726,2.6808743476867676,3.398021936416626,4.3435094356536865,0.11641597747802734,0.08606171607971191,1.3924593925476074
9,8,10.3681321144104,-2409.407177734375,0.9432986378669739,0.24488979578018188,0.21538683772087097,0.5516462326049805,8.915898323059082,2.6725380420684814,1.4522182941436768,4.6044697761535645,0.11511468887329102,0.08545923233032227,1.3930301666259766
9,9,14.019574165344238,-2415.2059326171875,0.9410319328308105,0.2117142230272293,0.25116339325904846,0.5489584803581238,9.104740619659424,2.8751986026763916,4.914815664291382,4.560874700546265,0.11867928504943848,0.08936285972595215,1.4133200645446777
9,10,9.872909307479858,-2352.0626708984373,0.9242429137229919,0.245272696018219,0.17435325682163239,0.6091282963752747,8.508021831512451,2.6893420219421387,1.3648693561553955,4.18183445930481,0.1146848201751709,0.08630561828613281,1.3899199962615967
9,11,10.001368045806885,-2358.5163330078126,0.9345298409461975,0.25546854734420776,0.17770634591579437,0.5888952612876892,8.642320394515991,2.700294256210327,1.3590309619903564,4.309394121170044,0.11553740501403809,0.08534407615661621,1.386125087738037
9,12,11.033076763153076,-2348.3281494140624,0.9361054301261902,0.21448026597499847,0.21059466898441315,0.5894430875778198,8.690929651260376,2.7029104232788086,2.3421294689178467,4.340253591537476,0.11527705192565918,0.0856776237487793,1.4014644622802734
9,13,10.327475309371948,-2434.13037109375,0.9376668334007263,0.2569073438644409,0.21259604394435883,0.5409473776817322,8.953542232513428,2.7238669395446777,1.3739161491394043,4.594296455383301,0.11616635322570801,0.08582282066345215,1.3879148960113525
9,14,10.475284576416016,-2379.3594482421877,0.9231516718864441,0.23142093420028687,0.20110642910003662,0.5966179966926575,9.12476634979248,2.6908159255981445,1.3505003452301025,4.800400972366333,0.11438488960266113,0.08611035346984863,1.3877322673797607
9,15,12.067599058151245,-2458.674658203125,0.9156913757324219,0.23398177325725555,0.21986855566501617,0.5722748637199402,8.75501537322998,2.7036960124969482,3.3125643730163574,4.412088394165039,0.11590051651000977,0.08515739440917969,1.3928594589233398
9,16,9.956965684890747,-2268.3757080078126,0.9460012912750244,0.21428024768829346,0.17821794748306274,0.6042798757553101,8.578832149505615,2.683104991912842,1.3781185150146484,4.262618541717529,0.1140284538269043,0.08568358421325684,1.3878860473632812
9,17,10.294474840164185,-2348.306396484375,0.9451995491981506,0.2358216643333435,0.18807654082775116,0.5826863050460815,8.95632529258728,2.7839536666870117,1.3381333351135254,4.502795934677124,0.13273954391479492,0.08995676040649414,1.389681339263916
9,18,12.087913274765015,-2435.8561279296873,0.9034056663513184,0.2557406425476074,0.20029591023921967,0.5909991264343262,8.677716970443726,2.681009531021118,3.4101791381835938,4.3549110889434814,0.11568593978881836,0.08530330657958984,1.3948554992675781
9,19,10.133894681930542,-2394.6715087890625,0.9395557641983032,0.23027431964874268,0.21395006775856018,0.5677277445793152,8.789276123046875,2.6871728897094727,1.3446018695831299,4.467618703842163,0.11524581909179688,0.08536124229431152,1.3888487815856934
9,20,10.407514333724976,-2391.0776123046876,0.9294295907020569,0.2615845799446106,0.1855909526348114,0.5730870962142944,8.985469341278076,2.8814327716827393,1.4220256805419922,4.425773620605469,0.11926507949829102,0.08927011489868164,1.4216864109039307
9,21,10.089550733566284,-2409.314013671875,0.9287177324295044,0.25131410360336304,0.20332071185112,0.5657008290290833,8.75202989578247,2.6791000366210938,1.337500810623169,4.432161569595337,0.11460494995117188,0.08542346954345703,1.3949627876281738
9,22,10.116337776184082,-2511.8592529296875,0.8995750546455383,0.27034544944763184,0.23205634951591492,0.5477339029312134,8.776746034622192,2.684314489364624,1.3395757675170898,4.45491623878479,0.11473488807678223,0.08594155311584473,1.3919548988342285
9,23,16.019384145736694,-2540.787109375,0.8895676136016846,0.2761393189430237,0.22734606266021729,0.5549720525741577,9.020159721374512,2.8785784244537354,6.999206304550171,4.483814716339111,0.11760568618774414,0.08885598182678223,1.4039881229400635
9,24,10.194677591323853,-2510.6830078125,0.8997282981872559,0.2620733976364136,0.22666333615779877,0.5665091276168823,8.79953122138977,2.669973373413086,1.3951263427734375,4.4916181564331055,0.11452412605285645,0.0855875015258789,1.3923912048339844
9,25,10.24164080619812,-2384.932763671875,0.9343647360801697,0.24467504024505615,0.2020333707332611,0.5659711956977844,8.875062465667725,2.734853982925415,1.3665611743927002,4.510287761688232,0.11666107177734375,0.08665609359741211,1.3805491924285889
9,26,11.338309049606323,-2542.79775390625,0.9058070778846741,0.27872100472450256,0.24720589816570282,0.5165688395500183,8.996653318405151,2.673649311065674,2.3416385650634766,4.686153888702393,0.11586236953735352,0.08539247512817383,1.3898229598999023
9,27,10.189155578613281,-2518.7377197265623,0.8862562775611877,0.27661818265914917,0.21885041892528534,0.5705011487007141,8.824743509292603,2.7360646724700928,1.3643949031829834,4.45600700378418,0.11669039726257324,0.08567643165588379,1.3849096298217773
9,28,10.558786153793335,-2304.6382568359377,0.9679323434829712,0.2458249032497406,0.16896557807922363,0.5676808953285217,9.208916664123535,2.885078191757202,1.3498497009277344,4.649009466171265,0.13263988494873047,0.0888674259185791,1.390005111694336
9,29,12.049603462219238,-2347.0859130859376,0.9297792315483093,0.25102517008781433,0.17956824600696564,0.5946030020713806,8.682363033294678,2.768779993057251,3.367222547531128,4.268467903137207,0.11845946311950684,0.08610653877258301,1.3946046829223633
9,30,10.00105619430542,-2395.1712890625,0.9352287650108337,0.229816272854805,0.2106349915266037,0.5812690854072571,8.62490439414978,2.6776046752929688,1.3761346340179443,4.311370134353638,0.11496376991271973,0.08549308776855469,1.389456033706665
10,1,11.46896481513977,-5373.5650390625,0.9117647409439087,0.2656022310256958,0.210937038064003,0.5599333047866821,9.727208375930786,3.1005043983459473,1.7416937351226807,4.926239967346191,0.14668869972229004,0.09570527076721191,1.3908650875091553
10,2,11.435606002807617,-5420.76923828125,0.9004604816436768,0.26335254311561584,0.23003250360488892,0.5616762042045593,9.202995777130127,2.8114006519317627,2.232570171356201,4.756116628646851,0.11452293395996094,0.08641648292541504,1.3895032405853271
10,3,10.595729112625122,-5233.25205078125,0.9288704991340637,0.2579934895038605,0.20607547461986542,0.5764690041542053,9.173651218414307,2.872987985610962,1.422032356262207,4.664059400558472,0.1166234016418457,0.08637094497680664,1.3886542320251465
10,4,15.673224687576294,-5325.5603515625,0.8935819268226624,0.2738824188709259,0.19317275285720825,0.5873066186904907,9.098729610443115,2.869349241256714,6.574450969696045,4.5739874839782715,0.11641740798950195,0.08754611015319824,1.4052181243896484
10,5,10.565380811691284,-5239.709716796875,0.9216380715370178,0.23522460460662842,0.2155722677707672,0.5836900472640991,9.21332859992981,2.8544397354125977,1.3520102500915527,4.704326152801514,0.11516475677490234,0.09445810317993164,1.3996355533599854
10,6,10.592689275741577,-5374.00791015625,0.893535315990448,0.26420819759368896,0.22020289301872253,0.5746538639068604,9.204843997955322,2.8647356033325195,1.3877792358398438,4.70033860206604,0.1190636157989502,0.08808732032775879,1.3848040103912354
10,7,12.55140233039856,-5257.044140625,0.9174085855484009,0.25039997696876526,0.19943663477897644,0.5670449137687683,9.175543546676636,2.8485727310180664,3.375822067260742,4.692653179168701,0.1145334243774414,0.08711767196655273,1.3868887424468994
10,8,10.568917989730835,-5244.88212890625,0.9232953190803528,0.25211089849472046,0.2065197378396988,0.5727927088737488,9.230798959732056,2.839033603668213,1.3380730152130127,4.755889654159546,0.11406779289245605,0.08646917343139648,1.3899762630462646
10,9,11.186927795410156,-5425.600390625,0.9047219753265381,0.2686401605606079,0.23203186690807343,0.5493550896644592,9.819009065628052,3.085620880126953,1.367854118347168,5.0376951694488525,0.1428208351135254,0.095428466796875,1.3904776573181152
10,10,11.356573820114136,-5226.030322265625,0.9267166256904602,0.2173842340707779,0.2311292141675949,0.5770454406738281,9.200854301452637,2.843855381011963,2.1556739807128906,4.715680360794067,0.11580729484558105,0.08713722229003906,1.3926787376403809
10,11,10.382044792175293,-5388.3583984375,0.8938688635826111,0.24885430932044983,0.23030032217502594,0.5872165560722351,9.069412231445312,2.8095920085906982,1.312593936920166,4.6229164600372314,0.11557435989379883,0.08712911605834961,1.3885037899017334
10,12,16.41518807411194,-5302.838525390625,0.9131407737731934,0.2761772572994232,0.1980503648519516,0.5728197693824768,9.148390531539917,2.8132965564727783,7.266757965087891,4.6967737674713135,0.11455035209655762,0.08612847328186035,1.3919413089752197
10,13,10.401921272277832,-5153.703271484375,0.917048990726471,0.21495157480239868,0.2140519618988037,0.6068469882011414,9.068635702133179,2.832216739654541,1.3332479000091553,4.598036766052246,0.11494278907775879,0.08823180198669434,1.3887739181518555
10,14,10.406944274902344,-5208.934521484375,0.909919798374176,0.24599963426589966,0.19347277283668518,0.6029324531555176,9.043983459472656,2.8615291118621826,1.3628947734832764,4.5350661277771,0.11831140518188477,0.0883018970489502,1.3923747539520264
10,15,12.538777112960815,-5171.527197265625,0.9205046892166138,0.2557128667831421,0.1865658164024353,0.5899106860160828,9.153713464736938,2.8763325214385986,3.385017156600952,4.633904457092285,0.11632227897644043,0.0880126953125,1.3930504322052002
10,16,10.590345859527588,-5346.98505859375,0.904601514339447,0.23943500220775604,0.22971251606941223,0.5719619393348694,9.220542192459106,2.81364369392395,1.3697640895843506,4.7692930698394775,0.1141810417175293,0.08684086799621582,1.3911540508270264
10,17,10.824472665786743,-5258.60703125,0.9231125116348267,0.2811029553413391,0.18720673024654388,0.5637503862380981,9.411529064178467,3.029613494873047,1.4129045009613037,4.735793828964233,0.11905550956726074,0.09017062187194824,1.3896713256835938
10,18,11.435888290405273,-5257.74638671875,0.8971090912818909,0.2356472611427307,0.2172977477312088,0.6036799550056458,9.010079860687256,2.855372190475464,2.425767183303833,4.493894338607788,0.11721420288085938,0.08794045448303223,1.4083595275878906
10,19,10.760221719741821,-5403.581884765625,0.9019106030464172,0.2629636228084564,0.2228919416666031,0.5703978538513184,9.133140563964844,2.8268723487854004,1.6270384788513184,4.664676904678345,0.11456465721130371,0.08614206314086914,1.395496129989624
10,20,15.227906465530396,-5320.34091796875,0.8989743590354919,0.23740212619304657,0.22915518283843994,0.5865858197212219,9.102373838424683,2.862170696258545,6.125481367111206,4.576348304748535,0.11678457260131836,0.0883932113647461,1.4116575717926025
10,21,10.525818347930908,-5219.437451171875,0.9319607615470886,0.24874545633792877,0.20740064978599548,0.5683309435844421,9.188464164733887,2.84439754486084,1.3373100757598877,4.706087827682495,0.11491942405700684,0.0874319076538086,1.3903043270111084
10,22,10.57813024520874,-5273.9076171875,0.9141667485237122,0.25840285420417786,0.20139117538928986,0.5823790431022644,9.13482403755188,2.8410890102386475,1.4432406425476074,4.650407552719116,0.11867022514343262,0.08726882934570312,1.3891000747680664
10,23,12.333496332168579,-5292.422021484375,0.9046671390533447,0.23289422690868378,0.22228345274925232,0.5982599258422852,9.033095836639404,2.822381019592285,3.300354242324829,4.574126958847046,0.11514687538146973,0.0862874984741211,1.3902513980865479
10,24,10.521858930587769,-5407.83984375,0.9083725810050964,0.2834637761116028,0.2187396138906479,0.5566011667251587,9.161922216415405,2.8116490840911865,1.3598992824554443,4.719309091567993,0.1147010326385498,0.08643007278442383,1.3849022388458252
10,25,11.094115972518921,-5281.977783203125,0.9177768230438232,0.2583480477333069,0.21063734591007233,0.5800460577011108,9.699385643005371,3.0550966262817383,1.3946783542633057,4.955904960632324,0.14210748672485352,0.09409809112548828,1.3855302333831787
10,26,11.51355504989624,-5171.92294921875,0.9083278775215149,0.2387390285730362,0.19653674960136414,0.6153793334960938,8.944068431854248,2.8275084495544434,2.5694477558135986,4.477106332778931,0.11508655548095703,0.0875084400177002,1.390845537185669
10,27,10.564526796340942,-5325.677392578125,0.899724543094635,0.24617455899715424,0.2202036827802658,0.5854901671409607,9.184210300445557,2.826549768447876,1.3802740573883057,4.721132516860962,0.11511564254760742,0.08652496337890625,1.389345407485962
10,28,10.97701096534729,-5201.560546875,0.9208441972732544,0.23720397055149078,0.20914091169834137,0.5820935964584351,9.404142379760742,3.0429015159606934,1.5728230476379395,4.681484699249268,0.11960625648498535,0.09096908569335938,1.4216911792755127
10,29,10.400617599487305,-5445.178369140625,0.8780134320259094,0.2527580261230469,0.23806101083755493,0.5863298177719116,9.042493343353271,2.8324196338653564,1.3580777645111084,4.568538427352905,0.11516308784484863,0.08722162246704102,1.3935394287109375
10,30,10.40880012512207,-5332.6705078125,0.8902885317802429,0.28217679262161255,0.1906358301639557,0.5892044901847839,9.031944513320923,2.8244409561157227,1.3768084049224854,4.574435710906982,0.11478495597839355,0.08685469627380371,1.3857529163360596
11,1,11.98442530632019,-11430.71455078125,0.8978209495544434,0.26110655069351196,0.21764123439788818,0.5896149277687073,9.623318195343018,3.0458576679229736,2.361055850982666,4.923108100891113,0.11726069450378418,0.09026694297790527,1.3994550704956055
11,2,11.120291471481323,-11633.089453125,0.905420184135437,0.2659352421760559,0.23291927576065063,0.557270348072052,9.706615686416626,2.9606142044067383,1.4136223793029785,5.103115558624268,0.11464571952819824,0.08851814270019531,1.3935728073120117
11,3,11.184956789016724,-11236.37314453125,0.9147011041641235,0.2433767467737198,0.20840491354465485,0.5912037491798401,9.780071496963501,3.0464682579040527,1.4048144817352295,5.074382543563843,0.12515878677368164,0.09216618537902832,1.3872430324554443
11,4,12.921663284301758,-11683.287890625,0.8943583965301514,0.25836101174354553,0.23336206376552582,0.5651824474334717,9.60612964630127,2.973367691040039,3.315479278564453,4.972109079360962,0.11591434478759766,0.08920645713806152,1.409487009048462
11,5,10.998267650604248,-11331.59853515625,0.9201840162277222,0.24356447160243988,0.2262893170118332,0.5664373636245728,9.622145652770996,2.9467809200286865,1.3760735988616943,5.043543338775635,0.11349344253540039,0.08748364448547363,1.3851268291473389
11,6,11.438360452651978,-11284.38330078125,0.9140198230743408,0.25608620047569275,0.20740236341953278,0.5834879279136658,10.065479278564453,3.211451530456543,1.3728222846984863,5.079601287841797,0.13349604606628418,0.09399867057800293,1.489384651184082
11,7,10.97835087776184,-11392.83984375,0.9120264053344727,0.26802369952201843,0.20737920701503754,0.5692781209945679,9.593682765960693,2.9429972171783447,1.3846194744110107,5.002576112747192,0.11540389060974121,0.08775854110717773,1.3987829685211182
11,8,11.02914047241211,-11117.984375,0.9325082898139954,0.23708292841911316,0.21637696027755737,0.5704940557479858,9.694923877716064,2.96781325340271,1.3341639041900635,5.092986583709717,0.11442995071411133,0.08794283866882324,1.3859741687774658
11,9,15.046488046646118,-11210.851953125,0.9239746332168579,0.24826934933662415,0.21080894768238068,0.5727900266647339,9.730783224105835,3.016432285308838,5.3156585693359375,5.054745197296143,0.1165170669555664,0.08975720405578613,1.406294345855713
11,10,11.087938785552979,-11340.50634765625,0.9121230840682983,0.25152745842933655,0.21529310941696167,0.5716566443443298,9.644155263900757,2.9723126888275146,1.443739891052246,5.033412456512451,0.11433887481689453,0.08896756172180176,1.3887600898742676
11,11,11.136692762374878,-11568.28310546875,0.8976025581359863,0.2511822283267975,0.2377539873123169,0.5683826208114624,9.731420993804932,3.03753662109375,1.4052021503448486,5.036541700363159,0.12445831298828125,0.09069132804870605,1.3891394138336182
11,12,12.925242900848389,-11377.22265625,0.8960571885108948,0.24735060334205627,0.21336565911769867,0.5943571329116821,9.482827186584473,2.9835166931152344,3.4423625469207764,4.846441745758057,0.11569976806640625,0.08871626853942871,1.4022655487060547
11,13,11.022443056106567,-11227.02333984375,0.9250969886779785,0.2493855208158493,0.21489307284355164,0.5766726732254028,9.628091812133789,2.9654908180236816,1.3943076133728027,5.0202672481536865,0.11449718475341797,0.08893918991088867,1.393012523651123
11,14,16.40020179748535,-11277.436328125,0.9183092713356018,0.23237991333007812,0.23049582540988922,0.5738277435302734,9.70181679725647,2.979480266571045,6.69833517074585,5.060155153274536,0.11529970169067383,0.08858108520507812,1.412024736404419
11,15,11.15953254699707,-11259.49267578125,0.9172360301017761,0.24687644839286804,0.21259911358356476,0.5758013129234314,9.620321989059448,2.979459285736084,1.5391571521759033,5.001825571060181,0.11449384689331055,0.08909440040588379,1.388624668121338
11,16,11.020946741104126,-11198.79091796875,0.9149280786514282,0.24073320627212524,0.20856167376041412,0.5891779661178589,9.6895010471344,3.029923439025879,1.3313789367675781,5.003770351409912,0.12412023544311523,0.09022831916809082,1.388552188873291
11,17,12.878203392028809,-11402.98173828125,0.9051138162612915,0.2407798320055008,0.22767579555511475,0.5826588869094849,9.564128875732422,3.0071966648101807,3.3140249252319336,4.8983519077301025,0.11608028411865234,0.08966898918151855,1.4061546325683594
11,18,11.086172580718994,-11617.08154296875,0.9058662056922913,0.26378291845321655,0.23504634201526642,0.5510478019714355,9.721831321716309,2.962777614593506,1.364292860031128,5.1168200969696045,0.11427521705627441,0.08800959587097168,1.393653392791748
11,19,16.40565252304077,-11202.064453125,0.9144560098648071,0.23742161691188812,0.2172049880027771,0.5819013118743896,9.660103559494019,3.0038387775421143,6.745501756668091,4.99731183052063,0.11689257621765137,0.09034061431884766,1.404059886932373
11,20,10.980548620223999,-11567.46953125,0.9008191227912903,0.2584940493106842,0.2308875024318695,0.5702803730964661,9.499678373336792,2.9625301361083984,1.4808194637298584,4.895741701126099,0.11472678184509277,0.08867216110229492,1.3918545246124268
11,21,11.064541816711426,-11470.9080078125,0.8973015546798706,0.26797932386398315,0.20443734526634216,0.5778687000274658,9.707993507385254,3.043515920639038,1.3564813137054443,5.009714126586914,0.12356710433959961,0.09153890609741211,1.3860061168670654
11,22,13.047573328018188,-11657.60947265625,0.9023160934448242,0.26906266808509827,0.23555435240268707,0.5559034943580627,9.710925817489624,2.9532716274261475,3.3365890979766846,5.098698616027832,0.11544156074523926,0.0953512191772461,1.4022021293640137
11,23,11.009884357452393,-10950.80390625,0.937407374382019,0.23414713144302368,0.19970230758190155,0.5848612189292908,9.639692544937134,2.9644482135772705,1.3701486587524414,5.034544467926025,0.11484622955322266,0.08855557441711426,1.3914358615875244
11,24,11.054985046386719,-11016.86845703125,0.9207747578620911,0.24629844725131989,0.19117991626262665,0.5996332764625549,9.635563611984253,2.96974778175354,1.4193782806396484,4.923312425613403,0.11754226684570312,0.08984875679016113,1.487708568572998
11,25,11.094998359680176,-11495.45205078125,0.9001356959342957,0.25305572152137756,0.22156722843647003,0.5668803453445435,9.629071235656738,3.0179738998413086,1.465869426727295,4.96641206741333,0.11605119705200195,0.08883261680603027,1.3939003944396973
11,26,10.937706708908081,-11612.919140625,0.8906034827232361,0.2650957703590393,0.22244638204574585,0.5790114402770996,9.478543043136597,2.9833621978759766,1.4591035842895508,4.854153394699097,0.11675524711608887,0.09000873565673828,1.3873822689056396
11,27,13.096478939056396,-11536.655078125,0.8971636891365051,0.2535267770290375,0.22852393984794617,0.5778070688247681,9.7156662940979,3.0192878246307373,3.380762815475464,5.049181699752808,0.1157534122467041,0.08852458000183105,1.3964557647705078
11,28,10.917131423950195,-11748.65634765625,0.8858094215393066,0.2687111794948578,0.23493540287017822,0.5741338133811951,9.527754068374634,3.002342700958252,1.3893325328826904,4.880495309829712,0.11518526077270508,0.08899211883544922,1.39438796043396
11,29,11.325891494750977,-11391.78955078125,0.9119012951850891,0.25507912039756775,0.22303995490074158,0.5676454305648804,9.916619062423706,3.1178243160247803,1.4092042446136475,5.129619598388672,0.1295459270477295,0.09269499778747559,1.3904426097869873
11,30,11.264952898025513,-11632.7728515625,0.8908568024635315,0.2706014811992645,0.22367596626281738,0.5746851563453674,9.887245178222656,3.247727632522583,1.377654790878296,4.897472620010376,0.1189272403717041,0.09233236312866211,1.482717514038086
12,1,11.58076524734497,-24797.9505859375,0.8961015343666077,0.26319682598114014,0.23919276893138885,0.5594801306724548,10.160477876663208,3.3309593200683594,1.4202063083648682,5.132579326629639,0.1348433494567871,0.09824776649475098,1.4020180702209473
12,2,16.661251068115234,-24776.509765625,0.8916537165641785,0.2687280476093292,0.23455245792865753,0.5670880675315857,9.784228801727295,3.158696174621582,6.876964092254639,4.964609861373901,0.1175391674041748,0.093536376953125,1.4021799564361572
12,3,11.302594184875488,-24960.471484375,0.8818625211715698,0.2692866921424866,0.23964732885360718,0.5646021366119385,9.879135608673096,3.3458449840545654,1.423403263092041,4.838641881942749,0.11819052696228027,0.09529495239257812,1.432788372039795
12,4,12.223986148834229,-24367.609765625,0.9060634970664978,0.2538377642631531,0.22880075871944427,0.5643131732940674,9.702395915985107,3.1460928916931152,2.521523952484131,4.891678333282471,0.11456727981567383,0.09208917617797852,1.4114272594451904
12,5,11.430469989776611,-24359.2244140625,0.8989746570587158,0.25013282895088196,0.23214079439640045,0.5749760866165161,9.95933723449707,3.272531509399414,1.471055030822754,4.989543914794922,0.14344286918640137,0.09502172470092773,1.394160509109497
12,6,12.24162483215332,-25007.483203125,0.8828427195549011,0.27982714772224426,0.23229092359542847,0.5607600212097168,9.776089906692505,3.2148702144622803,2.4654533863067627,4.864232063293457,0.1279294490814209,0.09503602981567383,1.4197640419006348
12,7,11.377120971679688,-25342.9869140625,0.8774267435073853,0.28073999285697937,0.2516377866268158,0.5360379219055176,9.825969696044922,3.1952826976776123,1.551090955734253,4.929148197174072,0.11833739280700684,0.09784388542175293,1.437168836593628
12,8,12.353322267532349,-24930.078515625,0.8840827345848083,0.261648565530777,0.2447071522474289,0.56467205286026,9.788294792175293,3.2549991607666016,2.564943552017212,4.865460157394409,0.12471747398376465,0.0958247184753418,1.3934643268585205
12,9,11.541613578796387,-25257.2732421875,0.8827371597290039,0.26941943168640137,0.2548394203186035,0.5514316558837891,10.115670442581177,3.350412130355835,1.4258599281311035,5.063425540924072,0.1397402286529541,0.09592914581298828,1.3985331058502197
12,10,12.478257894515991,-24945.8318359375,0.8883605003356934,0.2731744050979614,0.23659281432628632,0.5562838912010193,10.10715126991272,3.240009069442749,2.3710498809814453,5.182799816131592,0.11750078201293945,0.09430909156799316,1.4248695373535156
12,11,11.066292762756348,-24835.38515625,0.8897968530654907,0.2652517557144165,0.23891286551952362,0.5709778666496277,9.651508331298828,3.178129196166992,1.4147241115570068,4.81013035774231,0.11684107780456543,0.09376764297485352,1.4044647216796875
12,12,12.255042791366577,-24927.1869140625,0.8829248547554016,0.2681291103363037,0.23938369750976562,0.5622926950454712,9.764742136001587,3.169649362564087,2.4902379512786865,4.891294002532959,0.1167290210723877,0.09354734420776367,1.445791244506836
12,13,11.104901790618896,-25074.7337890625,0.8787973523139954,0.27615779638290405,0.23457801342010498,0.5642312169075012,9.70970869064331,3.1429941654205322,1.3951382637023926,4.872843027114868,0.11532902717590332,0.11619210243225098,1.4161889553070068
12,14,11.03742241859436,-25224.5875,0.8784275650978088,0.27721327543258667,0.24522897601127625,0.5517644882202148,9.67149567604065,3.133665084838867,1.365873098373413,4.896092653274536,0.11524748802185059,0.09226226806640625,1.38761305809021
12,15,11.692893266677856,-24858.152734375,0.8850466012954712,0.25975897908210754,0.2421911507844925,0.5699390769004822,9.922087907791138,3.359935760498047,1.7707486152648926,4.879621267318726,0.11990666389465332,0.09728407859802246,1.4155585765838623
12,16,11.407370328903198,-24758.9205078125,0.8887118101119995,0.260398268699646,0.23616662621498108,0.5694302916526794,10.031766891479492,3.3256335258483887,1.3755226135253906,5.0114829540252686,0.1381678581237793,0.0973052978515625,1.395789623260498
12,17,16.7855966091156,-24932.408984375,0.8888067007064819,0.2647252678871155,0.2421070784330368,0.5567868947982788,9.781949996948242,3.1959176063537598,7.003585338592529,4.92718768119812,0.12113189697265625,0.09372901916503906,1.394801139831543
12,18,11.503419637680054,-24990.3916015625,0.8782675862312317,0.2669607102870941,0.23645591735839844,0.567870020866394,10.124563455581665,3.288213014602661,1.3787713050842285,5.0584940910339355,0.14165186882019043,0.09682512283325195,1.4702346324920654
12,19,12.161948204040527,-24725.140625,0.8924943208694458,0.269031286239624,0.22990304231643677,0.5637075304985046,9.680679082870483,3.1706230640411377,2.4812097549438477,4.834668159484863,0.11661267280578613,0.09204220771789551,1.4190771579742432
12,20,11.531110286712646,-25141.4474609375,0.8820817470550537,0.2706344723701477,0.24878348410129547,0.5548635721206665,10.164175510406494,3.371760845184326,1.3668534755706787,5.0903639793396,0.14153552055358887,0.09815216064453125,1.3964455127716064
12,21,16.5667667388916,-24743.864453125,0.8870295882225037,0.26052892208099365,0.2357509583234787,0.5733940601348877,10.11855411529541,3.3390605449676514,6.448131084442139,4.887029409408569,0.13057923316955566,0.09769201278686523,1.609015703201294
12,22,11.286160469055176,-24988.3203125,0.890434205532074,0.2683938443660736,0.24492090940475464,0.5553909540176392,9.891810178756714,3.2624120712280273,1.3942923545837402,4.971973657608032,0.11707019805908203,0.0937342643737793,1.3988382816314697
12,23,16.608292818069458,-24894.5810546875,0.8953449726104736,0.2625856399536133,0.24302075803279877,0.5497652888298035,9.779650688171387,3.1582815647125244,6.828563213348389,4.966240167617798,0.1209712028503418,0.09210848808288574,1.3933708667755127
12,24,11.110490798950195,-24276.04921875,0.8990466594696045,0.2493007332086563,0.22699737548828125,0.5834110975265503,9.723444938659668,3.234264612197876,1.3869917392730713,4.815534353256226,0.12006235122680664,0.10748672485351562,1.3944101333618164
12,25,11.47872519493103,-24412.4609375,0.9038308262825012,0.2592453360557556,0.22798030078411102,0.5701844692230225,9.87532901763916,3.345825433731079,1.6033368110656738,4.846705675125122,0.11825919151306152,0.09630918502807617,1.419184923171997
12,26,11.373312950134277,-24714.6654296875,0.89858478307724,0.26117658615112305,0.24107252061367035,0.5564242005348206,10.004165172576904,3.26533842086792,1.3690664768218994,5.052090883255005,0.13639569282531738,0.09594368934631348,1.3942646980285645
12,27,11.761991262435913,-25209.07109375,0.8730928897857666,0.2628073990345001,0.2497301995754242,0.5599892735481262,10.353965997695923,3.4098596572875977,1.4079468250274658,5.121915340423584,0.1486194133758545,0.11325287818908691,1.4891388416290283
12,28,12.353190660476685,-25029.0943359375,0.8924567103385925,0.26838216185569763,0.2476017326116562,0.5488892197608948,9.881134033203125,3.1947429180145264,2.471986770629883,4.991987943649292,0.11824965476989746,0.09462666511535645,1.4338500499725342
12,29,11.604671716690063,-25198.259375,0.882972776889801,0.2884792685508728,0.2390623539686203,0.5472291707992554,10.241496562957764,3.3873815536499023,1.3630971908569336,5.149136304855347,0.1443030834197998,0.09898972511291504,1.3946280479431152
12,30,16.4368634223938,-25075.3642578125,0.8803784251213074,0.2699217200279236,0.24403783679008484,0.5616194009780884,9.593741178512573,3.111828088760376,6.843065023422241,4.838366270065308,0.1146705150604248,0.09127306938171387,1.3912649154663086
13,1,13.954602241516113,-53860.054296875,0.8722902536392212,0.28431451320648193,0.25630560517311096,0.5426247119903564,10.26417350769043,3.325878858566284,3.6903321743011475,5.251049995422363,0.11906552314758301,0.1013174057006836,1.4158861637115479
13,2,11.653863906860352,-53980.031640625,0.8760800957679749,0.29224681854248047,0.2597336173057556,0.5395467281341553,10.206061840057373,3.3283767700195312,1.447721004486084,5.2120726108551025,0.11556839942932129,0.09982705116271973,1.4026660919189453
13,3,15.59202527999878,-54082.78125,0.8703196048736572,0.2943112850189209,0.2597888112068176,0.5334348678588867,10.199653625488281,3.290994167327881,5.392285346984863,5.210564136505127,0.11520195007324219,0.09882164001464844,1.4363722801208496
13,4,11.592782735824585,-54197.0625,0.862324059009552,0.2952713072299957,0.25700658559799194,0.5418160557746887,10.113322734832764,3.286259889602661,1.4793710708618164,5.166258335113525,0.11560511589050293,0.09938383102416992,1.3986091613769531
13,5,11.700647115707397,-53722.76796875,0.8672588467597961,0.2871159613132477,0.2475539594888687,0.5549222230911255,10.321945190429688,3.496386766433716,1.3786301612854004,5.105292797088623,0.11809206008911133,0.10358023643493652,1.4494097232818604
13,6,12.797518491744995,-53787.230859375,0.8686821460723877,0.2867743670940399,0.25174573063850403,0.5490005016326904,10.228652954101562,3.3284647464752197,2.56876277923584,5.225752115249634,0.12363266944885254,0.10202193260192871,1.3956995010375977
13,7,11.909579753875732,-54400.95859375,0.8618373274803162,0.2933591604232788,0.26112091541290283,0.5414803624153137,10.500788450241089,3.4773762226104736,1.4086921215057373,5.3293681144714355,0.13766026496887207,0.10430550575256348,1.389909029006958
13,8,17.135528802871704,-54441.7703125,0.8608052730560303,0.29453620314598083,0.2611561417579651,0.5377219915390015,10.126275777816772,3.2615060806274414,7.009174585342407,5.170424461364746,0.11561465263366699,0.0990452766418457,1.4320576190948486
13,9,11.668100595474243,-54257.9484375,0.8623474836349487,0.29505762457847595,0.25585323572158813,0.544438362121582,10.295317888259888,3.428363800048828,1.372704267501831,5.202881574630737,0.12232017517089844,0.1018381118774414,1.3894836902618408
13,10,12.192818641662598,-54154.374609375,0.8632192611694336,0.29487624764442444,0.25959572196006775,0.5368896126747131,10.688673496246338,3.5623300075531006,1.5040497779846191,5.405964612960815,0.1548755168914795,0.1072850227355957,1.3880159854888916
13,11,15.74605655670166,-54161.860546875,0.8588301539421082,0.30481526255607605,0.24757325649261475,0.5429559946060181,10.288695096969604,3.5177154541015625,5.457282066345215,5.097260236740112,0.11832118034362793,0.10417556762695312,1.4016141891479492
13,12,12.80937910079956,-54158.069140625,0.8706774115562439,0.30112728476524353,0.25617000460624695,0.534161388874054,10.416467428207397,3.4857845306396484,2.392831802368164,5.190505743026733,0.11657857894897461,0.1017155647277832,1.4734790325164795
13,13,11.681806325912476,-54090.766796875,0.8712050914764404,0.28994348645210266,0.26241058111190796,0.5347064733505249,10.253891468048096,3.31164288520813,1.427832841873169,5.282397985458374,0.11654496192932129,0.10207438468933105,1.3926212787628174
13,14,11.615636110305786,-54471.45546875,0.8622270822525024,0.30080074071884155,0.2583792209625244,0.5325402617454529,10.14918327331543,3.2768774032592773,1.466381311416626,5.2280800342559814,0.1150827407836914,0.09807801246643066,1.3845725059509277
13,15,11.934056043624878,-53690.490625,0.8789092302322388,0.2839796245098114,0.2540128827095032,0.5322504043579102,10.49419116973877,3.5057685375213623,1.4397850036621094,5.267589092254639,0.11825418472290039,0.1038510799407959,1.4501919746398926
13,16,11.820043563842773,-54165.3390625,0.8640565872192383,0.28604158759117126,0.2603442072868347,0.5474908351898193,10.371634244918823,3.37394642829895,1.448310136795044,5.317459344863892,0.12985014915466309,0.10278105735778809,1.3911128044128418
13,17,11.615619421005249,-54780.823046875,0.8562154173851013,0.2962701916694641,0.2670563757419586,0.535735547542572,10.194050073623657,3.3067221641540527,1.421497106552124,5.181035757064819,0.11556625366210938,0.09917092323303223,1.4444689750671387
13,18,11.936912059783936,-54596.683203125,0.8537592887878418,0.29654061794281006,0.26243484020233154,0.5460015535354614,10.276158332824707,3.4964890480041504,1.6606783866882324,5.09572434425354,0.11843180656433105,0.10235595703125,1.4144527912139893
13,19,12.67170238494873,-54226.298828125,0.863528311252594,0.29005300998687744,0.26391610503196716,0.5508072972297668,10.16691541671753,3.3196685314178467,2.504697561264038,5.185272932052612,0.11966967582702637,0.10096168518066406,1.3908417224884033
13,20,11.840490818023682,-54537.791796875,0.8600094318389893,0.2896120846271515,0.2696353793144226,0.5383296608924866,10.379283666610718,3.4246976375579834,1.4611117839813232,5.264521598815918,0.1312878131866455,0.1041116714477539,1.3943991661071777
13,21,12.118518590927124,-54101.81796875,0.8644990921020508,0.2930331230163574,0.25673702359199524,0.5426012277603149,10.710058689117432,3.5968899726867676,1.4083712100982666,5.39687180519104,0.14557909965515137,0.10719704627990723,1.3945510387420654
13,22,14.78977370262146,-54530.4609375,0.8608238697052002,0.2967012822628021,0.2618519067764282,0.5384954214096069,10.133508682250977,3.2895493507385254,4.656190872192383,5.170798301696777,0.11643218994140625,0.10070109367370605,1.4079780578613281
13,23,12.666127681732178,-53820.48671875,0.8721145391464233,0.2859608232975006,0.2562503516674042,0.5428696274757385,10.165370464324951,3.359942674636841,2.5006721019744873,5.131170749664307,0.11691164970397949,0.10060882568359375,1.4085626602172852
13,24,11.808997392654419,-53431.515625,0.8784840703010559,0.2862902283668518,0.2519398033618927,0.5428141355514526,10.375707149505615,3.4016635417938232,1.4331886768341064,5.293673753738403,0.12764334678649902,0.10282611846923828,1.3938288688659668
13,25,11.847949981689453,-54379.0578125,0.8600824475288391,0.288352370262146,0.2662544548511505,0.5433688163757324,10.354738235473633,3.485701322555542,1.493131399154663,5.193526029586792,0.12649011611938477,0.10336589813232422,1.39180588722229
13,26,11.77200722694397,-53727.633984375,0.8737095594406128,0.2944757640361786,0.2524917721748352,0.5374532341957092,10.227838039398193,3.311720132827759,1.5440866947174072,5.224154472351074,0.11736154556274414,0.10264110565185547,1.422797441482544
13,27,12.657628536224365,-54114.5015625,0.8661377429962158,0.2864680588245392,0.26218143105506897,0.5423349142074585,10.2334885597229,3.3282768726348877,2.4240593910217285,5.233741283416748,0.11582279205322266,0.10049200057983398,1.4067683219909668
13,28,11.453316688537598,-54106.768359375,0.8702383041381836,0.29512694478034973,0.2556992471218109,0.5371607542037964,10.087586879730225,3.254558801651001,1.3656425476074219,5.179202556610107,0.1156148910522461,0.09966444969177246,1.3913300037384033
13,29,11.892517566680908,-54524.97734375,0.8620858192443848,0.2941263020038605,0.26448512077331543,0.5331889986991882,10.50038766860962,3.446039915084839,1.3920347690582275,5.363584518432617,0.132843017578125,0.10533833503723145,1.391157865524292
13,30,12.104401350021362,-54132.85546875,0.8709282279014587,0.2860042452812195,0.2658722996711731,0.5342445373535156,10.671027898788452,3.5201950073242188,1.433284044265747,5.437273979187012,0.1439204216003418,0.10629868507385254,1.3953232765197754
14,1,13.10569715499878,-118678.61953125,0.8281845450401306,0.32771968841552734,0.2966269850730896,0.5057082176208496,11.433643102645874,3.770015239715576,1.671926736831665,5.765821218490601,0.14748764038085938,0.12139773368835449,1.559403419494629
14,2,16.369151830673218,-117938.528125,0.837932288646698,0.32291379570961,0.2929939925670624,0.5052520036697388,10.850682258605957,3.4786829948425293,5.518347263336182,5.591120004653931,0.12271666526794434,0.11555290222167969,1.48822021484375
14,3,12.395457744598389,-118029.0265625,0.8320812582969666,0.3240850865840912,0.28889912366867065,0.512762725353241,10.915534496307373,3.5175609588623047,1.479797601699829,5.600201606750488,0.12794160842895508,0.11789131164550781,1.4958388805389404
14,4,12.374853372573853,-118301.04765625,0.8319188952445984,0.3270055055618286,0.2945714294910431,0.5069622993469238,10.7602698802948,3.4293158054351807,1.614471197128296,5.557827472686768,0.11714434623718262,0.11641740798950195,1.4914090633392334
14,5,12.727448463439941,-118487.08125,0.8307599425315857,0.3256050944328308,0.2934945821762085,0.5046523213386536,11.245140790939331,3.688873052597046,1.4821853637695312,5.67866849899292,0.13462281227111816,0.1183309555053711,1.5594251155853271
14,6,16.103413820266724,-117428.4859375,0.8385760188102722,0.31778356432914734,0.28778699040412903,0.5140933990478516,10.720741271972656,3.4510438442230225,5.382566928863525,5.495586156845093,0.11651206016540527,0.1141519546508789,1.4962656497955322
14,7,12.744683742523193,-118320.05234375,0.8279801607131958,0.32632556557655334,0.2915005087852478,0.5101954936981201,10.98444414138794,3.623497486114502,1.7601237297058105,5.539112091064453,0.12935876846313477,0.12069058418273926,1.513852596282959
14,8,12.290295600891113,-117210.25234375,0.8394238352775574,0.3151261508464813,0.28658589720726013,0.5172231793403625,10.784757375717163,3.467189311981201,1.5054130554199219,5.529882907867432,0.11748290061950684,0.11720776557922363,1.5038464069366455
14,9,12.221357822418213,-118218.40703125,0.8284885287284851,0.32097867131233215,0.29238274693489075,0.5144965648651123,10.741355657577515,3.419576644897461,1.4798874855041504,5.546679496765137,0.12020015716552734,0.11552953720092773,1.49151611328125
14,10,12.575215578079224,-117593.5734375,0.8354263305664062,0.3165891170501709,0.29028022289276123,0.5117710828781128,11.02455997467041,3.6635022163391113,1.5505378246307373,5.51160454750061,0.11875009536743164,0.11742544174194336,1.5646696090698242
14,11,16.18379044532776,-118040.70390625,0.8338592052459717,0.32106301188468933,0.29174864292144775,0.5055466294288635,10.638468265533447,3.3705408573150635,5.545206546783447,5.478651285171509,0.11374926567077637,0.11200928688049316,1.5169436931610107
14,12,13.394448041915894,-118307.9625,0.834208607673645,0.3230310380458832,0.29952412843704224,0.4999949336051941,10.796555995941162,3.4383020401000977,2.5977799892425537,5.572271347045898,0.1172938346862793,0.1159055233001709,1.5043702125549316
14,13,13.147435903549194,-118165.9,0.8301050662994385,0.3209484815597534,0.2911055386066437,0.5082071423530579,10.664995908737183,3.4231972694396973,2.482318162918091,5.445269584655762,0.11596488952636719,0.11535382270812988,1.5169892311096191
14,14,12.07334017753601,-117888.25703125,0.8321578502655029,0.323936402797699,0.2878629267215729,0.5147708654403687,10.620156049728394,3.4045228958129883,1.453066349029541,5.447134017944336,0.11560916900634766,0.11504054069519043,1.4897029399871826
14,15,12.192059755325317,-117411.99453125,0.8424032926559448,0.3207348883152008,0.29108110070228577,0.5141656398773193,10.743570327758789,3.468991756439209,1.4483702182769775,5.508669376373291,0.11962461471557617,0.1157371997833252,1.4805302619934082
14,16,12.13627004623413,-118709.20078125,0.8260267972946167,0.32630062103271484,0.2944069504737854,0.5037724375724792,10.646557807922363,3.411278247833252,1.4896025657653809,5.464474201202393,0.11459898948669434,0.11475014686584473,1.494194746017456
14,17,12.611767768859863,-118404.5484375,0.8285535573959351,0.3284083902835846,0.29317718744277954,0.50690758228302,11.134972333908081,3.604837656021118,1.4766697883605957,5.728446006774902,0.1374034881591797,0.11908197402954102,1.4825308322906494
14,18,12.561272144317627,-117806.4234375,0.8381248712539673,0.3235769271850586,0.2907438576221466,0.5058931112289429,11.082815408706665,3.703399181365967,1.478348970413208,5.546580791473389,0.11906313896179199,0.1235036849975586,1.5411977767944336
14,19,12.319625854492188,-117127.51796875,0.8428024649620056,0.3124856650829315,0.29023975133895874,0.513577938079834,10.66886281967163,3.40514874458313,1.650639533996582,5.46828031539917,0.11679887771606445,0.11621212959289551,1.513990879058838
14,20,13.096866369247437,-117929.584375,0.8316543698310852,0.32323890924453735,0.28898727893829346,0.5143776535987854,10.595981359481812,3.405789613723755,2.5007681846618652,5.425617694854736,0.11601591110229492,0.11455750465393066,1.486316442489624
14,21,14.5206298828125,-118029.58046875,0.8341602683067322,0.3253505229949951,0.28928154706954956,0.5123168230056763,10.72880244255066,3.469003200531006,3.791705369949341,5.445996999740601,0.11845731735229492,0.1173102855682373,1.5286357402801514
14,22,12.287732124328613,-118351.396875,0.8301950693130493,0.32406193017959595,0.29614728689193726,0.5092673897743225,10.73810076713562,3.474452495574951,1.549520492553711,5.486238956451416,0.11607909202575684,0.11517333984375,1.4980432987213135
14,23,12.284539937973022,-119033.59921875,0.8253668546676636,0.3339024782180786,0.2986612319946289,0.500738799571991,10.76180386543274,3.473832607269287,1.5226149559020996,5.4850544929504395,0.11645102500915527,0.11690664291381836,1.5212535858154297
14,24,12.590430974960327,-118147.9265625,0.8338856101036072,0.32176443934440613,0.29605403542518616,0.5103021860122681,11.092233180999756,3.6654341220855713,1.4980623722076416,5.622028112411499,0.1288905143737793,0.11983823776245117,1.4957354068756104
14,25,12.838491439819336,-118000.053125,0.8357856869697571,0.32464075088500977,0.2920900285243988,0.5067115426063538,11.309382200241089,3.731394052505493,1.528982400894165,5.7537078857421875,0.14136815071105957,0.12281370162963867,1.4932444095611572
14,26,15.946688890457153,-118929.9953125,0.8274382948875427,0.33186206221580505,0.2983657121658325,0.5035784840583801,10.776957988739014,3.480881929397583,5.1696226596832275,5.474560260772705,0.11558103561401367,0.1129770278930664,1.5457565784454346
14,27,12.22708249092102,-118086.984375,0.8322140574455261,0.32746413350105286,0.2866637110710144,0.511383056640625,10.689966440200806,3.4434609413146973,1.5369794368743896,5.4501073360443115,0.11632823944091797,0.11502695083618164,1.5167851448059082
14,28,12.209229707717896,-118123.490625,0.8312336802482605,0.3251442611217499,0.2902631163597107,0.5092899203300476,10.76274299621582,3.4533848762512207,1.4463722705841064,5.534714221954346,0.11783623695373535,0.11582088470458984,1.4931039810180664
14,29,12.65369462966919,-117566.93515625,0.836768388748169,0.3227963447570801,0.28598353266716003,0.5122448801994324,11.165554285049438,3.7073068618774414,1.4880039691925049,5.649237155914307,0.13904452323913574,0.12131810188293457,1.4827678203582764
14,30,12.599499940872192,-118347.3265625,0.8296414613723755,0.3285233676433563,0.2886347770690918,0.5083020925521851,11.138625860214233,3.6664435863494873,1.460738182067871,5.650754928588867,0.14158368110656738,0.12132668495178223,1.4912822246551514
15,1,23.864495038986206,-253835.096875,0.8015453219413757,0.35348787903785706,0.32116633653640747,0.4819629192352295,11.46902871131897,3.886592388153076,12.3953218460083,5.840664863586426,0.12738323211669922,0.12894105911254883,1.4287052154541016
15,2,23.224189281463623,-253584.9703125,0.8014788627624512,0.3504895269870758,0.3227553069591522,0.482669472694397,11.069455862045288,3.576910972595215,12.154586553573608,5.790064811706543,0.1143653392791748,0.12526965141296387,1.4178593158721924
15,3,23.182883739471436,-253353.3625,0.8044525384902954,0.3510226309299469,0.32008665800094604,0.48029789328575134,11.08867859840393,3.6240174770355225,12.094058275222778,5.761931896209717,0.11498260498046875,0.12412261962890625,1.4186372756958008
15,4,23.170700311660767,-253354.315625,0.8062504529953003,0.35050278902053833,0.3232504725456238,0.47715023159980774,11.113584995269775,3.6046009063720703,12.056970596313477,5.808480978012085,0.1143653392791748,0.12549042701721191,1.4154777526855469
15,5,23.155258893966675,-254070.834375,0.8010776042938232,0.3502449095249176,0.3247603178024292,0.4720509648323059,11.096996307373047,3.5816783905029297,12.05811595916748,5.814068555831909,0.11507511138916016,0.12497258186340332,1.4156522750854492
15,6,23.180933237075806,-253450.075,0.802405059337616,0.3524659276008606,0.3211963176727295,0.4812571406364441,11.08899450302124,3.5759522914886475,12.091784000396729,5.811923503875732,0.11678028106689453,0.12804841995239258,1.4107377529144287
15,7,23.09652328491211,-254505.6265625,0.7988702058792114,0.35709303617477417,0.32747340202331543,0.47713252902030945,11.071451187133789,3.5748538970947266,12.02492356300354,5.793833255767822,0.11536431312561035,0.12714505195617676,1.414902925491333
15,8,23.24793314933777,-253958.0890625,0.8018007278442383,0.35513147711753845,0.32345959544181824,0.4773862957954407,11.157930374145508,3.641202449798584,12.089857816696167,5.813155889511108,0.11457538604736328,0.1249704360961914,1.419053077697754
15,9,23.722915649414062,-253629.390625,0.8023620247840881,0.35174357891082764,0.32182425260543823,0.4823136031627655,11.542680263519287,3.8398478031158447,12.180091381072998,5.959398508071899,0.13404417037963867,0.1285111904144287,1.4224393367767334
15,10,23.313655376434326,-253159.9265625,0.8058812618255615,0.35189881920814514,0.32054704427719116,0.47937360405921936,11.283346891403198,3.5344316959381104,12.030158996582031,5.820495843887329,0.11384415626525879,0.13155412673950195,1.6389405727386475
15,11,23.1444673538208,-251990.3296875,0.8083316087722778,0.34939512610435486,0.31036779284477234,0.48919862508773804,11.056016683578491,3.5618886947631836,12.088303327560425,5.7772135734558105,0.11541295051574707,0.12690114974975586,1.4301376342773438
15,12,23.543375968933105,-253363.1484375,0.8041686415672302,0.3509664535522461,0.32156047224998474,0.4822262227535248,11.469878435134888,3.845201253890991,12.07335376739502,5.892737865447998,0.12832093238830566,0.12781023979187012,1.417642593383789
15,13,23.165081024169922,-255349.7140625,0.7962167859077454,0.36156702041625977,0.3312094807624817,0.4751478135585785,11.106910228729248,3.5903987884521484,12.058013439178467,5.805359601974487,0.11516809463500977,0.12600398063659668,1.425121545791626
15,14,23.608060121536255,-254075.74375,0.802620530128479,0.3560302257537842,0.3222963809967041,0.481932669878006,11.491976976394653,3.836339235305786,12.115939378738403,5.918036699295044,0.13192200660705566,0.13094615936279297,1.4146456718444824
15,15,23.131068468093872,-253192.83125,0.8040547966957092,0.3507426381111145,0.31992214918136597,0.48250943422317505,11.043242931365967,3.534569263458252,12.08767032623291,5.783156633377075,0.11715006828308105,0.12665843963623047,1.4367594718933105
15,16,23.15255355834961,-253215.340625,0.8042112588882446,0.3511829972267151,0.32115453481674194,0.4800965487957001,11.075486183166504,3.571160316467285,12.076919794082642,5.791127443313599,0.11542868614196777,0.1273505687713623,1.4248919486999512
15,17,23.53929328918457,-253529.7265625,0.8029135465621948,0.34719374775886536,0.3239423930644989,0.48164257407188416,11.49172067642212,3.8470404148101807,12.047424793243408,5.899569988250732,0.12911510467529297,0.1372830867767334,1.419438362121582
15,18,23.174059629440308,-254436.7296875,0.7989656329154968,0.35297495126724243,0.32663360238075256,0.47467508912086487,11.131146907806396,3.6027228832244873,12.042753219604492,5.818244695663452,0.11597013473510742,0.12833094596862793,1.4202210903167725
15,19,23.2968168258667,-252750.215625,0.808495044708252,0.350646048784256,0.31919917464256287,0.47896549105644226,11.217523097991943,3.613546848297119,12.079143762588501,5.866593599319458,0.1219472885131836,0.12877154350280762,1.4372639656066895
15,20,23.146316289901733,-252865.5078125,0.8068704009056091,0.352304071187973,0.3173953592777252,0.481435090303421,11.047988891601562,3.4967200756073,12.098179340362549,5.8200154304504395,0.11472392082214355,0.12179803848266602,1.451246738433838
15,21,23.146713256835938,-252649.8875,0.8059451580047607,0.34490785002708435,0.32074782252311707,0.48777711391448975,11.022077322006226,3.5413284301757812,12.124478340148926,5.769534349441528,0.11493778228759766,0.12865757942199707,1.422215223312378
15,22,23.176331281661987,-254259.2171875,0.800600528717041,0.3582565188407898,0.3233683705329895,0.47826120257377625,11.088434934616089,3.5579144954681396,12.087745666503906,5.80857515335083,0.11623597145080566,0.12506461143493652,1.4362635612487793
15,23,23.560309410095215,-252743.575,0.8060581684112549,0.3494889736175537,0.3152885437011719,0.48628315329551697,11.464677810668945,3.852588176727295,12.095485210418701,5.864504337310791,0.13115668296813965,0.1268918514251709,1.4337713718414307
15,24,23.651021718978882,-252273.4375,0.8063511252403259,0.349876344203949,0.3112509846687317,0.4903181493282318,11.56041145324707,3.8502120971679688,12.09045934677124,5.957870244979858,0.13370537757873535,0.13646769523620605,1.4222846031188965
15,25,23.232426166534424,-252273.58125,0.8110390901565552,0.3486902415752411,0.3162621557712555,0.4834967851638794,11.153241634368896,3.5771589279174805,12.079039573669434,5.865686655044556,0.11435985565185547,0.12552165985107422,1.4248168468475342
15,26,23.087812185287476,-253891.65625,0.8019591569900513,0.35538870096206665,0.32308229804039,0.48279285430908203,11.023293495178223,3.5679478645324707,12.064364433288574,5.753500461578369,0.11469674110412598,0.12493681907653809,1.4174466133117676
15,27,23.14289164543152,-254465.9453125,0.7988501191139221,0.3550623655319214,0.3267532289028168,0.4764932692050934,11.07365870475769,3.606996536254883,12.069088220596313,5.765197038650513,0.11389636993408203,0.12448263168334961,1.4183411598205566
15,28,23.65925097465515,-253000.8671875,0.8066946864128113,0.34983211755752563,0.32243290543556213,0.48794791102409363,11.574769735336304,3.893007755279541,12.084325313568115,5.941096305847168,0.12758779525756836,0.13023829460144043,1.4251594543457031
15,29,23.660300493240356,-253710.4921875,0.8021319508552551,0.35214024782180786,0.32264888286590576,0.48083776235580444,11.588223695755005,3.847363233566284,12.071922063827515,5.972419261932373,0.13479399681091309,0.14539456367492676,1.4271225929260254
15,30,23.114503860473633,-253131.7359375,0.8036865592002869,0.3528745770454407,0.3183521330356598,0.48227235674858093,11.059121370315552,3.573317050933838,12.055237770080566,5.781838417053223,0.11481666564941406,0.1253647804260254,1.4184696674346924
16,1,23.84096884727478,-538324.475,0.7739014029502869,0.3804855942726135,0.347792387008667,0.4546610414981842,11.303340911865234,3.801112413406372,12.537271499633789,5.704735994338989,0.11576700210571289,0.16044950485229492,1.474174976348877
16,2,23.822993278503418,-538884.275,0.7725603580474854,0.3807358741760254,0.3496979773044586,0.4547000825405121,11.316833019256592,3.752653121948242,12.505791425704956,5.776441812515259,0.11496376991271973,0.1616816520690918,1.4651768207550049
16,3,24.200971364974976,-538947.5375,0.7724236249923706,0.3824929893016815,0.3511747121810913,0.45265519618988037,11.725215435028076,3.9864251613616943,12.475377321243286,5.921243906021118,0.130706787109375,0.16244864463806152,1.4654686450958252
16,4,24.062700748443604,-537270.78125,0.7797968983650208,0.37687069177627563,0.3483560085296631,0.4607873558998108,11.66249966621399,3.9859588146209717,12.399831056594849,5.86191725730896,0.13497376441955566,0.16615748405456543,1.4523227214813232
16,5,24.14725112915039,-539528.475,0.7701255679130554,0.385631799697876,0.3487638235092163,0.453133761882782,11.724988460540771,3.980602502822876,12.421885013580322,5.931991338729858,0.13438796997070312,0.1664745807647705,1.4493064880371094
16,6,24.10741639137268,-537979.64375,0.7779854536056519,0.38136017322540283,0.3490311801433563,0.4578060209751129,11.575979232788086,3.9573235511779785,12.531063556671143,5.832201957702637,0.11714911460876465,0.16416692733764648,1.4578492641448975
16,7,23.65828776359558,-538199.55625,0.7753357291221619,0.3799497187137604,0.34611576795578003,0.45506948232650757,11.227028131484985,3.682417154312134,12.43089509010315,5.7617621421813965,0.11467432975769043,0.1601865291595459,1.4620356559753418
16,8,24.204120874404907,-539411.1125,0.7712270021438599,0.3824063539505005,0.3508690297603607,0.45515450835227966,11.760406255722046,4.043581962585449,12.443340063095093,5.870420455932617,0.13391494750976562,0.16673636436462402,1.4866058826446533
16,9,24.025797843933105,-538286.86875,0.7738069295883179,0.3780794143676758,0.3479387164115906,0.4558959901332855,11.649599313735962,3.9895267486572266,12.375819206237793,5.855284690856934,0.12981152534484863,0.16541194915771484,1.4485478401184082
16,10,23.830238103866577,-538505.01875,0.7749519944190979,0.3801104426383972,0.35247528553009033,0.45260027050971985,11.356056451797485,3.8171544075012207,12.473819255828857,5.7438249588012695,0.1162424087524414,0.16144657135009766,1.470764398574829
16,11,24.03196907043457,-538506.55,0.7747032046318054,0.3793478012084961,0.35024142265319824,0.4519309997558594,11.636960744857788,3.982177495956421,12.394683837890625,5.874068021774292,0.12970471382141113,0.15804147720336914,1.4345102310180664
16,12,23.705647230148315,-539030.9625,0.7738202214241028,0.38117364048957825,0.3507061004638672,0.45198458433151245,11.255843162536621,3.730119228363037,12.449452877044678,5.746744871139526,0.11529231071472168,0.1584482192993164,1.4588119983673096
16,13,23.848555088043213,-537916.86875,0.7763081789016724,0.38347893953323364,0.34720370173454285,0.450316458940506,11.394020318984985,3.86842679977417,12.454205513000488,5.731727838516235,0.11644220352172852,0.1567833423614502,1.4751036167144775
16,14,24.208504915237427,-539277.775,0.7730361223220825,0.3838271200656891,0.35223883390426636,0.45014142990112305,11.74853515625,3.9944093227386475,12.459588050842285,5.9212799072265625,0.13381576538085938,0.16381573677062988,1.4747991561889648
16,15,23.75747513771057,-539053.19375,0.7720855474472046,0.38182365894317627,0.3497447967529297,0.4532873034477234,11.280406951904297,3.7422831058502197,12.476709127426147,5.7521538734436035,0.11509013175964355,0.15955090522766113,1.4647691249847412
16,16,23.856926679611206,-538966.00625,0.776072084903717,0.3850613236427307,0.3524380624294281,0.45250508189201355,11.363903999328613,3.735830545425415,12.492664575576782,5.842265844345093,0.11498045921325684,0.15871763229370117,1.4658455848693848
16,17,23.720335721969604,-539967.475,0.7704063653945923,0.3812142610549927,0.3541959822177887,0.4551716446876526,11.233335256576538,3.7342967987060547,12.486633062362671,5.7313761711120605,0.11558032035827637,0.16263198852539062,1.4423680305480957
16,18,23.67631769180298,-537976.4125,0.7768986225128174,0.38071733713150024,0.349676251411438,0.4579692780971527,11.279334545135498,3.734266996383667,12.396613597869873,5.7732837200164795,0.11562395095825195,0.16213583946228027,1.4465200901031494
16,19,23.741652011871338,-538144.91875,0.7755271196365356,0.3803325891494751,0.3479558229446411,0.4531446397304535,11.28830623626709,3.7214035987854004,12.453011751174927,5.787164926528931,0.11464548110961914,0.15805506706237793,1.4606902599334717
16,20,23.764347314834595,-537632.86875,0.777576208114624,0.37805071473121643,0.350141704082489,0.4551292061805725,11.307283639907837,3.703810214996338,12.45672869682312,5.823029041290283,0.11601686477661133,0.1595134735107422,1.45774507522583
16,21,23.69964098930359,-538354.7125,0.7738037705421448,0.37814298272132874,0.3480111360549927,0.4520295560359955,11.201308488845825,3.717621326446533,12.497979879379272,5.708561420440674,0.11352896690368652,0.15712785720825195,1.458402156829834
16,22,24.210272073745728,-537734.55625,0.779273509979248,0.3792104125022888,0.35196465253829956,0.45433509349823,11.670106410980225,4.014260530471802,12.539797306060791,5.841814756393433,0.12550973892211914,0.16356921195983887,1.466930866241455
16,23,23.758278131484985,-539497.53125,0.7714856863021851,0.3830151855945587,0.35079923272132874,0.4513627588748932,11.310255765914917,3.760166645050049,12.447651147842407,5.760010004043579,0.11576366424560547,0.1642777919769287,1.4630053043365479
16,24,23.73485279083252,-537988.73125,0.7752761244773865,0.379216730594635,0.34595388174057007,0.4499879479408264,11.282223224639893,3.742130756378174,12.452274799346924,5.757306814193726,0.11490058898925781,0.1586761474609375,1.462639331817627
16,25,23.681918621063232,-538916.3125,0.772796094417572,0.37897637486457825,0.3520682752132416,0.4525024890899658,11.309778690338135,3.739025592803955,12.371784448623657,5.792283296585083,0.11724686622619629,0.16441679000854492,1.44931960105896
16,26,23.756364345550537,-540044.4875,0.7721427083015442,0.38726723194122314,0.3535781800746918,0.45231592655181885,11.309432029724121,3.748641014099121,12.446569442749023,5.7735278606414795,0.11505627632141113,0.1599745750427246,1.4652783870697021
16,27,23.700870752334595,-539665.80625,0.7701685428619385,0.3824547529220581,0.35168275237083435,0.45097726583480835,11.226483345031738,3.7088425159454346,12.474023342132568,5.732905626296997,0.11433005332946777,0.15909767150878906,1.4642479419708252
16,28,23.763986825942993,-539696.6625,0.7709507942199707,0.3854541778564453,0.3520813286304474,0.44910719990730286,11.19021987915039,3.69110369682312,12.573397159576416,5.734383821487427,0.11603736877441406,0.15971827507019043,1.4429981708526611
16,29,23.688153743743896,-537874.95625,0.7772564888000488,0.3786188066005707,0.34800609946250916,0.4537613093852997,11.23311161994934,3.6676089763641357,12.45470380783081,5.776017665863037,0.11612725257873535,0.16212773323059082,1.4642705917358398
16,30,24.140110731124878,-539443.23125,0.774651050567627,0.38625413179397583,0.3520854413509369,0.4535171687602997,11.70868444442749,3.999605417251587,12.43104362487793,5.887260675430298,0.1287097930908203,0.16361689567565918,1.47166109085083
17,1,25.38265633583069,-1134092.05,0.7460542917251587,0.4086412489414215,0.37868601083755493,0.42486870288848877,12.02696704864502,3.859636068344116,13.354524612426758,6.4716246128082275,0.11501717567443848,0.21705150604248047,1.3167073726654053
17,2,25.425623893737793,-1132457.625,0.746945858001709,0.40360382199287415,0.37240371108055115,0.42517155408859253,12.033543109893799,3.8099164962768555,13.390833854675293,6.530394554138184,0.11571049690246582,0.21681499481201172,1.3147947788238525
17,3,25.329649448394775,-1132792.05,0.7478553056716919,0.40697887539863586,0.375318318605423,0.42760348320007324,11.944785594940186,3.8395087718963623,13.383695125579834,6.421652555465698,0.11439371109008789,0.21335434913635254,1.3095118999481201
17,4,25.498834133148193,-1132421.975,0.7491023540496826,0.406730979681015,0.3751087784767151,0.4289996027946472,12.101963996887207,3.92618465423584,13.395696640014648,6.486571550369263,0.1147148609161377,0.21643543243408203,1.311410665512085
17,5,26.056096076965332,-1133394.0375,0.7498894333839417,0.4096110761165619,0.37784096598625183,0.4297579526901245,12.726102828979492,4.205228567123413,13.328708410263062,6.7860493659973145,0.13190770149230957,0.22945237159729004,1.3124182224273682
17,6,25.88687491416931,-1131428.2375,0.7505932450294495,0.4027111828327179,0.3756190240383148,0.4310323894023895,12.546136617660522,3.969057559967041,13.339362144470215,6.816219329833984,0.1456313133239746,0.22665810585021973,1.3166992664337158
17,7,25.402219533920288,-1129925.6875,0.7507092952728271,0.4003743827342987,0.3681066632270813,0.427371084690094,12.143714904785156,3.905211925506592,13.257300615310669,6.536413908004761,0.11674332618713379,0.22262978553771973,1.315474033355713
17,8,25.404799699783325,-1130461.425,0.7528253197669983,0.40577444434165955,0.3702298104763031,0.4333174526691437,12.019490003585815,3.8755455017089844,13.384145498275757,6.453868865966797,0.11443543434143066,0.21660423278808594,1.3123316764831543
17,9,25.421783924102783,-1133867.8375,0.7453973293304443,0.40831634402275085,0.37495943903923035,0.427272230386734,12.027966976165771,3.881692886352539,13.392654657363892,6.45728874206543,0.11489987373352051,0.2169201374053955,1.3102977275848389
17,10,25.945284128189087,-1130836.525,0.751255452632904,0.4025641083717346,0.3741496801376343,0.4290556013584137,12.560603380203247,4.155900001525879,13.383501529693604,6.688565969467163,0.1294546127319336,0.2206096649169922,1.3060424327850342
17,11,25.5365891456604,-1133108.025,0.7478634119033813,0.40728887915611267,0.3751949965953827,0.4276677966117859,12.171139240264893,3.9518396854400635,13.364289045333862,6.530453205108643,0.1156148910522461,0.21648907661437988,1.309955358505249
17,12,25.439392566680908,-1132644.8875,0.7475957870483398,0.40722039341926575,0.3746658265590668,0.4280298352241516,12.02642011642456,3.8766183853149414,13.411809921264648,6.457010269165039,0.11527752876281738,0.21709084510803223,1.3142509460449219
17,13,26.14839005470276,-1132957.5375,0.7475912570953369,0.40721559524536133,0.3756701648235321,0.42897069454193115,12.768057584762573,4.19827675819397,13.37915587425232,6.578011751174927,0.12937617301940918,0.22180962562561035,1.5831146240234375
17,14,25.452904224395752,-1133403.2,0.7474707961082458,0.4104878008365631,0.37449195981025696,0.42789775133132935,12.025598526000977,3.8122470378875732,13.425931215286255,6.519906997680664,0.11542129516601562,0.2202436923980713,1.311406135559082
17,15,25.57008385658264,-1132769.4,0.7477368712425232,0.4075261950492859,0.3759154677391052,0.42637521028518677,12.153885126113892,3.9166412353515625,13.415040493011475,6.547986030578613,0.11486601829528809,0.21704339981079102,1.3109383583068848
17,16,25.58932137489319,-1135232.925,0.743283748626709,0.4099682569503784,0.3781791031360626,0.4247250556945801,12.265851497650146,3.8282480239868164,13.322183847427368,6.74151086807251,0.11747956275939941,0.2210400104522705,1.3113195896148682
17,17,25.808491706848145,-1132343.25,0.748332142829895,0.40482985973358154,0.37375500798225403,0.4304284155368805,12.494940280914307,4.135021448135376,13.312255620956421,6.628252744674683,0.1314833164215088,0.22594642639160156,1.3131368160247803
17,18,25.672043323516846,-1131151.0875,0.750720202922821,0.40560421347618103,0.37278464436531067,0.4278565049171448,12.305175542831421,3.8578579425811768,13.365694999694824,6.757424592971802,0.11472845077514648,0.21768712997436523,1.3099348545074463
17,19,25.95353889465332,-1133414.4,0.7465555667877197,0.4070723354816437,0.3750014901161194,0.4289708733558655,12.587363481521606,4.098905563354492,13.3648521900177,6.503763675689697,0.13228464126586914,0.21209406852722168,1.5815825462341309
17,20,25.44406771659851,-1132083.4125,0.749085009098053,0.4082687795162201,0.3725075423717499,0.4286492168903351,12.055557489395142,3.8624370098114014,13.387339115142822,6.504316568374634,0.11472320556640625,0.21543455123901367,1.3123269081115723
17,21,25.37654399871826,-1131793.225,0.7531577944755554,0.4064643979072571,0.37596309185028076,0.43402060866355896,12.054378032684326,3.8074944019317627,13.320894956588745,6.543673753738403,0.11539363861083984,0.21751976013183594,1.3239471912384033
17,22,25.53994345664978,-1132184.2625,0.7488746047019958,0.4067173898220062,0.37444907426834106,0.42711544036865234,12.086272954940796,3.88034987449646,13.452431678771973,6.512059926986694,0.11544990539550781,0.2167654037475586,1.3151957988739014
17,23,25.53383493423462,-1134869.05,0.7440796494483948,0.40991222858428955,0.3783797323703766,0.42611759901046753,12.228833675384521,3.938870429992676,13.303743124008179,6.5574541091918945,0.11674237251281738,0.2563297748565674,1.3125386238098145
17,24,25.435420751571655,-1133174.725,0.7472606301307678,0.40967506170272827,0.37480565905570984,0.42818188667297363,12.01402235031128,3.810302495956421,13.420134782791138,6.503821611404419,0.1154024600982666,0.22329115867614746,1.3142857551574707
17,25,25.438634157180786,-1131898.0125,0.7498249411582947,0.4033162295818329,0.37395530939102173,0.4314432144165039,12.066931962966919,3.840003252029419,13.370429754257202,6.530635833740234,0.11667513847351074,0.2210831642150879,1.3117899894714355
17,26,25.508065462112427,-1133395.0375,0.746406078338623,0.4086439311504364,0.37587428092956543,0.4265478551387787,12.112371444702148,3.8806676864624023,13.394531726837158,6.542547941207886,0.11574864387512207,0.21803545951843262,1.3075916767120361
17,27,25.47046995162964,-1133596.725,0.7496333718299866,0.4081931710243225,0.37787875533103943,0.4318596124649048,12.063289880752563,3.859078884124756,13.405791759490967,6.497117519378662,0.11751556396484375,0.22374653816223145,1.3187181949615479
17,28,25.844040393829346,-1134148.5625,0.7454450130462646,0.40838563442230225,0.3778194785118103,0.42658740282058716,12.459548711776733,4.130580902099609,13.383309841156006,6.59639048576355,0.1348564624786377,0.22183966636657715,1.3140811920166016
17,29,25.963584184646606,-1130588.625,0.7515713572502136,0.4040485918521881,0.37201258540153503,0.42931419610977173,12.530582666397095,4.178629636764526,13.431622982025146,6.613697528839111,0.1323843002319336,0.22495770454406738,1.322026252746582
17,30,25.443583011627197,-1131241.0,0.750455379486084,0.40388023853302,0.3740047514438629,0.42899271845817566,12.057432889938354,3.810990571975708,13.384876251220703,6.540213584899902,0.11557364463806152,0.22232842445373535,1.3212885856628418
18,1,28.000768423080444,-2358668.175,0.7311955094337463,0.4279401898384094,0.3932945132255554,0.4112892150878906,13.000683069229126,4.008321762084961,14.997601985931396,7.178039073944092,0.11671066284179688,0.33423352241516113,1.3170347213745117
18,2,28.10406994819641,-2361295.875,0.7267746329307556,0.4276335537433624,0.3949442207813263,0.40902748703956604,13.039753198623657,4.039275646209717,15.06196641921997,7.17300009727478,0.11571311950683594,0.3447239398956299,1.3196570873260498
18,3,28.12858557701111,-2358685.475,0.7294515371322632,0.42625412344932556,0.3937145471572876,0.40834349393844604,12.933895826339722,3.9523918628692627,15.192182302474976,7.161293268203735,0.11720490455627441,0.34146738052368164,1.3148589134216309
18,4,27.89461350440979,-2358913.725,0.7296182513237,0.4247608482837677,0.3929585814476013,0.4110862910747528,13.015148162841797,4.072584867477417,14.877143144607544,7.127161979675293,0.1158897876739502,0.33325982093811035,1.3190295696258545
18,5,28.30123996734619,-2359986.1,0.7268326878547668,0.4249189794063568,0.3929484188556671,0.4092530608177185,12.986173868179321,3.9877383708953857,15.31251072883606,7.1734938621521,0.11535024642944336,0.3408646583557129,1.3219823837280273
18,6,28.023479461669922,-2358669.975,0.7281184792518616,0.42197445034980774,0.39051273465156555,0.41073721647262573,13.087088108062744,4.066618204116821,14.934025764465332,7.190274238586426,0.11766839027404785,0.344832181930542,1.3199925422668457
18,7,28.00405240058899,-2357112.8,0.730811357498169,0.4241076409816742,0.39142364263534546,0.4113011360168457,12.962265729904175,3.9792041778564453,15.039282321929932,7.168835163116455,0.11581087112426758,0.3360559940338135,1.3152861595153809
18,8,27.981860876083374,-2358895.45,0.7291213274002075,0.42440423369407654,0.39288172125816345,0.4107155501842499,12.925137042999268,3.9554624557495117,15.054203748703003,7.145758628845215,0.11687016487121582,0.3335564136505127,1.3271582126617432
18,9,28.27993106842041,-2358308.425,0.7303987741470337,0.42514505982398987,0.3917085528373718,0.412218302488327,13.05448031425476,4.129836559295654,15.223166227340698,7.119428396224976,0.11650729179382324,0.331348180770874,1.3106143474578857
18,10,28.633708238601685,-2358541.85,0.7288399338722229,0.42573052644729614,0.39329656958580017,0.4092429280281067,13.64008903503418,4.474203586578369,14.991276979446411,7.310470342636108,0.1293349266052246,0.3487844467163086,1.3144659996032715
18,11,28.205897569656372,-2358214.725,0.7295739054679871,0.4241386950016022,0.3919803202152252,0.4117318391799927,13.128544569015503,4.045392990112305,15.074800968170166,7.235885858535767,0.1175088882446289,0.3408646583557129,1.3416221141815186
18,12,28.103355169296265,-2361560.525,0.726390540599823,0.4264492392539978,0.3940962255001068,0.4112761914730072,13.178666591644287,4.006694793701172,14.922223806381226,7.354591369628906,0.11562609672546387,0.34375572204589844,1.311328411102295
18,13,28.234905242919922,-2357584.45,0.7308608889579773,0.42515048384666443,0.3908441364765167,0.41200536489486694,13.152126550674438,4.0014612674713135,15.08026909828186,7.261176586151123,0.11729717254638672,0.3425283432006836,1.3828704357147217
18,14,28.677746295928955,-2360443.25,0.7275785803794861,0.427163302898407,0.39453840255737305,0.4095090925693512,13.43560791015625,4.3167335987091064,15.239845991134644,7.268811941146851,0.1343553066253662,0.3375968933105469,1.315758466720581
18,15,28.171098232269287,-2358284.4,0.7302641868591309,0.4240419268608093,0.39203178882598877,0.41246289014816284,13.032281160354614,4.0377044677734375,15.136457443237305,7.1688008308410645,0.11581897735595703,0.3440968990325928,1.318126916885376
18,16,28.026785373687744,-2360811.8,0.7263199687004089,0.42478427290916443,0.39360311627388,0.4090709984302521,12.9393789768219,3.9622421264648438,15.084826231002808,7.161082744598389,0.11598825454711914,0.3393115997314453,1.3140428066253662
18,17,28.356796264648438,-2359292.2,0.7277853488922119,0.42332154512405396,0.39096763730049133,0.4100160002708435,13.192834377288818,4.075359582901001,15.161482095718384,7.276073217391968,0.11714363098144531,0.34252023696899414,1.3344130516052246
18,18,27.97116756439209,-2359820.2,0.727807343006134,0.42465686798095703,0.39297714829444885,0.41179418563842773,12.930477380752563,3.9789175987243652,15.03817367553711,7.073715686798096,0.11553645133972168,0.39902830123901367,1.3170475959777832
18,19,28.70361018180847,-2362596.175,0.7228875160217285,0.4247705936431885,0.39365801215171814,0.4044266641139984,13.489353895187378,4.327322721481323,15.211477041244507,7.307474136352539,0.13111329078674316,0.34210920333862305,1.3230855464935303
18,20,27.76216769218445,-2359638.15,0.7275421023368835,0.42239850759506226,0.39178013801574707,0.40990886092185974,12.95693826675415,4.026801347732544,14.802908420562744,7.118836164474487,0.11546683311462402,0.3347504138946533,1.31376314163208
18,21,28.1601505279541,-2356144.3,0.7323054075241089,0.42332983016967773,0.3898393511772156,0.4122476875782013,12.962889671325684,3.969416856765747,15.194725751876831,7.172095537185669,0.11658930778503418,0.3395230770111084,1.3187339305877686
18,22,28.21317720413208,-2357484.975,0.7304375171661377,0.42458653450012207,0.39237067103385925,0.41122105717658997,13.06794786453247,4.065742015838623,15.14253854751587,7.174857139587402,0.11682343482971191,0.3419613838195801,1.3212907314300537
18,23,28.055067539215088,-2357233.575,0.7293245196342468,0.42075443267822266,0.3894657492637634,0.410291850566864,13.058091402053833,4.068110466003418,14.994508266448975,7.16939115524292,0.11687183380126953,0.33621668815612793,1.320293664932251
18,24,28.003013610839844,-2361082.3,0.7270010709762573,0.42726632952690125,0.3935188353061676,0.41097891330718994,13.012646436691284,4.030043601989746,14.988020896911621,7.156318187713623,0.11750364303588867,0.34108614921569824,1.3201429843902588
18,25,28.091450929641724,-2359260.475,0.7286773920059204,0.42637792229652405,0.39258089661598206,0.40961670875549316,13.015140771865845,3.9695303440093994,15.073829650878906,7.22751784324646,0.11601877212524414,0.3411674499511719,1.3143134117126465
18,26,98.87983989715576,-2358651.225,0.7304982542991638,0.4249495565891266,0.3922695517539978,0.4122571647167206,41.463093996047974,11.615087509155273,57.40522122383118,12.942805528640747,1.369131088256836,0.7408831119537354,14.69104528427124
18,27,35.83091855049133,-2359125.425,0.7283769845962524,0.4233475625514984,0.3903851807117462,0.41224923729896545,24.69527792930603,8.045983076095581,11.1310715675354,12.35163950920105,0.23266172409057617,0.5325741767883301,3.4387896060943604
18,28,36.05668783187866,-2359000.6,0.7276839017868042,0.42306914925575256,0.39116793870925903,0.40935787558555603,25.061166286468506,8.060215473175049,10.991162538528442,12.689685821533203,0.2374882698059082,0.5404558181762695,3.4387872219085693
18,29,36.26919198036194,-2360015.75,0.7276462912559509,0.42465078830718994,0.3935205936431885,0.4107395112514496,25.11803436279297,8.089917182922363,11.14661169052124,12.648971319198608,0.24698853492736816,0.5428333282470703,3.4891741275787354
18,30,36.37177538871765,-2359799.825,0.7281945943832397,0.42709413170814514,0.3930565416812897,0.4099530875682831,25.104031562805176,8.126328706741333,11.263017416000366,12.608859062194824,0.24378561973571777,0.5406482219696045,3.4885339736938477
19,1,23.416075706481934,-4876818.45,0.7188822627067566,0.43159106373786926,0.3987732231616974,0.40974152088165283,15.429239749908447,4.4854607582092285,7.981217622756958,7.886065483093262,0.11881256103515625,0.5255634784698486,2.358275890350342
19,2,25.42704176902771,-4876767.8,0.718891978263855,0.431365966796875,0.39943140745162964,0.40834131836891174,14.992319583892822,4.17973518371582,10.42921257019043,7.81524920463562,0.11565375328063965,0.502471923828125,2.329543352127075
19,3,23.819697856903076,-4878796.15,0.7170903086662292,0.43241050839424133,0.3986136019229889,0.4086602032184601,14.854336500167847,4.183450698852539,8.959904432296753,7.718724250793457,0.11604142189025879,0.4967777729034424,2.289750337600708
19,4,23.598971843719482,-4880317.25,0.7169408202171326,0.431311696767807,0.40059328079223633,0.4092158377170563,14.926145315170288,4.182689189910889,8.667339563369751,7.7424304485321045,0.11517691612243652,0.5051479339599609,2.330725908279419
19,5,31.85637354850769,-4877499.6,0.7180345058441162,0.43106573820114136,0.3986794352531433,0.40988436341285706,15.32895278930664,4.51572585105896,16.522557258605957,8.035730838775635,0.1420905590057373,0.5260107517242432,2.038680076599121
19,6,23.008077144622803,-4876938.3,0.7188769578933716,0.43083083629608154,0.39872971177101135,0.40955033898353577,14.873342275619507,4.214860439300537,8.129683256149292,7.8649046421051025,0.11800026893615723,0.5254571437835693,2.098604440689087
19,7,23.557961463928223,-4878315.75,0.7174955606460571,0.43113356828689575,0.3985750079154968,0.4091796576976776,15.509016275405884,4.602856159210205,8.043471813201904,7.849614143371582,0.12056279182434082,0.5290436744689941,2.3551414012908936
19,8,25.8459210395813,-4878817.35,0.7182623744010925,0.4328897297382355,0.39920663833618164,0.4103090465068817,14.812182188034058,4.149240732192993,11.028314113616943,7.685312509536743,0.11612582206726074,0.49741482734680176,2.3142573833465576
19,9,23.818140268325806,-4878527.95,0.7176557183265686,0.4318918287754059,0.39968085289001465,0.40863192081451416,14.805210828781128,4.199703931808472,9.007935047149658,7.830469846725464,0.11666250228881836,0.5255184173583984,2.081636667251587
19,10,24.69487428665161,-4879985.75,0.717259407043457,0.43185827136039734,0.4003266394138336,0.40936344861984253,14.986673593521118,4.182600498199463,9.702678918838501,7.803338289260864,0.11666750907897949,0.5173802375793457,2.315948724746704
19,11,23.91652798652649,-4878543.7,0.7177346348762512,0.43191400170326233,0.39903122186660767,0.40947967767715454,15.047203779220581,4.302502632141113,8.864301919937134,7.843864679336548,0.11656880378723145,0.5259592533111572,2.207545518875122
19,12,24.16087770462036,-4877180.25,0.7192825078964233,0.4311652183532715,0.3995131254196167,0.4112854599952698,15.02485203742981,4.171040296554565,9.130920648574829,7.866227865219116,0.11652350425720215,0.52268385887146,2.29805064201355
19,13,24.06188678741455,-4879114.55,0.7179703712463379,0.43172746896743774,0.39966556429862976,0.4091554284095764,14.988725423812866,4.166202068328857,9.068069458007812,7.8280274868011475,0.11719179153442383,0.5243821144104004,2.3022773265838623
19,14,24.014785051345825,-4878989.6,0.7181434035301208,0.43254196643829346,0.3995009958744049,0.4104321599006653,14.882920503616333,4.262307643890381,9.126844644546509,7.823378801345825,0.11843752861022949,0.5294654369354248,2.0983262062072754
19,15,28.59725832939148,-4879046.0,0.717180609703064,0.4320753216743469,0.3987334072589874,0.40963876247406006,15.281760215759277,4.485336780548096,13.31033992767334,8.020684480667114,0.14003276824951172,0.5241279602050781,2.041891574859619
19,16,23.142683506011963,-4878694.95,0.7157330513000488,0.4291015863418579,0.3965164124965668,0.406943678855896,15.21481990814209,4.4406516551971436,7.92293906211853,7.928826808929443,0.11926627159118652,0.524949312210083,2.1494712829589844
19,17,22.71490478515625,-4876383.35,0.719706118106842,0.4307518005371094,0.39879223704338074,0.4109954833984375,14.594790697097778,4.232524156570435,8.11414647102356,7.6318747997283936,0.11736750602722168,0.49040889739990234,2.0724892616271973
19,18,22.70419144630432,-4882626.75,0.7155796885490417,0.4334215819835663,0.3997783958911896,0.40899041295051575,14.798372745513916,4.3508453369140625,7.90095329284668,7.70531439781189,0.12246274948120117,0.5055561065673828,2.0560619831085205
19,19,26.15815305709839,-4879787.6,0.7174468040466309,0.43202415108680725,0.39933067560195923,0.41011282801628113,14.85581111907959,4.181319236755371,11.296880722045898,7.689745664596558,0.11614489555358887,0.5039420127868652,2.3142662048339844
19,20,24.782264232635498,-4879708.85,0.7172422409057617,0.4315059781074524,0.39881008863449097,0.41055360436439514,15.049034357070923,4.1909565925598145,9.72780728340149,7.853055000305176,0.11682248115539551,0.5202429294586182,2.317284107208252
19,21,24.157005548477173,-4879061.1,0.7183429002761841,0.4336867034435272,0.39985349774360657,0.40986180305480957,14.82715916633606,4.186657190322876,9.324837684631348,7.874116897583008,0.11837100982666016,0.5205111503601074,2.0765576362609863
19,22,25.155540227890015,-4878177.55,0.7179030776023865,0.43047666549682617,0.39849555492401123,0.41062843799591064,14.995355606079102,4.188501596450806,10.154660701751709,7.814030408859253,0.11679530143737793,0.5220465660095215,2.3031933307647705
19,23,24.22693157196045,-4878685.3,0.7183055877685547,0.4323613941669464,0.3996199071407318,0.4099944829940796,15.657240152359009,4.223294258117676,8.564697265625,7.862502813339233,0.11829090118408203,0.5185348987579346,2.88435435295105
19,24,22.927324295043945,-4880018.5,0.7167192697525024,0.4337749183177948,0.39947590231895447,0.4076179563999176,14.08104944229126,4.192328929901123,8.840778112411499,7.887078046798706,0.1164848804473877,0.5099461078643799,1.3248815536499023
19,25,24.41882634162903,-4876674.1,0.718529462814331,0.4300868511199951,0.39835646748542786,0.4100020229816437,15.018998861312866,4.172556400299072,9.394378423690796,7.863023996353149,0.11559724807739258,0.5192127227783203,2.298186779022217
19,26,24.36254334449768,-4879577.15,0.7173023223876953,0.43174538016319275,0.3998223841190338,0.4091991186141968,15.057240009307861,4.2296483516693115,9.299767017364502,7.834920883178711,0.116363525390625,0.5235860347747803,2.3016722202301025
19,27,23.694764614105225,-4880674.4,0.7169828414916992,0.4332980811595917,0.3987901508808136,0.4108596742153168,14.8901948928833,4.250185966491699,8.799524784088135,7.854256868362427,0.1186676025390625,0.5232772827148438,2.0923478603363037
19,28,25.253835916519165,-4879926.8,0.7171472311019897,0.43230554461479187,0.3998818099498749,0.4086960554122925,14.78753113746643,4.180226802825928,10.460925579071045,7.65194296836853,0.11680960655212402,0.4889848232269287,2.3003997802734375
19,29,25.6457417011261,-4876746.55,0.719022274017334,0.4325915575027466,0.39932772517204285,0.4096311926841736,15.134835720062256,4.1891398429870605,10.505423307418823,7.924203634262085,0.11671590805053711,0.5194470882415771,2.335052013397217
19,30,25.10102152824402,-4877774.35,0.7181935906410217,0.4327649772167206,0.39961957931518555,0.40845987200737,15.229184865951538,4.345703363418579,9.8662428855896,7.8830273151397705,0.12009358406066895,0.520967960357666,2.308525800704956
20,1,33.07360625267029,-10022931.5,0.7159974575042725,0.41954031586647034,0.38742050528526306,0.4371803104877472,15.411736965179443,4.6776533126831055,17.64879584312439,8.427133798599243,0.12090063095092773,0.7998921871185303,1.3336436748504639
20,2,36.91557025909424,-10022219.8,0.7161046862602234,0.42013320326805115,0.3868834674358368,0.43719682097435,15.429592609405518,4.644237518310547,21.472806692123413,8.480536937713623,0.12182235717773438,0.8050863742828369,1.3253657817840576
20,3,31.815141439437866,-10029683.0,0.7145434617996216,0.42172226309776306,0.38867971301078796,0.4353976845741272,15.221300601959229,4.341551780700684,16.58206605911255,8.450455665588379,0.11870980262756348,0.8240041732788086,1.3284425735473633
20,4,32.21355700492859,-10022603.8,0.7157757878303528,0.419633150100708,0.38637083768844604,0.4384615123271942,15.163821935653687,4.350917339324951,17.037848234176636,8.410160541534424,0.11734366416931152,0.7924482822418213,1.3299217224121094
20,5,34.364036083221436,-10027614.5,0.7150139808654785,0.42078572511672974,0.38879501819610596,0.43577033281326294,15.141844511032104,4.31949782371521,19.209383487701416,8.360852718353271,0.11640000343322754,0.7671060562133789,1.3242931365966797
20,6,32.12484693527222,-10024147.3,0.7158291339874268,0.4203648269176483,0.3881731331348419,0.435998797416687,15.348386764526367,4.691985607147217,16.76335620880127,8.369425296783447,0.12116694450378418,0.7827363014221191,1.3306159973144531
20,7,37.30003237724304,-10024443.7,0.7158222794532776,0.4203292727470398,0.3886040151119232,0.43558940291404724,15.283396005630493,4.386526584625244,22.00537657737732,8.520007133483887,0.11874580383300781,0.7949936389923096,1.3254287242889404
20,8,30.827632188796997,-10022942.8,0.7160929441452026,0.42078715562820435,0.3871615529060364,0.4363064467906952,15.703593730926514,4.656224727630615,15.113218307495117,8.694216012954712,0.14756083488464355,0.8020651340484619,1.3150238990783691
20,9,33.55941843986511,-10029848.1,0.7143703699111938,0.42161309719085693,0.3885244131088257,0.43577954173088074,15.150070190429688,4.3241589069366455,18.396640062332153,8.3799467086792,0.11672782897949219,0.7530450820922852,1.3275146484375
20,10,31.80647587776184,-10024906.7,0.7155114412307739,0.42039796710014343,0.387781023979187,0.4365997910499573,15.442838430404663,4.607034206390381,16.35061025619507,8.529690027236938,0.12034201622009277,0.7987780570983887,1.3349647521972656
20,11,31.091248989105225,-10026386.3,0.7151578068733215,0.4211862087249756,0.38801857829093933,0.43597716093063354,15.791119575500488,4.712206840515137,15.28906774520874,8.730552911758423,0.13922977447509766,0.8005876541137695,1.3227283954620361
20,12,33.889915227890015,-10023905.5,0.7158151268959045,0.41976773738861084,0.38792353868484497,0.4365846812725067,15.186096668243408,4.332424163818359,18.691208362579346,8.405001401901245,0.11783170700073242,0.7605257034301758,1.3255054950714111
20,13,32.19483137130737,-10027711.4,0.7148268222808838,0.42130860686302185,0.38794779777526855,0.4362632632255554,15.281394481658936,4.328847885131836,16.902344226837158,8.466639041900635,0.1184079647064209,0.7942798137664795,1.3237595558166504
20,14,31.33512806892395,-10027298.9,0.7150341868400574,0.4214334487915039,0.38862788677215576,0.43517670035362244,15.897916793823242,4.710519552230835,15.426204681396484,8.836848497390747,0.145005464553833,0.8090629577636719,1.3191697597503662
20,15,33.18449544906616,-10027817.6,0.7147916555404663,0.421203076839447,0.38775843381881714,0.43660327792167664,15.61124324798584,4.617096662521362,17.56204128265381,8.645427703857422,0.13589215278625488,0.8065798282623291,1.3276021480560303
20,16,32.04271841049194,-10023181.4,0.7158392667770386,0.42039555311203003,0.38698363304138184,0.43694382905960083,15.50382661819458,4.679213285446167,16.525851011276245,8.502156972885132,0.12066102027893066,0.8159172534942627,1.3338770866394043
20,17,31.913293600082397,-10024581.0,0.7156453132629395,0.4204365015029907,0.3878782093524933,0.43635690212249756,15.424665927886963,4.361180305480957,16.47748875617981,8.608975887298584,0.11852598190307617,0.796741247177124,1.3283400535583496
20,18,33.82467031478882,-10024205.0,0.7157899141311646,0.4201347827911377,0.38765719532966614,0.43677037954330444,15.288937330245972,4.3801469802856445,18.522987127304077,8.468573808670044,0.11899518966674805,0.7954084873199463,1.3309135437011719
20,19,31.535470008850098,-10028477.0,0.7147442102432251,0.4221976399421692,0.38843294978141785,0.43485864996910095,15.439937829971313,4.592517614364624,16.082530736923218,8.538433074951172,0.11995482444763184,0.8054060935974121,1.331298589706421
20,20,34.46848154067993,-10023071.1,0.7160283923149109,0.4202123284339905,0.3873271942138672,0.4367854595184326,15.43706464767456,4.6507158279418945,19.018392324447632,8.482442617416382,0.12056541442871094,0.8020913600921631,1.3285019397735596
20,21,32.519455909729004,-10027652.3,0.7149589657783508,0.421461284160614,0.3883102238178253,0.4356085956096649,15.360703229904175,4.36812424659729,17.146868467330933,8.521545171737671,0.11742925643920898,0.7940597534179688,1.3297481536865234
20,22,34.93184852600098,-10025067.2,0.7154607772827148,0.4213619828224182,0.3872045874595642,0.4363553524017334,15.149824619293213,4.3638916015625,19.769309043884277,8.36500096321106,0.11694169044494629,0.7625672817230225,1.3269200325012207
20,23,31.890917778015137,-10024224.7,0.7157667279243469,0.42076945304870605,0.3873125910758972,0.4364809989929199,15.538716316223145,4.646018981933594,16.33918786048889,8.581969976425171,0.12210583686828613,0.8031113147735596,1.3327133655548096
20,24,31.0304217338562,-10029180.0,0.7145010232925415,0.4221178889274597,0.3881164491176605,0.4356329143047333,15.691112995147705,4.6101508140563965,15.328348398208618,8.741898536682129,0.14147448539733887,0.7917060852050781,1.315134048461914
20,25,31.835575103759766,-10021484.6,0.716339647769928,0.420117050409317,0.3867281973361969,0.4371604323387146,15.41823959350586,4.638874053955078,16.404267072677612,8.467822313308716,0.12063097953796387,0.8043203353881836,1.334320306777954
20,26,30.928410053253174,-10025506.3,0.715245246887207,0.4206336736679077,0.3874526917934418,0.4370082914829254,15.60972547531128,4.6787025928497314,15.307692766189575,8.602712392807007,0.13950347900390625,0.7882435321807861,1.321636438369751
20,27,31.80165195465088,-10025532.4,0.7155591249465942,0.4206594228744507,0.38819757103919983,0.43595075607299805,15.420560359954834,4.613343000411987,16.36796259880066,8.503347158432007,0.12081289291381836,0.7993402481079102,1.3318755626678467
20,28,32.599021196365356,-10021232.6,0.7162641286849976,0.42009472846984863,0.3868845999240875,0.43688955903053284,15.182528495788574,4.389692544937134,17.40451216697693,8.440216302871704,0.11789488792419434,0.7934558391571045,1.3315215110778809
20,29,33.35346841812134,-10023866.6,0.7157976627349854,0.419956237077713,0.38765230774879456,0.4369080364704132,15.233132123947144,4.346428155899048,18.109103679656982,8.42377257347107,0.11857962608337402,0.7937545776367188,1.3251690864562988
20,30,31.329029083251953,-10024381.1,0.7156431078910828,0.4204089045524597,0.3875303268432617,0.43648257851600647,15.850183248519897,4.756407022476196,15.46784257888794,8.73943042755127,0.14806509017944336,0.8093605041503906,1.3214521408081055
