k,sample,total_time,best_ll,P00,P01,P10,P11,full_fit,gradient_gpu,init_cpu_gpu,mcmc_cpu,optimizer_gpu,transfer_pcie,warm_up_mcmc_cpu
1,1,6.3452088832855225,-0.0004000663757324219,0.9998999834060669,0.9998999834060669,9.999999747378752e-05,9.999999747378752e-05,4.901442050933838,1.5214197635650635,1.4437308311462402,1.7526049613952637,0.1151266098022461,0.08274483680725098,1.3847875595092773
1,2,6.330227851867676,-0.0004000663757324219,0.9998999834060669,9.999999747378752e-05,0.9998999834060669,9.999999747378752e-05,4.945917844772339,1.5280563831329346,1.3842759132385254,1.7874722480773926,0.11455774307250977,0.08294868469238281,1.3880925178527832
1,3,4.9450249671936035,0.0,0.8999999761581421,0.699999988079071,0.5,0.20000000298023224,3.517096757888794,1.2898318767547607,1.4278953075408936,0.6021358966827393,0.11447000503540039,0.08292341232299805,1.3841552734375
1,4,4.853447914123535,0.0,0.8999999761581421,0.699999988079071,0.5,0.20000000298023224,3.502655506134033,1.2815282344818115,1.350755214691162,0.6015200614929199,0.11395978927612305,0.08116483688354492,1.3815066814422607
1,5,4.88353419303894,0.0,0.8999999761581421,0.699999988079071,0.5,0.20000000298023224,3.5227456092834473,1.2947909832000732,1.3607556819915771,0.6015152931213379,0.11519026756286621,0.0832970142364502,1.3835506439208984
1,6,6.292601585388184,-0.0004000663757324219,0.9998999834060669,0.9998999834060669,9.999999747378752e-05,9.999999747378752e-05,4.927319288253784,1.5148391723632812,1.3652424812316895,1.784217357635498,0.11478829383850098,0.0829005241394043,1.3863778114318848
1,7,6.429609060287476,-0.0004000663757324219,0.9998999834060669,0.9998999834060669,9.999999747378752e-05,0.9998999834060669,5.042185068130493,1.5086450576782227,1.387385368347168,1.9088170528411865,0.1144096851348877,0.0823214054107666,1.3833231925964355
1,8,4.895829439163208,0.0,0.8999999761581421,0.699999988079071,0.5,0.20000000298023224,3.5146443843841553,1.289536476135254,1.381148099899292,0.604055643081665,0.11461520195007324,0.08215475082397461,1.3810110092163086
1,9,4.9161787033081055,0.0,0.8999999761581421,0.699999988079071,0.5,0.20000000298023224,3.514416217803955,1.2905890941619873,1.401724100112915,0.5985679626464844,0.11419820785522461,0.08199501037597656,1.3858587741851807
1,10,6.331523656845093,-0.0004000663757324219,0.9998999834060669,9.999999747378752e-05,0.9998999834060669,9.999999747378752e-05,4.899704933166504,1.515211582183838,1.4317798614501953,1.7569026947021484,0.1144094467163086,0.0834345817565918,1.384594440460205
1,11,6.323157548904419,-0.0004000663757324219,0.9998999834060669,0.9998999834060669,9.999999747378752e-05,9.999999747378752e-05,4.891258716583252,1.5148556232452393,1.4318645000457764,1.7501983642578125,0.1144404411315918,0.0825963020324707,1.3846745491027832
1,12,6.43589973449707,-0.0004000663757324219,0.9998999834060669,0.9998999834060669,9.999999747378752e-05,0.9998999834060669,5.052073001861572,1.5186872482299805,1.3837940692901611,1.9076862335205078,0.11485624313354492,0.08306646347045898,1.3829121589660645
1,13,6.2936224937438965,-0.0004000663757324219,0.9998999834060669,0.9998999834060669,9.999999747378752e-05,9.999999747378752e-05,4.904912948608398,1.5268011093139648,1.3886709213256836,1.7490730285644531,0.11470890045166016,0.08264708518981934,1.3873977661132812
1,14,6.278934001922607,-0.0004000663757324219,0.9998999834060669,0.9998999834060669,9.999999747378752e-05,9.999999747378752e-05,4.890483617782593,1.5142428874969482,1.3884117603302002,1.7497375011444092,0.11520648002624512,0.08273792266845703,1.3842928409576416
1,15,4.918355464935303,0.0,0.8999999761581421,0.699999988079071,0.5,0.20000000298023224,3.5080010890960693,1.2829241752624512,1.4103233814239502,0.600914716720581,0.11439704895019531,0.08205485343933105,1.3841326236724854
1,16,6.324249029159546,-0.0004000663757324219,0.9998999834060669,0.9998999834060669,9.999999747378752e-05,9.999999747378752e-05,4.938739538192749,1.5516159534454346,1.3854773044586182,1.7585246562957764,0.11524319648742676,0.08524656295776367,1.3830714225769043
1,17,6.254823207855225,-0.0004000663757324219,0.9998999834060669,0.9998999834060669,9.999999747378752e-05,9.999999747378752e-05,4.88737416267395,1.5123677253723145,1.3674142360687256,1.7487642765045166,0.11497735977172852,0.08225321769714355,1.3847527503967285
1,18,6.277141094207764,-0.0004000663757324219,0.9998999834060669,0.9998999834060669,9.999999747378752e-05,9.999999747378752e-05,4.907773733139038,1.5322186946868896,1.3693280220031738,1.7483174800872803,0.1148374080657959,0.08327174186706543,1.3849012851715088
1,19,4.878006219863892,0.0,0.8999999761581421,0.699999988079071,0.5,0.20000000298023224,3.5027756690979004,1.2831878662109375,1.3751964569091797,0.5995321273803711,0.11388111114501953,0.08238625526428223,1.380707025527954
1,20,6.249519348144531,-0.0004000663757324219,0.9998999834060669,0.9998999834060669,9.999999747378752e-05,9.999999747378752e-05,4.88856840133667,1.5089659690856934,1.3609113693237305,1.753570318222046,0.11484241485595703,0.08217477798461914,1.3845911026000977
1,21,6.2512898445129395,-0.0004000663757324219,0.9998999834060669,9.999999747378752e-05,0.9998999834060669,9.999999747378752e-05,4.9010536670684814,1.517740249633789,1.350203037261963,1.7564570903778076,0.11468839645385742,0.08263325691223145,1.3846733570098877
1,22,6.242694616317749,-0.0004000663757324219,0.9998999834060669,0.9998999834060669,9.999999747378752e-05,9.999999747378752e-05,4.879108190536499,1.5022485256195068,1.3635518550872803,1.750680685043335,0.11400461196899414,0.08211660385131836,1.3862903118133545
1,23,6.273861646652222,-0.0004000663757324219,0.9998999834060669,0.9998999834060669,9.999999747378752e-05,9.999999747378752e-05,4.888212203979492,1.5080773830413818,1.3856046199798584,1.75832200050354,0.11362719535827637,0.08201980590820312,1.3823089599609375
1,24,4.887250661849976,0.0,0.8999999761581421,0.699999988079071,0.5,0.20000000298023224,3.5089426040649414,1.284968614578247,1.3782706260681152,0.6004760265350342,0.11398911476135254,0.08264374732971191,1.3832447528839111
1,25,6.432983160018921,-0.0004000663757324219,0.9998999834060669,0.9998999834060669,9.999999747378752e-05,0.9998999834060669,5.031119108200073,1.5335423946380615,1.401831865310669,1.868034839630127,0.11523771286010742,0.08399629592895508,1.384939193725586
1,26,6.4229512214660645,-0.0004000663757324219,0.9998999834060669,0.9998999834060669,9.999999747378752e-05,9.999999747378752e-05,4.939476490020752,1.5263168811798096,1.4834363460540771,1.7864511013031006,0.11532378196716309,0.08250999450683594,1.3844940662384033
1,27,6.214706182479858,-0.0004000663757324219,0.9998999834060669,0.9998999834060669,9.999999747378752e-05,9.999999747378752e-05,4.890857219696045,1.5184497833251953,1.3238067626953125,1.7500207424163818,0.11474251747131348,0.08306598663330078,1.3799374103546143
1,28,6.383423566818237,-0.0004000663757324219,0.9998999834060669,0.9998999834060669,9.999999747378752e-05,0.9998999834060669,5.047278642654419,1.5137369632720947,1.3361103534698486,1.9115755558013916,0.11432480812072754,0.08186674118041992,1.3815863132476807
1,29,6.821529865264893,-0.0004000663757324219,0.9998999834060669,0.9998999834060669,9.999999747378752e-05,0.9998999834060669,5.488792896270752,1.6494274139404297,1.332693338394165,2.162970542907715,0.14114022254943848,0.08531522750854492,1.3831584453582764
1,30,6.336183309555054,-0.0004000663757324219,0.9998999834060669,0.9998999834060669,9.999999747378752e-05,0.9998999834060669,5.00774359703064,1.5165510177612305,1.3284008502960205,1.8642842769622803,0.11468648910522461,0.08286833763122559,1.3847119808197021
2,1,7.348453044891357,-5.53035306930542,0.9998999834060669,0.7420124411582947,0.4817450940608978,9.999999747378752e-05,5.88371467590332,1.6499600410461426,1.46470308303833,2.6100263595581055,0.11452937126159668,0.08228826522827148,1.382382869720459
2,2,7.600293159484863,-4.838960647583008,0.9998999834060669,0.5456632375717163,0.5453600287437439,9.999999747378752e-05,6.1267218589782715,1.6531744003295898,1.4735379219055176,2.844226598739624,0.11436343193054199,0.08351826667785645,1.3866088390350342
2,3,6.461713552474976,-0.0004000663757324219,0.9998999834060669,0.9998999834060669,9.999999747378752e-05,9.999999747378752e-05,4.901893854141235,1.5142593383789062,1.5597856044769287,1.7573988437652588,0.11583518981933594,0.08315801620483398,1.3868024349212646
2,4,7.074240446090698,-3.4450058937072754,0.9998999834060669,9.999999747378752e-05,0.7686181664466858,0.2700992822647095,5.703827857971191,1.657580852508545,1.3703725337982178,2.416982650756836,0.11475872993469238,0.08355069160461426,1.3860788345336914
2,5,8.247890949249268,-7.834455490112305,0.9998999834060669,0.40022778511047363,0.9998999834060669,0.4974502921104431,6.819810628890991,1.6680855751037598,1.4280452728271484,3.4620325565338135,0.11529707908630371,0.08317828178405762,1.4467260837554932
2,6,7.102013349533081,-4.838961124420166,0.5453893542289734,0.9998999834060669,9.999999747378752e-05,0.5452690720558167,5.731950998306274,1.6597964763641357,1.3700299263000488,2.443291187286377,0.11640071868896484,0.08351278305053711,1.3834128379821777
2,7,7.924273729324341,-6.927340984344482,0.9998999834060669,0.9998999834060669,0.44648638367652893,0.20739583671092987,6.565980434417725,1.6569790840148926,1.3582584857940674,3.2810068130493164,0.11511492729187012,0.08311748504638672,1.3856818675994873
2,8,8.273725509643555,-4.50119457244873,0.9998999834060669,0.5911648273468018,0.7636327147483826,9.999999747378752e-05,6.956682205200195,1.6567518711090088,1.317009687423706,3.674636125564575,0.11550378799438477,0.08316183090209961,1.3824138641357422
2,9,6.444893836975098,-0.0004000663757324219,0.9998999834060669,9.999999747378752e-05,0.9998999834060669,9.999999747378752e-05,4.9248881340026855,1.538245439529419,1.5199716091156006,1.7559888362884521,0.1154627799987793,0.0832376480102539,1.3874564170837402
2,10,8.522406101226807,-4.115541458129883,0.9998999834060669,0.7416966557502747,0.9998999834060669,9.999999747378752e-05,7.0869855880737305,1.6566431522369385,1.4353852272033691,3.806000232696533,0.11463546752929688,0.08237051963806152,1.3825607299804688
2,11,7.843085289001465,-7.789588928222656,0.9998999834060669,0.5314885973930359,0.6493148803710938,0.22173579037189484,6.4444568157196045,1.6771509647369385,1.3985958099365234,3.131321668624878,0.11700105667114258,0.08433365821838379,1.3898634910583496
2,12,6.8263163566589355,-3.7933523654937744,0.9998999834060669,9.999999747378752e-05,0.9998999834060669,0.2375597506761551,5.515770435333252,1.6612582206726074,1.3105125427246094,2.2295889854431152,0.11438965797424316,0.0827934741973877,1.3829703330993652
2,13,8.135512351989746,-6.760740756988525,0.9998999834060669,0.7358782887458801,0.5446109771728516,0.22602160274982452,6.782413959503174,1.6685473918914795,1.3530621528625488,3.478309154510498,0.11561369895935059,0.08356952667236328,1.3911378383636475
2,14,8.370044231414795,-4.5005998611450195,0.9998999834060669,0.9998999834060669,0.9998999834060669,9.999999747378752e-05,6.948645114898682,1.6563692092895508,1.4213669300079346,3.66473388671875,0.11451196670532227,0.08283257484436035,1.3849990367889404
2,15,7.581341981887817,-3.7160773277282715,0.9998999834060669,0.2468573898077011,0.8743512034416199,9.999999747378752e-05,6.1456685066223145,1.6599195003509521,1.4356415271759033,2.8560574054718018,0.11558151245117188,0.08277487754821777,1.3868799209594727
2,16,7.430110692977905,-6.1940131187438965,0.9998999834060669,0.2241266965866089,0.9551162123680115,0.220655620098114,6.097216606140137,1.6670994758605957,1.3328614234924316,2.8021492958068848,0.11483907699584961,0.08407068252563477,1.3840954303741455
2,17,4.874374866485596,0.0,0.8999999761581421,0.699999988079071,0.5,0.20000000298023224,3.508544921875,1.2864139080047607,1.3657991886138916,0.6013500690460205,0.11425924301147461,0.08205723762512207,1.381382703781128
2,18,7.782768487930298,-4.390779495239258,0.886052668094635,9.999999747378752e-05,0.9998999834060669,0.5149500370025635,6.405299663543701,1.655548334121704,1.3774302005767822,3.1227917671203613,0.11496448516845703,0.08290934562683105,1.3837835788726807
2,19,6.885054111480713,-4.397592067718506,0.9998999834060669,0.5810455083847046,0.26536986231803894,9.999999747378752e-05,5.498992204666138,1.6616151332855225,1.3860282897949219,2.208519458770752,0.11463451385498047,0.08347415924072266,1.3851873874664307
2,20,8.248500108718872,-4.416009426116943,0.9998999834060669,0.9998999834060669,0.4818296730518341,9.999999747378752e-05,6.590959548950195,1.6617045402526855,1.6575052738189697,3.3011491298675537,0.11507368087768555,0.08314061164855957,1.3853001594543457
2,21,7.7260682582855225,-3.497603249549866,0.9998999834060669,0.7520967125892639,0.2701951265335083,9.999999747378752e-05,6.390461206436157,1.6546869277954102,1.3355724811553955,3.105891704559326,0.11490583419799805,0.08339476585388184,1.3866188526153564
2,22,8.425996541976929,-7.86760139465332,0.9998999834060669,0.9694746136665344,0.7268591523170471,0.28139910101890564,7.09009051322937,1.6825613975524902,1.335871934890747,3.770156145095825,0.11692214012145996,0.08369994163513184,1.3926234245300293
2,23,8.62348198890686,-6.271486759185791,0.9998999834060669,0.9998999834060669,0.4162076413631439,0.41623184084892273,7.262176036834717,1.6763556003570557,1.3612675666809082,3.955164909362793,0.11530876159667969,0.08326363563537598,1.3879022598266602
2,24,8.11016845703125,-4.279099941253662,0.9998999834060669,0.5045142769813538,0.8388358950614929,9.999999747378752e-05,6.732834577560425,1.660449504852295,1.3772976398468018,3.444542407989502,0.11476802825927734,0.08331036567687988,1.3851902484893799
2,25,12.401283740997314,-7.132961750030518,0.9998999834060669,0.5010713338851929,0.4995226263999939,0.25667044520378113,10.995485305786133,1.6612470149993896,1.4057629108428955,7.707334280014038,0.11488485336303711,0.08411145210266113,1.3837263584136963
2,26,8.368378400802612,-7.586611604690551,0.9998999834060669,0.5037364363670349,0.7304360270500183,0.4307529926300049,6.974056005477905,1.6625847816467285,1.3942875862121582,3.6801509857177734,0.11482787132263184,0.08398246765136719,1.3883299827575684
2,27,8.623357772827148,-6.785440444946289,0.9998999834060669,0.6842604875564575,0.975905179977417,0.2103172093629837,7.191547870635986,1.6565072536468506,1.431771993637085,3.9086408615112305,0.11449551582336426,0.08264827728271484,1.3850228786468506
2,28,8.246098041534424,-7.45574951171875,0.9998999834060669,0.619733452796936,0.8647005558013916,0.18257366120815277,6.887657880783081,1.6516737937927246,1.3584067821502686,3.607135534286499,0.11479711532592773,0.08312582969665527,1.3870208263397217
2,29,7.632494926452637,-7.55745906829834,0.9998999834060669,0.224811390042305,0.574002206325531,0.8449575304985046,6.272223949432373,1.690507411956787,1.360231876373291,2.954279661178589,0.11664104461669922,0.08294916152954102,1.3835394382476807
2,30,6.066896200180054,-4.770144605636597,0.9998999834060669,0.1445092409849167,0.19295495748519897,0.24671894311904907,4.688541650772095,1.6619441509246826,1.3783221244812012,1.3966772556304932,0.11510562896728516,0.0841984748840332,1.385777473449707
3,1,9.661342144012451,-20.555019569396972,0.9998999834060669,0.578173816204071,0.7597897052764893,0.05907571315765381,8.218865156173706,1.79567289352417,1.442441463470459,4.792546987533569,0.11462259292602539,0.0834660530090332,1.3881056308746338
3,2,9.198500633239746,-15.328546524047852,0.9998999834060669,0.49974629282951355,0.7463071346282959,9.999999747378752e-05,7.837799549102783,1.8054053783416748,1.3606669902801514,4.406580686569214,0.11451339721679688,0.08311176300048828,1.3838143348693848
3,3,9.9589102268219,-17.112467193603514,0.9998999834060669,0.3080940246582031,0.9998999834060669,0.08881781995296478,8.578992366790771,1.8007166385650635,1.3798775672912598,5.150238752365112,0.11452007293701172,0.08320999145507812,1.3857457637786865
3,4,8.449751138687134,-23.008400917053223,0.9998999834060669,0.473976194858551,0.19828499853610992,0.5992755889892578,7.096599817276001,1.7851579189300537,1.3531174659729004,3.6926181316375732,0.11347174644470215,0.0821375846862793,1.3796563148498535
3,5,11.481636047363281,-28.595150184631347,0.9998999834060669,0.6314091086387634,0.9998999834060669,0.22858919203281403,10.088157176971436,1.8002355098724365,1.3934440612792969,6.6535139083862305,0.11525273323059082,0.08408761024475098,1.3906807899475098
3,6,9.145977973937988,-25.2594087600708,0.9998999834060669,0.27350521087646484,0.7040975093841553,0.42439281940460205,7.827637195587158,1.7949810028076172,1.3182997703552246,4.403637170791626,0.11476755142211914,0.08358335494995117,1.386185646057129
3,7,13.66960096359253,-16.654075622558594,0.9998999834060669,0.8148206472396851,0.6168724298477173,9.999999747378752e-05,8.40913462638855,1.827181100845337,5.260421514511108,4.9326560497283936,0.11553025245666504,0.08427095413208008,1.4038736820220947
3,8,11.731983423233032,-22.53935718536377,0.9998999834060669,0.5084112882614136,0.7905331254005432,0.09084004908800125,8.294576406478882,1.8251421451568604,3.437366485595703,4.835700750350952,0.11475086212158203,0.08406949043273926,1.3899965286254883
3,9,10.98153281211853,-16.998117446899414,0.9998999834060669,0.3221065104007721,0.5326158404350281,0.19901786744594574,7.613199234008789,1.8007338047027588,3.3682985305786133,4.18120551109314,0.11444330215454102,0.08408665657043457,1.3882920742034912
3,10,10.261294841766357,-21.304342842102052,0.9998999834060669,0.4803627133369446,0.3303528428077698,0.3247123956680298,6.984603643417358,1.7852206230163574,3.2766520977020264,3.575627088546753,0.11324048042297363,0.0822594165802002,1.3842554092407227
3,11,11.33464503288269,-20.514249420166017,0.9998999834060669,0.9087744951248169,0.4549632668495178,0.07301898300647736,7.941151142120361,1.793630838394165,3.393460750579834,4.516891956329346,0.11416077613830566,0.08295536041259766,1.3885977268218994
3,12,11.615620613098145,-14.825395584106445,0.9998999834060669,0.7890469431877136,0.5181934833526611,9.999999747378752e-05,8.334150791168213,1.7778949737548828,3.2814316749572754,4.937183618545532,0.11261415481567383,0.08321762084960938,1.3787481784820557
3,13,12.0532386302948,-27.274032592773438,0.9998999834060669,0.5261467695236206,0.8010145425796509,0.23226328194141388,8.727458953857422,1.7962868213653564,3.325740098953247,5.292202949523926,0.11550235748291016,0.08544087409973145,1.392040491104126
3,14,10.570209264755249,-23.087425231933594,0.8104525208473206,0.48588547110557556,0.5480528473854065,0.2716902494430542,7.244549512863159,1.802480697631836,3.3256208896636963,3.8136532306671143,0.11420369148254395,0.0845038890838623,1.3850805759429932
3,15,11.866600036621094,-21.47659339904785,0.9998999834060669,0.5166323184967041,0.7972974181175232,0.10236609727144241,8.532636642456055,1.7980492115020752,3.3339271545410156,5.089254140853882,0.11446952819824219,0.08382368087768555,1.4020357131958008
3,16,10.29798150062561,-17.648066902160643,0.9998999834060669,0.2823737561702728,0.9998999834060669,0.1441696137189865,8.977423429489136,1.7925255298614502,1.3205223083496094,5.558156728744507,0.11480545997619629,0.08322882652282715,1.38405442237854
3,17,9.967085123062134,-25.477190208435058,0.9998999834060669,0.7991028428077698,0.4233805537223816,0.26196181774139404,8.547765254974365,1.7959237098693848,1.4192829132080078,5.119232892990112,0.11448836326599121,0.08437800407409668,1.3891208171844482
3,18,8.798144578933716,-18.275453758239745,0.9998999834060669,0.6002213358879089,0.4722747504711151,0.06145258992910385,7.420495510101318,1.7945775985717773,1.3776116371154785,3.9981954097747803,0.11443686485290527,0.08403182029724121,1.3839900493621826
3,19,8.842190504074097,-17.588549995422362,0.9998999834060669,0.18781138956546783,0.8751782178878784,0.18596957623958588,7.484981060028076,1.8086140155792236,1.357175350189209,4.047384738922119,0.11418795585632324,0.08410882949829102,1.3857638835906982
3,20,9.03907299041748,-17.970145988464356,0.9998999834060669,0.6340482234954834,0.44356727600097656,0.0700484961271286,7.658567905426025,1.7967002391815186,1.3804728984832764,4.233028173446655,0.11471009254455566,0.08425545692443848,1.384988784790039
3,21,8.892589807510376,-20.219352531433106,0.9998999834060669,0.5333439707756042,0.11921779811382294,0.6045356392860413,7.524428606033325,1.9486021995544434,1.3681142330169678,3.8969106674194336,0.13820362091064453,0.08558058738708496,1.3862550258636475
3,22,9.594162464141846,-21.825329971313476,0.9998999834060669,0.5637062191963196,0.5402339696884155,0.15393158793449402,8.23783564567566,1.8047761917114258,1.3562867641448975,4.804183721542358,0.11377835273742676,0.08456540107727051,1.3857395648956299
3,23,11.04183292388916,-14.489947319030762,0.9998999834060669,0.8926231265068054,0.6233800649642944,9.999999747378752e-05,9.646273851394653,1.8128163814544678,1.3955185413360596,6.201142311096191,0.11558818817138672,0.08404207229614258,1.3879387378692627
3,24,8.024009943008423,-12.8538498878479,0.9998999834060669,9.999999747378752e-05,0.7621511816978455,0.32985448837280273,6.670498609542847,1.7961652278900146,1.3534705638885498,3.2481067180633545,0.11414909362792969,0.08347153663635254,1.3834478855133057
3,25,8.973258018493652,-22.428951072692872,0.9998999834060669,0.5063058137893677,0.5385252833366394,0.2121293991804123,7.638512849807739,1.7908682823181152,1.334712028503418,4.224884986877441,0.11466002464294434,0.08272504806518555,1.3812880516052246
3,26,8.849778652191162,-20.7711030960083,0.9998999834060669,0.3130968511104584,0.7135997414588928,0.21706900000572205,7.526100397109985,1.80025315284729,1.3236346244812012,4.099857807159424,0.1138162612915039,0.08409905433654785,1.383955955505371
3,27,10.523319244384766,-25.240281105041504,0.9998999834060669,0.7515957951545715,0.6435229778289795,0.16904720664024353,9.173333168029785,1.7969534397125244,1.349951982498169,5.749317407608032,0.11487221717834473,0.08365321159362793,1.3842146396636963
3,28,10.327064275741577,-17.5800500869751,0.9998999834060669,0.6855790615081787,0.5202035903930664,0.08433102816343307,8.975410461425781,1.8108386993408203,1.3516225814819336,5.535973310470581,0.11539793014526367,0.08439421653747559,1.383901596069336
3,29,9.61286187171936,-25.391758346557616,0.9998999834060669,0.9998999834060669,0.29140111804008484,0.2856834828853607,8.236536502838135,1.7998526096343994,1.3762903213500977,4.803443431854248,0.11391949653625488,0.08378195762634277,1.3906447887420654
3,30,8.990468740463257,-17.452107238769532,0.9998999834060669,0.29725101590156555,0.6373468637466431,0.13814282417297363,7.522630453109741,1.8012042045593262,1.467801570892334,4.095842599868774,0.11395478248596191,0.08368635177612305,1.3836896419525146
4,1,13.180372714996338,-72.64964218139649,0.7587083578109741,0.9132004380226135,0.6825739145278931,0.09798078238964081,11.763727188110352,2.0959761142730713,1.4165904521942139,7.985588788986206,0.14239168167114258,0.08558845520019531,1.389087438583374
4,2,11.48301100730896,-66.06384353637695,0.9907704591751099,0.6095180511474609,0.6224432587623596,0.10376060009002686,10.120574235916138,1.940387487411499,1.362403154373169,6.549029588699341,0.11418890953063965,0.08299994468688965,1.3896660804748535
4,3,10.743615627288818,-70.00934677124023,0.9998999834060669,0.6201298236846924,0.24971018731594086,0.42468294501304626,9.10165810585022,1.9379003047943115,1.6419236660003662,5.537301063537598,0.11395597457885742,0.08289289474487305,1.3851141929626465
4,4,13.032962322235107,-86.15703811645508,0.9998999834060669,0.5708765983581543,0.5366989970207214,0.33997729420661926,11.662750482559204,1.9395151138305664,1.3701772689819336,8.092759132385254,0.11394906044006348,0.08409762382507324,1.3877308368682861
4,5,12.485636234283447,-74.23971481323242,0.9998999834060669,0.7772417664527893,0.517760694026947,0.14754551649093628,11.156957387924194,1.939028263092041,1.3286406993865967,7.587592840194702,0.11354970932006836,0.08314323425292969,1.3893325328826904
4,6,12.431164503097534,-61.28139724731445,0.9998999834060669,0.545789897441864,0.663722813129425,0.10734407603740692,11.045358657836914,1.936359167098999,1.3857698440551758,7.473270893096924,0.11436295509338379,0.08395123481750488,1.3930141925811768
4,7,12.143594741821289,-56.64845161437988,0.9998999834060669,0.4414730668067932,0.7261104583740234,0.10419356822967529,10.776432275772095,1.9634301662445068,1.3671271800994873,7.18013072013855,0.11544680595397949,0.08477210998535156,1.3879022598266602
4,8,12.35221815109253,-51.437046432495116,0.9998999834060669,0.7770528793334961,0.513157308101654,0.03478751331567764,10.944140195846558,1.9433543682098389,1.4080431461334229,7.377141237258911,0.11380553245544434,0.0830390453338623,1.382714033126831
4,9,11.202946424484253,-60.65243797302246,0.8003427386283875,0.8525869250297546,0.5033785104751587,0.1068224310874939,9.749965190887451,1.9371285438537598,1.4529411792755127,6.173808813095093,0.11525201797485352,0.08382463455200195,1.394899606704712
4,10,13.778384685516357,-75.90752944946288,0.9998999834060669,0.7549020051956177,0.6108418107032776,0.13429813086986542,12.343953371047974,1.9429237842559814,1.4343860149383545,8.769556283950806,0.11431312561035156,0.0834813117980957,1.3893382549285889
4,11,11.554458618164062,-58.08269424438477,0.9450275301933289,0.6854220032691956,0.6104639768600464,0.056607749313116074,10.192115306854248,1.9365825653076172,1.3623054027557373,6.61913800239563,0.11498188972473145,0.08481884002685547,1.3914592266082764
4,12,12.676041603088379,-57.40047187805176,0.9998999834060669,0.6439825296401978,0.7084494233131409,0.02214321680366993,11.319275140762329,2.1917800903320312,1.3567259311676025,7.469740152359009,0.125718355178833,0.08735084533691406,1.3920488357543945
4,13,12.607941150665283,-81.66413803100586,0.9998999834060669,0.735611617565155,0.4059392809867859,0.29915955662727356,10.987454652786255,1.9818544387817383,1.6204466819763184,7.356669187545776,0.11462116241455078,0.08556008338928223,1.403430700302124
4,14,11.960556745529175,-79.42231826782226,0.9998999834060669,0.608295202255249,0.5351222157478333,0.25813618302345276,10.513665199279785,1.9731276035308838,1.4468517303466797,6.906156778335571,0.11559677124023438,0.084075927734375,1.390589714050293
4,15,11.241407632827759,-61.942095565795896,0.6592184901237488,0.6070501208305359,0.9839687347412109,0.08225715160369873,9.888147354125977,1.940253734588623,1.3532216548919678,6.316240549087524,0.11417150497436523,0.08445048332214355,1.387777328491211
4,16,10.667308330535889,-79.00939331054687,0.9998999834060669,0.4658770263195038,0.3686201870441437,0.5162228941917419,9.224982738494873,1.9595935344696045,1.442293643951416,5.635620355606079,0.11427140235900879,0.08356523513793945,1.3867380619049072
4,17,11.58589243888855,-72.87689743041992,0.9998999834060669,0.5829085111618042,0.5850556492805481,0.18201063573360443,10.114041805267334,1.9427802562713623,1.4718177318572998,6.539127349853516,0.11393570899963379,0.08377742767333984,1.3904128074645996
4,18,13.0863938331604,-71.014794921875,0.9998999834060669,0.7113561034202576,0.5088637471199036,0.1816834807395935,11.710235357284546,1.95670747756958,1.3761205673217773,8.12139344215393,0.11492609977722168,0.0840764045715332,1.3882277011871338
4,19,10.960201025009155,-55.31833419799805,0.9998999834060669,0.6281238794326782,0.5316271781921387,0.06398478895425797,9.598083734512329,1.9435551166534424,1.3620779514312744,6.021378040313721,0.11382603645324707,0.08459711074829102,1.3903906345367432
4,20,11.473800420761108,-64.56913566589355,0.9998999834060669,0.6414057016372681,0.4858459532260895,0.1623443365097046,10.045542001724243,1.9380018711090088,1.4282183647155762,6.4761786460876465,0.1142127513885498,0.08298516273498535,1.3898530006408691
4,21,12.900341033935547,-66.82890701293945,0.8493879437446594,0.8581004738807678,0.7242780327796936,0.05063497647643089,11.517544507980347,1.950209140777588,1.3827590942382812,7.935833930969238,0.11412787437438965,0.08406257629394531,1.388911485671997
4,22,11.655219078063965,-69.35196304321289,0.9998999834060669,0.6396191716194153,0.5103980302810669,0.17974379658699036,10.328670978546143,1.9382507801055908,1.3265142440795898,6.761678218841553,0.11437749862670898,0.08266925811767578,1.3871557712554932
4,23,10.340120077133179,-65.32645797729492,0.9998999834060669,0.5233960151672363,0.38985973596572876,0.29476824402809143,8.968905210494995,1.9517850875854492,1.3711755275726318,5.383635520935059,0.11407685279846191,0.0845327377319336,1.3904788494110107
4,24,10.998850584030151,-50.36382942199707,0.9691940546035767,0.578564465045929,0.6502948999404907,0.020390741527080536,9.670762777328491,1.9662301540374756,1.328054428100586,6.07146954536438,0.11502265930175781,0.0841834545135498,1.3893969058990479
4,25,12.04621171951294,-59.216536331176755,0.9998999834060669,0.7168655395507812,0.5839554071426392,0.049879543483257294,10.689074516296387,1.9369909763336182,1.357097864151001,7.1263933181762695,0.11390018463134766,0.08315086364746094,1.3839802742004395
4,26,11.904132843017578,-64.58555221557617,0.9998999834060669,0.6312989592552185,0.6208024621009827,0.1227429211139679,10.526741027832031,1.9605767726898193,1.3773584365844727,6.935008764266968,0.11408519744873047,0.08410310745239258,1.388610601425171
4,27,11.062437534332275,-69.31990127563476,0.9998999834060669,0.48639172315597534,0.426685631275177,0.35392481088638306,9.73404836654663,1.9466056823730469,1.3283545970916748,6.157337188720703,0.11421608924865723,0.08382582664489746,1.3877208232879639
4,28,13.232822179794312,-67.52929916381837,0.9998999834060669,0.6824873089790344,0.7995815277099609,0.05613207072019577,11.8835289478302,1.9489076137542725,1.349252462387085,8.293837785720825,0.11519455909729004,0.08440017700195312,1.3961873054504395
4,29,13.30775761604309,-75.28459548950195,0.9998999834060669,0.5630499720573425,0.7298861742019653,0.15747098624706268,11.933406114578247,1.9490690231323242,1.3743181228637695,8.355293035507202,0.11432409286499023,0.08299970626831055,1.3873355388641357
4,30,12.08512806892395,-85.21987075805664,0.9998999834060669,0.6011719107627869,0.572975218296051,0.2684936225414276,10.73613166809082,1.9452261924743652,1.3489630222320557,7.157769203186035,0.11512351036071777,0.08375215530395508,1.389798641204834
5,1,15.225394487380981,-197.9438690185547,0.9998999834060669,0.561759352684021,0.6096727848052979,0.16928565502166748,13.832570314407349,2.091381549835205,1.3927838802337646,10.113397121429443,0.11323690414428711,0.08399248123168945,1.386458158493042
5,2,16.339109659194946,-161.26885681152345,0.9998999834060669,0.7514747977256775,0.5478461980819702,0.05323577672243118,15.016624212265015,2.098844051361084,1.3224444389343262,11.28212285041809,0.1141357421875,0.0841214656829834,1.3924074172973633
5,3,15.2700777053833,-160.13019409179688,0.9998999834060669,0.565214216709137,0.666710615158081,0.08897783607244492,13.918945074081421,2.1207900047302246,1.3510985374450684,10.159283638000488,0.11605143547058105,0.08526754379272461,1.3932678699493408
5,4,15.84595799446106,-213.94739990234376,0.9998999834060669,0.6623134016990662,0.6125162243843079,0.1867372989654541,14.342925548553467,2.0890426635742188,1.502990484237671,10.621190786361694,0.11390972137451172,0.08277058601379395,1.3926775455474854
5,5,14.852123975753784,-172.40747680664063,0.9998999834060669,0.6618654727935791,0.485343873500824,0.13797414302825928,13.41891074180603,2.374659299850464,1.4331600666046143,9.371482849121094,0.13584041595458984,0.08797001838684082,1.3900413513183594
5,6,16.460485696792603,-184.29633636474608,0.9998999834060669,0.6616833209991455,0.6230626106262207,0.09059931337833405,15.089548110961914,2.0906965732574463,1.370903730392456,11.35985016822815,0.11571431159973145,0.08361268043518066,1.3953561782836914
5,7,14.45682406425476,-216.33002319335938,0.9652385115623474,0.6618521809577942,0.558465838432312,0.25338634848594666,13.08866834640503,2.1436259746551514,1.36810302734375,9.296504259109497,0.12254476547241211,0.0855247974395752,1.3914754390716553
5,8,17.361001014709473,-207.10516052246095,0.9998999834060669,0.6275479197502136,0.6020983457565308,0.1928754448890686,14.030903816223145,2.1166343688964844,3.3300585746765137,10.267728567123413,0.11650991439819336,0.08389592170715332,1.4015591144561768
5,9,15.438206672668457,-194.1997543334961,0.9998999834060669,0.6708804965019226,0.3216039836406708,0.3110353946685791,12.147501468658447,2.0940651893615723,3.2906644344329834,8.42400336265564,0.11368489265441895,0.08295154571533203,1.3885884284973145
5,10,16.107519149780273,-229.8755096435547,0.9998999834060669,0.4917030334472656,0.58778977394104,0.30208638310432434,12.794754266738892,2.095945119857788,3.3127315044403076,9.06084132194519,0.11455249786376953,0.08449411392211914,1.3941247463226318
5,11,15.406256675720215,-180.86981964111328,0.9998999834060669,0.5858920216560364,0.4538346827030182,0.21988512575626373,12.047248601913452,2.077125310897827,3.358969211578369,8.335363864898682,0.1140742301940918,0.08426189422607422,1.3917148113250732
5,12,16.538342475891113,-219.34218139648436,0.9998999834060669,0.5318921804428101,0.48772695660591125,0.326093852519989,13.264712572097778,2.0891857147216797,3.273589611053467,9.53849983215332,0.11423134803771973,0.08471107482910156,1.3933706283569336
5,13,16.626625537872314,-214.21671295166016,0.9678386449813843,0.6638745069503784,0.5599103569984436,0.2539641559123993,13.250770807266235,2.102982521057129,3.375818967819214,9.51043152809143,0.11490845680236816,0.08391594886779785,1.3937618732452393
5,14,14.656184196472168,-188.47989196777343,0.9998999834060669,0.620600700378418,0.5085434317588806,0.1844465434551239,13.303125143051147,2.095979690551758,1.3530192375183105,9.576486825942993,0.11473965644836426,0.08419060707092285,1.3870294094085693
5,15,13.920323371887207,-183.89495544433595,0.9998999834060669,0.5068663954734802,0.6074388027191162,0.17485038936138153,12.409109115600586,2.087221145629883,1.5111753940582275,8.660431623458862,0.11470627784729004,0.0836949348449707,1.4180407524108887
5,16,14.041112184524536,-201.25238952636718,0.9998999834060669,0.5877764225006104,0.4994911849498749,0.23302164673805237,12.673352241516113,2.105670213699341,1.3677265644073486,8.935010433197021,0.11399579048156738,0.0838019847869873,1.390486478805542
5,17,15.60179853439331,-192.08529052734374,0.9998999834060669,0.718925952911377,0.4675736725330353,0.16318634152412415,14.242026090621948,2.094670057296753,1.3597335815429688,10.507191181182861,0.1149442195892334,0.08429503440856934,1.3963673114776611
5,18,12.78006887435913,-191.13494262695312,0.9344740509986877,0.7379242181777954,0.5413744449615479,0.24654977023601532,11.45104455947876,2.11653995513916,1.3289868831634521,7.69851016998291,0.11391162872314453,0.08435893058776855,1.3937466144561768
5,19,14.617165803909302,-202.85526123046876,0.9998999834060669,0.5949892401695251,0.4958908259868622,0.2396613359451294,13.292999267578125,2.1307897567749023,1.3241286277770996,9.52587080001831,0.11555957794189453,0.08376049995422363,1.3929126262664795
5,20,13.791307210922241,-197.10542755126954,0.9998999834060669,0.6048294901847839,0.4043312072753906,0.2974708378314972,12.451977252960205,2.1302239894866943,1.3392891883850098,8.688862085342407,0.11423945426940918,0.08482837677001953,1.388932704925537
5,21,12.749778270721436,-181.6439636230469,0.8823069930076599,0.6878988742828369,0.5399566888809204,0.15519195795059204,11.425316572189331,2.070812940597534,1.3244223594665527,7.719694375991821,0.11369919776916504,0.08404064178466797,1.3931386470794678
5,22,13.358699798583984,-119.3247283935547,0.9998999834060669,0.5852798819541931,0.601477324962616,0.03307473286986351,11.949346542358398,2.0854387283325195,1.4093141555786133,8.230767726898193,0.11356854438781738,0.08375191688537598,1.3915021419525146
5,23,16.179348468780518,-184.84294586181642,0.8626412749290466,0.8186145424842834,0.6550855040550232,0.0668753832578659,14.848575353622437,2.0895836353302,1.330740213394165,11.116968393325806,0.11565876007080078,0.08313989639282227,1.3986077308654785
5,24,13.004453182220459,-182.0548828125,0.937288761138916,0.6412370800971985,0.5006865859031677,0.18434974551200867,11.643377780914307,2.0810372829437256,1.3610363006591797,7.925019025802612,0.11426568031311035,0.08442234992980957,1.3940865993499756
5,25,14.539597749710083,-195.68510894775392,0.9998999834060669,0.6703670620918274,0.4362630248069763,0.21707488596439362,13.221298456192017,2.3495383262634277,1.318251609802246,9.20723295211792,0.13058042526245117,0.0877988338470459,1.390350580215454
5,26,13.804035902023315,-193.9810363769531,0.9998999834060669,0.5643566250801086,0.5035921335220337,0.22166471183300018,12.424736261367798,2.102489471435547,1.3792662620544434,8.68751072883606,0.11404538154602051,0.08510708808898926,1.3907837867736816
5,27,14.848638772964478,-215.52536163330078,0.9998999834060669,0.640232264995575,0.6104902625083923,0.1996702253818512,13.52234935760498,2.0860722064971924,1.326249361038208,9.805387258529663,0.11419129371643066,0.08317923545837402,1.3900809288024902
5,28,13.214984655380249,-204.08954010009765,0.9489813446998596,0.6492077112197876,0.5494340658187866,0.24977362155914307,11.87390661239624,2.080470323562622,1.3410389423370361,8.169199466705322,0.11267423629760742,0.08319759368896484,1.3844797611236572
5,29,14.306630611419678,-175.29839782714845,0.9998999834060669,0.5412514805793762,0.6173526644706726,0.13943997025489807,12.928555965423584,2.0847153663635254,1.3780407905578613,9.210829734802246,0.11428642272949219,0.08388829231262207,1.390859842300415
5,30,15.724426984786987,-207.8384246826172,0.9998999834060669,0.6249282956123352,0.6608542799949646,0.1480124592781067,14.38697600364685,2.0914344787597656,1.3374133110046387,10.65710973739624,0.11441278457641602,0.08374762535095215,1.3962838649749756
6,1,10.025093078613281,-28.632414627075196,0.9998999834060669,0.41979873180389404,0.46816888451576233,9.999999747378752e-05,8.660853862762451,1.9268732070922852,1.3641932010650635,5.107136011123657,0.11352753639221191,0.08296847343444824,1.3861286640167236
6,2,10.140357494354248,-16.996338844299316,0.8554664850234985,0.8885496854782104,0.6034585237503052,9.999999747378752e-05,8.77202558517456,1.8071074485778809,1.3682985305786133,5.335728883743286,0.11418461799621582,0.08332490921020508,1.3873541355133057
6,3,9.415186166763306,-35.13020973205566,0.863966166973114,0.41874903440475464,0.4648251533508301,0.08054735511541367,8.082273721694946,1.9446489810943604,1.3328773975372314,4.5078980922698975,0.11397385597229004,0.08378410339355469,1.3873381614685059
6,4,11.650631666183472,-17.093399620056154,0.8359823226928711,0.6184071898460388,0.9903332591056824,9.999999747378752e-05,10.293176174163818,1.809964656829834,1.357422113418579,6.854067325592041,0.11425232887268066,0.08365535736083984,1.3861987590789795
6,5,11.49942398071289,-23.951992988586426,0.9998999834060669,0.41987231373786926,0.405264675617218,9.999999747378752e-05,10.171176433563232,1.9348981380462646,1.3282039165496826,6.601569890975952,0.11408257484436035,0.08338236808776855,1.392690658569336
6,6,10.550082206726074,-15.284759902954102,0.9998999834060669,0.5114908814430237,0.8194589614868164,9.999999747378752e-05,9.2221200466156,1.795724868774414,1.327927827835083,5.7999022006988525,0.11420512199401855,0.0841224193572998,1.3834242820739746
6,7,10.229726076126099,-27.306075286865234,0.9998999834060669,0.3193199336528778,0.5695046782493591,9.999999747378752e-05,8.775441408157349,1.9364190101623535,1.4542467594146729,5.210369825363159,0.11376428604125977,0.08412766456604004,1.386052131652832
6,8,12.1696195602417,-23.543749237060545,0.9998999834060669,0.4142492413520813,0.39947983622550964,9.999999747378752e-05,10.846729278564453,1.9684391021728516,1.3228480815887451,7.2488603591918945,0.11435484886169434,0.08381104469299316,1.386641025543213
6,9,10.517160177230835,-15.74246768951416,0.928938090801239,0.4648600220680237,0.9998999834060669,9.999999747378752e-05,9.169397830963135,1.8081235885620117,1.3477225303649902,5.731903791427612,0.11384391784667969,0.08321595191955566,1.3877067565917969
6,10,10.91775107383728,-28.09689712524414,0.9998999834060669,0.38804158568382263,0.49448060989379883,9.999999747378752e-05,9.478571653366089,1.93361234664917,1.4391446113586426,5.917247533798218,0.11378312110900879,0.08260631561279297,1.3864481449127197
6,11,10.612595796585083,-28.327998161315918,0.9762747883796692,0.45464763045310974,0.44887685775756836,9.999999747378752e-05,9.274717807769775,1.9611306190490723,1.3378345966339111,5.678817987442017,0.11523628234863281,0.08424496650695801,1.38936448097229
6,12,10.258420467376709,-19.885638999938966,0.9998999834060669,0.8178887963294983,0.4962192177772522,0.06789126992225647,8.875524759292603,1.7933027744293213,1.382861852645874,5.451604127883911,0.11315774917602539,0.083465576171875,1.38966965675354
6,13,10.43097186088562,-26.613879776000978,0.9998999834060669,0.4194599390029907,0.42972132563591003,9.999999747378752e-05,9.044824838638306,1.9418909549713135,1.3861079216003418,5.474936246871948,0.11350083351135254,0.08397984504699707,1.3856546878814697
6,14,10.790220022201538,-29.63971519470215,0.9426756501197815,0.5210652351379395,0.4087701141834259,9.999999747378752e-05,9.388279676437378,1.9465525150299072,1.4019012451171875,5.812043190002441,0.11409616470336914,0.08285164833068848,1.3882458209991455
6,15,10.459367513656616,-21.528787040710448,0.9032751321792603,0.5962476134300232,0.8493027687072754,0.06621517986059189,9.103533267974854,1.8032538890838623,1.3557956218719482,5.672325611114502,0.11377096176147461,0.08353161811828613,1.386113166809082
6,16,10.970607280731201,-25.26424617767334,0.9998999834060669,0.37952595949172974,0.45613592863082886,9.999999747378752e-05,9.614084720611572,1.940671443939209,1.3564858436584473,6.042353630065918,0.11389636993408203,0.08357930183410645,1.3887879848480225
6,17,11.016628980636597,-22.371196746826172,0.9998999834060669,0.3326171636581421,0.46458739042282104,9.999999747378752e-05,9.641135454177856,1.944068431854248,1.3754594326019287,6.0705413818359375,0.11385726928710938,0.08293914794921875,1.3851587772369385
6,18,9.502629280090332,-26.816713905334474,0.9998999834060669,0.49638617038726807,0.3511066734790802,9.999999747378752e-05,8.072343349456787,1.944035530090332,1.4302492141723633,4.499372482299805,0.11417961120605469,0.08342814445495605,1.3869590759277344
6,19,10.163669109344482,-17.346301460266112,0.7459324598312378,0.6787370443344116,0.9062027335166931,9.999999747378752e-05,8.815535068511963,1.8056726455688477,1.3480961322784424,5.379766225814819,0.1139686107635498,0.08458352088928223,1.3866229057312012
6,20,9.978538274765015,-20.466873741149904,0.9998999834060669,0.7703298330307007,0.5506480932235718,0.0730227455496788,8.647151470184326,1.8046658039093018,1.331352710723877,5.215922832489014,0.11341476440429688,0.08504247665405273,1.3833024501800537
6,21,10.532780647277832,-21.34771671295166,0.9292951822280884,0.7072107195854187,0.6984332799911499,0.06284249573945999,9.195318460464478,1.7969801425933838,1.3374218940734863,5.764780282974243,0.11419415473937988,0.08393645286560059,1.391021966934204
6,22,11.562220335006714,-25.915063095092773,0.9998999834060669,0.4388527274131775,0.40684548020362854,9.999999747378752e-05,10.223582029342651,1.9374573230743408,1.338597297668457,6.654179573059082,0.11388421058654785,0.08320736885070801,1.3904714584350586
6,23,9.645836353302002,-30.57261428833008,0.8026271462440491,0.44955649971961975,0.5846822261810303,9.999999747378752e-05,8.294755458831787,1.9349970817565918,1.351046085357666,4.735198974609375,0.11394286155700684,0.08402180671691895,1.3817799091339111
6,24,11.915143013000488,-27.46731643676758,0.9998999834060669,0.38632750511169434,0.4780983626842499,9.999999747378752e-05,10.589569091796875,1.952850580215454,1.3255362510681152,6.985572338104248,0.11358785629272461,0.08346390724182129,1.4097108840942383
6,25,10.229459762573242,-25.60055809020996,0.9998999834060669,0.5285016894340515,0.32699888944625854,9.999999747378752e-05,8.854544401168823,1.9738619327545166,1.3748764991760254,5.247164249420166,0.11503291130065918,0.08480572700500488,1.389047384262085
6,26,10.8733651638031,-24.524850273132323,0.9998999834060669,0.4356984496116638,0.3947993814945221,9.999999747378752e-05,9.550360202789307,1.9391305446624756,1.322967290878296,5.984061002731323,0.11388087272644043,0.08370089530944824,1.3849775791168213
6,27,10.44277286529541,-25.53885841369629,0.9998999834060669,0.4199006259441376,0.4255255460739136,9.999999747378752e-05,9.06898832321167,1.9395725727081299,1.3737504482269287,5.500361442565918,0.11357879638671875,0.0828707218170166,1.387812852859497
6,28,10.386162042617798,-31.835744094848632,0.9603540897369385,0.37481701374053955,0.46788352727890015,0.024886878207325935,9.031373977661133,1.9645085334777832,1.3547537326812744,5.449695110321045,0.11366939544677734,0.08249306678771973,1.3775107860565186
6,29,10.066156387329102,-27.66794090270996,0.9998999834060669,0.40631261467933655,0.4656500816345215,9.999999747378752e-05,8.732101678848267,1.942997932434082,1.334017276763916,5.160227537155151,0.11385917663574219,0.08356785774230957,1.386721134185791
6,30,10.988574266433716,-24.629483222961426,0.9998999834060669,0.4611409902572632,0.38673481345176697,9.999999747378752e-05,9.624260425567627,1.9418683052062988,1.3642768859863281,6.051791667938232,0.11375784873962402,0.08353996276855469,1.3886806964874268
7,1,16.774282455444336,-265.29217224121095,0.9521425366401672,0.6413971781730652,0.46201494336128235,0.032206401228904724,15.41666316986084,2.2363245487213135,1.3575851917266846,11.54575514793396,0.11402487754821777,0.08344817161560059,1.3927459716796875
7,2,16.724529504776,-263.5566741943359,0.9993011355400085,0.6514820456504822,0.4249866008758545,0.04268816486001015,15.37890625,2.2336630821228027,1.3455824851989746,11.514232158660889,0.11358332633972168,0.0836801528930664,1.3892848491668701
7,3,16.90787959098816,-244.2041015625,0.9487256407737732,0.6601836085319519,0.49468666315078735,0.03776371106505394,15.574204444885254,2.236443042755127,1.3336360454559326,11.702703475952148,0.11407685279846191,0.08371758460998535,1.3929736614227295
7,4,15.882453918457031,-269.9825439453125,0.9350632429122925,0.6598166823387146,0.4659608006477356,0.032218679785728455,14.540210247039795,2.3758339881896973,1.3421838283538818,10.490145444869995,0.132127046585083,0.0889580249786377,1.39272141456604
7,5,18.243022441864014,-233.6865997314453,0.9701192378997803,0.6037579774856567,0.5120355486869812,9.999999747378752e-05,14.872474670410156,2.3229117393493652,3.370509147644043,10.901379346847534,0.11645150184631348,0.08571934700012207,1.4002857208251953
7,6,18.75471520423889,-262.0535064697266,0.9998999834060669,0.559804379940033,0.4416123628616333,0.05914786458015442,15.357587575912476,2.259822130203247,3.3970937728881836,11.443991899490356,0.11678957939147949,0.08476471900939941,1.4071006774902344
7,7,19.962167024612427,-239.93934020996093,0.9998999834060669,0.6123887896537781,0.4843725562095642,0.0476188138127327,16.649702310562134,2.2391562461853027,3.3124217987060547,12.77165150642395,0.11392354965209961,0.08359670639038086,1.3967642784118652
7,8,19.59951639175415,-227.89420318603516,0.9867585897445679,0.6401702165603638,0.4679529070854187,9.999999747378752e-05,16.342453956604004,2.2433624267578125,3.257019519805908,12.134614944458008,0.11417460441589355,0.08366274833679199,1.722172498703003
7,9,17.764586448669434,-269.7429504394531,0.9655418395996094,0.629071831703186,0.4742485582828522,0.04771341755986214,14.435306310653687,2.252418041229248,3.3292388916015625,10.542918682098389,0.11606216430664062,0.08492660522460938,1.3939988613128662
7,10,15.840187311172485,-247.66611938476564,0.9924782514572144,0.5918500423431396,0.48789501190185547,0.036805715411901474,14.475830554962158,2.230591058731079,1.3643147945404053,10.607853174209595,0.1142885684967041,0.08352160453796387,1.3951075077056885
7,11,18.16011905670166,-256.66215362548826,0.9998999834060669,0.6399028301239014,0.4778904616832733,0.034998830407857895,16.814780712127686,2.2239887714385986,1.34529709815979,12.954633712768555,0.11390876770019531,0.08321642875671387,1.3947439193725586
7,12,16.74274230003357,-246.52348937988282,0.9791167974472046,0.6519004702568054,0.481224000453949,0.0030605720821768045,15.423147201538086,2.229431390762329,1.319561243057251,11.556146383285522,0.11355137825012207,0.0836641788482666,1.3960590362548828
7,13,17.223039627075195,-235.4335144042969,0.9998999834060669,0.6549057960510254,0.44985273480415344,0.046322669833898544,15.868218421936035,2.2551538944244385,1.354783535003662,11.972829818725586,0.11448073387145996,0.08402752876281738,1.3966102600097656
7,14,16.62590456008911,-270.24505004882815,0.9998999834060669,0.6237688660621643,0.3896775543689728,0.07134974002838135,15.282756805419922,2.232801675796509,1.3431065082550049,11.415003538131714,0.1139841079711914,0.08329892158508301,1.393542766571045
7,15,16.46622371673584,-266.429150390625,0.9998999834060669,0.6024177670478821,0.43193304538726807,0.05446445196866989,15.109709978103638,2.2339353561401367,1.3564691543579102,11.240964889526367,0.11409473419189453,0.08461809158325195,1.391331434249878
7,16,15.543916702270508,-274.75806884765626,0.9552236795425415,0.6003320217132568,0.46526557207107544,0.05634310469031334,14.19538426399231,2.242506742477417,1.3484985828399658,10.319537162780762,0.11381244659423828,0.08417344093322754,1.3911585807800293
7,17,15.633577108383179,-265.028857421875,0.9768909215927124,0.6208944916725159,0.46652403473854065,0.041500821709632874,14.286344766616821,2.223783493041992,1.3471996784210205,10.430532455444336,0.11359477043151855,0.08417129516601562,1.3895277976989746
7,18,15.98836898803711,-284.88315734863284,0.9870959520339966,0.6195844411849976,0.4393734037876129,0.059621307998895645,14.643485069274902,2.242483139038086,1.344848871231079,10.768414974212646,0.1136789321899414,0.08389663696289062,1.3908419609069824
7,19,17.39169478416443,-227.38968353271486,0.9998999834060669,0.6404290199279785,0.4648132920265198,9.999999747378752e-05,16.03823947906494,2.3012120723724365,1.3534138202667236,12.099183082580566,0.11430692672729492,0.08444547653198242,1.394301414489746
7,20,15.982435703277588,-265.84864501953126,0.9872179627418518,0.5938728451728821,0.4869479238986969,0.052131377160549164,14.618422746658325,2.2346649169921875,1.3639800548553467,10.752158641815186,0.11349654197692871,0.08400774002075195,1.3895599842071533
7,21,16.303218603134155,-260.197900390625,0.9998999834060669,0.6096591353416443,0.45062586665153503,0.039302386343479156,14.975298166275024,2.2392282485961914,1.3278875350952148,11.098797798156738,0.11344742774963379,0.0839073657989502,1.3957011699676514
7,22,17.9044930934906,-243.8859405517578,0.996156632900238,0.6782698035240173,0.43024152517318726,0.04965686798095703,16.55998468399048,2.2511348724365234,1.3444697856903076,12.671046257019043,0.1139519214630127,0.0849907398223877,1.394474744796753
7,23,17.40618896484375,-239.7801025390625,0.9998999834060669,0.6361955404281616,0.45649734139442444,0.011828048154711723,16.077635765075684,2.243687868118286,1.328519582748413,12.20276665687561,0.11455821990966797,0.0829153060913086,1.3891444206237793
7,24,16.491803646087646,-260.86585540771483,0.9998999834060669,0.6288283467292786,0.47582003474235535,0.0389224998652935,15.12301254272461,2.246671438217163,1.368750810623169,11.238211631774902,0.11411690711975098,0.08410811424255371,1.3954312801361084
7,25,15.973452806472778,-248.88096618652344,0.9414127469062805,0.6781920194625854,0.4690115451812744,0.04036349430680275,14.58995795249939,2.2332019805908203,1.3834524154663086,10.71677565574646,0.11422920227050781,0.08359694480895996,1.3971836566925049
7,26,15.799442768096924,-267.99134826660156,0.9334613084793091,0.6775227785110474,0.44703927636146545,0.033406469970941544,14.281351804733276,2.237546443939209,1.5180513858795166,10.411960363388062,0.1133122444152832,0.08248090744018555,1.3921504020690918
7,27,16.71237087249756,-237.21420440673828,0.9399412274360657,0.6616150736808777,0.49340200424194336,9.999999747378752e-05,15.347055912017822,2.241018056869507,1.3652822971343994,11.470643043518066,0.11420536041259766,0.08414340019226074,1.392073392868042
7,28,17.079954862594604,-248.46996154785157,0.9900843501091003,0.6790837049484253,0.4369563162326813,0.036444999277591705,15.734938144683838,2.2293777465820312,1.3449773788452148,11.854793548583984,0.1131296157836914,0.08380699157714844,1.409722089767456
7,29,16.45358943939209,-268.05693969726565,0.9998999834060669,0.6341424584388733,0.4368959367275238,0.038481906056404114,15.034924745559692,2.245481014251709,1.418623924255371,11.153723001480103,0.11425089836120605,0.0834047794342041,1.393575668334961
7,30,16.813334941864014,-223.65341186523438,0.9998999834060669,0.6352221965789795,0.45268115401268005,9.999999747378752e-05,15.436237096786499,2.246004819869995,1.3770544528961182,11.56136679649353,0.11354827880859375,0.08375287055969238,1.3873388767242432
8,1,23.418391942977905,-3450.9965576171876,0.9760229587554932,0.6155135631561279,0.5924211740493774,0.18857060372829437,22.069891929626465,2.5376811027526855,1.3484828472137451,17.890485525131226,0.11429262161254883,0.08484268188476562,1.3982365131378174
8,2,23.140316486358643,-3423.03876953125,0.9744505882263184,0.6175423264503479,0.5854418873786926,0.17265109717845917,21.773944854736328,2.543627977371216,1.3663549423217773,17.588399171829224,0.11475515365600586,0.08481812477111816,1.3983964920043945
8,3,23.71625018119812,-3403.2455810546876,0.9730588793754578,0.6180824637413025,0.5895899534225464,0.17573677003383636,22.25404715538025,2.5602378845214844,1.4621849060058594,18.051403760910034,0.11405825614929199,0.08619308471679688,1.3974099159240723
8,4,23.26901650428772,-3469.3333984375,0.9663641452789307,0.6143963932991028,0.5915164351463318,0.19286341965198517,21.92098379135132,2.5766453742980957,1.3480165004730225,17.700841903686523,0.11468815803527832,0.08684635162353516,1.3969883918762207
8,5,23.903896808624268,-3429.08671875,0.976230800151825,0.6202273368835449,0.5886175632476807,0.17928773164749146,22.544966459274292,2.539090394973755,1.3589112758636475,18.366814374923706,0.11396074295043945,0.08496212959289551,1.3959851264953613
8,6,24.306655406951904,-3398.8955810546877,0.9725750684738159,0.6190839409828186,0.5884220004081726,0.1723492592573166,22.928643703460693,2.5451855659484863,1.3779940605163574,18.74126124382019,0.11364436149597168,0.08497786521911621,1.399552583694458
8,7,22.869277715682983,-3454.4694580078126,0.9523505568504333,0.6165811419487,0.5870651006698608,0.19162558019161224,21.51075577735901,2.549084186553955,1.3585035800933838,17.31962490081787,0.11444830894470215,0.08567142486572266,1.3974947929382324
8,8,25.275201320648193,-3382.1695068359377,0.9825571179389954,0.6202971339225769,0.5881457924842834,0.17082805931568146,23.9018611907959,2.5692856311798096,1.3733227252960205,19.67936110496521,0.11558008193969727,0.0862722396850586,1.4057865142822266
8,9,23.212199926376343,-3430.34091796875,0.970444917678833,0.6133888363838196,0.5920616984367371,0.19070123136043549,21.877405405044556,2.5330002307891846,1.3347768783569336,17.697670936584473,0.11423921585083008,0.08496880531311035,1.4034786224365234
8,10,23.61857581138611,-3431.1254150390623,0.9721181392669678,0.6213768720626831,0.5921266078948975,0.16866673529148102,22.27300262451172,2.5304462909698486,1.3455572128295898,18.099066495895386,0.11385107040405273,0.08566045761108398,1.400083303451538
8,11,22.14723801612854,-3587.18115234375,0.9445233941078186,0.5956097841262817,0.5619683861732483,0.21514661610126495,20.79785466194153,2.538059949874878,1.3493688106536865,16.616713762283325,0.11377406120300293,0.08577775955200195,1.3993780612945557
8,12,23.357988595962524,-3437.67373046875,0.9647770524024963,0.6231936812400818,0.5844000577926636,0.18515025079250336,22.017008781433105,2.530442714691162,1.3409645557403564,17.84185004234314,0.11388587951660156,0.08537864685058594,1.4010732173919678
8,13,23.37264657020569,-3439.1529296875,0.9533076882362366,0.6250799894332886,0.5890417098999023,0.1889684498310089,22.021682262420654,2.5308847427368164,1.350947380065918,17.84994125366211,0.11382627487182617,0.08496522903442383,1.3979361057281494
8,14,24.090328454971313,-3421.3448974609373,0.975328266620636,0.6138450503349304,0.5904363393783569,0.1752263903617859,22.734962224960327,2.6880674362182617,1.355348825454712,18.3573317527771,0.13339495658874512,0.09045147895812988,1.40647292137146
8,15,25.014644145965576,-3444.1117431640623,0.9738963842391968,0.6101315021514893,0.5905212163925171,0.18921852111816406,21.686633586883545,2.531395673751831,3.3279917240142822,17.49879264831543,0.1156468391418457,0.08695578575134277,1.4090590476989746
8,16,25.605169773101807,-3413.481591796875,0.969456672668457,0.6234346032142639,0.581025242805481,0.17729228734970093,22.31339383125305,2.560595989227295,3.2917604446411133,18.0997371673584,0.11737799644470215,0.0868082046508789,1.4037983417510986
8,17,24.86871838569641,-3485.44736328125,0.9711285829544067,0.6133443117141724,0.5906266570091248,0.19210495054721832,21.627222299575806,2.592658758163452,3.24147891998291,17.3877432346344,0.11585140228271484,0.08566045761108398,1.4010899066925049
8,18,24.966264486312866,-3552.78515625,0.9482518434524536,0.6012293100357056,0.5297205448150635,0.21104739606380463,21.408573389053345,2.5287914276123047,3.5576765537261963,17.234485864639282,0.11467695236206055,0.08575868606567383,1.4001150131225586
8,19,23.33098292350769,-3458.43798828125,0.9616968631744385,0.615232527256012,0.5933536291122437,0.18597696721553802,21.98724603652954,2.5364160537719727,1.3437190055847168,17.80341601371765,0.11464977264404297,0.0859076976776123,1.4025752544403076
8,20,23.149799585342407,-3416.6925537109373,0.9734813570976257,0.6170205473899841,0.5907496809959412,0.18131062388420105,21.832875728607178,2.5633997917175293,1.316906213760376,17.625465154647827,0.11454415321350098,0.08610820770263672,1.398740291595459
8,21,22.965375661849976,-3475.0451171875,0.9647923111915588,0.6184085011482239,0.5915507078170776,0.19327619671821594,21.627163648605347,2.5299322605133057,1.338196039199829,17.452027320861816,0.11454010009765625,0.08495187759399414,1.4017865657806396
8,22,23.497509479522705,-3400.9494873046874,0.9726526141166687,0.61661696434021,0.5891760587692261,0.17704173922538757,22.05462884902954,2.545193910598755,1.4428651332855225,17.858799695968628,0.11455368995666504,0.0859217643737793,1.4057483673095703
8,23,23.020408630371094,-3477.814599609375,0.9600635170936584,0.6226451992988586,0.588230550289154,0.1886146366596222,21.681952953338623,2.550635814666748,1.3384382724761963,17.487030506134033,0.11445856094360352,0.0859518051147461,1.3995699882507324
8,24,23.405126571655273,-3435.695751953125,0.9628314971923828,0.6165004372596741,0.5916328430175781,0.1902451515197754,21.92643666267395,2.5652613639831543,1.4786736965179443,17.71592879295349,0.11552643775939941,0.08663821220397949,1.397885799407959
8,25,24.049771785736084,-3325.4553955078127,0.937962532043457,0.5785834193229675,0.5621901750564575,0.12103612720966339,22.65462327003479,2.5376715660095215,1.395129919052124,18.473966360092163,0.11440157890319824,0.08507418632507324,1.3991234302520752
8,26,23.236544609069824,-3466.5742431640624,0.9582029581069946,0.6227597594261169,0.5920935869216919,0.1852993369102478,21.909584522247314,2.5431084632873535,1.3269438743591309,17.725340366363525,0.11449694633483887,0.08493351936340332,1.3973324298858643
8,27,23.4653217792511,-3456.3172607421875,0.9733864665031433,0.6116222143173218,0.5935659408569336,0.18219038844108582,22.09566044807434,2.5576047897338867,1.369643211364746,17.890499114990234,0.11466693878173828,0.08611845970153809,1.4022111892700195
8,28,23.10811996459961,-3424.042578125,0.9632737040519714,0.6153388023376465,0.5928441882133484,0.1630483865737915,21.7750825881958,2.5324103832244873,1.333022117614746,17.600232124328613,0.11476588249206543,0.08519291877746582,1.3982667922973633
8,29,22.764419555664062,-3458.7154052734377,0.9561090469360352,0.6136956810951233,0.5924806594848633,0.19294820725917816,21.428268432617188,2.5384421348571777,1.3361361026763916,17.252000331878662,0.1145179271697998,0.08502507209777832,1.3942577838897705
8,30,23.385175704956055,-3440.0396484375,0.9711548089981079,0.6153545379638672,0.5906080603599548,0.17865623533725739,22.013747215270996,2.5313193798065186,1.3714096546173096,17.836764097213745,0.11473369598388672,0.08560824394226074,1.4009156227111816
9,1,28.871829748153687,-8942.31435546875,0.9605225920677185,0.6154133081436157,0.5920355916023254,0.19342364370822906,27.485551118850708,2.689007043838501,1.386232852935791,23.14248037338257,0.11529064178466797,0.08649563789367676,1.4077184200286865
9,2,29.742436170578003,-8879.40068359375,0.9719153046607971,0.6197074055671692,0.5889933109283447,0.18478602170944214,28.27438449859619,2.679288625717163,1.468015193939209,23.94339084625244,0.11433815956115723,0.08623290061950684,1.406883716583252
9,3,29.53895902633667,-8917.07431640625,0.972003698348999,0.6188278198242188,0.58540278673172,0.18658018112182617,28.169230461120605,2.6825249195098877,1.369685411453247,23.833985328674316,0.1147463321685791,0.08727240562438965,1.4060883522033691
9,4,29.123361110687256,-8869.16611328125,0.9696330428123474,0.6150510907173157,0.588195264339447,0.18280218541622162,27.7480628490448,2.677643060684204,1.375260591506958,23.417890548706055,0.11486411094665527,0.08569979667663574,1.4074580669403076
9,5,29.080774545669556,-9007.4783203125,0.9620535969734192,0.6149718761444092,0.5912979245185852,0.19071093201637268,27.742605686187744,2.6684274673461914,1.3381190299987793,23.420995235443115,0.11480998992919922,0.08594489097595215,1.4081618785858154
9,6,29.745203733444214,-8865.59609375,0.9749612808227539,0.6167082190513611,0.5870047211647034,0.18689046800136566,28.386562824249268,2.68159556388855,1.358597993850708,24.055594205856323,0.1145167350769043,0.08524537086486816,1.4054157733917236
9,7,29.42719554901123,-8887.06162109375,0.9625042080879211,0.6195967197418213,0.591260552406311,0.18868593871593475,28.063358068466187,2.685318946838379,1.3637886047363281,23.720688343048096,0.11667060852050781,0.08724212646484375,1.4086873531341553
9,8,29.77925133705139,-8799.70048828125,0.977763831615448,0.6148408651351929,0.5854709148406982,0.19003747403621674,28.436030387878418,2.724416971206665,1.3431768417358398,24.06015968322754,0.11543893814086914,0.08772850036621094,1.4033191204071045
9,9,28.54181742668152,-8947.13701171875,0.955397367477417,0.6166264414787292,0.588290274143219,0.19011060893535614,27.19395422935486,2.6719138622283936,1.3478167057037354,22.87334656715393,0.11436152458190918,0.08631277084350586,1.4038348197937012
9,10,28.686201333999634,-9035.19013671875,0.9485927820205688,0.6179609298706055,0.5867742300033569,0.19435696303844452,27.27202606201172,2.674901008605957,1.414137363433838,22.9489426612854,0.11469578742980957,0.08643198013305664,1.4022915363311768
9,11,29.54039478302002,-8833.41220703125,0.9730038046836853,0.6153674125671387,0.5896349549293518,0.1855114847421646,28.128575801849365,2.683473825454712,1.4117710590362549,23.793805837631226,0.11400938034057617,0.08709430694580078,1.4057118892669678
9,12,29.70339298248291,-8871.11044921875,0.9708689451217651,0.6174198985099792,0.5860803127288818,0.19084535539150238,28.34387493133545,2.844146490097046,1.3594563007354736,23.794397115707397,0.14086556434631348,0.08960127830505371,1.4088554382324219
9,13,29.04966974258423,-8879.5037109375,0.9631771445274353,0.6191712021827698,0.5861891508102417,0.18984949588775635,27.6793212890625,2.680370330810547,1.3703007698059082,23.33823823928833,0.11448955535888672,0.08693170547485352,1.4142205715179443
9,14,29.856566190719604,-8880.28720703125,0.9616483449935913,0.6174504160881042,0.5890631079673767,0.18479466438293457,27.498518705368042,2.7420952320098877,2.357997417449951,23.084348440170288,0.11641955375671387,0.08839106559753418,1.4217865467071533
9,15,31.488431453704834,-8869.7451171875,0.9725672006607056,0.6166618466377258,0.5874710083007812,0.18126080930233002,28.228039026260376,2.6824538707733154,3.260349750518799,23.893463373184204,0.1148369312286377,0.08483242988586426,1.4083251953125
9,16,31.876823663711548,-8878.282421875,0.9701164364814758,0.6238030195236206,0.5811110138893127,0.18542994558811188,28.571359157562256,2.6717581748962402,3.3054254055023193,24.242846488952637,0.11491680145263672,0.08635616302490234,1.4105331897735596
9,17,30.275476217269897,-8959.4330078125,0.934072732925415,0.6200931668281555,0.587801992893219,0.19151127338409424,26.94914722442627,2.6929287910461426,3.326291799545288,22.610081911087036,0.11438274383544922,0.08484029769897461,1.4031586647033691
9,18,29.043330192565918,-8982.2923828125,0.9643940329551697,0.6185638308525085,0.5870828032493591,0.19290480017662048,27.677489519119263,2.6798572540283203,1.3658034801483154,23.34866690635681,0.11479830741882324,0.08633780479431152,1.4032893180847168
9,19,29.196967601776123,-8900.71943359375,0.9657918214797974,0.6151102781295776,0.589323878288269,0.186745747923851,27.841575384140015,2.6791911125183105,1.3553493022918701,23.50526475906372,0.11556792259216309,0.0867300033569336,1.4106481075286865
9,20,28.826154708862305,-8948.166796875,0.9634080529212952,0.6147853136062622,0.592703104019165,0.18746644258499146,27.442537784576416,2.719801902770996,1.383579969406128,23.07383394241333,0.1144404411315918,0.08619236946105957,1.4043495655059814
9,21,30.165857553482056,-8852.34853515625,0.9781266450881958,0.6167410016059875,0.5883733034133911,0.18467958271503448,28.760711669921875,2.6818721294403076,1.405106544494629,24.427276611328125,0.11460185050964355,0.08578610420227051,1.4065723419189453
9,22,29.202577829360962,-8828.2875,0.9720550179481506,0.6254464387893677,0.5795279145240784,0.1826898604631424,27.763158321380615,2.6831161975860596,1.439375638961792,23.433172464370728,0.1141664981842041,0.0855553150177002,1.4029450416564941
9,23,29.653603315353394,-8892.496875,0.9667245745658875,0.6165355443954468,0.5877838134765625,0.18576471507549286,28.245532989501953,2.684159994125366,1.4080240726470947,23.903664588928223,0.11475276947021484,0.08627629280090332,1.412255048751831
9,24,28.877206802368164,-8883.71259765625,0.9638960361480713,0.6170817613601685,0.5886929631233215,0.1861928105354309,27.521422624588013,2.6669135093688965,1.3557400703430176,23.193686962127686,0.1149141788482666,0.08614635467529297,1.415283203125
9,25,30.666041612625122,-8885.47353515625,0.9644171595573425,0.6176730990409851,0.5899951457977295,0.18750609457492828,29.260961055755615,2.828488826751709,1.4050276279449463,24.728400707244873,0.13827872276306152,0.08954143524169922,1.4099721908569336
9,26,28.803377628326416,-8976.35673828125,0.9489694237709045,0.6200030446052551,0.5874345898628235,0.19231268763542175,27.382928133010864,2.6945619583129883,1.4204115867614746,23.038848400115967,0.11493754386901855,0.08615946769714355,1.4040284156799316
9,27,29.802406072616577,-8814.67958984375,0.9764356017112732,0.6170833706855774,0.5898221135139465,0.18073631823062897,28.423141956329346,2.6775102615356445,1.3792228698730469,24.09367036819458,0.11406326293945312,0.08595061302185059,1.4077885150909424
9,28,29.465413331985474,-8843.45546875,0.9706821441650391,0.6190683245658875,0.5804165005683899,0.18760964274406433,28.104450225830078,2.6841042041778564,1.36091947555542,23.76991629600525,0.1137397289276123,0.08649754524230957,1.4061856269836426
9,29,30.549640893936157,-8859.89765625,0.974360466003418,0.6157838106155396,0.5906537771224976,0.18694935739040375,29.16352152824402,2.696298122406006,1.386073350906372,24.79906678199768,0.11491942405700684,0.08774924278259277,1.420515775680542
9,30,29.570637226104736,-8791.49560546875,0.9729953408241272,0.6165677309036255,0.5863133668899536,0.18226949870586395,28.226062297821045,2.7343361377716064,1.344536304473877,23.83552622795105,0.11566019058227539,0.08691859245300293,1.408928632736206
10,1,37.234375953674316,-22769.5640625,0.9691909551620483,0.6140749454498291,0.5895070433616638,0.19271616637706757,35.87347674369812,2.8064541816711426,1.3608806133270264,31.409897327423096,0.11399269104003906,0.08707308769226074,1.4120407104492188
10,2,36.762561321258545,-22828.0533203125,0.9712346196174622,0.61635422706604,0.5775198936462402,0.1957671344280243,35.36831545829773,2.805044651031494,1.3942253589630127,30.90161108970642,0.11440205574035645,0.08815479278564453,1.414910078048706
10,3,37.162676095962524,-22715.2150390625,0.9652923345565796,0.6188784241676331,0.5838800072669983,0.1922823041677475,35.76023864746094,2.82733416557312,1.4024183750152588,31.271970987319946,0.11425590515136719,0.08796000480651855,1.414959192276001
10,4,37.3438777923584,-22988.158984375,0.9722679257392883,0.5984444618225098,0.5335288047790527,0.20771139860153198,35.98225808143616,3.0189311504364014,1.3615999221801758,31.24924874305725,0.14114093780517578,0.09183692932128906,1.4169762134552002
10,5,36.99663758277893,-22666.544140625,0.9759510159492493,0.6140768527984619,0.5841718316078186,0.19388365745544434,35.60171604156494,2.812056541442871,1.3949015140533447,31.13040566444397,0.1147315502166748,0.08805227279663086,1.412386417388916
10,6,38.36670470237732,-22793.7501953125,0.9712535738945007,0.6141775846481323,0.5869477391242981,0.1939983367919922,36.94088268280029,2.823786735534668,1.4258029460906982,32.45713257789612,0.1145329475402832,0.08867979049682617,1.4127702713012695
10,7,37.55782604217529,-22636.734765625,0.973764181137085,0.6168341040611267,0.5792450308799744,0.19264547526836395,36.1274037361145,2.839491128921509,1.4304015636444092,31.62387776374817,0.1152498722076416,0.08858442306518555,1.415846824645996
10,8,38.728595495224,-22648.71640625,0.9785362482070923,0.6159814596176147,0.5786821246147156,0.19096609950065613,37.36959195137024,2.8224713802337646,1.3589844703674316,32.88377332687378,0.11492085456848145,0.08858799934387207,1.4156367778778076
10,9,39.41018533706665,-22725.85,0.9730202555656433,0.615650475025177,0.580661952495575,0.19341428577899933,36.12591052055359,2.8588664531707764,3.284255266189575,31.58721423149109,0.11718988418579102,0.09068942070007324,1.4268043041229248
10,10,40.76117825508118,-22642.1474609375,0.9772591590881348,0.6151813268661499,0.5805925130844116,0.19039905071258545,37.44035291671753,2.8849315643310547,3.320803165435791,32.8993022441864,0.1144413948059082,0.08818483352661133,1.4095978736877441
10,11,39.01226758956909,-23057.7533203125,0.9670899510383606,0.6035997271537781,0.5417020916938782,0.2085387408733368,35.6188006401062,2.8215677738189697,3.3934483528137207,31.130091190338135,0.1168220043182373,0.08838605880737305,1.4167907238006592
10,12,37.35045838356018,-23100.183203125,0.9677509069442749,0.5991522073745728,0.545037031173706,0.2064417153596878,35.90982413291931,2.8478586673736572,1.4406137466430664,31.395129919052124,0.11539793014526367,0.0891878604888916,1.4175641536712646
10,13,36.87072396278381,-22808.2033203125,0.9658835530281067,0.6147307753562927,0.5870380997657776,0.1944575011730194,35.440531969070435,2.8210694789886475,1.4301724433898926,30.95261311531067,0.11545181274414062,0.08861017227172852,1.4183943271636963
10,14,37.66659140586853,-22803.7759765625,0.9729666113853455,0.6161966919898987,0.5821198225021362,0.19535298645496368,36.294217348098755,2.835922956466675,1.3723540306091309,31.790273666381836,0.1154787540435791,0.08913564682006836,1.419051170349121
10,15,38.36536908149719,-22661.53125,0.9724009037017822,0.6155276894569397,0.5866383910179138,0.192811980843544,36.96870136260986,2.8197274208068848,1.3966484069824219,32.49027442932129,0.11498403549194336,0.08782815933227539,1.4115869998931885
10,16,37.371530294418335,-22700.45234375,0.9739893078804016,0.6142587065696716,0.5849320888519287,0.19386601448059082,36.00386428833008,2.8472912311553955,1.367647409439087,31.492600679397583,0.11532187461853027,0.08852171897888184,1.4155128002166748
10,17,37.42898488044739,-22586.340625,0.9727731943130493,0.6180523037910461,0.5775248408317566,0.19030554592609406,36.08433270454407,2.8270463943481445,1.3446309566497803,31.59433364868164,0.11593461036682129,0.08929204940795898,1.4131059646606445
10,18,37.74943780899048,-22644.513671875,0.9671804308891296,0.615250289440155,0.5865457057952881,0.19004614651203156,36.39047193527222,2.8320469856262207,1.3589468002319336,31.891123294830322,0.11571860313415527,0.08953976631164551,1.4177131652832031
10,19,37.571911573410034,-22754.5484375,0.9699346423149109,0.618449330329895,0.5778971314430237,0.19459737837314606,36.186609506607056,2.825753688812256,1.3852837085723877,31.700074195861816,0.11494612693786621,0.08860015869140625,1.4127092361450195
10,20,36.89690637588501,-23006.8658203125,0.9664088487625122,0.602591335773468,0.542922854423523,0.20053841173648834,35.502891540527344,2.8395400047302246,1.3939952850341797,31.001827478408813,0.11560368537902832,0.08853816986083984,1.4127192497253418
10,21,37.34665107727051,-22714.88671875,0.967095673084259,0.6162911057472229,0.5844464302062988,0.19248230755329132,35.71953892707825,2.8298234939575195,1.6270933151245117,31.229599714279175,0.11518025398254395,0.08803629875183105,1.4125466346740723
10,22,37.07640719413757,-23086.3408203125,0.9670507907867432,0.5992021560668945,0.54047030210495,0.20789025723934174,35.62209749221802,2.8403546810150146,1.4542911052703857,31.118242025375366,0.11551356315612793,0.08882331848144531,1.4146993160247803
10,23,37.14042520523071,-22753.527734375,0.9732838869094849,0.6168186068534851,0.5816826820373535,0.19499549269676208,35.77501702308655,2.826836585998535,1.3653881549835205,31.288880348205566,0.11489033699035645,0.08869266510009766,1.4112482070922852
10,24,36.840535402297974,-22681.753125,0.9646161794662476,0.6188960075378418,0.5835580229759216,0.1939007192850113,35.46642255783081,2.836026668548584,1.3740949630737305,30.971935510635376,0.1148993968963623,0.08852052688598633,1.4104230403900146
10,25,36.92187213897705,-22853.8462890625,0.9657644033432007,0.6174647808074951,0.5838122963905334,0.19570501148700714,35.58439540863037,2.833756446838379,1.3374576568603516,31.09177255630493,0.1155235767364502,0.08795762062072754,1.4109115600585938
10,26,37.254950284957886,-22808.3982421875,0.9686979055404663,0.6140655875205994,0.5862328410148621,0.19478042423725128,35.78236746788025,2.838754892349243,1.4725627899169922,31.25752091407776,0.11512279510498047,0.10191011428833008,1.4245500564575195
10,27,37.37896370887756,-22821.7591796875,0.9651401042938232,0.6147286891937256,0.5879205465316772,0.19500596821308136,36.02849745750427,2.8239665031433105,1.3504462242126465,31.543459177017212,0.11472797393798828,0.08897161483764648,1.4131500720977783
10,28,39.161781311035156,-22547.1640625,0.9817653298377991,0.6162217855453491,0.5805558562278748,0.18842782080173492,37.76586103439331,2.815311908721924,1.3958969116210938,33.284844160079956,0.11516070365905762,0.08865952491760254,1.4174976348876953
10,29,37.54323720932007,-22712.5509765625,0.9724181890487671,0.6152414679527283,0.5810938477516174,0.1949322372674942,36.10443878173828,2.862088918685913,1.4387774467468262,31.569122314453125,0.12046957015991211,0.09033536911010742,1.4144163131713867
10,30,38.73982834815979,-22970.9869140625,0.9694006443023682,0.6035633683204651,0.5422362089157104,0.20557396113872528,35.38263964653015,2.857314109802246,3.357168197631836,30.849172592163086,0.11655783653259277,0.09029507637023926,1.423780918121338
11,1,51.03105545043945,-57423.9734375,0.976428747177124,0.5985855460166931,0.5392993688583374,0.19813984632492065,47.46063280105591,2.9786734580993652,3.570371627807617,42.77574062347412,0.11666560173034668,0.09421348571777344,1.4491627216339111
11,2,50.0868124961853,-57755.4125,0.9731217622756958,0.5991356372833252,0.535737931728363,0.20445796847343445,46.72056269645691,2.9622788429260254,3.366206645965576,42.07150363922119,0.11532020568847656,0.09419584274291992,1.4315767288208008
11,3,48.20544958114624,-57578.796484375,0.9805236458778381,0.5898544192314148,0.5370075702667236,0.20557714998722076,46.776440382003784,2.9655609130859375,1.4289658069610596,42.12928342819214,0.11481237411499023,0.09193158149719238,1.4298839569091797
11,4,48.1512885093689,-57793.82734375,0.9689670205116272,0.597205638885498,0.5373343825340271,0.20149609446525574,46.7552855014801,2.9986298084259033,1.3959565162658691,42.082746505737305,0.11426520347595215,0.08993101119995117,1.4248898029327393
11,5,48.77260875701904,-57508.762890625,0.9762501120567322,0.5944176316261292,0.5404514670372009,0.20129406452178955,47.34970808029175,2.9747087955474854,1.4228487014770508,42.687827825546265,0.1159670352935791,0.09162139892578125,1.434007167816162
11,6,47.603994607925415,-57836.81015625,0.9703896045684814,0.6008278727531433,0.5445007681846619,0.20497001707553864,46.20099639892578,2.969724416732788,1.4029464721679688,41.551071643829346,0.11504077911376953,0.09118509292602539,1.4289321899414062
11,7,48.601157426834106,-57455.390625,0.9726687669754028,0.599209725856781,0.5415732264518738,0.1992393434047699,47.16350030899048,3.0164504051208496,1.4376120567321777,42.46276879310608,0.11549663543701172,0.09154653549194336,1.4319088459014893
11,8,50.86166167259216,-57468.859765625,0.9807380437850952,0.5943580269813538,0.5367151498794556,0.20449696481227875,49.40145945549011,3.0986950397491455,1.460160255432129,42.56006574630737,0.11363530158996582,0.10259485244750977,3.481539487838745
11,9,47.661216020584106,-57810.52265625,0.9752907156944275,0.5977857708930969,0.5353780388832092,0.20795802772045135,46.25664472579956,2.9894516468048096,1.404526948928833,41.584153175354004,0.11480975151062012,0.09185051918029785,1.4310297966003418
11,10,47.900232791900635,-57633.40859375,0.9744436740875244,0.5983694195747375,0.53990638256073,0.20735712349414825,46.47148084640503,2.959562063217163,1.4287009239196777,41.83172154426575,0.11498451232910156,0.09016942977905273,1.4306063652038574
11,11,48.02083778381348,-57654.133203125,0.976612389087677,0.5981305241584778,0.5333991050720215,0.20485182106494904,46.628702878952026,2.983381748199463,1.3920927047729492,41.96214461326599,0.11621952056884766,0.09203815460205078,1.4295144081115723
11,12,47.29694080352783,-57700.879296875,0.9739636778831482,0.5960512757301331,0.5401344895362854,0.20358727872371674,45.89372396469116,2.9821033477783203,1.4031729698181152,41.229074239730835,0.11479520797729492,0.09096240997314453,1.4312744140625
11,13,47.25976014137268,-58011.561328125,0.9729616045951843,0.5973938703536987,0.5372359156608582,0.20941774547100067,45.85596227645874,3.0092127323150635,1.4037470817565918,41.16230368614197,0.11690545082092285,0.09219908714294434,1.4298512935638428
11,14,48.04486632347107,-57701.59765625,0.9725261330604553,0.6001657247543335,0.537838876247406,0.2021118849515915,46.63686656951904,2.9870758056640625,1.4079482555389404,41.964534521102905,0.11600804328918457,0.09202694892883301,1.432114839553833
11,15,50.011619091033936,-57662.980078125,0.9759228825569153,0.5987589359283447,0.5335773229598999,0.2054891288280487,48.60719418525696,2.975487232208252,1.404381275177002,43.945833921432495,0.11506199836730957,0.09133720397949219,1.4342033863067627
11,16,48.441216468811035,-57672.02890625,0.9739663600921631,0.5958046317100525,0.5387575626373291,0.2013462632894516,47.03070616722107,3.054936408996582,1.4104294776916504,42.27896761894226,0.12407827377319336,0.0933690071105957,1.428924322128296
11,17,50.97100830078125,-57378.54765625,0.9765317440032959,0.6036204099655151,0.533828616142273,0.19913488626480103,47.52439022064209,2.9592556953430176,3.4465720653533936,42.87325930595398,0.11666727066040039,0.09267210960388184,1.4367785453796387
11,18,49.03647327423096,-58035.903515625,0.9651675224304199,0.6040863394737244,0.5420548319816589,0.2089218944311142,45.640093088150024,2.9920654296875,3.396331310272217,40.96084785461426,0.11751437187194824,0.09293198585510254,1.4304609298706055
11,19,48.96333885192871,-57626.85234375,0.9759629964828491,0.5964511632919312,0.5381513833999634,0.201906219124794,47.45207166671753,3.2181758880615234,1.5112102031707764,42.51667308807373,0.11947846412658691,0.09642410278320312,1.454207181930542
11,20,47.25398635864258,-57820.041015625,0.9704838991165161,0.6029239296913147,0.5399152040481567,0.20713943243026733,45.87003684043884,2.9434266090393066,1.3838982582092285,41.24047136306763,0.11467170715332031,0.09090089797973633,1.4352033138275146
11,21,49.134063482284546,-57733.75078125,0.9757252931594849,0.5961880683898926,0.5393929481506348,0.2057194709777832,47.68751001358032,2.972262382507324,1.4465031623840332,43.03261661529541,0.11553120613098145,0.09157872200012207,1.4301302433013916
11,22,48.830381631851196,-57581.8828125,0.9791315793991089,0.5967777967453003,0.5293880701065063,0.20410428941249847,47.41137504577637,3.0274925231933594,1.4189562797546387,42.701560974121094,0.11626648902893066,0.09124398231506348,1.4295618534088135
11,23,47.95339226722717,-57654.78203125,0.9779384732246399,0.5957178473472595,0.5365227460861206,0.2034197896718979,46.53949189186096,2.978994369506836,1.4138514995574951,41.87885761260986,0.11561036109924316,0.092041015625,1.4281935691833496
11,24,47.79533505439758,-57507.500390625,0.9726719856262207,0.6045693159103394,0.5436937212944031,0.19902311265468597,46.40062189102173,2.9763681888580322,1.3946647644042969,41.7435941696167,0.11569452285766602,0.0904090404510498,1.429025650024414
11,25,48.44808506965637,-57490.62109375,0.9748751521110535,0.5969231128692627,0.5384904742240906,0.20142483711242676,46.95391345024109,2.9858410358428955,1.494128942489624,42.28128790855408,0.11687493324279785,0.09140419960021973,1.433272123336792
11,26,47.652217864990234,-57850.05390625,0.9703829884529114,0.6012215614318848,0.535462498664856,0.20504233241081238,46.23383808135986,2.9614663124084473,1.4183297157287598,41.59135437011719,0.11488008499145508,0.0902411937713623,1.4307990074157715
11,27,47.79487180709839,-57883.489453125,0.9713621139526367,0.5974929332733154,0.5391456484794617,0.20457524061203003,46.333322286605835,2.9709675312042236,1.4615046977996826,41.68010640144348,0.11554169654846191,0.09170269966125488,1.429586410522461
11,28,47.40477633476257,-57988.8515625,0.9742200374603271,0.5986583232879639,0.5345965027809143,0.20965057611465454,45.924949645996094,2.9976768493652344,1.479778528213501,41.24919581413269,0.1151130199432373,0.09207916259765625,1.4261157512664795
11,29,48.60145092010498,-57558.159375,0.9766258001327515,0.5964309573173523,0.5375890135765076,0.20156656205654144,47.102768421173096,3.1954057216644287,1.4986279010772705,42.196385860443115,0.1181023120880127,0.0962374210357666,1.4495694637298584
11,30,48.43853235244751,-57562.544921875,0.974436342716217,0.5988186001777649,0.5420792102813721,0.20440804958343506,46.97360181808472,3.0173544883728027,1.464876651763916,42.26162767410278,0.11603808403015137,0.09147953987121582,1.4416792392730713
12,1,57.576395988464355,-143434.2796875,0.984414279460907,0.591407299041748,0.532576858997345,0.20503096282482147,56.11037278175354,3.1316134929656982,1.4659652709960938,51.183220863342285,0.11484527587890625,0.0982820987701416,1.5371241569519043
12,2,56.495919942855835,-144264.08125,0.9787189364433289,0.5942402482032776,0.5368951559066772,0.2081507295370102,55.026947259902954,3.1259398460388184,1.468919277191162,50.108349323272705,0.11520576477050781,0.0978553295135498,1.534160852432251
12,3,56.599602937698364,-144588.04375,0.9729622602462769,0.5944426655769348,0.5330822467803955,0.20593029260635376,55.14606714248657,3.2627158164978027,1.453453540802002,50.070051431655884,0.12683320045471191,0.10059189796447754,1.5301799774169922
12,4,58.812472105026245,-144218.8265625,0.9773263931274414,0.5945450067520142,0.5352697372436523,0.2064191848039627,55.323065996170044,3.120770215988159,3.4893500804901123,50.414294481277466,0.11347675323486328,0.09592294692993164,1.5340685844421387
12,5,57.91865563392639,-144619.5453125,0.9795664548873901,0.5932597517967224,0.5306268930435181,0.21044234931468964,54.43212175369263,3.12481427192688,3.4864742755889893,49.51475811004639,0.11568832397460938,0.09877419471740723,1.532742977142334
12,6,56.373483419418335,-144210.225,0.9745060801506042,0.5926510095596313,0.5329379439353943,0.2060426026582718,54.71917915344238,3.123086929321289,1.6542439460754395,49.80549097061157,0.11585783958435059,0.0979757308959961,1.5312294960021973
12,7,56.79774069786072,-144392.2640625,0.9807707071304321,0.594101071357727,0.533930778503418,0.2094295471906662,55.30176401138306,3.140977144241333,1.4959239959716797,50.372483253479004,0.11537814140319824,0.09859061241149902,1.5292587280273438
12,8,56.65824866294861,-143931.6328125,0.978402853012085,0.5976427793502808,0.5316058397293091,0.2047690898180008,55.215909481048584,3.1373066902160645,1.4422850608825684,50.29129457473755,0.11494970321655273,0.09798336029052734,1.5291759967803955
12,9,56.95335412025452,-144475.7703125,0.9778552055358887,0.5937504172325134,0.5349698066711426,0.2082643359899521,55.48898196220398,3.1159489154815674,1.4643194675445557,50.585442543029785,0.11635398864746094,0.09759950637817383,1.5282962322235107
12,10,56.36485242843628,-144136.5171875,0.979989767074585,0.5956072211265564,0.5341641902923584,0.2081165313720703,54.838149309158325,3.131772994995117,1.5266506671905518,49.92482781410217,0.11482000350952148,0.09797358512878418,1.523298740386963
12,11,56.73837924003601,-144110.696875,0.983716607093811,0.5910195708274841,0.5311819314956665,0.20855969190597534,55.25152277946472,3.126035451889038,1.486804485321045,50.33799862861633,0.1154632568359375,0.09808778762817383,1.5282890796661377
12,12,57.18356013298035,-144290.725,0.9813727140426636,0.5906474590301514,0.5328781604766846,0.20955677330493927,55.70163679122925,3.13785982131958,1.4818661212921143,50.77883768081665,0.11507940292358398,0.09861397743225098,1.5256104469299316
12,13,56.53614664077759,-144321.946875,0.9801679849624634,0.594046413898468,0.5340598225593567,0.20971646904945374,55.01966881752014,3.1959664821624756,1.5164165496826172,50.0388879776001,0.11540842056274414,0.09912705421447754,1.5256102085113525
12,14,57.17539405822754,-143811.6796875,0.9829395413398743,0.591753363609314,0.5323757529258728,0.20773106813430786,55.72146034240723,3.1112332344055176,1.4538700580596924,50.824273347854614,0.11512398719787598,0.09787583351135254,1.5275702476501465
12,15,57.70538687705994,-143940.1453125,0.982964038848877,0.5950919985771179,0.5325588583946228,0.20752307772636414,56.236159801483154,3.1192233562469482,1.4691667556762695,51.33262300491333,0.11499381065368652,0.09799671173095703,1.5262341499328613
12,16,56.99668002128601,-144018.0453125,0.9782027006149292,0.5932984352111816,0.5339450836181641,0.20647978782653809,55.42674708366394,3.1478374004364014,1.569873332977295,50.49052572250366,0.11533212661743164,0.09915900230407715,1.5283470153808594
12,17,55.83353853225708,-144516.7921875,0.9773011207580566,0.5972265601158142,0.5338038802146912,0.2097802609205246,54.34704279899597,3.1395251750946045,1.4864420890808105,49.41663837432861,0.11581730842590332,0.09929871559143066,1.530348777770996
12,18,58.23586845397949,-144133.4359375,0.9777970910072327,0.5947403311729431,0.5333518385887146,0.2064913958311081,56.777172803878784,3.3621082305908203,1.4586338996887207,51.57044458389282,0.12076091766357422,0.10066413879394531,1.5763227939605713
12,19,58.82054400444031,-143762.8796875,0.9812415242195129,0.5965977311134338,0.5337373614311218,0.20641601085662842,55.2528715133667,3.111483097076416,3.567617654800415,50.35402750968933,0.11305475234985352,0.0972146987915039,1.5326323509216309
12,20,59.08627390861511,-144113.39375,0.9747930765151978,0.5957832336425781,0.5331872701644897,0.2027536928653717,55.61443495750427,3.1495554447174072,3.4717776775360107,50.666956186294556,0.11571264266967773,0.10021781921386719,1.5362002849578857
12,21,56.407649993896484,-144233.3609375,0.9790500998497009,0.5936983227729797,0.5331231355667114,0.20859190821647644,54.897053480148315,3.166691303253174,1.5105350017547607,49.934094190597534,0.11600255966186523,0.09901905059814453,1.5358366966247559
12,22,57.595890283584595,-143950.103125,0.9846314787864685,0.5916687250137329,0.5345138907432556,0.20775149762630463,56.134275913238525,3.1351516246795654,1.4615552425384521,51.22387719154358,0.11370468139648438,0.09645891189575195,1.5204806327819824
12,23,56.66297888755798,-144281.6703125,0.9775388240814209,0.5935477018356323,0.5330206751823425,0.2063978761434555,55.19429016113281,3.127615213394165,1.4686357975006104,50.284716844558716,0.11472892761230469,0.0982358455657959,1.5236878395080566
12,24,56.870362520217896,-144119.8703125,0.9784829020500183,0.5951793193817139,0.5332722067832947,0.20546147227287292,55.37631440162659,3.1429455280303955,1.4939863681793213,50.448020219802856,0.11521673202514648,0.09795188903808594,1.5266175270080566
12,25,56.371365547180176,-144229.85,0.9777597188949585,0.5957795977592468,0.5363029837608337,0.2081001251935959,54.91200566291809,3.136134147644043,1.4593048095703125,49.99461483955383,0.11447000503540039,0.09755992889404297,1.524034023284912
12,26,56.64793586730957,-144456.728125,0.9761815071105957,0.5938072204589844,0.5353145599365234,0.207164004445076,55.10069918632507,3.144784927368164,1.5471773147583008,50.169638872146606,0.11514687538146973,0.09819674491882324,1.5276377201080322
12,27,57.06368088722229,-143817.2828125,0.9792476892471313,0.5919209718704224,0.5354189872741699,0.2050674557685852,55.51999473571777,3.1413626670837402,1.543626308441162,50.59544658660889,0.11648035049438477,0.0982201099395752,1.5226523876190186
12,28,56.387354135513306,-144309.01875,0.9779165983200073,0.5961167812347412,0.5361128449440002,0.20800067484378815,54.83293032646179,3.1284422874450684,1.5543718338012695,49.92010831832886,0.1144249439239502,0.09814882278442383,1.5266237258911133
12,29,56.86375713348389,-143679.0859375,0.9830814003944397,0.594355583190918,0.5299949645996094,0.20683084428310394,55.3885817527771,3.122180700302124,1.4751200675964355,50.496100664138794,0.11298990249633789,0.0952596664428711,1.5179014205932617
12,30,56.762880086898804,-144210.415625,0.9743295311927795,0.6012406945228577,0.5371513962745667,0.20928163826465607,55.19832181930542,3.122687339782715,1.5645055770874023,50.2951922416687,0.11537003517150879,0.09797286987304688,1.5218594074249268
13,1,76.21713900566101,-355054.175,0.9891265034675598,0.5854831337928772,0.5267247557640076,0.2116321176290512,74.4419207572937,3.2544610500335693,1.7751390933990479,69.43643236160278,0.11550188064575195,0.11468076705932617,1.474966049194336
13,2,74.58467078208923,-355506.99375,0.9887685775756836,0.5844383239746094,0.5233685374259949,0.21306759119033813,72.83239245414734,3.5028958320617676,1.7521800994873047,67.5244562625885,0.14391493797302246,0.12054824829101562,1.4738750457763672
13,3,77.03015995025635,-354861.49375,0.9902135729789734,0.5852058529853821,0.5263664722442627,0.2110942155122757,73.31971645355225,3.3098132610321045,3.71036434173584,68.26549553871155,0.11373519897460938,0.11077761650085449,1.4748075008392334
13,4,74.75091052055359,-355538.34375,0.9868651032447815,0.5871807336807251,0.5261403322219849,0.2120267003774643,73.00914978981018,3.2458529472351074,1.741687297821045,68.01222515106201,0.11477279663085938,0.11571073532104492,1.4744532108306885
13,5,74.07003402709961,-355847.34375,0.9880692958831787,0.5863529443740845,0.525962769985199,0.21385794878005981,72.30833911895752,3.251760959625244,1.7616147994995117,67.30628299713135,0.11424469947814941,0.1134955883026123,1.4769854545593262
13,6,74.61759424209595,-355113.78125,0.9882486462593079,0.5864879488945007,0.5254546403884888,0.21161256730556488,72.50445866584778,3.2887539863586426,2.113055467605591,67.45987057685852,0.11437320709228516,0.11454606056213379,1.4800584316253662
13,7,74.39355421066284,-355829.790625,0.9881070852279663,0.5856204628944397,0.5263697504997253,0.21359211206436157,72.68298125267029,3.3074123859405518,1.7104926109313965,67.62997841835022,0.11475348472595215,0.11415863037109375,1.4708328247070312
13,8,73.12329506874084,-356096.053125,0.9865323901176453,0.5833463072776794,0.5226155519485474,0.21217529475688934,71.38232278823853,3.2450904846191406,1.7408883571624756,66.38364219665527,0.11551570892333984,0.11528348922729492,1.4762675762176514
13,9,73.82253766059875,-355305.115625,0.9899715185165405,0.5844998359680176,0.5235013365745544,0.21383556723594666,72.04905080795288,3.2641797065734863,1.7734119892120361,67.03204703330994,0.11442279815673828,0.11432003974914551,1.4785611629486084
13,10,73.64074683189392,-355915.440625,0.9894971251487732,0.5841494798660278,0.5241369009017944,0.21559102833271027,71.9147298336029,3.272581100463867,1.7259454727172852,66.894859790802,0.11417508125305176,0.11366868019104004,1.4738163948059082
13,11,74.55855774879456,-355489.971875,0.9894505739212036,0.5846207141876221,0.5229416489601135,0.21390974521636963,72.82830214500427,3.2739450931549072,1.7301831245422363,67.80060338973999,0.11453080177307129,0.11499381065368652,1.4787347316741943
13,12,73.92294764518738,-355822.921875,0.9895117282867432,0.5852130651473999,0.5237381458282471,0.21441400051116943,72.1914689540863,3.270683526992798,1.7313942909240723,67.16648030281067,0.11487889289855957,0.11399984359741211,1.4791269302368164
13,13,74.51121759414673,-354675.003125,0.9908966422080994,0.5886507630348206,0.5253772139549255,0.21230314671993256,72.78209066390991,3.4672272205352783,1.7290294170379639,67.51744413375854,0.1358044147491455,0.11957097053527832,1.479316234588623
13,14,76.4790449142456,-354979.246875,0.9895429015159607,0.5846850275993347,0.5261597633361816,0.2119479924440384,72.72072458267212,3.2600810527801514,3.7582483291625977,67.70503687858582,0.11506509780883789,0.11260104179382324,1.48293137550354
13,15,75.84501886367798,-355424.93125,0.9871838092803955,0.5861840844154358,0.5255967378616333,0.21195648610591888,74.1286871433258,3.458718776702881,1.7162566184997559,68.850665807724,0.17315268516540527,0.12518048286437988,1.4757134914398193
13,16,74.0217854976654,-355448.784375,0.9863204956054688,0.5903474688529968,0.5280737280845642,0.21250730752944946,72.32685685157776,3.3063697814941406,1.694852590560913,67.28237867355347,0.11507964134216309,0.11419987678527832,1.4638526439666748
13,17,75.30023455619812,-355585.646875,0.9878693222999573,0.586473822593689,0.524431586265564,0.21226730942726135,73.5353422164917,3.2814109325408936,1.7648146152496338,68.50380039215088,0.1146237850189209,0.11429286003112793,1.4762234687805176
13,18,73.51882529258728,-355864.58125,0.9897886514663696,0.5833707451820374,0.523025393486023,0.21537502110004425,71.77278137207031,3.2684245109558105,1.745967149734497,66.75591254234314,0.11391210556030273,0.11468291282653809,1.4744455814361572
13,19,81.34635162353516,-355420.11875,0.9872474670410156,0.5880013704299927,0.525172233581543,0.2118971347808838,72.45403051376343,3.226101875305176,8.892245531082153,67.4958655834198,0.11316752433776855,0.10960650444030762,1.4644804000854492
13,20,74.19264268875122,-355407.75,0.9900588989257812,0.5864876508712769,0.525454044342041,0.2141161859035492,72.25933384895325,3.250398874282837,1.9332330226898193,67.27017021179199,0.11337804794311523,0.10959887504577637,1.4719102382659912
13,21,73.60716772079468,-355765.046875,0.9880848526954651,0.5857688188552856,0.5236655473709106,0.21426576375961304,71.87165474891663,3.2542226314544678,1.7354350090026855,66.87235903739929,0.1138603687286377,0.1123354434967041,1.4737813472747803
13,22,73.60646915435791,-355686.75625,0.9875097870826721,0.5863187909126282,0.5255425572395325,0.213385671377182,71.89167046546936,3.255890130996704,1.7147257328033447,66.88675475120544,0.11480212211608887,0.11309242248535156,1.4755184650421143
13,23,74.25667834281921,-354737.96875,0.9901232123374939,0.588039755821228,0.5266371369361877,0.2120181918144226,72.47759103775024,3.2573082447052,1.7790098190307617,67.47112345695496,0.11509013175964355,0.11413145065307617,1.4741425514221191
13,24,74.28011155128479,-355620.346875,0.9869934320449829,0.587773859500885,0.5278780460357666,0.2144545316696167,72.43573331832886,3.404094934463501,1.8442955017089844,67.24881768226624,0.13060569763183594,0.11759042739868164,1.4771175384521484
13,25,144.87155628204346,-354762.50625,0.9930867552757263,0.5862127542495728,0.5254397988319397,0.2137168049812317,86.18122887611389,3.3476014137268066,58.69023823738098,67.90586590766907,0.11849093437194824,0.11615467071533203,14.645143032073975
13,26,75.37580800056458,-354682.384375,0.9912139177322388,0.5830639600753784,0.524709165096283,0.21204909682273865,73.35657596588135,3.2579870223999023,2.019162893295288,68.35085678100586,0.11465311050415039,0.11390399932861328,1.473642110824585
13,27,74.48762822151184,-355635.025,0.9868306517601013,0.5865633487701416,0.5261312127113342,0.21156814694404602,72.73148536682129,3.2582437992095947,1.7560691833496094,67.72485613822937,0.11519265174865723,0.11522793769836426,1.4721407890319824
13,28,74.31174731254578,-355351.1125,0.9878160357475281,0.5843607187271118,0.5238962173461914,0.21189548075199127,72.59945917129517,3.263758659362793,1.712209701538086,67.5895562171936,0.11468076705932617,0.11381840705871582,1.4725844860076904
13,29,73.94403433799744,-354863.33125,0.9911177754402161,0.585973858833313,0.5241709351539612,0.21182899177074432,72.21654844284058,3.276069402694702,1.7274127006530762,67.19347834587097,0.11415934562683105,0.11552572250366211,1.4713973999023438
13,30,74.63653635978699,-355448.084375,0.9872844815254211,0.5851989984512329,0.5272416472434998,0.2112390547990799,72.90222644805908,3.270082473754883,1.7342312335968018,67.88651943206787,0.11341381072998047,0.11423039436340332,1.4728336334228516
14,1,103.90412068367004,-886688.1,0.9974138140678406,0.5807464718818665,0.5200338959693909,0.2225724458694458,101.65567469596863,3.472987174987793,2.24832820892334,96.34459662437439,0.11430120468139648,0.12994694709777832,1.54736328125
14,2,98.8637900352478,-886622.4625,0.9948754906654358,0.5800731778144836,0.5188092589378357,0.220063254237175,96.60765361785889,3.4567337036132812,2.2560160160064697,91.31094598770142,0.11548328399658203,0.13097572326660156,1.5460600852966309
14,3,99.28161764144897,-885180.9,0.9953802824020386,0.5809226036071777,0.520287036895752,0.21839891374111176,96.9723846912384,3.5337445735931396,2.3090946674346924,91.59572076797485,0.12610530853271484,0.12897634506225586,1.5315160751342773
14,4,100.89330315589905,-888476.99375,0.9950504899024963,0.578240156173706,0.5187198519706726,0.22295299172401428,96.59454250335693,3.6078875064849854,4.2985992431640625,91.12407088279724,0.12010526657104492,0.13203191757202148,1.5621075630187988
14,5,99.26514482498169,-887203.6875,0.9941390752792358,0.5773044228553772,0.5164075493812561,0.21949271857738495,96.99154233932495,3.4315943717956543,2.273472309112549,91.71744775772095,0.11463117599487305,0.1312556266784668,1.549607753753662
14,6,99.25497603416443,-886942.425,0.9977492690086365,0.5776593089103699,0.5167151093482971,0.22268830239772797,96.9422869682312,3.430511951446533,2.3125598430633545,91.68836283683777,0.11368298530578613,0.12659478187561035,1.53676176071167
14,7,98.71914505958557,-886964.36875,0.9967978000640869,0.5788078904151917,0.5185597538948059,0.22126242518424988,96.48613333702087,3.4910085201263428,2.232887029647827,91.17068552970886,0.11305689811706543,0.12833905220031738,1.536346197128296
14,8,98.84883761405945,-886462.0,0.9960088133811951,0.5782157778739929,0.5202417373657227,0.22073611617088318,96.34899401664734,3.4611029624938965,2.4997165203094482,91.04472851753235,0.11635088920593262,0.13170766830444336,1.5474975109100342
14,9,100.08262348175049,-886360.3375,0.9946346282958984,0.5810633301734924,0.5202315449714661,0.22029240429401398,97.84769463539124,3.4581170082092285,2.2348055839538574,92.56464958190918,0.11434507369995117,0.12571358680725098,1.5387041568756104
14,10,99.55056166648865,-886343.39375,0.9968819618225098,0.5795914530754089,0.5186246633529663,0.22091829776763916,97.24718046188354,3.510758399963379,2.303250789642334,91.89913749694824,0.11664962768554688,0.13142156600952148,1.541947364807129
14,11,98.98176336288452,-886389.55625,0.9954915642738342,0.5797455906867981,0.5207377076148987,0.21999339759349823,96.70610213279724,3.4435768127441406,2.2755439281463623,91.43683338165283,0.11495685577392578,0.1274247169494629,1.53648042678833
14,12,108.5688169002533,-886034.5625,0.9934884905815125,0.5792613625526428,0.5182085037231445,0.21777871251106262,97.65443682670593,3.654318332672119,10.914242029190063,92.07469892501831,0.147446870803833,0.1344466209411621,1.5708658695220947
14,13,99.62079739570618,-886339.0,0.9984142184257507,0.579597532749176,0.5183020830154419,0.22207355499267578,97.2308452129364,3.487290620803833,2.389826774597168,91.86229658126831,0.1181488037109375,0.13104939460754395,1.5839288234710693
14,14,99.4482250213623,-886111.6875,0.9945677518844604,0.5829552412033081,0.5202751159667969,0.21984146535396576,97.1393883228302,3.4242665767669678,2.3087172508239746,91.86976504325867,0.11633801460266113,0.13213443756103516,1.5481784343719482
14,15,99.67559266090393,-886037.2625,0.9975959062576294,0.5784028768539429,0.5187998414039612,0.22135701775550842,97.43391251564026,3.6637282371520996,2.2415366172790527,91.90721011161804,0.13094019889831543,0.13410735130310059,1.5378665924072266
14,16,100.2975959777832,-885396.825,0.9966040849685669,0.5800118446350098,0.5169773697853088,0.2194942981004715,98.0613124370575,3.459583044052124,2.2361600399017334,92.75543522834778,0.1156923770904541,0.13205862045288086,1.550774335861206
14,17,99.48486542701721,-887171.2,0.9950058460235596,0.5799707174301147,0.5186514258384705,0.22174610197544098,97.22243309020996,3.7602908611297607,2.262296676635742,91.57199597358704,0.14246296882629395,0.1337909698486328,1.5456809997558594
14,18,99.97344088554382,-886270.0375,0.9929323196411133,0.5770634412765503,0.5183512568473816,0.2172834873199463,97.67252612113953,3.500023603439331,2.3007943630218506,92.32326006889343,0.11699986457824707,0.1325521469116211,1.5517902374267578
14,19,104.72259402275085,-886344.20625,0.9964582324028015,0.5801188349723816,0.51805579662323,0.22069719433784485,102.39132595062256,3.479792594909668,2.3311574459075928,97.06985116004944,0.11636137962341309,0.13181090354919434,1.5460009574890137
14,20,99.25759649276733,-887193.6,0.9944848418235779,0.5809601545333862,0.519547700881958,0.22067619860172272,97.01167321205139,3.558655023574829,2.2457728385925293,91.6010673046112,0.12671899795532227,0.13212823867797852,1.5355224609375
14,21,99.05303120613098,-887393.9,0.9957178235054016,0.5784736275672913,0.5189358592033386,0.22147898375988007,96.74935746192932,3.5149142742156982,2.303548812866211,91.3747148513794,0.12006115913391113,0.13489246368408203,1.5557844638824463
14,22,98.61397194862366,-886978.7125,0.9946203827857971,0.57949298620224,0.5194181799888611,0.22023338079452515,96.34111881256104,3.6862690448760986,2.2727138996124268,90.76519751548767,0.13814353942871094,0.13601088523864746,1.5488440990447998
14,23,99.91190600395203,-886284.31875,0.9957513213157654,0.5806459188461304,0.5183122754096985,0.22086845338344574,97.41839861869812,3.5282111167907715,2.4933838844299316,92.03118419647217,0.11884236335754395,0.13273978233337402,1.5588726997375488
14,24,104.6375834941864,-887230.225,0.997731626033783,0.5779900550842285,0.5163089036941528,0.22304055094718933,98.21720623970032,3.559412956237793,6.420231342315674,92.15670657157898,0.11837458610534668,0.13578557968139648,2.1972362995147705
14,25,99.30117630958557,-887430.8875,0.9951263070106506,0.5800238251686096,0.5186572074890137,0.2212834656238556,96.9556360244751,3.4691202640533447,2.34541392326355,91.63953590393066,0.11648941040039062,0.1301887035369873,1.552816390991211
14,26,100.93835973739624,-885052.225,0.9959216713905334,0.5802823901176453,0.5182992219924927,0.2185644954442978,98.69061160087585,3.4674932956695557,2.247628688812256,93.38382124900818,0.11615538597106934,0.1326746940612793,1.542792558670044
14,27,102.10559272766113,-885991.075,0.9970380067825317,0.5791023373603821,0.5180510878562927,0.22093719244003296,99.7301869392395,3.7244114875793457,2.3752546310424805,94.12080502510071,0.13645720481872559,0.137467622756958,1.5467360019683838
14,28,99.79696202278137,-886313.675,0.9958809614181519,0.5815843343734741,0.5217533111572266,0.22046750783920288,97.50923323631287,3.500941753387451,2.2876107692718506,92.15018129348755,0.11786746978759766,0.13399100303649902,1.5572705268859863
14,29,100.38932061195374,-886244.03125,0.9963203072547913,0.5809532999992371,0.5185180306434631,0.22022977471351624,98.04693293571472,3.462181806564331,2.342256546020508,92.73209357261658,0.11649346351623535,0.1302790641784668,1.5582692623138428
14,30,99.84080791473389,-886502.2375,0.996900737285614,0.5779792070388794,0.5169247984886169,0.2215915024280548,97.4980046749115,3.568549156188965,2.3426637649536133,92.06503009796143,0.1251211166381836,0.13631200790405273,1.5484042167663574
15,1,212.41818809509277,-2178682.05,0.9994391798973083,0.576517641544342,0.5150042176246643,0.22335107624530792,150.40368461608887,6.789355039596558,62.01432204246521,126.63628149032593,0.700761079788208,0.21606111526489258,16.012370109558105
15,2,147.1079866886139,-2178083.8,0.9990799427032471,0.576453685760498,0.5154104828834534,0.22304263710975647,133.1245551109314,3.8803534507751465,13.983250617980957,127.20825910568237,0.14699435234069824,0.1543879508972168,1.666987657546997
15,3,147.57657480239868,-2179162.275,0.9987142086029053,0.577106237411499,0.5165234804153442,0.22411490976810455,133.27351760864258,4.01216983795166,14.302876710891724,127.1564519405365,0.15065288543701172,0.1643235683441162,1.7220945358276367
15,4,147.94819140434265,-2178940.725,0.9992421865463257,0.5750742554664612,0.5149098634719849,0.22381989657878876,133.64968061447144,3.7571327686309814,14.298320055007935,127.79536771774292,0.13284754753112793,0.1710355281829834,1.7401325702667236
15,5,147.81292176246643,-2177789.35,0.9998999834060669,0.5757537484169006,0.5148804783821106,0.22370029985904694,133.45565271377563,3.66385555267334,14.35710096359253,127.69325113296509,0.13304781913757324,0.16083049774169922,1.7528228759765625
15,6,147.84311389923096,-2177135.55,0.9997665286064148,0.5758728981018066,0.5153249502182007,0.2233399897813797,133.55994057655334,3.9833180904388428,14.282987356185913,127.42678046226501,0.15467071533203125,0.16204094886779785,1.7639172077178955
15,7,149.99380660057068,-2178227.825,0.9985578656196594,0.5752984285354614,0.5151931047439575,0.22286464273929596,135.69561553001404,4.1638407707214355,14.298015117645264,129.36365389823914,0.14445924758911133,0.23954153060913086,1.7204220294952393
15,8,147.8211784362793,-2178621.35,0.9993718266487122,0.5755230784416199,0.5157567262649536,0.22365140914916992,133.57736778259277,3.8383240699768066,14.243636846542358,127.66864061355591,0.15508413314819336,0.15511441230773926,1.692976474761963
15,9,147.71153116226196,-2178742.675,0.9998999834060669,0.576205313205719,0.5150769948959351,0.2242342233657837,133.56638526916504,4.044357776641846,14.144972085952759,127.44736528396606,0.15792346000671387,0.16666030883789062,1.6800470352172852
15,10,148.68983030319214,-2178555.0,0.9998999834060669,0.5756658315658569,0.5147556662559509,0.22401443123817444,134.48194646835327,3.8931150436401367,14.207715034484863,128.5255160331726,0.14647173881530762,0.1608419418334961,1.6982011795043945
15,11,148.778165102005,-2178637.225,0.9991465210914612,0.5757207274436951,0.5138092637062073,0.22365626692771912,134.53063702583313,3.87756085395813,14.247344970703125,128.58230710029602,0.1321101188659668,0.18102407455444336,1.7011451721191406
15,12,148.01299691200256,-2178773.525,0.9998999834060669,0.5749725699424744,0.5150578618049622,0.22429072856903076,133.82811975479126,3.8968307971954346,14.18468976020813,127.88564276695251,0.12496542930603027,0.15277552604675293,1.7162389755249023
15,13,153.52709436416626,-2178111.25,0.9998999834060669,0.5756293535232544,0.5147230625152588,0.22397777438163757,139.30816102027893,3.8325083255767822,14.218758821487427,133.44306921958923,0.12285208702087402,0.1480114459991455,1.713167667388916
15,14,146.5564830303192,-2180140.2,0.9998999834060669,0.5754888653755188,0.5139464735984802,0.22495436668395996,132.42112231254578,3.643279552459717,14.135187864303589,126.75069904327393,0.12892746925354004,0.15250921249389648,1.6957600116729736
15,15,147.01309418678284,-2179278.625,0.9998999834060669,0.5780515670776367,0.5165293216705322,0.22497281432151794,132.69699692726135,3.8375251293182373,14.315913200378418,126.77574586868286,0.14564037322998047,0.1622326374053955,1.7093439102172852
15,16,147.70116305351257,-2178806.725,0.9998999834060669,0.5754278898239136,0.5143586993217468,0.2244795262813568,133.5131950378418,3.7048802375793457,14.18778109550476,127.77147579193115,0.13109755516052246,0.16282439231872559,1.6919677257537842
15,17,148.13635516166687,-2178745.95,0.9995516538619995,0.5763627886772156,0.5148571133613586,0.22348272800445557,133.75806069374084,3.9948909282684326,14.378119707107544,127.67581605911255,0.1383659839630127,0.17518329620361328,1.719933032989502
15,18,147.636971950531,-2179592.525,0.9998999834060669,0.574778139591217,0.5147067904472351,0.22488203644752502,133.3118839263916,3.6087212562561035,14.32490873336792,127.67320322990417,0.13145112991333008,0.14398574829101562,1.7059667110443115
15,19,147.6479253768921,-2179266.25,0.9984942674636841,0.5772642493247986,0.5158200860023499,0.22331632673740387,133.44448280334473,3.89220929145813,14.203255891799927,127.4480721950531,0.15352225303649902,0.15442490577697754,1.726346492767334
15,20,146.85436081886292,-2179007.325,0.9998999834060669,0.5753210783004761,0.5143610239028931,0.22466766834259033,132.58566975593567,3.7309300899505615,14.268505573272705,126.787113904953,0.1339111328125,0.16384553909301758,1.71872878074646
15,21,146.96814942359924,-2180906.65,0.9988881349563599,0.5757008194923401,0.5137888789176941,0.22455820441246033,132.86449217796326,3.828123092651367,14.103474617004395,127.01361012458801,0.1339256763458252,0.16766858100891113,1.669344425201416
15,22,146.96425867080688,-2178583.925,0.9998134970664978,0.5759894847869873,0.5148647427558899,0.22377744317054749,132.77947568893433,3.5823283195495605,14.184602737426758,127.18275713920593,0.13252711296081543,0.14419054985046387,1.6896564960479736
15,23,147.00130462646484,-2179178.35,0.9993252754211426,0.5755947232246399,0.5158265829086304,0.22374308109283447,132.84160327911377,3.746286630630493,14.159502744674683,127.05108642578125,0.15077567100524902,0.14703726768493652,1.677598237991333
15,24,147.29990649223328,-2179466.25,0.998334527015686,0.5757567286491394,0.5156433582305908,0.22324763238430023,133.03633093833923,3.8490326404571533,14.263384580612183,127.08275580406189,0.1492447853088379,0.16576194763183594,1.7210004329681396
15,25,146.41751074790955,-2178758.35,0.9998999834060669,0.5768581628799438,0.5153475999832153,0.22440294921398163,132.14466071128845,3.8043136596679688,14.272656679153442,126.26306056976318,0.13730454444885254,0.16505646705627441,1.7168183326721191
15,26,205.2561628818512,-2179465.9,0.9996607899665833,0.5761101841926575,0.5150688886642456,0.22466237843036652,146.5544867515564,3.713956832885742,58.7014901638031,127.78845000267029,0.13173460960388184,0.16363215446472168,14.704807996749878
15,27,148.22333121299744,-2178483.15,0.9998181462287903,0.5758217573165894,0.5150479078292847,0.22390909492969513,133.90893864631653,3.86938738822937,14.314189195632935,127.92703223228455,0.15024209022521973,0.15878748893737793,1.7362778186798096
15,28,147.00917720794678,-2179443.1,0.9985942840576172,0.5763823390007019,0.5153461694717407,0.22379952669143677,132.6316134929657,3.57391357421875,14.37737512588501,126.99031639099121,0.12678122520446777,0.14377546310424805,1.7488081455230713
15,29,146.4177565574646,-2180262.0,0.9986470341682434,0.576881468296051,0.5148036479949951,0.22424647212028503,132.30905485153198,3.6075398921966553,14.108521699905396,126.69575190544128,0.1303410530090332,0.14733314514160156,1.6794819831848145
15,30,146.4510543346405,-2180745.75,0.9998999834060669,0.5749345421791077,0.5142713189125061,0.22523507475852966,132.234605550766,3.7725327014923096,14.216247797012329,126.38357615470886,0.1534593105316162,0.14132165908813477,1.7156331539154053
16,1,172.96428036689758,-5353350.9,0.9998999834060669,0.5736814737319946,0.5126257538795471,0.2279665172100067,166.1270787715912,3.886310577392578,6.836824178695679,159.9564733505249,0.1172034740447998,0.17995142936706543,1.9317529201507568
16,2,173.09784483909607,-5356860.8,0.9998999834060669,0.5727835893630981,0.5122125744819641,0.22857306897640228,166.24656867980957,4.042357444763184,6.850915431976318,159.8028028011322,0.14638996124267578,0.21798920631408691,1.9544329643249512
16,3,171.73480415344238,-5354059.95,0.9998999834060669,0.574331521987915,0.5133395195007324,0.22986625134944916,164.89218068122864,4.037932395935059,6.842241287231445,158.4848334789276,0.14037299156188965,0.18670940399169922,1.9462051391601562
16,4,172.02874755859375,-5355209.15,0.9998999834060669,0.5732654333114624,0.5121457576751709,0.22887562215328217,165.1527554988861,3.9944465160369873,6.875606298446655,158.82339310646057,0.13283777236938477,0.18494057655334473,1.9501197338104248
16,5,171.5477843284607,-5352158.95,0.9998999834060669,0.5739740133285522,0.512117326259613,0.22792255878448486,164.46526169776917,3.7914326190948486,7.082135438919067,158.2678346633911,0.11959362030029297,0.18165016174316406,1.9669129848480225
16,6,172.2937033176422,-5353981.05,0.9998999834060669,0.5733968019485474,0.5118750929832458,0.2285904437303543,165.3581473827362,3.898037910461426,6.9351677894592285,159.13126349449158,0.12515592575073242,0.18346285820007324,1.9467577934265137
16,7,170.55263376235962,-5352370.0,0.9998999834060669,0.573560893535614,0.5122103095054626,0.22815974056720734,163.4891574382782,3.8407130241394043,7.063105344772339,157.3229067325592,0.11599087715148926,0.1777949333190918,1.9435882568359375
16,8,171.97694063186646,-5353741.95,0.9998999834060669,0.5734805464744568,0.5116560459136963,0.2289208322763443,164.0932126045227,3.9148471355438232,7.883360147476196,157.88740134239197,0.11861181259155273,0.18006563186645508,1.9399175643920898
16,9,169.46593046188354,-5354365.6,0.9998999834060669,0.5737599730491638,0.5123934745788574,0.22866033017635345,162.24827551841736,3.75777268409729,7.2173168659210205,156.1651303768158,0.11647439002990723,0.17303109169006348,1.9343347549438477
16,10,171.22601294517517,-5355533.1,0.9998999834060669,0.5728798508644104,0.5116115808486938,0.22823116183280945,164.42453050613403,3.8555104732513428,6.8010945320129395,158.2869529724121,0.11776566505432129,0.18106794357299805,1.9300968647003174
16,11,171.08464908599854,-5354531.75,0.9998999834060669,0.573026180267334,0.5121942162513733,0.2285100817680359,164.1393711566925,3.787769317626953,6.944892883300781,158.02070379257202,0.11930012702941895,0.18130254745483398,1.956176996231079
16,12,187.65991854667664,-5352440.75,0.9998999834060669,0.5735799670219421,0.5124735236167908,0.2292153388261795,180.66714119911194,4.474544525146484,6.992403507232666,173.7344663143158,0.14156413078308105,0.29716992378234863,1.9513068199157715
16,13,235.54177331924438,-5354090.05,0.9983865022659302,0.5718021392822266,0.5110638737678528,0.22709307074546814,220.9361698627472,5.11161732673645,14.604800701141357,212.9930863380432,0.1680295467376709,0.3467562198638916,2.230820655822754
16,14,210.58874320983887,-5353365.1,0.9998999834060669,0.5738491415977478,0.5128936767578125,0.2284550815820694,195.68045711517334,4.7784388065338135,14.907594919204712,187.9489254951477,0.15280914306640625,0.37537169456481934,2.347858190536499
16,15,233.09825253486633,-5351311.85,0.9998999834060669,0.5736909508705139,0.5126503109931946,0.22844327986240387,217.99620819091797,5.080393075942993,15.10126280784607,210.23220658302307,0.15942621231079102,0.3609633445739746,2.077197790145874
16,16,229.64611554145813,-5353055.05,0.9998999834060669,0.574608325958252,0.5121244788169861,0.22930224239826202,214.97364830970764,5.026690244674683,14.671773910522461,207.24452257156372,0.15386676788330078,0.3427004814147949,2.124539375305176
16,17,205.83172130584717,-5354822.45,0.9998999834060669,0.5740815997123718,0.5132505297660828,0.2290726751089096,190.56799483299255,4.630548477172852,15.262926578521729,183.05108046531677,0.15262508392333984,0.3094656467437744,2.3526079654693604
16,18,333.9054982662201,-5352918.8,0.9998999834060669,0.5739354491233826,0.5124690532684326,0.22838549315929413,276.6540832519531,9.476872682571411,57.250234603881836,250.2332408428192,0.2823171615600586,0.3224964141845703,16.23195219039917
16,19,289.4570677280426,-5351691.75,0.9998999834060669,0.5727600455284119,0.5121741890907288,0.22785773873329163,272.77346563339233,7.897395849227905,16.682603120803833,259.4225594997406,0.2802698612213135,0.34296560287475586,4.722532272338867
16,20,281.38187432289124,-5352873.45,0.9998999834060669,0.5740141868591309,0.5126587748527527,0.2289908081293106,264.7301573753357,7.795253038406372,16.65072464942932,251.73838138580322,0.2696194648742676,0.3356301784515381,4.486092567443848
16,21,278.8055295944214,-5355753.15,0.9998999834060669,0.5754923820495605,0.5144889950752258,0.23186878859996796,261.9484519958496,7.735965728759766,16.855998039245605,249.05769085884094,0.25864696502685547,0.31543898582458496,4.4800214767456055
16,22,284.859308719635,-5354512.7,0.9987348914146423,0.5702744126319885,0.5093913674354553,0.2258244752883911,268.13310980796814,7.743616580963135,16.725120306015015,255.21730399131775,0.26717138290405273,0.3206031322479248,4.482757806777954
16,23,284.67363238334656,-5350726.55,0.9998999834060669,0.5730689167976379,0.5128577351570129,0.22866342961788177,267.964231967926,7.753498315811157,16.708391427993774,255.110333442688,0.25644469261169434,0.31954073905944824,4.423645973205566
16,24,284.8744013309479,-5354703.9,0.9998999834060669,0.5728055834770203,0.5119583606719971,0.22919495403766632,268.0696861743927,7.866080284118652,16.803711891174316,255.0160994529724,0.2657432556152344,0.3351168632507324,4.48494815826416
16,25,281.12573504447937,-5355479.1,0.9998999834060669,0.5738387107849121,0.5129687786102295,0.22963622212409973,263.8720669746399,7.799757480621338,17.252629041671753,250.80869889259338,0.25554990768432617,0.3040740489959717,4.603059530258179
16,26,285.1037709712982,-5352658.4,0.9998999834060669,0.5736231803894043,0.5123233795166016,0.22906163334846497,268.3678843975067,8.247565507888794,16.734878063201904,254.910542011261,0.2714824676513672,0.3274540901184082,4.508445739746094
16,27,283.58635234832764,-5354432.35,0.9998999834060669,0.5732277035713196,0.5119851231575012,0.22745731472969055,266.9549460411072,7.744121313095093,16.630390644073486,254.0523293018341,0.2618837356567383,0.31169915199279785,4.486382007598877
16,28,279.365585565567,-5353189.95,0.9998999834060669,0.5730313658714294,0.512448787689209,0.22831600904464722,262.76277351379395,7.6828224658966064,16.601828813552856,249.91344666481018,0.2618534564971924,0.3029317855834961,4.503796577453613
16,29,279.53363394737244,-5352512.15,0.9998999834060669,0.5730558037757874,0.5122379660606384,0.22849413752555847,262.9759919643402,7.862936973571777,16.556635856628418,249.9159381389618,0.25835537910461426,0.3400752544403076,4.4957146644592285
16,30,287.8891701698303,-5353586.9,0.9998999834060669,0.5732609033584595,0.5123414993286133,0.22849492728710175,271.16111397743225,8.204796075820923,16.72706961631775,257.801819562912,0.26529812812805176,0.350191593170166,4.432228326797485
17,1,336.4867765903473,-13100020.2,0.9998999834060669,0.5695209503173828,0.5080204606056213,0.23482821881771088,275.61839151382446,6.815662622451782,60.867663621902466,252.72310161590576,0.5911605358123779,0.48742175102233887,14.789524793624878
17,2,276.2228260040283,-13102242.4,0.9998999834060669,0.5676532983779907,0.5060625076293945,0.23339959979057312,259.30536341667175,4.477306604385376,16.916540384292603,252.5381817817688,0.1419370174407959,0.3764381408691406,1.6264021396636963
17,3,273.9258563518524,-13103983.9,0.9998999834060669,0.5678215622901917,0.5068256855010986,0.2338431179523468,257.1948890686035,4.318734645843506,16.7302405834198,250.5633990764618,0.13773369789123535,0.3539583683013916,1.585324764251709
17,4,279.0767331123352,-13100106.2,0.9998999834060669,0.5707067251205444,0.5096874833106995,0.23636186122894287,262.3414921760559,4.262483835220337,16.734427452087402,255.67493867874146,0.13752126693725586,0.3534095287322998,1.623999834060669
17,5,278.3955581188202,-13098758.0,0.9998999834060669,0.571526050567627,0.509941041469574,0.2371087521314621,261.6626763343811,4.317176818847656,16.73193883895874,254.99019980430603,0.1353292465209961,0.3550128936767578,1.6268999576568604
17,6,273.7061343193054,-13103936.9,0.9998999834060669,0.5688559412956238,0.5076165199279785,0.23484928905963898,257.65415382385254,4.361155986785889,16.05125069618225,250.98435473442078,0.14099431037902832,0.3440549373626709,1.5944700241088867
17,7,249.47443222999573,-13099745.2,0.9998999834060669,0.5721254944801331,0.5107742547988892,0.23744434118270874,231.55974054336548,4.125225305557251,17.913979291915894,225.0758490562439,0.13944315910339355,0.28021907806396484,1.5739071369171143
17,8,247.48291182518005,-13105039.7,0.9998999834060669,0.5710985064506531,0.509705662727356,0.23741264641284943,229.2658336162567,4.041954278945923,18.216338634490967,222.83043837547302,0.13849186897277832,0.2798585891723633,1.556095838546753
17,9,248.2850522994995,-13106270.6,0.9998999834060669,0.572566568851471,0.511340856552124,0.2385130375623703,230.16513514518738,4.0809595584869385,18.119170427322388,223.64689993858337,0.13974928855895996,0.28299474716186523,1.629810094833374
17,10,317.4025983810425,-13104083.5,0.9998999834060669,0.5704963803291321,0.5092555284500122,0.236249640583992,245.19114780426025,6.186003684997559,72.21071290969849,218.9634084701538,0.7694203853607178,0.35065364837646484,15.9075345993042
17,11,240.66406989097595,-13105189.3,0.9998999834060669,0.5710340142250061,0.5101820826530457,0.23738263547420502,223.66481518745422,3.863535165786743,16.998580932617188,214.91673350334167,0.1201479434967041,0.23116779327392578,1.5373647212982178
17,12,244.71753334999084,-13099654.4,0.9998999834060669,0.5680326819419861,0.5065976977348328,0.23352977633476257,227.58403658866882,3.8497073650360107,17.132787466049194,218.7962305545807,0.12251996994018555,0.24310731887817383,1.5419068336486816
17,13,243.1856758594513,-13104332.2,0.9998999834060669,0.5712162852287292,0.5099375247955322,0.2368602752685547,226.0264437198639,3.9084699153900146,17.15851902961731,217.1895031929016,0.12193417549133301,0.24317121505737305,1.5390236377716064
17,14,246.1843569278717,-13103498.4,0.9998999834060669,0.5706110000610352,0.5093142986297607,0.2364444136619568,228.8352403640747,3.8735618591308594,17.348379373550415,220.07795524597168,0.1235346794128418,0.2484593391418457,1.5455162525177002
17,15,245.69213438034058,-13104099.9,0.9998999834060669,0.5710228681564331,0.5099835395812988,0.23751884698867798,228.281320810318,3.8943371772766113,17.410087823867798,219.4908082485199,0.12257122993469238,0.24640846252441406,1.5503435134887695
17,16,420.4086148738861,-13101955.3,0.9998999834060669,0.5682969093322754,0.5068278908729553,0.234166219830513,376.21187019348145,10.758407831192017,44.194289684295654,349.47707176208496,0.2795135974884033,0.42334651947021484,15.16717529296875
17,17,401.25271105766296,-13102854.7,0.9998999834060669,0.5710309147834778,0.5099775195121765,0.23754926025867462,366.8805706501007,8.215328931808472,34.37014937400818,354.04414796829224,0.2609543800354004,0.4401681423187256,3.815178871154785
17,18,392.9579622745514,-13105932.2,0.9998999834060669,0.5707787275314331,0.5098604559898376,0.2373344749212265,358.7773687839508,8.239052295684814,34.17861747741699,345.9847238063812,0.2594573497772217,0.4199364185333252,3.773057699203491
17,19,401.9492025375366,-13102970.4,0.9998999834060669,0.5673735737800598,0.5060911774635315,0.23288361728191376,367.722718000412,8.219346523284912,34.224504709243774,354.71525144577026,0.27527689933776855,0.41793346405029297,3.9902565479278564
17,20,397.78752994537354,-13104470.0,0.9998999834060669,0.5704668760299683,0.5093465447425842,0.23635412752628326,363.4209814071655,8.226807594299316,34.364556312561035,350.60570883750916,0.26213932037353516,0.42394161224365234,3.798029899597168
17,21,396.6212832927704,-13107428.0,0.9998999834060669,0.5682439208030701,0.5075703859329224,0.23471903800964355,361.8951737880707,8.615209579467773,34.72411751747131,348.62393712997437,0.2615227699279785,0.519700288772583,3.772164821624756
17,22,401.6433205604553,-13103111.2,0.9998999834060669,0.5707876086235046,0.5097833275794983,0.23751230537891388,366.98596596717834,8.071231603622437,34.65534257888794,354.2956564426422,0.26320409774780273,0.41444873809814453,3.8387742042541504
17,23,391.4056854248047,-13103368.7,0.9998999834060669,0.5714327096939087,0.5100780129432678,0.23758137226104736,357.18283128738403,8.132264614105225,34.22084164619446,344.4887773990631,0.262706995010376,0.40919041633605957,3.787140130996704
17,24,398.9407980442047,-13104280.5,0.9998999834060669,0.5712573528289795,0.5097203254699707,0.23738346993923187,364.3423914909363,7.940612316131592,34.596341133117676,351.84414505958557,0.2512385845184326,0.38240551948547363,3.8276166915893555
17,25,395.2581248283386,-13098579.5,0.9998999834060669,0.5690116882324219,0.507875919342041,0.23468120396137238,360.9906530380249,7.910097360610962,34.26546025276184,348.5302255153656,0.24845314025878906,0.38149213790893555,3.824456214904785
17,26,391.9333829879761,-13108745.2,0.9998999834060669,0.5710230469703674,0.5097538828849792,0.237785205245018,357.21976256370544,7.927853584289551,34.71158480644226,344.7603352069855,0.24853014945983887,0.38564229011535645,3.7998874187469482
17,27,392.7485611438751,-13102770.9,0.9998999834060669,0.5671765208244324,0.5059194564819336,0.233319491147995,358.4827809333801,7.877270221710205,34.26374292373657,346.1155824661255,0.24434113502502441,0.37688183784484863,3.773284912109375
17,28,393.392240524292,-13104794.6,0.9998999834060669,0.5712729692459106,0.5097932815551758,0.23754388093948364,358.93525886535645,8.013861894607544,34.454962491989136,346.3335134983063,0.2895686626434326,0.3884241580963135,3.8115999698638916
17,29,399.69444942474365,-13100803.9,0.9998999834060669,0.5712651610374451,0.5096513032913208,0.23728200793266296,365.1368818283081,8.334824085235596,34.55553197860718,352.1669044494629,0.2613246440887451,0.45047616958618164,3.8171606063842773
17,30,395.6345384120941,-13106400.6,0.9998999834060669,0.5677424073219299,0.5066661238670349,0.2343112826347351,361.34123182296753,8.169632196426392,34.29132270812988,348.56014823913574,0.260711669921875,0.4308896064758301,3.816110134124756
18,1,366.1932818889618,-32039642.6,0.9998999834060669,0.5652491450309753,0.5036159157752991,0.24425965547561646,326.0702815055847,4.129266023635864,40.121399879455566,309.2117397785187,0.1349797248840332,0.4373307228088379,1.6590921878814697
18,2,359.18675088882446,-32038736.6,0.9998999834060669,0.565270721912384,0.5035246014595032,0.24422518908977509,319.81283807754517,4.212023973464966,39.372427225112915,302.99826169013977,0.13370966911315918,0.42826366424560547,1.6310584545135498
18,3,361.4481711387634,-32040014.4,0.9998999834060669,0.5653154253959656,0.5036656260490417,0.2440478652715683,321.6336438655853,4.091766595840454,39.812960624694824,304.74618887901306,0.1351916790008545,0.42241477966308594,1.646723747253418
18,4,362.83449363708496,-32035784.8,0.9998999834060669,0.5665237903594971,0.5048051476478577,0.24528370797634125,323.31979608535767,4.176568984985352,39.513150215148926,306.4909996986389,0.13584685325622559,0.42586755752563477,1.6435177326202393
18,5,367.46526169776917,-32042274.4,0.9998999834060669,0.5661711692810059,0.5048937797546387,0.2455534189939499,327.22688722610474,4.12837815284729,40.23677396774292,310.36185932159424,0.1391456127166748,0.4310023784637451,1.6509730815887451
18,6,358.67421078681946,-32027546.6,0.9998999834060669,0.5654276013374329,0.5039926171302795,0.2437019795179367,319.2691774368286,4.067124128341675,39.40352153778076,302.4512929916382,0.13386154174804688,0.41671133041381836,1.6349492073059082
18,7,372.00786662101746,-32044536.8,0.9998999834060669,0.5649237632751465,0.5033756494522095,0.24378080666065216,332.05610370635986,4.12946891784668,39.95012426376343,315.1714885234833,0.13634467124938965,0.4433591365814209,1.6544890403747559
18,8,366.50801706314087,-32034055.6,0.9998999834060669,0.5655556917190552,0.5039927363395691,0.24405641853809357,326.2185437679291,4.121928691864014,40.28784966468811,309.31079387664795,0.13580727577209473,0.43916797637939453,1.6496267318725586
18,9,368.1777837276459,-32033266.6,0.9998999834060669,0.5657050609588623,0.5041440725326538,0.24413910508155823,327.8902955055237,4.16363525390625,40.285861015319824,310.9862914085388,0.1367342472076416,0.43802762031555176,1.6554460525512695
18,10,367.69099140167236,-32037834.4,0.9998999834060669,0.5660140514373779,0.5041719079017639,0.2446124106645584,327.38562846183777,4.153353452682495,40.30378222465515,310.4669244289398,0.1367795467376709,0.4409008026123047,1.6485264301300049
18,11,366.6905286312103,-32035547.0,0.9998999834060669,0.5661913752555847,0.5047147870063782,0.24504214525222778,326.57996463775635,4.197426080703735,40.1089813709259,309.6775133609772,0.13804984092712402,0.43386006355285645,1.6509170532226562
18,12,366.7408537864685,-32033384.2,0.9998999834060669,0.5660913586616516,0.5042739510536194,0.2448180615901947,326.5534973144531,4.171680212020874,40.18577027320862,309.6903245449066,0.1373288631439209,0.44351911544799805,1.6526014804840088
18,13,366.8001606464386,-32033678.2,0.9998999834060669,0.5631878972053528,0.501675546169281,0.2416984736919403,326.445428609848,4.133424758911133,40.35312294960022,309.583637714386,0.13630414009094238,0.4362328052520752,1.6536550521850586
18,14,363.2163805961609,-32038642.4,0.9998999834060669,0.5646891593933105,0.5032424926757812,0.24383220076560974,323.0010437965393,4.137776136398315,40.21380162239075,306.35448241233826,0.13533830642700195,0.4199485778808594,1.6395862102508545
18,15,366.71692299842834,-32033782.4,0.9998999834060669,0.5652316808700562,0.5035154819488525,0.24406304955482483,326.3450012207031,4.128985643386841,40.37035298347473,309.481636762619,0.13706612586975098,0.4355437755584717,1.6568286418914795
18,16,611.6037499904633,-32035999.0,0.9998999834060669,0.5653463006019592,0.5035026669502258,0.24393941462039948,532.3915944099426,8.287989377975464,79.20760536193848,519.1316843032837,0.2559819221496582,0.5813443660736084,4.035138130187988
18,17,615.7767543792725,-32037823.2,0.9998999834060669,0.5647577047348022,0.5032133460044861,0.24362464249134064,537.5733561515808,8.401419639587402,78.19892692565918,524.2120325565338,0.25720930099487305,0.5878815650939941,4.01541543006897
18,18,616.1312301158905,-32031390.4,0.9998999834060669,0.5659524202346802,0.504033625125885,0.24412867426872253,536.6938483715057,8.309962034225464,79.43295502662659,523.4367487430573,0.25407910346984863,0.5908606052398682,4.002939939498901
18,19,612.7304899692535,-32036965.2,0.9998999834060669,0.5656817555427551,0.5038952827453613,0.2447204887866974,533.4521617889404,8.273683309555054,79.27393674850464,520.2539184093475,0.2631855010986328,0.5891523361206055,3.970994710922241
18,20,619.4291923046112,-32033476.6,0.9998999834060669,0.5681979060173035,0.5061811804771423,0.24676163494586945,541.5515787601471,8.387348175048828,77.87295770645142,528.2085194587708,0.2601914405822754,0.5956974029541016,3.997647523880005
18,21,653.2305965423584,-32041543.8,0.9998999834060669,0.5658352375030518,0.5042611956596375,0.24453763663768768,574.7305526733398,8.30490231513977,78.49565315246582,561.2795627117157,0.25667762756347656,0.7486960887908936,4.0349814891815186
18,22,635.9774782657623,-32046237.4,0.9998999834060669,0.5662465691566467,0.504342257976532,0.24511171877384186,557.616067647934,8.414487838745117,78.3569848537445,544.1758329868317,0.26455163955688477,0.6341180801391602,4.019551992416382
18,23,637.5652222633362,-32034447.0,0.9998999834060669,0.5632450580596924,0.5017303228378296,0.24186289310455322,558.3845343589783,8.382790327072144,79.17631936073303,545.028425693512,0.26375246047973633,0.6270363330841064,3.9773004055023193
18,24,648.6281087398529,-32040680.2,0.9998999834060669,0.5653754472732544,0.5039861798286438,0.2444184422492981,568.2129487991333,8.39684796333313,80.41075110435486,554.7240459918976,0.26319026947021484,0.638338565826416,4.0841052532196045
18,25,643.125236749649,-32035060.4,0.9998999834060669,0.5659248232841492,0.504179835319519,0.24443738162517548,564.7615749835968,8.395065069198608,78.35925698280334,551.3719205856323,0.27947545051574707,0.6407732963562012,3.966078758239746
18,26,656.6273365020752,-32039015.2,0.9998999834060669,0.5650551319122314,0.5037130117416382,0.24417512118816376,576.1608967781067,8.46353530883789,80.46204018592834,562.6810698509216,0.26113247871398926,0.6327548027038574,4.01698899269104
18,27,612.3339607715607,-32037418.2,0.9998999834060669,0.5657703876495361,0.5044189691543579,0.24477317929267883,534.5071213245392,8.376363039016724,77.82243323326111,521.1112678050995,0.26255273818969727,0.6550803184509277,4.003361463546753
18,28,644.4917027950287,-32036957.8,0.9998999834060669,0.5644342303276062,0.5027590394020081,0.24319322407245636,565.6433618068695,8.771587610244751,78.8438024520874,551.867258310318,0.2629070281982422,0.6336979866027832,4.004479646682739
18,29,663.4517250061035,-32042819.2,0.9998999834060669,0.5661324858665466,0.5042192935943604,0.24481014907360077,583.8315088748932,8.401610136032104,79.61577677726746,570.3095350265503,0.3288547992706299,0.6508679389953613,4.0318076610565186
18,30,661.1689202785492,-32048636.0,0.9998999834060669,0.5662063956260681,0.5043465495109558,0.2450273633003235,581.8369121551514,8.399363279342651,79.3276379108429,568.4339377880096,0.26495957374572754,0.643451452255249,3.989189863204956
19,1,595.133049249649,-78464564.0,0.9998999834060669,0.561172604560852,0.49878478050231934,0.2541845738887787,501.7876443862915,4.654746055603027,93.34150052070618,468.3426070213318,0.13906431198120117,0.7240560054779053,1.8058052062988281
19,2,598.328654050827,-78466303.2,0.9998999834060669,0.5611845254898071,0.49877476692199707,0.2541865110397339,503.8189859390259,4.693089723587036,94.50617551803589,469.97831106185913,0.13912057876586914,0.7421977519989014,1.810964584350586
19,3,597.2310547828674,-78474594.4,0.9998999834060669,0.5610749125480652,0.49877604842185974,0.25426673889160156,502.7105407714844,4.667517185211182,94.51695156097412,469.23292994499207,0.1406114101409912,0.7430908679962158,1.8247981071472168
19,4,584.1321549415588,-78471299.2,0.9998999834060669,0.5610851049423218,0.49884462356567383,0.2542039155960083,491.8252377510071,4.591120958328247,92.30345273017883,458.08646297454834,0.13780641555786133,0.6923210620880127,1.8069133758544922
19,5,606.33753490448,-78465988.8,0.9998999834060669,0.5611923933029175,0.49885597825050354,0.2540970742702484,511.8653712272644,4.747096538543701,94.46866965293884,477.9601078033447,0.14214801788330078,0.7450995445251465,1.8443191051483154
19,6,582.7061903476715,-78469850.4,0.9998999834060669,0.5611644983291626,0.4988180100917816,0.2541676461696625,491.10505867004395,4.594054937362671,91.59777307510376,457.3483421802521,0.1377406120300293,0.7077574729919434,1.7958500385284424
19,7,584.8780887126923,-78475784.8,0.9998999834060669,0.5610904693603516,0.49885091185569763,0.25419068336486816,490.0594766139984,4.795707941055298,94.81495332717896,456.32579016685486,0.13873839378356934,0.7031145095825195,1.7934167385101318
19,8,594.4719536304474,-78465348.0,0.9998999834060669,0.5611379146575928,0.4988984763622284,0.25412166118621826,500.3443429470062,4.7245752811431885,94.12410974502563,466.50565099716187,0.13916420936584473,0.7213170528411865,1.8184857368469238
19,9,594.0912227630615,-78484985.6,0.9998999834060669,0.5610479712486267,0.4988185167312622,0.25428566336631775,499.3159554004669,4.733862638473511,94.77171921730042,465.4915804862976,0.1394789218902588,0.7273108959197998,1.8092453479766846
19,10,577.9228105545044,-78473940.8,0.9998999834060669,0.5609914064407349,0.4988425076007843,0.2543202340602875,486.69688606262207,4.6297526359558105,91.22261118888855,452.9191153049469,0.13752222061157227,0.6988222599029541,1.79270339012146
19,11,587.1499774456024,-78479146.4,0.9998999834060669,0.5610851645469666,0.4987974166870117,0.25426170229911804,493.18978452682495,4.665293216705322,93.95679879188538,459.4112801551819,0.13878440856933594,0.7059421539306641,1.8042550086975098
19,12,621.4765915870667,-78472159.2,0.9998999834060669,0.5610305070877075,0.49881741404533386,0.25431233644485474,499.2000286579132,4.627693176269531,122.27318286895752,458.02002573013306,0.13767480850219727,0.6975276470184326,9.402154684066772
19,13,589.7243447303772,-78473769.6,0.9998999834060669,0.5609930157661438,0.49886730313301086,0.25427138805389404,496.6973075866699,4.720808267593384,93.02349376678467,462.88818168640137,0.13846611976623535,0.724865198135376,1.8005661964416504
19,14,598.2208385467529,-78479015.2,0.9998999834060669,0.5610373616218567,0.49874380230903625,0.2543444037437439,503.9536564350128,4.671001672744751,94.26358890533447,470.11338663101196,0.1406419277191162,0.7442886829376221,1.8100099563598633
19,15,595.9940192699432,-78475454.4,0.9998999834060669,0.5611187219619751,0.49883514642715454,0.2541830241680145,502.05334186553955,4.698604345321655,93.93700575828552,468.17521810531616,0.1402597427368164,0.7481019496917725,1.8225288391113281
19,16,1043.5882091522217,-78481822.4,0.9998999834060669,0.5610723495483398,0.49878019094467163,0.25428643822669983,818.7525899410248,11.730673551559448,224.80658173561096,789.8451220989227,0.9352738857269287,1.1826097965240479,10.298808336257935
19,17,1011.2025444507599,-78490876.8,0.9998999834060669,0.5609620213508606,0.4988543391227722,0.25432470440864563,820.4957964420319,9.793368101119995,190.6977207660675,800.2564325332642,0.325014591217041,1.1121230125427246,4.484455823898315
19,18,1006.4978520870209,-78481593.6,0.9998999834060669,0.5611059665679932,0.4987562894821167,0.25427889823913574,818.4059071540833,9.439990520477295,188.0617961883545,798.4943809509277,0.2792689800262451,1.0444674491882324,4.419430494308472
19,19,1004.8109865188599,-78463823.2,0.9998999834060669,0.5611337423324585,0.4990050494670868,0.25401708483695984,813.2561800479889,9.387653350830078,191.49275517463684,793.3981041908264,0.2708756923675537,1.0442287921905518,4.374453544616699
19,20,1007.4544124603271,-78465964.0,0.9998999834060669,0.5612030625343323,0.49874523282051086,0.25416553020477295,817.610762834549,9.213917970657349,189.78636145591736,797.6574740409851,0.2727358341217041,1.059614658355713,4.400743722915649
19,21,1002.0997042655945,-78469768.8,0.9998999834060669,0.5609943866729736,0.49892735481262207,0.2542259693145752,811.6352543830872,9.254814863204956,190.3991813659668,791.6302256584167,0.27780890464782715,1.0364265441894531,4.506811857223511
19,22,1013.1750793457031,-78468246.4,0.9998999834060669,0.5611315369606018,0.4987541735172272,0.2542418837547302,812.5603213310242,9.229569435119629,200.59165811538696,792.5995874404907,0.3908967971801758,1.0325031280517578,4.397286415100098
19,23,1014.5837833881378,-78467556.0,0.9998999834060669,0.5611585974693298,0.49868589639663696,0.25428852438926697,822.2785148620605,9.165889501571655,192.27509021759033,802.5097053050995,0.2807927131652832,1.036773920059204,4.340908765792847
19,24,1002.255401134491,-78469774.4,0.9998999834060669,0.5611032843589783,0.49875345826148987,0.25427818298339844,811.6055974960327,9.131043672561646,190.62611389160156,791.7402291297913,0.2788360118865967,1.036113977432251,4.365064382553101
19,25,1004.3049218654633,-78464793.6,0.9998999834060669,0.5610429048538208,0.4988945424556732,0.25418877601623535,815.0003664493561,9.286561012268066,189.2744026184082,794.3644547462463,0.2881805896759033,1.6165149211883545,4.474262714385986
19,26,961.798712015152,-78479576.8,0.9998999834060669,0.5610235929489136,0.4987954795360565,0.25430405139923096,773.2468781471252,9.003180027008057,188.52158856391907,753.5717673301697,0.2680840492248535,1.0103676319122314,4.324345350265503
19,27,944.1836659908295,-78475696.8,0.9998999834060669,0.5610703825950623,0.4988361597061157,0.25422194600105286,758.8789968490601,9.069088697433472,185.29565334320068,739.2967450618744,0.2755129337310791,1.0107359886169434,4.186373472213745
19,28,918.3363723754883,-78472107.2,0.9998999834060669,0.5612172484397888,0.4988877475261688,0.2540203928947449,736.5754470825195,8.999394655227661,181.7511808872223,716.9244403839111,0.2872326374053955,1.0118074417114258,4.214364767074585
19,29,928.8802073001862,-78474682.4,0.9998999834060669,0.5611824989318848,0.498755544424057,0.2541942000389099,748.5809609889984,8.897406101226807,180.29023814201355,728.886860370636,0.2787439823150635,1.0017757415771484,4.30065393447876
19,30,943.8969166278839,-78465026.4,0.9998999834060669,0.5611834526062012,0.4987051784992218,0.2542284429073334,763.3028383255005,8.936481475830078,180.5850648880005,743.737717628479,0.27762436866760254,0.9947793483734131,4.18607234954834
20,1,1021.7959966659546,-193211051.2,0.9948041439056396,0.5562726855278015,0.4933730661869049,0.2645624577999115,788.7816252708435,4.886584997177124,233.00232124328613,716.2911050319672,0.14145851135253906,1.1191260814666748,2.078777551651001
20,2,1024.5788321495056,-193176196.8,0.995115339756012,0.5565108060836792,0.49358201026916504,0.2645881772041321,791.9268667697906,4.8848488330841064,232.6401162147522,718.536515712738,0.1404411792755127,1.1157338619232178,2.0708365440368652
20,3,1033.8763740062714,-193181380.8,0.9955205917358398,0.5568974018096924,0.49399855732917786,0.26509004831314087,777.6730976104736,4.822859525680542,256.1917848587036,697.7080807685852,0.13788318634033203,1.050149917602539,8.741344213485718
20,4,1028.1033020019531,-193221056.0,0.9956989288330078,0.5573322772979736,0.4944049119949341,0.26561981439590454,792.7335140705109,4.915724277496338,235.3577959537506,719.4026403427124,0.14229416847229004,1.1103951930999756,2.086970567703247
20,5,1003.1619265079498,-193217388.8,0.9949507713317871,0.5564473867416382,0.4936017692089081,0.26479560136795044,767.2673571109772,4.803951263427734,235.88272953033447,694.000057220459,0.1378650665283203,1.0410771369934082,2.0618972778320312
20,6,1027.1189196109772,-193220190.4,0.995410680770874,0.5570166707038879,0.49413540959358215,0.2653244435787201,792.6864802837372,4.89172101020813,234.42048335075378,719.297043800354,0.14153480529785156,1.1121437549591064,2.078099489212036
20,7,1061.7038462162018,-193196227.2,0.9954047799110413,0.5568280816078186,0.49392086267471313,0.26505377888679504,783.8764674663544,4.774048328399658,277.8154819011688,699.0673642158508,0.13842439651489258,1.0523254871368408,13.569711685180664
20,8,1026.7877979278564,-193226844.8,0.9951525926589966,0.557179868221283,0.49435603618621826,0.26567962765693665,791.8576190471649,4.833008289337158,234.91824531555176,719.438330411911,0.14117646217346191,1.103022575378418,2.071988105773926
20,9,1026.5135521888733,-193234625.6,0.9982877373695374,0.559684693813324,0.49704065918922424,0.2681896686553955,791.342288017273,4.901695966720581,235.1593451499939,717.994389295578,0.14060258865356445,1.1177830696105957,2.066512107849121
20,10,992.2666432857513,-193228097.6,0.9956969022750854,0.5571699142456055,0.494329035282135,0.26565784215927124,764.8754816055298,4.767393112182617,227.37965941429138,692.5118155479431,0.13994956016540527,1.0446345806121826,2.046004056930542
20,11,1027.5116357803345,-193217161.6,0.9955621361732483,0.5569314360618591,0.49417486786842346,0.2654153108596802,792.5484738349915,4.890626668930054,234.9512403011322,719.2056047916412,0.14145898818969727,1.1066250801086426,2.0579299926757812
20,12,1026.6047234535217,-193224483.2,0.9955272078514099,0.5570128560066223,0.49424198269844055,0.26544299721717834,792.1683466434479,4.869349002838135,234.42433714866638,718.8675677776337,0.1411449909210205,1.1027965545654297,2.0648982524871826
20,13,1048.15341091156,-193220088.0,0.995633065700531,0.5569838881492615,0.4942411780357361,0.2655060887336731,783.2693562507629,4.79590916633606,264.87231612205505,700.4969003200531,0.13951563835144043,1.0500109195709229,11.59302544593811
20,14,1026.7945501804352,-193214684.8,0.9955235719680786,0.5569667816162109,0.49409252405166626,0.2653812766075134,792.5491635799408,4.863818883895874,234.23354244232178,720.0709149837494,0.14058637619018555,1.1076526641845703,2.06778883934021
20,15,993.9173998832703,-193225025.6,0.9943901300430298,0.5559706091880798,0.49313393235206604,0.2642655372619629,764.7470536231995,4.7762439250946045,229.15866470336914,692.4292752742767,0.13732671737670898,1.0333902835845947,2.024245023727417
20,16,1484.4586434364319,-193214412.8,0.9952303171157837,0.556796669960022,0.49394142627716064,0.2650788724422455,1034.8578777313232,9.200323343276978,449.5795953273773,997.3724188804626,0.3203999996185303,1.7240335941314697,4.536606073379517
20,17,1483.3328022956848,-193209388.8,0.9943920373916626,0.5557345747947693,0.49288761615753174,0.26409122347831726,1030.785709619522,9.307941675186157,452.52655935287476,993.506662607193,0.2952868938446045,1.7125277519226074,4.44422459602356
20,18,1501.8288810253143,-193195545.6,0.995635986328125,0.5568890571594238,0.494113028049469,0.26524779200553894,1056.6595075130463,9.222680807113647,445.14997696876526,1019.3054909706116,0.2916848659515381,1.720367670059204,4.470991134643555
20,19,1497.0416812896729,-193235102.4,0.9953905344009399,0.5571169853210449,0.49438756704330444,0.2653670907020569,1046.964899778366,9.41889500617981,450.05736541748047,1009.615401506424,0.2878072261810303,1.751894235610962,4.499090671539307
20,20,1511.2120010852814,-193208852.8,0.9957451224327087,0.5572460889816284,0.4944683313369751,0.2655417025089264,1057.7373569011688,9.39520001411438,453.45431637763977,1020.3605675697327,0.30118727684020996,1.7330868244171143,4.491320371627808
20,21,1518.5542092323303,-193222774.4,0.9959065914154053,0.5574176907539368,0.49470528960227966,0.2658345401287079,1061.6694865226746,9.43391466140747,456.8649203777313,1024.2492003440857,0.30591320991516113,1.7370402812957764,4.482238292694092
20,22,1514.9913926124573,-193236388.8,0.9958381652832031,0.5577763915061951,0.4950328469276428,0.2662300765514374,1060.1527936458588,9.388292789459229,454.80979228019714,1022.6455879211426,0.32895588874816895,1.7380585670471191,4.572992324829102
20,23,1518.8623983860016,-193249355.2,0.9986820816993713,0.5601515173912048,0.4973878562450409,0.26854854822158813,1064.786902666092,9.403373956680298,454.0561933517456,1027.3115592002869,0.3221604824066162,1.746286153793335,4.537815570831299
20,24,1509.3884329795837,-193221785.6,0.9956297874450684,0.557043194770813,0.4943198561668396,0.2655460238456726,1052.1521282196045,9.275691032409668,457.21650886535645,1014.6640102863312,0.31197667121887207,1.7284483909606934,4.589588403701782
20,25,1471.8542652130127,-193211452.8,0.9954102039337158,0.5569102168083191,0.49407508969306946,0.26519352197647095,1026.8732941150665,9.275639057159424,444.95984053611755,989.3180315494537,0.3132920265197754,1.7206015586853027,4.606579780578613
20,26,1473.7370474338531,-193221523.2,0.9953795671463013,0.5568790435791016,0.49410784244537354,0.26526013016700745,1035.4391753673553,9.438391923904419,438.27609729766846,997.9283137321472,0.3139028549194336,1.7555248737335205,4.582064628601074
20,27,1493.3123688697815,-193208784.0,0.9948574304580688,0.5562705397605896,0.49329376220703125,0.2646021842956543,1049.029922246933,9.400046348571777,444.25516295433044,1011.6882543563843,0.30660367012023926,1.7239956855773926,4.497133731842041
20,28,1476.503368139267,-193254147.2,0.9977034330368042,0.5592275261878967,0.4963521957397461,0.2676434814929962,1043.8658015727997,9.434142827987671,432.6047089099884,1006.514975309372,0.2847476005554199,1.711824655532837,4.464925765991211
20,29,1428.5401272773743,-193230480.0,0.9958881139755249,0.5577808022499084,0.49495506286621094,0.2662515342235565,993.2426240444183,9.264916181564331,435.2780170440674,955.857617855072,0.2823505401611328,1.7494518756866455,4.440581560134888
20,30,1433.9033479690552,-193220227.2,0.9953137636184692,0.5572855472564697,0.49428418278694153,0.26575347781181335,1001.7456068992615,9.461426734924316,432.1384642124176,964.456699848175,0.287583589553833,1.7341892719268799,4.4378626346588135
