k,sample,total_time,best_ll,P00,P01,P10,P11,full_fit,gradient_gpu,init_cpu_gpu,mcmc_cpu,optimizer_gpu,transfer_pcie,warm_up_mcmc_cpu
1,1,38.22888708114624,-0.0004000663757324219,0.9998999834060669,9.999999747378752e-05,9.999999747378752e-05,0.9998999834060669,15.003616333007812,3.8221747875213623,23.225228309631348,0.906064510345459,0.7510733604431152,0.1668100357055664,9.315677165985107
1,2,6.515998601913452,-0.0004000663757324219,0.9998999834060669,0.9998999834060669,9.999999747378752e-05,0.9998999834060669,5.197838306427002,1.5129868984222412,1.3181188106536865,2.030927896499634,0.11312580108642578,0.07883405685424805,1.4195101261138916
1,3,6.2157368659973145,-0.0004000663757324219,0.9998999834060669,9.999999747378752e-05,0.9998999834060669,9.999999747378752e-05,4.896318435668945,1.492969036102295,1.3193821907043457,1.757781744003296,0.11554551124572754,0.0774993896484375,1.4114067554473877
1,4,6.364808559417725,-0.0004000663757324219,0.9998999834060669,0.9998999834060669,9.999999747378752e-05,0.9998999834060669,5.024565935134888,1.5208940505981445,1.340200662612915,1.8749816417694092,0.11459875106811523,0.07981705665588379,1.3922510147094727
1,5,6.247647047042847,-0.0004000663757324219,0.9998999834060669,9.999999747378752e-05,0.9998999834060669,9.999999747378752e-05,4.945540904998779,1.5269427299499512,1.3020689487457275,1.7700726985931396,0.12371826171875,0.0807487964630127,1.4011576175689697
1,6,6.291195631027222,-0.0004000663757324219,0.9998999834060669,9.999999747378752e-05,0.9998999834060669,9.999999747378752e-05,4.989286422729492,1.5432782173156738,1.3018698692321777,1.82716703414917,0.11664080619812012,0.08023953437805176,1.3797085285186768
1,7,5.301828384399414,-0.0004000663757324219,0.9998999834060669,9.999999747378752e-05,9.999999747378752e-05,0.9998999834060669,4.042530298233032,1.5239460468292236,1.2592570781707764,0.9038412570953369,0.1141350269317627,0.07928991317749023,1.3786563873291016
1,8,5.290393829345703,-0.0004000663757324219,0.9998999834060669,9.999999747378752e-05,9.999999747378752e-05,0.9998999834060669,4.040965557098389,1.5318152904510498,1.2493891716003418,0.9083385467529297,0.11322212219238281,0.07877564430236816,1.3673326969146729
1,9,6.397589683532715,-0.0004000663757324219,0.9998999834060669,0.9998999834060669,9.999999747378752e-05,9.999999747378752e-05,4.893773794174194,1.53053617477417,1.5037806034088135,1.7509865760803223,0.11477398872375488,0.07968544960021973,1.375535011291504
1,10,4.798142671585083,0.0,0.8999999761581421,0.699999988079071,0.5,0.20000000298023224,3.4995062351226807,1.2875447273254395,1.2986023426055908,0.5984866619110107,0.11333274841308594,0.07863044738769531,1.3805303573608398
1,11,4.812515020370483,0.0,0.8999999761581421,0.699999988079071,0.5,0.20000000298023224,3.507275342941284,1.2891709804534912,1.3052055835723877,0.603856086730957,0.11412644386291504,0.07877397537231445,1.3797378540039062
1,12,5.305981397628784,-0.0004000663757324219,0.9998999834060669,9.999999747378752e-05,9.999999747378752e-05,0.9998999834060669,4.019761800765991,1.4974915981292725,1.286186933517456,0.9062962532043457,0.110870361328125,0.07808732986450195,1.3858139514923096
1,13,6.36096453666687,-0.0004000663757324219,0.9998999834060669,0.9998999834060669,9.999999747378752e-05,0.9998999834060669,5.062552452087402,1.5347917079925537,1.2983717918395996,1.8886117935180664,0.11473536491394043,0.08214616775512695,1.399181842803955
1,14,5.329560279846191,-0.0004000663757324219,0.9998999834060669,9.999999747378752e-05,9.999999747378752e-05,0.9998999834060669,4.053713798522949,1.5229458808898926,1.2758054733276367,0.9077143669128418,0.11552596092224121,0.07996344566345215,1.3842828273773193
1,15,6.316009998321533,-0.0004000663757324219,0.9998999834060669,0.9998999834060669,9.999999747378752e-05,0.9998999834060669,5.050869464874268,1.5490059852600098,1.265106201171875,1.8807108402252197,0.11424708366394043,0.07994222640991211,1.3846421241760254
1,16,12.087242126464844,0.0,0.8999999761581421,0.699999988079071,0.5,0.20000000298023224,7.801011800765991,2.7229676246643066,4.286142587661743,0.9354562759399414,0.2347249984741211,0.13750910758972168,3.6951682567596436
1,17,12.124359130859375,0.0,0.8999999761581421,0.699999988079071,0.5,0.20000000298023224,7.8781867027282715,2.7352867126464844,4.246079683303833,0.9391000270843506,0.23450756072998047,0.14559435844421387,3.7423243522644043
1,18,12.112396240234375,0.0,0.8999999761581421,0.699999988079071,0.5,0.20000000298023224,7.893923759460449,2.7584850788116455,4.218365430831909,0.9585380554199219,0.23764848709106445,0.14451122283935547,3.715926170349121
1,19,14.850591659545898,-0.0004000663757324219,0.9998999834060669,0.9998999834060669,9.999999747378752e-05,0.9998999834060669,10.535942554473877,3.231987476348877,4.314532995223999,3.0462324619293213,0.24469876289367676,0.15366411209106445,3.773846387863159
1,20,14.702214241027832,-0.0004000663757324219,0.9998999834060669,0.9998999834060669,9.999999747378752e-05,0.9998999834060669,10.466277599334717,3.221020221710205,4.235836505889893,3.036839246749878,0.24258804321289062,0.15470051765441895,3.725162982940674
1,21,14.787959575653076,-0.0004000663757324219,0.9998999834060669,0.9998999834060669,9.999999747378752e-05,0.9998999834060669,10.450352907180786,3.2391152381896973,4.33749794960022,3.0392115116119385,0.23993730545043945,0.15502119064331055,3.6907246112823486
1,22,13.099098443984985,-0.0004000663757324219,0.9998999834060669,9.999999747378752e-05,9.999999747378752e-05,0.9998999834060669,8.846238613128662,3.2321770191192627,4.2527549266815186,1.4601941108703613,0.23926305770874023,0.14951443672180176,3.681276321411133
1,23,12.464890480041504,0.0,0.8999999761581421,0.699999988079071,0.5,0.20000000298023224,8.070972442626953,2.8069751262664795,4.393823862075806,0.9435076713562012,0.23786520957946777,0.14619684219360352,3.856511116027832
1,24,13.219791889190674,-0.0004000663757324219,0.9998999834060669,9.999999747378752e-05,9.999999747378752e-05,0.9998999834060669,8.797381401062012,3.189633846282959,4.4223127365112305,1.4273090362548828,0.23880839347839355,0.15021777153015137,3.7051050662994385
1,25,15.00507664680481,-0.0004000663757324219,0.9998999834060669,0.9998999834060669,9.999999747378752e-05,0.9998999834060669,10.553800821304321,3.2347798347473145,4.451157093048096,3.0442943572998047,0.24629569053649902,0.1534116268157959,3.7900962829589844
1,26,13.142826080322266,-0.0004000663757324219,0.9998999834060669,9.999999747378752e-05,9.999999747378752e-05,0.9998999834060669,8.826678276062012,3.1603899002075195,4.316051244735718,1.459925889968872,0.2334737777709961,0.14492082595825195,3.7450320720672607
1,27,14.490089178085327,-0.0004000663757324219,0.9998999834060669,9.999999747378752e-05,0.9998999834060669,9.999999747378752e-05,10.201401472091675,3.187579393386841,4.288575172424316,2.822235345840454,0.24403643608093262,0.14579296112060547,3.719499349594116
1,28,14.831037521362305,-0.0004000663757324219,0.9998999834060669,0.9998999834060669,9.999999747378752e-05,0.9998999834060669,10.44942831993103,3.2141032218933105,4.3815062046051025,3.033918619155884,0.24147582054138184,0.15161991119384766,3.722726821899414
1,29,13.148344993591309,-0.0004000663757324219,0.9998999834060669,9.999999747378752e-05,9.999999747378752e-05,0.9998999834060669,8.827183961868286,3.190078020095825,4.321072578430176,1.417154312133789,0.2366957664489746,0.1450819969177246,3.756171941757202
1,30,13.126478672027588,-0.0004000663757324219,0.9998999834060669,9.999999747378752e-05,9.999999747378752e-05,0.9998999834060669,8.852811336517334,3.1998345851898193,4.273566722869873,1.464292287826538,0.23676061630249023,0.1451258659362793,3.725482702255249
2,1,6.32928466796875,-3.59107346534729,0.9998999834060669,0.3520374894142151,9.999999747378752e-05,0.4084151089191437,4.949044227600098,1.678084135055542,1.3801991939544678,1.6495907306671143,0.11506247520446777,0.08051085472106934,1.3833982944488525
2,2,5.737723350524902,-1.4559258222579956,0.9998999834060669,9.999999747378752e-05,9.999999747378752e-05,0.7215571999549866,4.3601014614105225,1.66261887550354,1.3775839805603027,1.085921049118042,0.11445784568786621,0.07950091361999512,1.375147819519043
2,3,6.992621183395386,-5.534108972549438,0.9998999834060669,0.5204140543937683,0.04516312852501869,0.48459455370903015,5.7124269008636475,1.663679599761963,1.280153512954712,2.4322495460510254,0.1143343448638916,0.08023738861083984,1.3792569637298584
2,4,6.321148157119751,-3.689724349975586,0.9998999834060669,9.999999747378752e-05,0.2535257637500763,0.8873746991157532,5.038142204284668,1.6685223579406738,1.2829642295837402,1.752199649810791,0.11546921730041504,0.0815427303314209,1.3770391941070557
2,5,7.409686326980591,-7.957540512084961,0.9998999834060669,0.5009236335754395,0.25602108240127563,0.9914247393608093,6.0769264698028564,1.712289810180664,1.3327159881591797,2.725623369216919,0.1164100170135498,0.08250761032104492,1.3970084190368652
2,6,5.602151870727539,-1.3417075634002686,0.9998999834060669,9.999999747378752e-05,9.999999747378752e-05,0.8161768317222595,4.315955638885498,1.6628568172454834,1.2861618995666504,1.0422024726867676,0.11440873146057129,0.07983112335205078,1.3738174438476562
2,7,6.643573760986328,-6.56441478729248,0.9998999834060669,0.2912435531616211,0.22203008830547333,0.5383762717247009,5.322235822677612,1.6816816329956055,1.3213012218475342,2.0236775875091553,0.11599612236022949,0.08258795738220215,1.3751983642578125
2,8,7.325926065444946,-7.154892444610596,0.9998999834060669,0.23347339034080505,0.6956321001052856,0.2334720939397812,6.016356706619263,1.7026894092559814,1.3095288276672363,2.6932971477508545,0.1145172119140625,0.08177399635314941,1.3809435367584229
2,9,7.77112340927124,-5.687554359436035,0.9998999834060669,0.64536452293396,0.24876941740512848,0.29970496892929077,6.4755539894104,1.666724681854248,1.295529842376709,3.1884913444519043,0.11336684226989746,0.07991528511047363,1.384551763534546
2,10,6.926524639129639,-4.433021068572998,0.9998999834060669,9.999999747378752e-05,0.7764336466789246,0.5880023837089539,5.634657144546509,1.664947271347046,1.29183030128479,2.34145188331604,0.1159205436706543,0.0809636116027832,1.388517141342163
2,11,7.398957014083862,-7.294977188110352,0.9998999834060669,0.5438233017921448,0.22742153704166412,0.5329915881156921,5.963191747665405,1.6669278144836426,1.4357218742370605,2.6744000911712646,0.11584091186523438,0.08017539978027344,1.3830909729003906
2,12,8.32832932472229,-6.703407669067383,0.9998999834060669,0.7653861045837402,0.3985593318939209,0.9998999834060669,7.097097396850586,1.6562175750732422,1.2311980724334717,3.8206286430358887,0.11414432525634766,0.08016157150268555,1.38356614112854
2,13,6.598071813583374,-4.838961601257324,0.9998999834060669,0.5451275706291199,9.999999747378752e-05,0.5454967021942139,5.302823781967163,1.6556580066680908,1.2952101230621338,1.9935545921325684,0.1145164966583252,0.07963800430297852,1.416830062866211
2,14,5.4438042640686035,-0.0004000663757324219,0.9998999834060669,9.999999747378752e-05,9.999999747378752e-05,0.9998999834060669,4.0692572593688965,1.5407662391662598,1.3745064735412598,0.905036449432373,0.1150357723236084,0.07904291152954102,1.3865859508514404
2,15,6.6508800983428955,-4.838961124420166,0.9998999834060669,0.5453057885169983,9.999999747378752e-05,0.5453156232833862,5.323646783828735,1.6832280158996582,1.327199935913086,1.9896283149719238,0.11618757247924805,0.08006429672241211,1.4121479988098145
2,16,16.864960432052612,-4.500598907470703,0.9998999834060669,0.9998999834060669,9.999999747378752e-05,0.9998999834060669,12.519232034683228,3.5106656551361084,4.345612525939941,4.683641672134399,0.24494600296020508,0.1547379493713379,3.8359317779541016
2,17,16.86593270301819,-5.675528812408447,0.9998999834060669,0.30595192313194275,0.35777372121810913,0.9998999834060669,12.534087181091309,3.521470785140991,4.331732749938965,4.836796045303345,0.24393343925476074,0.15241360664367676,3.6952579021453857
2,18,13.962157726287842,-1.4630305528640748,0.9998999834060669,9.999999747378752e-05,9.999999747378752e-05,0.8895303010940552,9.557693243026733,3.4817726612091064,4.404341697692871,1.7680950164794922,0.24100565910339355,0.1517314910888672,3.828159809112549
2,19,16.430333137512207,-5.634005546569824,0.8342961072921753,0.8342676758766174,0.5307610630989075,9.999999747378752e-05,12.057103872299194,3.4522409439086914,4.373124837875366,4.363757371902466,0.24895524978637695,0.14941835403442383,3.757234573364258
2,20,16.94448685646057,-6.194129943847656,0.9998999834060669,0.9998999834060669,0.21642690896987915,0.2251017838716507,12.611178636550903,3.530397891998291,4.3331873416900635,4.857063293457031,0.24074721336364746,0.1522207260131836,3.746593475341797
2,21,13.847235441207886,-1.3853816986083984,0.9998999834060669,9.999999747378752e-05,9.999999747378752e-05,0.72245192527771,9.421882152557373,3.507640838623047,4.425257444381714,1.7502059936523438,0.24439167976379395,0.15210628509521484,3.682499885559082
2,22,16.424814701080322,-2.6161422729492188,0.9998999834060669,0.7421861886978149,9.999999747378752e-05,0.9998999834060669,12.153092622756958,3.4898624420166016,4.271603584289551,4.431942939758301,0.24631738662719727,0.1496739387512207,3.7514495849609375
2,23,15.536213636398315,-5.693211030960083,0.9952318668365479,9.999999747378752e-05,0.563693642616272,0.661481499671936,11.15074110031128,3.4822723865509033,4.385376453399658,3.4728140830993652,0.2446291446685791,0.1515657901763916,3.716454267501831
2,24,18.374523878097534,-7.731091499328613,0.9998999834060669,0.8898688554763794,0.4485822916030884,0.43914464116096497,14.042692422866821,3.557218551635742,4.331724405288696,6.274629592895508,0.25330352783203125,0.15673565864562988,3.7165687084198
2,25,16.276686191558838,-5.634005546569824,0.5307610034942627,9.999999747378752e-05,0.8342819213867188,0.834283173084259,11.936398267745972,3.5304017066955566,4.340168237686157,4.161998987197876,0.24839210510253906,0.15288376808166504,3.756171226501465
2,26,15.664493799209595,-4.838961124420166,0.9998999834060669,0.5453056693077087,9.999999747378752e-05,0.5453070998191833,11.232786178588867,3.5409634113311768,4.4316182136535645,3.3736608028411865,0.2474689483642578,0.1533362865447998,3.832331895828247
2,27,16.451240062713623,-5.634005069732666,0.8342912197113037,0.8342908620834351,0.5307711958885193,9.999999747378752e-05,11.976393699645996,3.489161252975464,4.47473931312561,4.281257629394531,0.24580740928649902,0.14902830123901367,3.7285423278808594
2,28,16.535036087036133,-6.028641653060913,0.9998999834060669,0.2138635218143463,0.31692421436309814,0.7254194021224976,12.089037895202637,3.5475101470947266,4.445904493331909,4.359649419784546,0.24637413024902344,0.15393662452697754,3.6964664459228516
2,29,14.668515682220459,-3.7463447570800783,0.9998999834060669,9.999999747378752e-05,0.2546762228012085,0.900474488735199,10.247212886810303,3.486466646194458,4.421204090118408,2.5138072967529297,0.2424464225769043,0.1500992774963379,3.769594669342041
2,30,13.364836931228638,-0.0004000663757324219,0.9998999834060669,9.999999747378752e-05,9.999999747378752e-05,0.9998999834060669,8.91945743560791,3.207209825515747,4.445250511169434,1.4212088584899902,0.24206948280334473,0.14594769477844238,3.817047595977783
3,1,7.477026462554932,-13.354981994628906,0.9998999834060669,9.999999747378752e-05,0.3726961016654968,0.8929449319839478,6.206586599349976,1.8056399822235107,1.2704014778137207,2.781280279159546,0.11345696449279785,0.07961702346801758,1.3837916851043701
3,2,10.217015266418457,-26.766844177246092,0.9998999834060669,0.7735899090766907,0.4786349833011627,0.3023465871810913,8.94091534614563,1.821131944656372,1.276062250137329,5.496718883514404,0.11609435081481934,0.08054971694946289,1.3844094276428223
3,3,7.522990465164185,-15.459602546691894,0.9998999834060669,0.4516986608505249,0.12923938035964966,0.35749387741088867,6.229790449142456,1.817640781402588,1.2931621074676514,2.7898271083831787,0.11580538749694824,0.08042430877685547,1.3834476470947266
3,4,8.032345533370972,-19.379935646057127,0.9998999834060669,0.3731849193572998,0.25297507643699646,0.4526631236076355,6.73230242729187,1.7957737445831299,1.3000006675720215,3.322176456451416,0.1148993968963623,0.08033275604248047,1.376756191253662
3,5,7.107475757598877,-12.322646617889404,0.9998999834060669,0.1299532949924469,0.09132201224565506,0.9998999834060669,5.845611333847046,1.8119053840637207,1.2618238925933838,2.418637990951538,0.11395597457885742,0.0803060531616211,1.3780872821807861
3,6,7.311052322387695,-14.437769603729247,0.9998999834060669,0.33308354020118713,0.07974991947412491,0.5806639194488525,6.049038410186768,1.8027229309082031,1.2619752883911133,2.6263515949249268,0.11443901062011719,0.08062911033630371,1.3823294639587402
3,7,7.343715667724609,-16.615737533569337,0.9998999834060669,0.17624498903751373,0.2155248522758484,0.6606431007385254,6.025031328201294,1.8279778957366943,1.3186500072479248,2.576441526412964,0.11518287658691406,0.08138132095336914,1.3814291954040527
3,8,8.86143970489502,-22.83000717163086,0.9998999834060669,0.6075658798217773,0.17216551303863525,0.5862637162208557,7.5192625522613525,1.8110127449035645,1.3421297073364258,4.093120336532593,0.11491203308105469,0.08081316947937012,1.3763961791992188
3,9,8.217036008834839,-21.856481742858886,0.9998999834060669,0.1600423902273178,0.40602943301200867,0.8031622171401978,6.877434730529785,1.8035340309143066,1.3395659923553467,3.4497923851013184,0.11546707153320312,0.0809621810913086,1.3847541809082031
3,10,6.965573072433472,-10.610499095916747,0.9998999834060669,9.999999747378752e-05,0.31566470861434937,0.5856063365936279,5.668753147125244,1.7982823848724365,1.2967822551727295,2.2522666454315186,0.11522221565246582,0.08001565933227539,1.3803277015686035
3,11,7.351451396942139,-10.120771026611328,0.9998999834060669,9.999999747378752e-05,0.3180359899997711,0.5863978266716003,6.069515943527222,1.957871437072754,1.281886339187622,2.452086925506592,0.1336991786956787,0.08336186408996582,1.377589464187622
3,12,8.356761455535889,-18.89843292236328,0.9998999834060669,0.0631922259926796,0.5803926587104797,0.6275190711021423,6.832688808441162,1.8063912391662598,1.5240375995635986,3.4082953929901123,0.11448240280151367,0.08026242256164551,1.3807017803192139
3,13,7.691991329193115,-13.879005718231202,0.999285876750946,9.999999747378752e-05,0.3670068085193634,0.9621459245681763,6.4082629680633545,1.8085870742797852,1.2836878299713135,2.978569269180298,0.11615228652954102,0.08169078826904297,1.3798706531524658
3,14,7.14964747428894,-11.16035270690918,0.9998999834060669,9.999999747378752e-05,0.28783971071243286,0.9998999834060669,5.87659764289856,1.832916259765625,1.2730088233947754,2.4218411445617676,0.11548542976379395,0.08052921295166016,1.3831002712249756
3,15,8.276827096939087,-23.939984130859376,0.9998999834060669,0.22110120952129364,0.5117250084877014,0.6157200932502747,7.020079851150513,1.8177270889282227,1.2567133903503418,3.579427480697632,0.11467528343200684,0.07993769645690918,1.3855271339416504
3,16,18.52131962776184,-17.958405876159667,0.9998999834060669,0.5150692462921143,0.10640352964401245,0.4902755618095398,14.061972618103027,3.8124959468841553,4.459235668182373,5.968822956085205,0.24859976768493652,0.1506655216217041,3.7960565090179443
3,17,19.60409188270569,-20.070362663269044,0.9998999834060669,0.2909037470817566,0.43466514348983765,0.43862855434417725,15.16379165649414,3.830846071243286,4.440195322036743,7.0819830894470215,0.25179123878479004,0.15566182136535645,3.7580673694610596
3,18,16.92646026611328,-14.78005771636963,0.9998999834060669,0.46264809370040894,9.999999747378752e-05,0.6912876963615417,12.462422847747803,3.7873005867004395,4.463926792144775,4.459072589874268,0.24836468696594238,0.15009379386901855,3.7340593338012695
3,19,19.695903778076172,-24.86371192932129,0.9998999834060669,0.5579168200492859,0.22781619429588318,0.6326249241828918,15.434382915496826,3.8450474739074707,4.26142430305481,7.307852268218994,0.25183677673339844,0.1514594554901123,3.793729543685913
3,20,18.125946283340454,-21.198355865478515,0.9998999834060669,0.24584464728832245,0.2778981626033783,0.6778091788291931,13.718924522399902,3.841665506362915,4.406916856765747,5.596360445022583,0.2491743564605713,0.15315818786621094,3.793679714202881
3,21,19.073632955551147,-20.51594772338867,0.9998999834060669,0.2859777808189392,0.2565729320049286,0.7091163992881775,14.424800634384155,3.91398286819458,4.648687362670898,6.301980972290039,0.25312280654907227,0.15819859504699707,3.7074153423309326
3,22,17.673490524291992,-17.864099311828614,0.9998999834060669,0.08739615231752396,0.3457052409648895,0.8734987378120422,13.332926750183105,3.815382719039917,4.340455055236816,5.31102180480957,0.2456502914428711,0.15131235122680664,3.724637269973755
3,23,20.6381196975708,-21.634998512268066,0.9998999834060669,0.45286738872528076,0.4986104667186737,0.2928261458873749,16.224268198013306,3.8139913082122803,4.41373610496521,8.18375849723816,0.251453161239624,0.15772175788879395,3.730803966522217
3,24,19.578805923461914,-23.817135620117188,0.9998999834060669,0.3219691216945648,0.252663254737854,0.9998999834060669,14.973135471343994,3.833925485610962,4.605551481246948,6.854641675949097,0.25331783294677734,0.15413451194763184,3.7911980152130127
3,25,17.44112205505371,-17.567528343200685,0.9998999834060669,0.28290262818336487,0.16280649602413177,0.6489844918251038,12.991879940032959,3.790870189666748,4.449139833450317,4.948274850845337,0.24492549896240234,0.1539299488067627,3.7697267532348633
3,26,19.592705726623535,-24.29943141937256,0.9998999834060669,0.42671069502830505,0.3529391586780548,0.5542399287223816,15.346905708312988,3.812690258026123,4.24569034576416,7.32037615776062,0.2508108615875244,0.15631675720214844,3.7213125228881836
3,27,18.640094757080078,-18.379030990600587,0.9998999834060669,0.23015403747558594,0.3611920475959778,0.5232862830162048,14.324621200561523,3.8042516708374023,4.315370559692383,6.3259665966033936,0.24730706214904785,0.15160083770751953,3.712374448776245
3,28,19.244399309158325,-19.5572452545166,0.9998999834060669,0.43650907278060913,0.3608522415161133,0.28196093440055847,14.942906379699707,3.7874512672424316,4.301385164260864,6.926836729049683,0.24938654899597168,0.15560317039489746,3.7380151748657227
3,29,16.855805158615112,-11.95126838684082,0.9998999834060669,0.18415535986423492,0.09415220469236374,0.6812660098075867,12.571727991104126,3.819730281829834,4.283972263336182,4.426738977432251,0.24640750885009766,0.1544628143310547,3.836782693862915
3,30,19.167622804641724,-22.667423248291016,0.9998999834060669,0.32998576760292053,0.32735952734947205,0.6769245862960815,14.804193496704102,3.812077522277832,4.363325119018555,6.831091642379761,0.24663782119750977,0.1550767421722412,3.6744349002838135
4,1,8.776988983154297,-60.48835639953613,0.7977001070976257,0.5135846138000488,0.16243161261081696,0.6816455721855164,7.4963250160217285,1.945791482925415,1.2806220054626465,3.935197114944458,0.11424040794372559,0.08084774017333984,1.377993106842041
4,2,8.84440565109253,-45.30940132141113,0.9998999834060669,0.1487659215927124,0.31025266647338867,0.6263607740402222,7.566988945007324,1.992495059967041,1.2773761749267578,3.94991397857666,0.11569452285766602,0.08173990249633789,1.38460373878479
4,3,9.86241602897644,-64.05613059997559,0.9998999834060669,0.24094870686531067,0.37644416093826294,0.6572591662406921,8.61451530456543,1.9588055610656738,1.2478609085083008,5.033895969390869,0.11442804336547852,0.08047890663146973,1.3846204280853271
4,4,9.51576828956604,-60.889393997192386,0.9998999834060669,0.337586373090744,0.1647919863462448,0.8155161738395691,8.179181337356567,1.9684152603149414,1.3365437984466553,4.58879542350769,0.11456680297851562,0.08089113235473633,1.3838670253753662
4,5,10.356889009475708,-68.7493682861328,0.9998999834060669,0.30078205466270447,0.23566657304763794,0.9084107875823975,9.097171783447266,1.9683454036712646,1.2596821784973145,5.510219573974609,0.11486220359802246,0.08161306381225586,1.3794007301330566
4,6,9.817935705184937,-57.15263404846191,0.9998999834060669,0.15917067229747772,0.47101232409477234,0.5648548007011414,8.539199829101562,1.9467296600341797,1.2786922454833984,4.968091011047363,0.11511969566345215,0.08098673820495605,1.3857989311218262
4,7,9.546520233154297,-53.00432205200195,0.9998999834060669,0.2493717074394226,0.3033825159072876,0.5674442052841187,8.26573920249939,2.0910842418670654,1.2807278633117676,4.499203205108643,0.14047789573669434,0.08527612686157227,1.3831756114959717
4,8,8.792884111404419,-52.45336799621582,0.9998999834060669,0.15013258159160614,0.3601754605770111,0.6483176350593567,7.560663938522339,1.9591195583343506,1.2321796417236328,3.9784891605377197,0.11635804176330566,0.0811920166015625,1.382538080215454
4,9,10.070197820663452,-73.9963607788086,0.9998999834060669,0.2602653503417969,0.48730871081352234,0.5900485515594482,8.784342765808105,1.9679038524627686,1.285813570022583,5.194254636764526,0.1176140308380127,0.0816195011138916,1.379645824432373
4,10,8.59239673614502,-45.419064331054685,0.9998999834060669,0.33320531249046326,0.13841140270233154,0.5998591184616089,7.351426124572754,1.955608606338501,1.2409374713897705,3.807307481765747,0.1136789321899414,0.07982778549194336,1.353384017944336
4,11,10.881145238876343,-75.25360794067383,0.9998999834060669,0.3853227496147156,0.3995676338672638,0.5385966300964355,9.581696510314941,2.1203112602233887,1.2993903160095215,5.793500661849976,0.1372988224029541,0.0838320255279541,1.3807718753814697
4,12,8.490357160568237,-58.22216644287109,0.9998999834060669,0.23236122727394104,0.32130077481269836,0.5979724526405334,7.233299732208252,1.9472324848175049,1.2570178508758545,3.6626274585723877,0.11503815650939941,0.0816354751586914,1.383831262588501
4,13,8.824419021606445,-52.66663703918457,0.9998999834060669,0.0826159119606018,0.34447768330574036,0.8895483016967773,7.477283239364624,1.9656636714935303,1.347093105316162,3.8877973556518555,0.11586213111877441,0.08109569549560547,1.3840711116790771
4,14,10.627304553985596,-78.05733108520508,0.9998999834060669,0.3358778655529022,0.4767274558544159,0.532448947429657,9.343201637268066,1.9720070362091064,1.2840652465820312,5.730239391326904,0.11644291877746582,0.08264827728271484,1.3986570835113525
4,15,8.389429330825806,-40.38589286804199,0.9998999834060669,0.2162170708179474,0.31772151589393616,0.3828505575656891,7.102830410003662,1.9530134201049805,1.2865581512451172,3.524082660675049,0.11519527435302734,0.0803985595703125,1.3874661922454834
4,16,20.222238540649414,-63.84384689331055,0.9998999834060669,0.33986732363700867,0.2551484704017639,0.6960698962211609,15.904046773910522,4.103877305984497,4.3180930614471436,7.577563047409058,0.2469184398651123,0.15059828758239746,3.741971731185913
4,17,20.696746826171875,-68.4848258972168,0.9998999834060669,0.4517393410205841,0.34987524151802063,0.4362237751483917,16.432701110839844,4.12777042388916,4.2639336585998535,8.05175232887268,0.253842830657959,0.15297245979309082,3.7621071338653564
4,18,19.978451013565063,-67.2166130065918,0.9998999834060669,0.2584497332572937,0.3324822783470154,0.7039318680763245,15.715241432189941,4.1345813274383545,4.263101100921631,7.287087440490723,0.24881386756896973,0.15610790252685547,3.8018550872802734
4,19,19.27451753616333,-62.07547035217285,0.9895095229148865,0.31150904297828674,0.2751251459121704,0.626825749874115,14.785332441329956,4.052018404006958,4.489068984985352,6.5708723068237305,0.24471616744995117,0.15303635597229004,3.679321527481079
4,20,19.503502368927002,-66.00395584106445,0.9998999834060669,0.3729686141014099,0.2539340853691101,0.5994654893875122,15.277118921279907,4.089951753616333,4.226261138916016,6.900572061538696,0.24892830848693848,0.153947114944458,3.798614740371704
4,21,18.352241277694702,-54.31245651245117,0.9998999834060669,0.24839983880519867,0.257144570350647,0.6397451162338257,14.045471906661987,4.129177570343018,4.306665897369385,5.73197340965271,0.24944424629211426,0.1537923812866211,3.6962006092071533
4,22,18.89953589439392,-37.96327705383301,0.9998999834060669,0.4644869267940521,0.02196192555129528,0.5412566661834717,14.53863000869751,4.067341566085815,4.360803604125977,6.315262317657471,0.2458653450012207,0.15358972549438477,3.6723716259002686
4,23,19.233251571655273,-63.122186279296876,0.8583508729934692,0.1798122674226761,0.42622843384742737,0.7479225993156433,14.985199928283691,4.15202260017395,4.247945547103882,6.534165859222412,0.2527644634246826,0.15499091148376465,3.804798126220703
4,24,20.756070613861084,-63.41566848754883,0.9998999834060669,0.27728793025016785,0.35941269993782043,0.5900221467018127,16.340620756149292,4.105225086212158,4.41532301902771,8.05836296081543,0.2501943111419678,0.1539006233215332,3.6873013973236084
4,25,20.53623390197754,-46.56560707092285,0.9998999834060669,0.208577960729599,0.48893651366233826,0.33175307512283325,16.161125659942627,4.073255300521851,4.374998331069946,7.822953224182129,0.24930620193481445,0.15520644187927246,3.7736871242523193
4,26,18.525667190551758,-42.06276435852051,0.9998999834060669,0.3690482974052429,0.09130246192216873,0.5916734337806702,14.204935550689697,4.091485500335693,4.320627927780151,5.896919012069702,0.2442033290863037,0.1540699005126953,3.7311863899230957
4,27,20.112284183502197,-64.48897972106934,0.9998999834060669,0.31034496426582336,0.3602290153503418,0.5556244254112244,15.706607818603516,4.141915321350098,4.40555477142334,7.380456924438477,0.24706101417541504,0.1572108268737793,3.6921424865722656
4,28,21.047208070755005,-67.70947265625,0.9998999834060669,0.20281541347503662,0.49162817001342773,0.6249209046363831,16.69923758506775,4.126143217086792,4.347856521606445,8.279569864273071,0.251326322555542,0.15674424171447754,3.800800085067749
4,29,20.971564292907715,-78.28743896484374,0.9164885878562927,0.3787800967693329,0.4662312865257263,0.5375595688819885,16.645761013031006,4.130924701690674,4.3256916999816895,8.30181336402893,0.25305604934692383,0.15321111679077148,3.7222583293914795
4,30,20.222310304641724,-62.51270637512207,0.9998999834060669,0.41102901101112366,0.18375612795352936,0.6897435188293457,15.858957052230835,4.076554775238037,4.3632402420043945,7.5435028076171875,0.2459549903869629,0.15135669708251953,3.7583889961242676
5,1,11.0892813205719,-164.5140625,0.9998999834060669,0.26214995980262756,0.3773294985294342,0.5631366968154907,9.700306177139282,2.132483959197998,1.3889408111572266,5.948284387588501,0.11580824851989746,0.08214831352233887,1.3790183067321777
5,2,10.557899236679077,-158.36930389404296,0.9998999834060669,0.2243857979774475,0.37501734495162964,0.5916272401809692,9.217382907867432,2.057875156402588,1.340479850769043,5.5266499519348145,0.11373591423034668,0.07954788208007812,1.397766351699829
5,3,10.47274661064148,-155.1758560180664,0.9998999834060669,0.1903037428855896,0.3791465759277344,0.6215103268623352,9.170887231826782,2.2057957649230957,1.3018226623535156,5.323269844055176,0.11475777626037598,0.08318018913269043,1.4010891914367676
5,4,10.871574640274048,-155.10450134277343,0.9998999834060669,0.19936919212341309,0.3891793191432953,0.6033579707145691,9.553728103637695,2.093878984451294,1.3178133964538574,5.848259210586548,0.11336731910705566,0.07993531227111816,1.376640796661377
5,5,11.991710901260376,-188.9047592163086,0.9998999834060669,0.3453124165534973,0.3682332932949066,0.5541808605194092,10.66604208946228,2.2241859436035156,1.325617790222168,6.7800281047821045,0.13226938247680664,0.0833742618560791,1.3887033462524414
5,6,10.403219223022461,-150.6315887451172,0.9998999834060669,0.2625168263912201,0.3015488386154175,0.6094813942909241,9.065149307250977,2.1115036010742188,1.3380279541015625,5.323063611984253,0.11681461334228516,0.08142900466918945,1.3894391059875488
5,7,10.841793298721313,-151.30209350585938,0.9998999834060669,0.21746236085891724,0.44265976548194885,0.5007590651512146,9.499939203262329,2.0918755531311035,1.3418214321136475,5.789885997772217,0.11396598815917969,0.08060216903686523,1.3814246654510498
5,8,10.965260744094849,-166.3317138671875,0.9998999834060669,0.34667426347732544,0.31694504618644714,0.5291488766670227,9.700894117355347,2.083010196685791,1.2643258571624756,5.994207859039307,0.11504840850830078,0.08106541633605957,1.3847627639770508
5,9,10.398922681808472,-175.84014434814452,0.9998999834060669,0.34273257851600647,0.26478311419487,0.6339871287345886,9.053276062011719,2.089015245437622,1.3456063270568848,5.33939003944397,0.1138606071472168,0.08113670349121094,1.386836290359497
5,10,10.079967737197876,-144.33956604003907,0.9998999834060669,0.23178067803382874,0.28953567147254944,0.6416698098182678,8.702614068984985,2.3007164001464844,1.3773162364959717,4.70587420463562,0.11975669860839844,0.08587884902954102,1.4459993839263916
5,11,9.83785343170166,-146.7892623901367,0.9998999834060669,0.35374996066093445,0.1778574436903,0.6348693370819092,8.446878433227539,2.090475082397461,1.3909404277801514,4.737079858779907,0.11464405059814453,0.08134293556213379,1.3810629844665527
5,12,11.01461911201477,-172.64176025390626,0.9998999834060669,0.43929043412208557,0.19586406648159027,0.6122457385063171,9.592007160186768,2.111443042755127,1.4225764274597168,5.857837677001953,0.11530470848083496,0.08049511909484863,1.3842177391052246
5,13,11.098445415496826,-194.9864028930664,0.9589787721633911,0.4381712079048157,0.2957168519496918,0.5722932815551758,9.806206226348877,2.116692543029785,1.2921974658966064,6.086680889129639,0.11240625381469727,0.08028292655944824,1.3680858612060547
5,14,9.242619514465332,-118.58772125244141,0.9998999834060669,0.24646082520484924,0.11333630979061127,0.7997370958328247,7.924472332000732,2.1098973751068115,1.318112850189209,4.1798927783966064,0.11412429809570312,0.08217787742614746,1.3955445289611816
5,15,10.73118782043457,-171.7435287475586,0.9998999834060669,0.2868935167789459,0.3787444233894348,0.5359385013580322,9.334113597869873,2.2010269165039062,1.3970372676849365,5.495717763900757,0.11591434478759766,0.08227658271789551,1.3965802192687988
5,16,20.50124716758728,-113.18731460571288,0.9998999834060669,0.2670426368713379,0.20690122246742249,0.5657153725624084,16.023250818252563,4.3716607093811035,4.477894067764282,7.392372131347656,0.2522773742675781,0.1570284366607666,3.764169454574585
5,17,20.506763696670532,-140.45135498046875,0.9998999834060669,0.16811411082744598,0.3531261086463928,0.6165148615837097,16.19862151145935,4.376001834869385,4.308031320571899,7.559851884841919,0.24841976165771484,0.1550297737121582,3.7744710445404053
5,18,20.500526666641235,-141.39879913330077,0.9998999834060669,0.3120174705982208,0.20847633481025696,0.6116817593574524,16.217520475387573,4.433257102966309,4.282869815826416,7.545854091644287,0.25491881370544434,0.15450286865234375,3.7432312965393066
5,19,25.580208778381348,-199.53616485595703,0.9998999834060669,0.35769855976104736,0.39281177520751953,0.551256000995636,21.12963843345642,4.496525526046753,4.450457811355591,12.301516056060791,0.2604508399963379,0.16237998008728027,3.817481279373169
5,20,22.2191481590271,-170.6449188232422,0.9998999834060669,0.4070061147212982,0.23370523750782013,0.5780642032623291,17.77931523323059,4.382478475570679,4.439722776412964,9.176172733306885,0.2525007724761963,0.17232251167297363,3.709955930709839
5,21,21.578556537628174,-158.70203857421876,0.9998999834060669,0.41070109605789185,0.23906201124191284,0.5217523574829102,17.236631631851196,4.385183811187744,4.341790437698364,8.652748584747314,0.24980807304382324,0.15427017211914062,3.7099149227142334
5,22,21.03128409385681,-157.03496704101562,0.9998999834060669,0.33827799558639526,0.2706748843193054,0.5634047389030457,16.67605972290039,4.4282848834991455,4.3551130294799805,8.104845762252808,0.2502598762512207,0.15610909461975098,3.6503217220306396
5,23,23.86691951751709,-173.97353820800782,0.9998999834060669,0.388452410697937,0.31817013025283813,0.5098720788955688,18.864564180374146,4.390812635421753,5.00223183631897,10.1500244140625,0.2551443576812744,0.15488219261169434,3.826456308364868
5,24,22.252196073532104,-169.33763885498047,0.9998999834060669,0.2750301957130432,0.31234073638916016,0.6470349431037903,17.67739224433899,4.5125572681427,4.574695110321045,8.895626068115234,0.2503635883331299,0.15580487251281738,3.7773313522338867
5,25,22.599831581115723,-158.1473159790039,0.9998999834060669,0.38233429193496704,0.2905357778072357,0.4935133755207062,18.108741998672485,4.41943883895874,4.4909727573394775,9.478872299194336,0.2511618137359619,0.15642118453979492,3.7175352573394775
5,26,21.01960825920105,-141.88665008544922,0.9998999834060669,0.24510836601257324,0.31954872608184814,0.5515280961990356,16.554111003875732,4.4186670780181885,4.465381622314453,7.87299919128418,0.25145578384399414,0.15384268760681152,3.7718558311462402
5,27,22.275058031082153,-183.5162109375,0.9998999834060669,0.24894995987415314,0.3456483483314514,0.6880781054496765,17.772944450378418,4.4086689949035645,4.501965045928955,9.078002214431763,0.25444483757019043,0.1564009189605713,3.789114236831665
5,28,20.926589488983154,-145.34648590087892,0.9998999834060669,0.2918211817741394,0.24632009863853455,0.6188471913337708,16.587472677230835,4.437834978103638,4.3389997482299805,7.889686822891235,0.25444865226745605,0.15742850303649902,3.7610347270965576
5,29,21.150946140289307,-156.10896759033204,0.9998999834060669,0.28450682759284973,0.3187268376350403,0.5539863705635071,16.7531635761261,4.396078109741211,4.397677898406982,8.139305353164673,0.24791598320007324,0.15380477905273438,3.731344223022461
5,30,22.212074279785156,-141.01883087158203,0.9998999834060669,0.3681609630584717,0.21767345070838928,0.5406961441040039,17.89104986190796,4.505941867828369,4.320915937423706,9.163913011550903,0.25221729278564453,0.15967011451721191,3.7241995334625244
6,1,5.7844555377960205,-3.0030012130737305,0.9998999834060669,9.999999747378752e-05,9.999999747378752e-05,0.9998999834060669,4.547391176223755,1.7834689617156982,1.237032413482666,1.1632533073425293,0.11340999603271484,0.07912683486938477,1.3655567169189453
6,2,6.128812313079834,-6.4839784622192385,0.9998999834060669,9.999999747378752e-05,0.08309328556060791,0.9998999834060669,4.735054016113281,1.8057031631469727,1.3937249183654785,1.3102483749389648,0.11333537101745605,0.0799856185913086,1.382370948791504
6,3,6.336113691329956,-9.511966228485107,0.9998999834060669,0.1770649254322052,9.999999747378752e-05,0.8353905081748962,5.040748357772827,1.8170251846313477,1.2953319549560547,1.6071147918701172,0.11553215980529785,0.08002376556396484,1.3775479793548584
6,4,6.3152313232421875,-10.110885620117188,0.9998999834060669,0.1886596381664276,9.999999747378752e-05,0.7200133204460144,5.006905555725098,1.8265604972839355,1.3082902431488037,1.5538873672485352,0.11624336242675781,0.08193826675415039,1.3852522373199463
6,5,7.035892486572266,-22.911207580566405,0.5918530225753784,0.07119150459766388,0.27639639377593994,0.6240972876548767,5.767091512680054,2.1346726417541504,1.2687349319458008,1.9490458965301514,0.1407480239868164,0.08422136306762695,1.392188310623169
6,6,6.546703815460205,-14.005903911590575,0.9998999834060669,0.15280622243881226,0.10272616147994995,0.7398451566696167,5.212907075881958,1.812774419784546,1.333763837814331,1.779115915298462,0.11359238624572754,0.0806889533996582,1.38388991355896
6,7,6.117671966552734,-6.481504774093628,0.9998999834060669,9.999999747378752e-05,0.07789555937051773,0.9998999834060669,4.769359350204468,1.7989113330841064,1.348276138305664,1.3526184558868408,0.11405682563781738,0.07979965209960938,1.3797786235809326
6,8,6.675896167755127,-16.462398719787597,0.9998999834060669,0.18292096257209778,9.999999747378752e-05,0.42270880937576294,5.17383074760437,1.9708714485168457,1.502030372619629,1.5852751731872559,0.11490368843078613,0.0806417465209961,1.3800265789031982
6,9,6.702744960784912,-19.00389003753662,0.9998999834060669,9.999999747378752e-05,0.258132666349411,0.40762344002723694,5.354986906051636,1.9496405124664307,1.347719430923462,1.7868497371673584,0.11603260040283203,0.08102774620056152,1.3779916763305664
6,10,6.195969581604004,-14.388401699066161,0.9998999834060669,0.11430252343416214,9.999999747378752e-05,0.5410805940628052,4.8842549324035645,1.939971685409546,1.3116753101348877,1.3227052688598633,0.11572694778442383,0.08040237426757812,1.3825960159301758
6,11,6.2357258796691895,-10.106582641601562,0.9998999834060669,0.18610583245754242,9.999999747378752e-05,0.7156116366386414,4.954179048538208,1.822636604309082,1.28151273727417,1.5156621932983398,0.11464786529541016,0.08128738403320312,1.3769283294677734
6,12,6.2073681354522705,-14.699555397033691,0.9998999834060669,0.11521542817354202,9.999999747378752e-05,0.5339775085449219,4.8945136070251465,1.9573326110839844,1.3128185272216797,1.31502103805542,0.11456966400146484,0.0826261043548584,1.3814373016357422
6,13,6.201720237731934,-10.10791015625,0.9998999834060669,9.999999747378752e-05,0.18969519436359406,0.7152054309844971,4.88081955909729,1.7851321697235107,1.320864200592041,1.4928922653198242,0.11179375648498535,0.07887935638427734,1.3705828189849854
6,14,6.397162914276123,-17.230402946472168,0.9998999834060669,9.999999747378752e-05,0.1647016704082489,0.49459636211395264,5.0916969776153564,1.962688684463501,1.3054320812225342,1.4945995807647705,0.11591577529907227,0.0813131332397461,1.3934681415557861
6,15,5.7647435665130615,-3.0030012130737305,0.9998999834060669,9.999999747378752e-05,9.999999747378752e-05,0.9998999834060669,4.54186224937439,1.7994780540466309,1.2228469848632812,1.1199462413787842,0.11418437957763672,0.08119654655456543,1.3838133811950684
6,16,14.882869720458984,-14.538752841949464,0.9998999834060669,9.999999747378752e-05,0.09645424038171768,0.5421556830406189,10.551383018493652,4.150272369384766,4.331392765045166,2.206256628036499,0.24753046035766602,0.15384912490844727,3.7072842121124268
6,17,15.555624008178711,-18.868452644348146,0.9998999834060669,0.2509840726852417,9.999999747378752e-05,0.41271886229515076,11.194326162338257,4.045454978942871,4.361201524734497,2.9614291191101074,0.2443692684173584,0.15247821807861328,3.7059614658355713
6,18,15.429410934448242,-14.03102149963379,0.9998999834060669,0.13595615327358246,0.1156533733010292,0.7352802753448486,11.173991680145264,3.763227701187134,4.255309581756592,3.1592414379119873,0.2501180171966553,0.15317797660827637,3.7653002738952637
6,19,14.104443550109863,-1.503901481628418,0.9998999834060669,9.999999747378752e-05,9.999999747378752e-05,0.9998999834060669,9.782373428344727,3.7616422176361084,4.321974754333496,1.8304638862609863,0.2394568920135498,0.14983201026916504,3.7158830165863037
6,20,15.336261749267578,-16.715040588378905,0.9998999834060669,0.18412621319293976,9.999999747378752e-05,0.4547640085220337,11.009596586227417,4.085066795349121,4.326552152633667,2.7623062133789062,0.2459254264831543,0.15137267112731934,3.6799569129943848
6,21,14.23834228515625,-3.0030012130737305,0.9998999834060669,9.999999747378752e-05,9.999999747378752e-05,0.9998999834060669,9.879616022109985,3.8229260444641113,4.358633518218994,1.8848378658294678,0.241668701171875,0.1517181396484375,3.6935598850250244
6,22,15.597785949707031,-16.85303726196289,0.9998999834060669,9.999999747378752e-05,0.18655706942081451,0.46908262372016907,11.250268697738647,4.1423420906066895,4.347398519515991,2.808849811553955,0.24678945541381836,0.15462088584899902,3.811190366744995
6,23,15.649567365646362,-18.898846244812013,0.9998999834060669,9.999999747378752e-05,0.24293135106563568,0.4255034327507019,11.288141965866089,4.092363119125366,4.361330986022949,2.964524745941162,0.24798130989074707,0.15113425254821777,3.7474520206451416
6,24,14.890017032623291,-6.481507301330566,0.9998999834060669,0.07548791915178299,9.999999747378752e-05,0.9998999834060669,10.257771730422974,3.8322746753692627,4.63212776184082,2.1673853397369385,0.24732232093811035,0.15364408493041992,3.7696056365966797
6,25,15.083516120910645,-9.45611343383789,0.9998999834060669,9.999999747378752e-05,0.17572690546512604,0.776908278465271,10.762844324111938,3.8064990043640137,4.320574760437012,2.750149965286255,0.24695134162902832,0.15302419662475586,3.7217533588409424
6,26,15.328940629959106,-9.461326026916504,0.9998999834060669,9.999999747378752e-05,0.18422213196754456,0.7403748631477356,10.937509059906006,3.8779399394989014,4.391303777694702,2.709949493408203,0.2692070007324219,0.15787386894226074,3.8286452293395996
6,27,14.8357093334198,-14.965157508850098,0.9998999834060669,0.11603734642267227,9.999999747378752e-05,0.5421704649925232,10.520530939102173,4.097974061965942,4.3150858879089355,2.2379329204559326,0.2405540943145752,0.14847683906555176,3.713261842727661
6,28,14.886457681655884,-10.107675552368164,0.9998999834060669,0.18678243458271027,9.999999747378752e-05,0.7233257293701172,10.530487775802612,3.7692251205444336,4.3558619022369385,2.5570578575134277,0.24518609046936035,0.14934420585632324,3.725083589553833
6,29,15.048500061035156,-10.10696792602539,0.9998999834060669,9.999999747378752e-05,0.18714536726474762,0.718381941318512,10.60453486442566,3.778765916824341,4.443868398666382,2.5814409255981445,0.244337797164917,0.14958548545837402,3.7657363414764404
6,30,14.460386753082275,-3.0030012130737305,0.9998999834060669,9.999999747378752e-05,9.999999747378752e-05,0.9998999834060669,10.079001426696777,3.831484079360962,4.3812196254730225,1.917548418045044,0.2526838779449463,0.1534714698791504,3.8368935585021973
7,1,8.428393602371216,-140.86153411865234,0.9998999834060669,0.17651304602622986,0.18566152453422546,0.43836286664009094,7.130950212478638,2.255387544631958,1.297400712966919,3.257195472717285,0.11511898040771484,0.0819237232208252,1.3782122135162354
7,2,8.358487606048584,-126.88553771972656,0.9998999834060669,0.12583598494529724,0.16656073927879333,0.49283796548843384,7.084681034088135,2.270775079727173,1.2737646102905273,3.1915316581726074,0.11637711524963379,0.08170390129089355,1.3815321922302246
7,3,8.162616729736328,-125.71013793945312,0.9998999834060669,0.11327360570430756,0.1598588526248932,0.5123751163482666,6.872796535491943,2.285620927810669,1.289783239364624,2.972135066986084,0.11547470092773438,0.08204054832458496,1.374868631362915
7,4,8.593492269515991,-126.96709823608398,0.9998999834060669,0.15212565660476685,0.1730187088251114,0.4532638192176819,7.302903652191162,2.2409346103668213,1.2905499935150146,3.4401357173919678,0.11398172378540039,0.08092331886291504,1.3843121528625488
7,5,8.327472448348999,-135.3226333618164,0.9998999834060669,0.18055592477321625,0.1460944563150406,0.470455527305603,7.04744291305542,2.2346129417419434,1.2799890041351318,3.1876230239868164,0.11500239372253418,0.08083152770996094,1.3871538639068604
7,6,8.650054693222046,-148.53058166503905,0.9875620603561401,0.15670014917850494,0.2537257671356201,0.41156819462776184,7.357990264892578,2.235781669616699,1.2920241355895996,3.5011849403381348,0.1164236068725586,0.08095598220825195,1.3816633224487305
7,7,8.139669418334961,-116.9286117553711,0.9998999834060669,0.18714351952075958,0.08895446360111237,0.49669235944747925,6.853663444519043,2.246138572692871,1.2859628200531006,2.9782941341400146,0.11705470085144043,0.08147311210632324,1.3873021602630615
7,8,8.824835062026978,-91.36076583862305,0.9998999834060669,0.16361241042613983,0.14412331581115723,0.6825327277183533,7.4885406494140625,2.107211112976074,1.336251974105835,3.74371337890625,0.11646223068237305,0.0812530517578125,1.3969857692718506
7,9,8.348847389221191,-123.51461181640624,0.9998999834060669,0.20544663071632385,0.09358081221580505,0.4848489761352539,7.102285146713257,2.2376155853271484,1.2465174198150635,3.247191905975342,0.11490511894226074,0.08120393753051758,1.3781211376190186
7,10,8.29821515083313,-121.22962875366211,0.9998999834060669,0.13761986792087555,0.14589664340019226,0.49295487999916077,6.963601112365723,2.2586889266967773,1.334573745727539,3.0705959796905518,0.11563706398010254,0.0819239616394043,1.3937885761260986
7,11,8.54909896850586,-127.83047866821289,0.9998999834060669,0.15144766867160797,0.1502140760421753,0.4719471335411072,7.260989189147949,2.2327187061309814,1.2880737781524658,3.3853583335876465,0.11516571044921875,0.08214378356933594,1.4028773307800293
7,12,8.616944551467896,-93.38079147338867,0.9998999834060669,0.09109995514154434,0.2057124227285385,0.7444780468940735,7.343552350997925,2.095794200897217,1.2733588218688965,3.622880220413208,0.11526989936828613,0.08060216903686523,1.3847625255584717
7,13,8.520677328109741,-93.4006462097168,0.9998999834060669,0.11103610694408417,0.18558230996131897,0.7234435081481934,7.253087520599365,2.094358205795288,1.2675483226776123,3.5391077995300293,0.11496591567993164,0.08161187171936035,1.3801898956298828
7,14,9.329505920410156,-126.6186019897461,0.9998999834060669,0.13632707297801971,0.16473731398582458,0.45515698194503784,8.053603887557983,2.4099669456481934,1.275843858718872,3.975131034851074,0.137284517288208,0.08446216583251953,1.3819267749786377
7,15,8.068095684051514,-117.0575180053711,0.9998999834060669,0.11439806967973709,0.14508166909217834,0.4926437437534332,6.80725359916687,2.249706983566284,1.2608075141906738,2.9351847171783447,0.11631059646606445,0.08248615264892578,1.3808238506317139
7,16,18.622636556625366,-91.69499740600585,0.9998999834060669,0.13037249445915222,0.1525651216506958,0.7467874884605408,14.346948385238647,4.415576457977295,4.275577783584595,5.69973349571228,0.24897551536560059,0.1578049659729004,3.7403900623321533
7,17,18.306645154953003,-140.4339584350586,0.941813588142395,0.2089308202266693,0.12876485288143158,0.4990836977958679,13.955658674240112,4.718051910400391,4.350878953933716,5.0599987506866455,0.2600133419036865,0.16005921363830566,3.6685492992401123
7,18,18.76510524749756,-90.18122787475586,0.9998999834060669,0.09591442346572876,0.17341044545173645,0.758796215057373,14.385620832443237,4.438043832778931,4.379363775253296,5.774610757827759,0.25000786781311035,0.15523219108581543,3.681352138519287
7,19,19.407841205596924,-130.04629821777343,0.9998999834060669,0.14427624642848969,0.21429774165153503,0.4172421395778656,14.975054740905762,4.723710775375366,4.432687044143677,6.070071220397949,0.24727249145507812,0.15534448623657227,3.692248582839966
7,20,17.994633197784424,-86.50420913696288,0.9998999834060669,0.21465444564819336,0.05184638500213623,0.7746380567550659,13.5283842086792,4.40082573890686,4.4661359786987305,4.8578760623931885,0.24419903755187988,0.15167593955993652,3.789968490600586
7,21,19.49482035636902,-130.65974884033204,0.9998999834060669,0.08665678650140762,0.25056058168411255,0.4556364119052887,15.17560863494873,4.7001259326934814,4.3190999031066895,6.252339124679565,0.25231146812438965,0.1538677215576172,3.7322354316711426
7,22,18.593793869018555,-119.20842666625977,0.9998999834060669,0.10949857532978058,0.1586855947971344,0.5105390548706055,14.266523122787476,4.722379922866821,4.327152729034424,5.286645412445068,0.2551555633544922,0.1582627296447754,3.7556538581848145
7,23,18.60722017288208,-122.30090713500977,0.9998999834060669,0.13930393755435944,0.14302504062652588,0.49835002422332764,14.309601068496704,4.666881322860718,4.297499418258667,5.37169623374939,0.2495732307434082,0.15580987930297852,3.780313014984131
7,24,19.130291223526,-131.05566024780273,0.9998999834060669,0.14920766651630402,0.1649659425020218,0.46403682231903076,14.774151086807251,4.688764572143555,4.35601806640625,5.8025524616241455,0.25354981422424316,0.15845298767089844,3.7835543155670166
7,25,18.475459814071655,-122.81071166992187,0.9998999834060669,0.09455042332410812,0.17218051850795746,0.5218662023544312,14.151718854904175,4.645366191864014,4.323629856109619,5.359356641769409,0.2526416778564453,0.15790891647338867,3.6504411697387695
7,26,18.093084573745728,-108.7502227783203,0.9998999834060669,0.16502614319324493,0.08168311417102814,0.5359421968460083,13.74249529838562,4.796830177307129,4.350469350814819,4.76887321472168,0.24660730361938477,0.15096473693847656,3.6960296630859375
7,27,18.787283897399902,-116.04522705078125,0.9998999834060669,0.10610827058553696,0.1534261852502823,0.5157774686813354,14.407878875732422,4.673890829086304,4.379295110702515,5.483142137527466,0.24622750282287598,0.15467381477355957,3.764953851699829
7,28,19.02456545829773,-105.29295959472657,0.981234610080719,0.10152247548103333,0.2898433804512024,0.657663106918335,14.720046520233154,4.3632683753967285,4.304396629333496,6.1068572998046875,0.2511723041534424,0.15363073348999023,3.758544921875
7,29,19.412512063980103,-132.12420654296875,0.9998999834060669,0.18739111721515656,0.15778464078903198,0.43768471479415894,14.97357964515686,4.651715993881226,4.438815593719482,6.068455934524536,0.24781560897827148,0.15355944633483887,3.7661468982696533
7,30,19.43161940574646,-126.80482788085938,0.9998999834060669,0.14768466353416443,0.16929657757282257,0.4577844738960266,14.949700832366943,4.699116468429565,4.481802940368652,5.932478904724121,0.25188374519348145,0.15464043617248535,3.825244903564453
8,1,10.027015447616577,-949.2985473632813,0.9998999834060669,0.2117566615343094,0.17754626274108887,0.5382959842681885,8.669743537902832,2.6769773960113525,1.3572371006011963,4.354292631149292,0.11700248718261719,0.08501601219177246,1.3921022415161133
8,2,10.036181688308716,-975.6873229980469,0.9998999834060669,0.1812610775232315,0.21507669985294342,0.5398813486099243,8.742389440536499,2.5383365154266357,1.2937562465667725,4.584352970123291,0.11526012420654297,0.08145785331726074,1.380169153213501
8,3,9.685169696807861,-979.1752197265625,0.9998999834060669,0.18888404965400696,0.19694064557552338,0.5563881397247314,8.414283514022827,2.5429060459136963,1.2708520889282227,4.247891664505005,0.11564993858337402,0.08274412155151367,1.381495475769043
8,4,13.099788427352905,-2356.59189453125,0.9998999834060669,0.28420162200927734,0.2864767611026764,0.6034722328186035,11.810683727264404,2.5515036582946777,1.2890589237213135,7.62853217124939,0.1155550479888916,0.08335185050964355,1.388545274734497
8,5,13.215476989746094,-2489.5783203125,0.967370331287384,0.32839643955230713,0.31070128083229065,0.5792864561080933,11.901681661605835,2.588613271713257,1.3137538433074951,7.680761337280273,0.11554074287414551,0.08373880386352539,1.389815092086792
8,6,13.545326471328735,-2370.2759765625,0.9998999834060669,0.3099989891052246,0.2909541428089142,0.5781969428062439,12.236462354660034,2.5956578254699707,1.3088207244873047,8.009515523910522,0.11661577224731445,0.08345222473144531,1.388225793838501
8,7,13.132221937179565,-2451.6345947265627,0.9727993607521057,0.30146050453186035,0.33249595761299133,0.5638903379440308,11.821465015411377,2.558656692504883,1.310718059539795,7.631654262542725,0.11555814743041992,0.08353400230407715,1.3883013725280762
8,8,13.13729190826416,-2441.0635009765624,0.9841289520263672,0.2951705753803253,0.3017818331718445,0.5817770957946777,11.843421697616577,2.5557472705841064,1.2938311100006104,7.661301612854004,0.11701703071594238,0.08259034156799316,1.383924961090088
8,9,13.072275638580322,-2391.3814453125,0.9998999834060669,0.32056623697280884,0.26259756088256836,0.594609260559082,11.801502466201782,2.5485570430755615,1.2707295417785645,7.623121500015259,0.11526131629943848,0.08314204216003418,1.3875045776367188
8,10,13.398394346237183,-2403.898583984375,0.9998999834060669,0.2947976887226105,0.3001610338687897,0.5759714841842651,12.090422630310059,2.590646266937256,1.3079285621643066,7.854488849639893,0.11624503135681152,0.08440113067626953,1.4004902839660645
8,11,13.34350299835205,-2416.0858642578123,0.9998999834060669,0.3031415045261383,0.28829577565193176,0.5827504396438599,12.01325511932373,2.5411312580108643,1.3302106857299805,7.862549304962158,0.11448049545288086,0.08266258239746094,1.3698639869689941
8,12,13.279672861099243,-2485.203173828125,0.9772416949272156,0.3258095383644104,0.3033541738986969,0.5743134021759033,11.890978574752808,2.5367648601531982,1.3886561393737793,7.737467527389526,0.11317181587219238,0.08049225807189941,1.3814058303833008
8,13,13.310272455215454,-2437.969384765625,0.9746687412261963,0.2985853850841522,0.3160381019115448,0.5784280300140381,12.011613845825195,2.5870087146759033,1.2986197471618652,7.780652046203613,0.11798095703125,0.08437108993530273,1.3978779315948486
8,14,13.237764835357666,-2514.0590087890623,0.9637317061424255,0.3054176867008209,0.328070729970932,0.5744189023971558,11.993151903152466,2.5367980003356934,1.2445652484893799,7.834984302520752,0.11458826065063477,0.0823373794555664,1.3818981647491455
8,15,13.439969778060913,-2363.90498046875,0.9998999834060669,0.3013242781162262,0.2854730486869812,0.5842025279998779,12.120677471160889,2.567197561264038,1.319246530532837,7.921087980270386,0.11571049690246582,0.08306050300598145,1.3907222747802734
8,16,26.394488096237183,-2427.527734375,0.9998999834060669,0.3008308410644531,0.3152933120727539,0.5607860088348389,22.033732891082764,5.316532135009766,4.360635995864868,12.51614785194397,0.25366735458374023,0.1576230525970459,3.7039201259613037
8,17,26.636472940444946,-2398.744140625,0.9977889657020569,0.3182491660118103,0.2915894389152527,0.5618498921394348,22.1796555519104,5.304791212081909,4.4567036628723145,12.485002040863037,0.26073431968688965,0.15889549255371094,3.8832132816314697
8,18,26.38244342803955,-2449.4766357421877,0.9818931221961975,0.3186880648136139,0.3117271363735199,0.5657171010971069,22.04409432411194,5.301840543746948,4.338245868682861,12.457937002182007,0.25469279289245605,0.15907835960388184,3.7832937240600586
8,19,29.00789523124695,-2430.9490478515627,0.9998999834060669,0.2949874997138977,0.3090352416038513,0.5689687132835388,22.57506799697876,5.493750333786011,6.4327073097229,12.706396341323853,0.25457072257995605,0.16037678718566895,3.8726894855499268
8,20,26.45697522163391,-2409.650244140625,0.9998999834060669,0.28954771161079407,0.3106808066368103,0.5746629238128662,22.014843225479126,5.28099250793457,4.442015886306763,12.499287366867065,0.25754737854003906,0.15913939476013184,3.731898546218872
8,21,26.783607721328735,-2427.725634765625,0.9998999834060669,0.30699291825294495,0.30751165747642517,0.5644587278366089,22.36093521118164,5.348447322845459,4.422562599182129,12.786911010742188,0.2545335292816162,0.15753483772277832,3.7258479595184326
8,22,26.74408721923828,-2423.4927978515625,0.9998999834060669,0.3208220303058624,0.28869009017944336,0.5572971105575562,22.328349351882935,5.314734935760498,4.415613651275635,12.749356269836426,0.255542516708374,0.1551365852355957,3.7666890621185303
8,23,26.37896704673767,-2376.216357421875,0.9998999834060669,0.2944226861000061,0.28339704871177673,0.5963353514671326,22.0954270362854,5.2383012771606445,4.283428192138672,12.568820714950562,0.25526857376098633,0.15701532363891602,3.789639949798584
8,24,26.782625198364258,-2415.3365966796873,0.9998999834060669,0.2946840226650238,0.30604735016822815,0.577150821685791,22.431954622268677,5.281905651092529,4.350547790527344,12.966933727264404,0.2537875175476074,0.15505504608154297,3.6887426376342773
8,25,26.360494375228882,-2485.9413818359376,0.9791434407234192,0.3186107575893402,0.3112744390964508,0.5696027278900146,22.056308269500732,5.369959354400635,4.304064035415649,12.440491199493408,0.2588939666748047,0.1568443775177002,3.7438204288482666
8,26,26.20853853225708,-2339.0335205078127,0.9998999834060669,0.24532009661197662,0.3112032413482666,0.6187599897384644,21.691001176834106,5.275768280029297,4.5174102783203125,12.056368112564087,0.25427985191345215,0.1538541316986084,3.8653366565704346
8,27,26.146759033203125,-2426.8558837890623,0.9915137887001038,0.2909771502017975,0.29659342765808105,0.5969692468643188,21.762705087661743,5.319737195968628,4.383939504623413,12.259747982025146,0.2549111843109131,0.15500712394714355,3.6875598430633545
8,28,26.59598684310913,-2400.194189453125,0.9998999834060669,0.2891600430011749,0.31209442019462585,0.5774136185646057,22.1431143283844,5.297226428985596,4.452746629714966,12.629117727279663,0.25479841232299805,0.1595475673675537,3.715346336364746
8,29,26.223341941833496,-2469.6092529296875,0.9752390384674072,0.2715579569339752,0.33140888810157776,0.5832565426826477,21.87255573272705,5.243625640869141,4.3506622314453125,12.27340054512024,0.2563164234161377,0.15738558769226074,3.85477614402771
8,30,26.094574213027954,-2455.5720947265627,0.9786394834518433,0.3066679835319519,0.3080101013183594,0.5883517861366272,21.721919775009155,5.261876106262207,4.372546672821045,12.287539958953857,0.2527129650115967,0.1538712978363037,3.6821446418762207
9,1,13.53281831741333,-4097.994799804687,0.9998999834060669,0.2789185345172882,0.2722707986831665,0.5282324552536011,12.264071702957153,2.691232919692993,1.2687273025512695,7.943890333175659,0.11507034301757812,0.08363032341003418,1.3870840072631836
9,2,13.09641432762146,-4090.1500244140625,0.9998999834060669,0.27400609850883484,0.26876300573349,0.5514015555381775,11.805283546447754,2.6896488666534424,1.2911131381988525,7.485529899597168,0.1159660816192627,0.08373332023620605,1.3870348930358887
9,3,13.477328777313232,-4074.7275390625,0.9998999834060669,0.2740565538406372,0.27855050563812256,0.5353790521621704,12.19317102432251,2.7047431468963623,1.28413987159729,7.86288046836853,0.11530590057373047,0.08294558525085449,1.3841419219970703
9,4,13.388031482696533,-4105.698876953125,0.9998999834060669,0.2650660574436188,0.2670002281665802,0.5549079179763794,12.0506751537323,2.711034059524536,1.3373374938964844,7.710596084594727,0.11597824096679688,0.08324646949768066,1.3862974643707275
9,5,13.38908314704895,-4154.448388671875,0.9998999834060669,0.2766888737678528,0.2762139141559601,0.5410894155502319,12.106582641601562,2.7103707790374756,1.282482624053955,7.75869607925415,0.11561298370361328,0.08279919624328613,1.395678997039795
9,6,13.627257347106934,-4199.7265625,0.9998999834060669,0.2991679906845093,0.28471899032592773,0.5170562863349915,12.355207204818726,2.7488529682159424,1.2720272541046143,7.9559080600738525,0.1232140064239502,0.0887136459350586,1.3934216499328613
9,7,13.754240036010742,-4133.731787109375,0.9998999834060669,0.2798849046230316,0.2812868058681488,0.5167197585105896,12.469821214675903,2.7787206172943115,1.284400224685669,8.040353775024414,0.11640167236328125,0.08202886581420898,1.4098410606384277
9,8,13.367484092712402,-4112.10029296875,0.9998999834060669,0.27116158604621887,0.28021925687789917,0.5352907776832581,12.05213451385498,2.646411180496216,1.3153314590454102,7.762597322463989,0.11451530456542969,0.0835733413696289,1.4017915725708008
9,9,13.850769996643066,-4199.3880859375,0.9998999834060669,0.278272420167923,0.2856031060218811,0.522423505783081,12.499361276626587,2.7119545936584473,1.3513882160186768,8.152270555496216,0.11537528038024902,0.08406424522399902,1.392394781112671
9,10,13.403306722640991,-4149.44892578125,0.9998999834060669,0.2791192829608917,0.2775886356830597,0.5368251800537109,12.148560047149658,2.6946587562561035,1.2547287940979004,7.824313640594482,0.11594176292419434,0.08343625068664551,1.387192726135254
9,11,13.561215877532959,-4216.1935546875,0.9998999834060669,0.28634822368621826,0.28317955136299133,0.5181298851966858,12.294814825057983,2.6982297897338867,1.2663838863372803,7.9707417488098145,0.11490726470947266,0.0832366943359375,1.3848614692687988
9,12,13.205358982086182,-4082.547216796875,0.9998999834060669,0.2737148702144623,0.2700404226779938,0.5447399616241455,11.876406192779541,2.7289209365844727,1.3289341926574707,7.514529466629028,0.1169133186340332,0.08372116088867188,1.3886919021606445
9,13,13.759976863861084,-4001.464501953125,0.9998999834060669,0.2509083151817322,0.2681742310523987,0.5654358267784119,12.433476686477661,3.0072906017303467,1.3264811038970947,7.725419282913208,0.14788532257080078,0.08759737014770508,1.4046306610107422
9,14,13.667756080627441,-4096.565844726562,0.9998999834060669,0.2831372916698456,0.2675996422767639,0.5308756828308105,12.374627351760864,2.7177317142486572,1.2931077480316162,8.00182294845581,0.11921501159667969,0.08349180221557617,1.407867193222046
9,15,14.034691095352173,-4198.78857421875,0.9998999834060669,0.29281124472618103,0.27944135665893555,0.519748330116272,12.775507926940918,2.929428815841675,1.2591636180877686,8.148375988006592,0.1463484764099121,0.08687400817871094,1.3972885608673096
9,16,26.71387553215027,-4079.0363525390626,0.9998999834060669,0.26093626022338867,0.2740696370601654,0.548414945602417,22.338300228118896,5.579784870147705,4.37550163269043,12.523905992507935,0.25376391410827637,0.15737533569335938,3.7367568016052246
9,17,26.656907320022583,-4054.1985107421874,0.9998999834060669,0.261633038520813,0.27052125334739685,0.5549802780151367,22.35800790786743,5.7392332553863525,4.298832893371582,12.308779239654541,0.25424766540527344,0.15975666046142578,3.8100860118865967
9,18,26.800437688827515,-4108.8709716796875,0.9998999834060669,0.27963876724243164,0.26338398456573486,0.5485959649085999,22.436546802520752,5.556010007858276,4.363819122314453,12.529387712478638,0.2532541751861572,0.15975046157836914,3.851458787918091
9,19,26.9685697555542,-4158.68017578125,0.9998999834060669,0.2736806273460388,0.2874941825866699,0.5319831371307373,22.604117155075073,5.612287759780884,4.364369630813599,12.696918964385986,0.2575094699859619,0.1595320701599121,3.789748430252075
9,20,26.838698387145996,-4169.02607421875,0.9998999834060669,0.2800605595111847,0.26473259925842285,0.5416582822799683,22.42508101463318,5.624685764312744,4.413546323776245,12.539486408233643,0.2560262680053711,0.15900468826293945,3.760303497314453
9,21,27.137314558029175,-4167.250244140625,0.9998999834060669,0.27123990654945374,0.2865879535675049,0.5295407176017761,22.78039002418518,5.6517558097839355,4.356859445571899,12.837364673614502,0.2551548480987549,0.1571359634399414,3.793267250061035
9,22,26.886148929595947,-4083.6164306640626,0.9998999834060669,0.28500431776046753,0.26103395223617554,0.5404067635536194,22.53079390525818,5.674017906188965,4.3552820682525635,12.549607515335083,0.25548481941223145,0.15973734855651855,3.804197311401367
9,23,27.03487253189087,-4212.44208984375,0.9998999834060669,0.2929663062095642,0.2704305052757263,0.5196914076805115,22.69058346748352,5.622387170791626,4.344229459762573,12.78845763206482,0.25600528717041016,0.16030430793762207,3.7760324478149414
9,24,26.496129512786865,-4076.729248046875,0.9998999834060669,0.2754482626914978,0.27631881833076477,0.5529735684394836,22.14188575744629,5.61344313621521,4.35416579246521,12.270085096359253,0.2523946762084961,0.15718364715576172,3.761366605758667
9,25,26.907552480697632,-4104.14541015625,0.9998999834060669,0.273279070854187,0.2723582684993744,0.5364888310432434,22.58301830291748,5.6294105052948,4.324450254440308,12.73452615737915,0.2539794445037842,0.15932559967041016,3.7190940380096436
9,26,26.574888229370117,-4104.5712890625,0.9998999834060669,0.2790817618370056,0.2533600330352783,0.5614363551139832,22.22070288658142,5.588302135467529,4.354126930236816,12.406689882278442,0.250460147857666,0.15578866004943848,3.7337019443511963
9,27,26.4309401512146,-4118.46298828125,0.9998999834060669,0.27353760600090027,0.2689707577228546,0.5508819222450256,22.06262493133545,5.563918828964233,4.368237733840942,12.268725872039795,0.2542581558227539,0.1568756103515625,3.7341668605804443
9,28,26.471758365631104,-4112.622021484375,0.9998999834060669,0.27161747217178345,0.2701281011104584,0.5528476238250732,22.167293071746826,5.610506057739258,4.304395437240601,12.286745309829712,0.2567901611328125,0.15959548950195312,3.7698912620544434
9,29,27.00415301322937,-4133.11201171875,0.9998999834060669,0.280020534992218,0.2720116972923279,0.5360422134399414,22.622669219970703,5.608152866363525,4.381411075592041,12.825628757476807,0.25273847579956055,0.15695405006408691,3.693305253982544
9,30,26.942649364471436,-4094.3312744140626,0.9998999834060669,0.2760566771030426,0.2648144066333771,0.5463863611221313,22.648708820343018,5.567192316055298,4.293872833251953,12.756249904632568,0.2574315071105957,0.16164112091064453,3.818631649017334
10,1,15.458367824554443,-11192.78935546875,0.9998999834060669,0.28655409812927246,0.29952970147132874,0.5400077700614929,14.05698561668396,2.9182896614074707,1.4013383388519287,9.498611211776733,0.11810040473937988,0.08852744102478027,1.3871119022369385
10,2,15.16403603553772,-11133.29169921875,0.9998999834060669,0.2881251573562622,0.2866167426109314,0.5517070293426514,13.83624267578125,2.8200769424438477,1.3277451992034912,9.391577243804932,0.11554360389709473,0.08304786682128906,1.3831303119659424
10,3,17.728564023971558,-14408.8720703125,0.9966156482696533,0.31619641184806824,0.3170787990093231,0.5585575103759766,16.400245904922485,3.0602567195892334,1.3282930850982666,11.611683368682861,0.1465742588043213,0.09166812896728516,1.4235000610351562
10,4,17.370609521865845,-14368.540625,0.9960762858390808,0.30120834708213806,0.3146035373210907,0.5707060098648071,16.10890293121338,3.063784599304199,1.2616865634918213,11.363545656204224,0.14025449752807617,0.08954524993896484,1.3873341083526611
10,5,17.018255710601807,-14313.53544921875,0.9995228052139282,0.30844900012016296,0.3118031620979309,0.562375009059906,15.71029019355774,2.8199987411499023,1.3079440593719482,11.2456693649292,0.1150362491607666,0.08339405059814453,1.4027178287506104
10,6,17.250489711761475,-14250.501171875,0.9908079504966736,0.30252912640571594,0.30897068977355957,0.5788723826408386,15.8596031665802,3.0292112827301025,1.3908653259277344,11.14812159538269,0.1388251781463623,0.08939838409423828,1.3888306617736816
10,7,16.65722155570984,-14562.86435546875,0.9760823845863342,0.3184899687767029,0.3231692612171173,0.5632180571556091,15.357288837432861,2.833559989929199,1.2999117374420166,10.896456480026245,0.11627197265625,0.08444380760192871,1.3827953338623047
10,8,16.86513900756836,-14372.5130859375,0.992158830165863,0.30933254957199097,0.31410735845565796,0.5676963329315186,15.515873193740845,2.8322417736053467,1.3492450714111328,11.050671577453613,0.11673784255981445,0.08601045608520508,1.3855412006378174
10,9,17.05142855644226,-14346.0599609375,0.9981103539466858,0.31266993284225464,0.3112563192844391,0.5626426339149475,15.735490322113037,2.8372976779937744,1.3159153461456299,11.25566291809082,0.11804842948913574,0.08504772186279297,1.3951489925384521
10,10,16.91322088241577,-14342.07734375,0.9957996010780334,0.32444635033607483,0.3066260814666748,0.5572080612182617,15.608719110488892,2.856462240219116,1.3044795989990234,11.116557598114014,0.11582326889038086,0.0855705738067627,1.3900997638702393
10,11,17.035582780838013,-14731.19140625,0.977184534072876,0.3343709409236908,0.32883143424987793,0.5456545948982239,15.725375413894653,2.822183847427368,1.3101849555969238,11.250365257263184,0.11675167083740234,0.08379077911376953,1.4084303379058838
10,12,17.001115322113037,-14333.33857421875,0.9995705485343933,0.3154407739639282,0.31381210684776306,0.5593375563621521,15.686378479003906,2.8523831367492676,1.3147168159484863,11.202173471450806,0.11500358581542969,0.08443236351013184,1.3881406784057617
10,13,17.00446343421936,-14575.201953125,0.9842878580093384,0.3260561227798462,0.32467079162597656,0.5506148934364319,15.651843547821045,2.8364880084991455,1.352600336074829,11.179852485656738,0.1158134937286377,0.08430147171020508,1.3920698165893555
10,14,16.77591586112976,-14460.175,0.9874206185340881,0.3054226040840149,0.3204822838306427,0.561933159828186,15.495648622512817,2.8413197994232178,1.2802467346191406,11.020456790924072,0.11578965187072754,0.08428955078125,1.3894054889678955
10,15,16.77584743499756,-14486.5791015625,0.984634280204773,0.3089047372341156,0.3176597058773041,0.5680722594261169,15.44256591796875,2.8357112407684326,1.3332619667053223,10.97489857673645,0.1149590015411377,0.08501720428466797,1.3880536556243896
10,16,33.012797117233276,-14364.419140625,0.9896356463432312,0.30524924397468567,0.3078020513057709,0.5695933699607849,28.675001859664917,5.812126398086548,4.337719440460205,18.563713788986206,0.2550802230834961,0.16114544868469238,3.796311616897583
10,17,33.13793420791626,-14659.89169921875,0.9745832085609436,0.3257529139518738,0.3300000727176666,0.5546666979789734,28.847856521606445,5.832736492156982,4.290003538131714,18.71713137626648,0.25266122817993164,0.15833663940429688,3.800896167755127
10,18,32.99239730834961,-14345.4267578125,0.99412602186203,0.30037686228752136,0.3245353102684021,0.5709893107414246,28.6268048286438,5.7867162227630615,4.365522384643555,18.606775760650635,0.25388479232788086,0.15797042846679688,3.733321189880371
10,19,32.96516513824463,-14298.77216796875,0.998623788356781,0.3187173902988434,0.30324801802635193,0.5703492760658264,28.562886476516724,5.789612531661987,4.402215480804443,18.49161148071289,0.2562992572784424,0.15803956985473633,3.779712438583374
10,20,33.177410364151,-14529.1529296875,0.9823133945465088,0.32339683175086975,0.3185538053512573,0.5611434578895569,28.709734678268433,5.795458555221558,4.46759033203125,18.641507625579834,0.25745534896850586,0.1566781997680664,3.770752191543579
10,21,33.48567223548889,-14441.3095703125,0.992760956287384,0.3243408799171448,0.31473177671432495,0.5544260740280151,29.05941081047058,5.885340929031372,4.426187515258789,18.838796138763428,0.2540891170501709,0.1603987216949463,3.833545446395874
10,22,33.36811447143555,-14445.63994140625,0.9905115962028503,0.3136381208896637,0.3208601474761963,0.561567485332489,28.889694452285767,5.884481430053711,4.478346347808838,18.674649715423584,0.25265955924987793,0.15688228607177734,3.8334901332855225
10,23,33.10769486427307,-14248.905078125,0.9998999834060669,0.3030180037021637,0.3063749372959137,0.5719954967498779,28.721653699874878,5.813832759857178,4.385957956314087,18.65180253982544,0.2539193630218506,0.15241122245788574,3.7639341354370117
10,24,33.14708352088928,-14446.74990234375,0.9833898544311523,0.3097761273384094,0.3199138939380646,0.5627837181091309,28.774820566177368,5.999696254730225,4.372185468673706,18.519906759262085,0.25696635246276855,0.16178226470947266,3.74961519241333
10,25,32.995673179626465,-14323.59013671875,0.9900249242782593,0.3101101815700531,0.30879077315330505,0.5645369291305542,28.63309359550476,5.868318796157837,4.3624961376190186,18.554145336151123,0.2574646472930908,0.16099834442138672,3.704120397567749
10,26,33.00504279136658,-14473.51796875,0.98099285364151,0.3244146704673767,0.30692535638809204,0.5727829337120056,28.63348078727722,5.853456974029541,4.37148380279541,18.506556034088135,0.25501394271850586,0.16158056259155273,3.7683849334716797
10,27,33.05233073234558,-14618.23369140625,0.9688780307769775,0.3238834738731384,0.3189283609390259,0.5727134943008423,28.736815929412842,6.147127389907837,4.315442323684692,18.251834869384766,0.256821870803833,0.16231870651245117,3.8318474292755127
10,28,33.13205099105835,-14364.79462890625,0.990492582321167,0.31154507398605347,0.31918883323669434,0.5613923668861389,28.566083908081055,5.8474791049957275,4.565889596939087,18.477525234222412,0.2527329921722412,0.15835356712341309,3.7434310913085938
10,29,33.059741735458374,-14367.55751953125,0.9920268654823303,0.3071160912513733,0.3175429105758667,0.5696343779563904,28.764020204544067,5.805182218551636,4.295660972595215,18.65511918067932,0.253312349319458,0.15722393989562988,3.806849479675293
10,30,33.42673063278198,-14608.04091796875,0.9826973676681519,0.31414756178855896,0.33009982109069824,0.559748649597168,28.849546670913696,5.868376016616821,4.577119827270508,18.727296113967896,0.2532005310058594,0.15758299827575684,3.756869316101074
11,1,18.058583736419678,-31620.537890625,0.981955349445343,0.3232680559158325,0.31589680910110474,0.5444669127464294,16.75716209411621,3.003732681274414,1.3013973236083984,12.115626573562622,0.11616301536560059,0.08694219589233398,1.389890193939209
11,2,18.47880482673645,-32138.96640625,0.9659022092819214,0.33032581210136414,0.333374559879303,0.5349442958831787,17.147610902786255,3.2132792472839355,1.3311688899993896,12.244473457336426,0.140549898147583,0.09013676643371582,1.3921959400177002
11,3,17.99298858642578,-31743.51796875,0.9763835072517395,0.32253003120422363,0.3257148563861847,0.5404757261276245,16.69990634918213,2.9861955642700195,1.2930588722229004,12.071980237960815,0.11509108543395996,0.08699321746826172,1.3945343494415283
11,4,18.327990770339966,-31991.0724609375,0.9684745669364929,0.3210355341434479,0.3261454105377197,0.5367934107780457,16.989869832992554,3.0844533443450928,1.338097095489502,12.26747441291809,0.11718010902404785,0.08673882484436035,1.3887405395507812
11,5,18.066468954086304,-32152.451171875,0.9651461243629456,0.3303389251232147,0.3291822373867035,0.5331903696060181,16.74648666381836,2.9914023876190186,1.319957971572876,12.11487627029419,0.11563634872436523,0.08710885047912598,1.3933370113372803
11,6,18.503631114959717,-31997.3537109375,0.9746359586715698,0.32995107769966125,0.33109861612319946,0.5288563370704651,16.972126960754395,3.0252954959869385,1.5314724445343018,12.30519437789917,0.11919856071472168,0.08745074272155762,1.39058256149292
11,7,18.347765684127808,-31825.4837890625,0.9786994457244873,0.32871687412261963,0.3263341784477234,0.5307440757751465,17.026622533798218,2.9359195232391357,1.321115255355835,12.436751127243042,0.1147773265838623,0.08588027954101562,1.409355640411377
11,8,17.93628454208374,-32162.2091796875,0.964708685874939,0.33211785554885864,0.3272334933280945,0.5369893312454224,16.62933111190796,3.006568431854248,1.3069264888763428,11.99483036994934,0.11586904525756836,0.0861978530883789,1.3818752765655518
11,9,18.48665475845337,-31822.5455078125,0.9790794849395752,0.3270534574985504,0.32067543268203735,0.5383913516998291,17.113592624664307,2.999021530151367,1.3730361461639404,12.455228328704834,0.11881685256958008,0.08877277374267578,1.4062221050262451
11,10,18.623445749282837,-31616.71796875,0.9786317348480225,0.3149206042289734,0.32178279757499695,0.5383345484733582,17.29995560646057,3.1327199935913086,1.3234617710113525,12.451168298721313,0.1454312801361084,0.08877682685852051,1.4162089824676514
11,11,18.10035514831543,-32029.97890625,0.9738501310348511,0.3282928466796875,0.3308853209018707,0.538435161113739,16.755418300628662,2.9588780403137207,1.3449089527130127,12.14719295501709,0.11508822441101074,0.08593463897705078,1.4043521881103516
11,12,18.251447439193726,-31912.278515625,0.981434166431427,0.32837432622909546,0.32931333780288696,0.537565290927887,16.926002502441406,3.000161647796631,1.3254117965698242,12.309004068374634,0.11506175994873047,0.08441543579101562,1.3743987083435059
11,13,18.459660291671753,-31772.5181640625,0.978255033493042,0.32896238565444946,0.3185974955558777,0.5398442149162292,16.902275562286377,2.9799258708953857,1.5573558807373047,12.26221776008606,0.11381220817565918,0.0847940444946289,1.418285608291626
11,14,18.346396446228027,-31839.512890625,0.9797080159187317,0.3317929804325104,0.3171047568321228,0.5403430461883545,16.997899770736694,3.0240488052368164,1.3484714031219482,12.309450626373291,0.11781525611877441,0.09247636795043945,1.4092652797698975
11,15,18.016176223754883,-32100.58359375,0.9669488668441772,0.3289039731025696,0.32896891236305237,0.5421679019927979,16.67863655090332,3.000993251800537,1.3375158309936523,12.021782159805298,0.11670255661010742,0.08783698081970215,1.4061152935028076
11,16,36.2352089881897,-31670.9931640625,0.9784959554672241,0.3233204483985901,0.3180641531944275,0.5412004590034485,31.7303409576416,6.160101890563965,4.504793882369995,21.298877477645874,0.2547786235809326,0.1600794792175293,3.7679851055145264
11,17,36.5171582698822,-31761.0609375,0.9777612686157227,0.3221542537212372,0.3258281946182251,0.5372709631919861,32.01825165748596,6.192180871963501,4.498800754547119,21.557825803756714,0.2628180980682373,0.16408395767211914,3.74838924407959
11,18,36.70976638793945,-31871.0283203125,0.9775395393371582,0.33183789253234863,0.3227129280567169,0.5326519012451172,32.255773067474365,6.505125522613525,4.45390248298645,21.43115210533142,0.2614011764526367,0.17038416862487793,3.793945789337158
11,19,36.43914175033569,-31733.0689453125,0.9816644191741943,0.31852611899375916,0.32544755935668945,0.538471519947052,31.924541473388672,6.127948760986328,4.514505624771118,21.41450071334839,0.25865745544433594,0.1632366180419922,3.870669364929199
11,20,36.20516872406006,-31887.29765625,0.9731678366661072,0.32294681668281555,0.3224312365055084,0.5375581383705139,31.843526601791382,6.220674753189087,4.361566781997681,21.268510103225708,0.25655603408813477,0.16922688484191895,3.8385071754455566
11,21,36.28953003883362,-31914.7345703125,0.9712676405906677,0.32984280586242676,0.3233282268047333,0.537028431892395,31.79710841178894,6.162007808685303,4.492306709289551,21.279414176940918,0.2586383819580078,0.16572976112365723,3.8398914337158203
11,22,36.618549823760986,-31851.6919921875,0.9778958559036255,0.3264225721359253,0.3280421197414398,0.5320122838020325,32.16870450973511,6.234035015106201,4.449764728546143,21.662287950515747,0.2589151859283447,0.1704859733581543,3.7510159015655518
11,23,36.360238790512085,-31918.0875,0.9775047898292542,0.3313934803009033,0.320852130651474,0.532833993434906,31.928174018859863,6.1563756465911865,4.431974649429321,21.51535153388977,0.25420236587524414,0.16816210746765137,3.7440106868743896
11,24,36.170034646987915,-31956.891796875,0.9707245826721191,0.3266766667366028,0.3206474184989929,0.5380322337150574,31.760646104812622,6.202939748764038,4.40929913520813,21.265382289886475,0.25336742401123047,0.16512370109558105,3.7856509685516357
11,25,36.19968223571777,-31884.28046875,0.9757192730903625,0.324622243642807,0.3217158913612366,0.542556881904602,31.797820806503296,6.10181999206543,4.401775360107422,21.465418577194214,0.2570052146911621,0.16139531135559082,3.7236502170562744
11,26,36.15452265739441,-31934.3046875,0.9723297953605652,0.32452601194381714,0.32658329606056213,0.5412533283233643,31.79049253463745,6.206399440765381,4.363957166671753,21.273137092590332,0.25884556770324707,0.1607973575592041,3.8032326698303223
11,27,36.13161897659302,-31569.3787109375,0.9847115874290466,0.323722779750824,0.314618855714798,0.5421582460403442,31.75039005279541,6.13887882232666,4.3811376094818115,21.27421283721924,0.2773277759552002,0.16304850578308105,3.808730125427246
11,28,36.59619927406311,-31911.0966796875,0.9788661003112793,0.33197343349456787,0.3232816457748413,0.5325639843940735,32.123369216918945,6.300199031829834,4.472705602645874,21.47860312461853,0.25519800186157227,0.16568446159362793,3.8349974155426025
11,29,36.672603368759155,-31821.1283203125,0.9769669771194458,0.3217173218727112,0.32460668683052063,0.5404818058013916,31.932764291763306,6.267855167388916,4.739726781845093,21.340900659561157,0.25374460220336914,0.1622788906097412,3.819082260131836
11,30,36.26820778846741,-31964.41171875,0.9740729331970215,0.3263043165206909,0.32886451482772827,0.5387930274009705,31.683318853378296,6.1551353931427,4.584795713424683,21.32576084136963,0.2530055046081543,0.16326236724853516,3.697394371032715
12,1,19.59790587425232,-81944.0453125,0.9450942873954773,0.3594457805156708,0.35879817605018616,0.516252338886261,18.283979654312134,3.2477664947509766,1.313894510269165,13.396711111068726,0.1186971664428711,0.09061837196350098,1.38529634475708
12,2,19.691132068634033,-85982.78828125,0.9378795027732849,0.3636016547679901,0.3618369698524475,0.5217165350914001,18.34889316558838,3.159022331237793,1.3421764373779297,13.546612977981567,0.11703705787658691,0.09095191955566406,1.3904533386230469
12,3,19.785149097442627,-86076.12265625,0.9349960684776306,0.36775290966033936,0.3603929281234741,0.5171186923980713,18.480871200561523,3.1944799423217773,1.3042235374450684,13.637388467788696,0.11796283721923828,0.09186673164367676,1.3933963775634766
12,4,20.332142114639282,-85922.20234375,0.9414644837379456,0.36402371525764465,0.36166784167289734,0.5182898640632629,18.97298765182495,3.377709150314331,1.3590822219848633,13.909306526184082,0.1410374641418457,0.09305572509765625,1.3851940631866455
12,5,20.17210054397583,-85648.446875,0.9425840973854065,0.3635294437408447,0.36259087920188904,0.517747163772583,18.624836206436157,3.15334415435791,1.5471978187561035,13.808226346969604,0.11662864685058594,0.09124398231506348,1.4103450775146484
12,6,20.307300090789795,-86159.8734375,0.9375256299972534,0.3677574396133423,0.3621505796909332,0.518573522567749,18.933753967285156,3.3235158920288086,1.3734664916992188,13.902852535247803,0.13981318473815918,0.0944216251373291,1.406470775604248
12,7,20.310598850250244,-85574.4390625,0.9454734921455383,0.3625725209712982,0.3622620403766632,0.5164315104484558,18.889907598495483,3.402564525604248,1.4206297397613525,13.827200412750244,0.13249683380126953,0.09282970428466797,1.380903959274292
12,8,20.444211959838867,-85793.41796875,0.9440129399299622,0.3619995713233948,0.36378157138824463,0.5154705047607422,19.06830620765686,3.3340444564819336,1.3758459091186523,14.05213975906372,0.133500337600708,0.09516000747680664,1.3940002918243408
12,9,20.24985408782959,-85836.6890625,0.9389013648033142,0.3613339960575104,0.3623386323451996,0.5231124758720398,18.89464783668518,3.330747604370117,1.3551061153411865,13.844603300094604,0.15027093887329102,0.09564447402954102,1.4049065113067627
12,10,20.41957688331604,-85502.92421875,0.9467055201530457,0.3589790463447571,0.36157530546188354,0.5184977054595947,19.052029371261597,3.1783714294433594,1.3674864768981934,14.211223840713501,0.11644411087036133,0.09399557113647461,1.4066438674926758
12,11,19.81925630569458,-85744.42109375,0.940916121006012,0.3592405617237091,0.36272916197776794,0.5212975740432739,18.344869375228882,3.1149978637695312,1.4743289947509766,13.594898223876953,0.11555361747741699,0.09112882614135742,1.3829741477966309
12,12,19.95981216430664,-85906.1796875,0.9393583536148071,0.3604724407196045,0.36462774872779846,0.5194737911224365,18.54375958442688,3.2232797145843506,1.4160034656524658,13.673971891403198,0.11843466758728027,0.09254646301269531,1.3894965648651123
12,13,19.885833263397217,-85776.03125,0.9434310793876648,0.3626689910888672,0.363263875246048,0.5186634063720703,18.503597021102905,3.1406311988830566,1.3821744918823242,13.719875812530518,0.11910629272460938,0.09345602989196777,1.3853530883789062
12,14,19.945752143859863,-85517.37578125,0.9479249119758606,0.3614829480648041,0.363292396068573,0.5167505145072937,18.632039070129395,3.1325490474700928,1.3136568069458008,13.855536460876465,0.11622881889343262,0.09187960624694824,1.3910598754882812
12,15,19.8775794506073,-85949.61328125,0.9372338652610779,0.3615798354148865,0.36345982551574707,0.5206031799316406,18.562037229537964,3.1756436824798584,1.3154892921447754,13.73484206199646,0.11833429336547852,0.09341716766357422,1.3945298194885254
12,16,37.78186917304993,-85922.17109375,0.9390903115272522,0.3616148829460144,0.3634454309940338,0.5217894315719604,33.18437647819519,6.471446514129639,4.597348928451538,22.40659189224243,0.25323939323425293,0.16506648063659668,3.797243118286133
12,17,38.53909611701965,-85797.73828125,0.9437858462333679,0.36525747179985046,0.36526069045066833,0.514022171497345,33.71297812461853,6.563918828964233,4.825942516326904,22.74205446243286,0.26142358779907227,0.17002248764038086,3.8831992149353027
12,18,37.95223093032837,-85706.2171875,0.9423403143882751,0.36131614446640015,0.3637917935848236,0.518724799156189,33.473153591156006,6.614728212356567,4.478920221328735,22.523176670074463,0.2583143711090088,0.16511797904968262,3.8230040073394775
12,19,37.919782638549805,-85749.38671875,0.9383436441421509,0.36006444692611694,0.36117100715637207,0.518486738204956,33.40981197357178,6.530142068862915,4.509814262390137,22.460443019866943,0.256852388381958,0.17095708847045898,3.898273468017578
12,20,37.39500713348389,-86211.6640625,0.9314725995063782,0.3633948266506195,0.36472126841545105,0.5181592106819153,32.95898485183716,6.479104518890381,4.435888051986694,22.231892824172974,0.2566816806793213,0.1666707992553711,3.734713077545166
12,21,37.95395302772522,-86116.98046875,0.9386074542999268,0.36913517117500305,0.36225107312202454,0.5126234292984009,33.46411371231079,6.489629507064819,4.489667654037476,22.682910680770874,0.25321316719055176,0.16672945022583008,3.781320333480835
12,22,38.07840299606323,-85876.4984375,0.9389798045158386,0.36373716592788696,0.3626061677932739,0.5185069441795349,33.62414836883545,6.717581510543823,4.4540956020355225,22.593047618865967,0.26006388664245605,0.16746735572814941,3.7939162254333496
12,23,37.71434307098389,-86246.44375,0.937615692615509,0.3696310222148895,0.36672285199165344,0.5200642943382263,33.20837712287903,6.502649784088135,4.505798816680908,22.40355396270752,0.2558553218841553,0.17584896087646484,3.7810542583465576
12,24,37.85928964614868,-85929.35625,0.9409003853797913,0.3610531687736511,0.3623848259449005,0.5225560665130615,33.134119749069214,6.442779541015625,4.72501015663147,22.431565523147583,0.2559492588043213,0.16718792915344238,3.746149778366089
12,25,37.779009103775024,-85779.18828125,0.9435094594955444,0.3639560341835022,0.36297839879989624,0.5147517323493958,33.276673793792725,6.437993049621582,4.50216269493103,22.56841516494751,0.25351786613464355,0.16866135597229004,3.758312702178955
12,26,37.49583721160889,-85912.3796875,0.938477635383606,0.35893356800079346,0.36624982953071594,0.5200865864753723,33.0435049533844,6.43724513053894,4.452181339263916,22.372543334960938,0.25984978675842285,0.16766071319580078,3.7165658473968506
12,27,37.81712603569031,-85892.75625,0.9382381439208984,0.3622470796108246,0.3638354241847992,0.5198706984519958,33.31559896469116,6.551892518997192,4.501374959945679,22.419937133789062,0.2568666934967041,0.1679210662841797,3.8275535106658936
12,28,37.6670663356781,-85605.31796875,0.9433987736701965,0.36134248971939087,0.36237597465515137,0.5179778933525085,33.14216995239258,6.408998250961304,4.524734735488892,22.433847427368164,0.2516357898712158,0.1659235954284668,3.79062819480896
12,29,37.99325942993164,-85758.67421875,0.9413296580314636,0.3556300401687622,0.3624494671821594,0.51762455701828,33.37931728363037,6.398061990737915,4.613796710968018,22.62687659263611,0.2700505256652832,0.16953563690185547,3.8237102031707764
12,30,37.89442801475525,-86131.1015625,0.9360374212265015,0.3662712872028351,0.36322399973869324,0.5146195888519287,33.30302119255066,6.452577590942383,4.591245412826538,22.56762957572937,0.25085997581481934,0.1689472198486328,3.772404670715332
13,1,22.75935435295105,-205635.803125,0.9222086668014526,0.3894549310207367,0.3864799737930298,0.49565431475639343,21.25861167907715,3.2987780570983887,1.5006909370422363,16.276997566223145,0.1193399429321289,0.10291433334350586,1.4151947498321533
13,2,22.74090552330017,-205763.5703125,0.9201229810714722,0.38703325390815735,0.3848632872104645,0.4962545335292816,21.241560459136963,3.3100173473358154,1.4992928504943848,16.25058627128601,0.1172950267791748,0.10082888603210449,1.417719841003418
13,3,22.505476236343384,-205951.978125,0.9164414405822754,0.38754788041114807,0.38585522770881653,0.49658453464508057,21.00592279434204,3.352780818939209,1.4995007514953613,15.978691577911377,0.11775541305541992,0.09961700439453125,1.4114677906036377
13,4,22.602994203567505,-205738.0578125,0.9178459048271179,0.3817460238933563,0.38658764958381653,0.49882772564888,21.07921314239502,3.3110172748565674,1.5237305164337158,16.084092617034912,0.11842179298400879,0.10044431686401367,1.4198083877563477
13,5,22.60190749168396,-206587.178125,0.917261004447937,0.38890624046325684,0.39403626322746277,0.4960469901561737,21.081584453582764,3.288837432861328,1.5202724933624268,16.123071432113647,0.11577439308166504,0.09823489189147949,1.411180019378662
13,6,22.899401426315308,-205907.640625,0.9175267815589905,0.38621601462364197,0.38586369156837463,0.4929894804954529,21.353540420532227,3.3183209896087646,1.5458102226257324,16.331434726715088,0.11744403839111328,0.10800695419311523,1.4320199489593506
13,7,23.179997205734253,-205864.65,0.9184116721153259,0.3844763934612274,0.3860773742198944,0.49817773699760437,21.65882444381714,3.4946019649505615,1.521117925643921,16.41548728942871,0.14471101760864258,0.10594987869262695,1.4290244579315186
13,8,23.26532506942749,-205879.2640625,0.9202942848205566,0.3876883387565613,0.38486233353614807,0.4973800480365753,21.78296971321106,3.5698320865631104,1.4823033809661865,16.466779232025146,0.1462390422821045,0.10630249977111816,1.4287018775939941
13,9,22.89889144897461,-205680.4046875,0.9202336668968201,0.3832811713218689,0.38842907547950745,0.49510031938552856,21.162626266479492,3.226499080657959,1.7362000942230225,16.225728750228882,0.11744570732116699,0.09849834442138672,1.4504685401916504
13,10,22.652949810028076,-206175.4875,0.9148730635643005,0.3855786919593811,0.38339763879776,0.4943541884422302,21.024556398391724,3.210705280303955,1.6283354759216309,16.113536834716797,0.1165616512298584,0.09860587120056152,1.4415984153747559
13,11,22.833775281906128,-205839.665625,0.9165704250335693,0.3822435736656189,0.38644060492515564,0.49266377091407776,21.28112483024597,3.2595086097717285,1.5525949001312256,16.316890001296997,0.1152794361114502,0.10119152069091797,1.4432487487792969
13,12,22.953049182891846,-205853.0734375,0.9196304082870483,0.3870519697666168,0.38738834857940674,0.4928378164768219,21.41609501838684,3.312204122543335,1.5368998050689697,16.430513620376587,0.11850500106811523,0.10326814651489258,1.4064087867736816
13,13,22.789650440216064,-205628.0578125,0.9202507138252258,0.3861480951309204,0.383620947599411,0.49510982632637024,21.243860483169556,3.302682638168335,1.545736312866211,16.264135599136353,0.11695289611816406,0.10084152221679688,1.413572072982788
13,14,22.87632656097412,-205706.64375,0.9180548787117004,0.38397303223609924,0.3844112455844879,0.4990258514881134,21.383647203445435,3.2908143997192383,1.492624044418335,16.409226894378662,0.11709403991699219,0.10062313079833984,1.4203107357025146
13,15,22.722825527191162,-205796.4875,0.9204539060592651,0.3857112526893616,0.3858630359172821,0.49519845843315125,21.199114561080933,3.2819442749023438,1.5236613750457764,16.256608724594116,0.11630749702453613,0.09749841690063477,1.402000904083252
13,16,43.23387384414673,-205975.621875,0.9197028875350952,0.3865222632884979,0.3873060643672943,0.4920825958251953,38.394434213638306,6.80530047416687,4.839276313781738,27.312435150146484,0.257357120513916,0.17873930931091309,3.7496285438537598
13,17,43.02189254760742,-205828.9015625,0.9177787899971008,0.3861323595046997,0.3846758008003235,0.49813440442085266,38.015625953674316,6.735746383666992,5.006114482879639,26.949647665023804,0.25600457191467285,0.17580842971801758,3.806553363800049
13,18,43.02923011779785,-206152.58125,0.9192682504653931,0.39137136936187744,0.38837894797325134,0.4942256212234497,38.1724317073822,6.740035533905029,4.856641054153442,27.119637727737427,0.2542541027069092,0.17568302154541016,3.7915542125701904
13,19,43.00461721420288,-205925.28125,0.9178533554077148,0.3847924470901489,0.3868468403816223,0.49576714634895325,38.19618511199951,6.816981792449951,4.80828332901001,27.03089213371277,0.2579071521759033,0.17399096488952637,3.8255021572113037
13,20,42.77086091041565,-206625.81875,0.9133051633834839,0.38846534490585327,0.3900727331638336,0.4974312484264374,37.889293909072876,6.7470245361328125,4.881407022476196,26.82451295852661,0.2584693431854248,0.17582178115844727,3.79128098487854
13,21,43.3600869178772,-206022.4515625,0.9183391332626343,0.38806524872779846,0.3848269581794739,0.49598729610443115,38.420275926589966,6.898301839828491,4.93964695930481,27.064521551132202,0.26203012466430664,0.18420863151550293,3.915834426879883
13,22,42.770835638046265,-206293.1140625,0.916780948638916,0.3852495849132538,0.3868940770626068,0.49935653805732727,37.86341738700867,6.749340534210205,4.90724778175354,26.789053440093994,0.255612850189209,0.17470407485961914,3.8046298027038574
13,23,43.32376670837402,-206033.8859375,0.9204839468002319,0.3875546455383301,0.3911365568637848,0.49492117762565613,38.33710169792175,6.767096519470215,4.986490964889526,27.24401021003723,0.2686610221862793,0.17469525337219238,3.7915868759155273
13,24,43.09995484352112,-206487.0234375,0.9159764051437378,0.3887406885623932,0.38991305232048035,0.4946967661380768,38.03579640388489,6.737806797027588,5.063998460769653,26.961040496826172,0.25580501556396484,0.18029522895812988,3.805847644805908
13,25,42.946956634521484,-205648.4515625,0.9180158972740173,0.3854985237121582,0.38325077295303345,0.4984554946422577,38.121338844299316,6.859106540679932,4.825457572937012,26.891923904418945,0.25130152702331543,0.1737821102142334,3.854116439819336
13,26,43.335458517074585,-205631.9328125,0.9195432662963867,0.38486579060554504,0.38554638624191284,0.493818074464798,38.512298583984375,6.980177402496338,4.823010444641113,27.150167226791382,0.25702810287475586,0.17915749549865723,3.8537840843200684
13,27,42.944599866867065,-205887.78125,0.9175434112548828,0.3867899179458618,0.3854895830154419,0.4950929880142212,38.11741304397583,6.861318111419678,4.827034950256348,26.955482482910156,0.2553102970123291,0.17755794525146484,3.7752726078033447
13,28,43.162824392318726,-205655.26875,0.9216911196708679,0.3847775161266327,0.3862234950065613,0.49701088666915894,38.33376431465149,6.74242377281189,4.828893661499023,27.2873272895813,0.2529606819152832,0.17772197723388672,3.7826695442199707
13,29,42.8233847618103,-206092.640625,0.9160529375076294,0.3853995203971863,0.3848351538181305,0.49765023589134216,37.98534107208252,6.750783205032349,4.837891101837158,26.961318016052246,0.2534921169281006,0.17742037773132324,3.75101900100708
13,30,43.39309859275818,-206252.68125,0.9157055020332336,0.38553714752197266,0.3862094283103943,0.4946702718734741,38.441248416900635,7.131051063537598,4.95167875289917,26.989808320999146,0.2571892738342285,0.17985272407531738,3.790553569793701
14,1,25.932119369506836,-488532.76875,0.8988342881202698,0.4057324528694153,0.40571120381355286,0.473503053188324,24.196000337600708,3.4321000576019287,1.7359912395477295,18.96866798400879,0.11627650260925293,0.11880803108215332,1.5142507553100586
14,2,25.9038348197937,-489360.18125,0.8956149220466614,0.4053250849246979,0.4072577655315399,0.47060903906822205,24.17784881591797,3.414546489715576,1.7258634567260742,18.96311902999878,0.11652398109436035,0.11977171897888184,1.5176503658294678
14,3,25.92728042602539,-489788.6625,0.8962764143943787,0.4082338213920593,0.4090158939361572,0.47444674372673035,24.154974937438965,3.425776958465576,1.7721922397613525,18.938162326812744,0.11779046058654785,0.121612548828125,1.505734920501709
14,4,25.87924885749817,-489738.784375,0.8957491517066956,0.40812769532203674,0.40730610489845276,0.47464582324028015,24.18070125579834,3.4335756301879883,1.6984357833862305,18.93655776977539,0.11657857894897461,0.12233471870422363,1.5248727798461914
14,5,26.706520080566406,-488850.096875,0.8979930281639099,0.40640369057655334,0.40623828768730164,0.4729998707771301,25.040393590927124,3.411134958267212,1.6660010814666748,19.78813624382019,0.11598062515258789,0.1162416934967041,1.5631656646728516
14,6,26.084978103637695,-489183.4,0.8975698947906494,0.4089124798774719,0.40635916590690613,0.47298547625541687,24.419500827789307,3.48917555809021,1.6653587818145752,19.105865955352783,0.11884641647338867,0.12274956703186035,1.535979986190796
14,7,25.893605947494507,-489517.621875,0.8953917622566223,0.4077247083187103,0.40722233057022095,0.47558560967445374,24.16597890853882,3.4603381156921387,1.7275190353393555,18.901593923568726,0.11719727516174316,0.12151193618774414,1.5189294815063477
14,8,26.085503816604614,-489463.55625,0.8961965441703796,0.40746009349823,0.40665870904922485,0.47630783915519714,24.349820137023926,3.5268356800079346,1.7355709075927734,18.993621110916138,0.1189415454864502,0.12503790855407715,1.5387194156646729
14,9,25.904085636138916,-489688.80625,0.8950744867324829,0.4078027307987213,0.4080953001976013,0.4746953547000885,24.236910104751587,3.4551875591278076,1.6670641899108887,18.96046018600464,0.11671662330627441,0.1215353012084961,1.536278486251831
14,10,26.605581283569336,-489389.190625,0.8989599943161011,0.40702730417251587,0.40962496399879456,0.4772636890411377,24.81046772003174,3.7050158977508545,1.7950036525726318,19.268923044204712,0.11955618858337402,0.12422561645507812,1.5461809635162354
14,11,26.008023023605347,-489643.865625,0.896198034286499,0.4096107482910156,0.4071989357471466,0.47130221128463745,24.28305196762085,3.438241481781006,1.7248575687408447,19.029827117919922,0.11665105819702148,0.11760783195495605,1.5353748798370361
14,12,26.03129482269287,-489585.871875,0.8936534523963928,0.4062681496143341,0.4036397635936737,0.47112059593200684,24.312897205352783,3.411869525909424,1.7182691097259521,19.026716709136963,0.11869096755981445,0.11943912506103516,1.5900359153747559
14,13,26.454344272613525,-488673.25,0.8986660242080688,0.4080612361431122,0.40615013241767883,0.47127050161361694,24.68598699569702,3.541513204574585,1.7682113647460938,19.242669820785522,0.14098072052001953,0.11842679977416992,1.5762746334075928
14,14,25.859993934631348,-489330.534375,0.8962100148200989,0.40546172857284546,0.40600892901420593,0.47594785690307617,24.088300228118896,3.461139678955078,1.7715697288513184,18.796376705169678,0.11755061149597168,0.12091279029846191,1.5462901592254639
14,15,25.69732165336609,-489248.471875,0.8965710997581482,0.40706050395965576,0.40805310010910034,0.4741910696029663,24.014991521835327,3.4255712032318115,1.682208776473999,18.79262948036194,0.11601972579956055,0.11617016792297363,1.5198218822479248
14,16,49.99728488922119,-488989.175,0.8979400396347046,0.40766075253486633,0.408224880695343,0.4723720848560333,44.56413674354553,7.1681740283966064,5.432831764221191,32.573118686676025,0.26424360275268555,0.20972394943237305,4.250466823577881
14,17,49.8103563785553,-488701.15,0.8990345001220703,0.40760087966918945,0.40542396903038025,0.474669873714447,44.547034740448,7.096853733062744,5.263020038604736,32.889321088790894,0.25294041633605957,0.20074892044067383,4.013563394546509
14,18,49.62310075759888,-489069.071875,0.8976826667785645,0.4084405303001404,0.4068271219730377,0.47321102023124695,44.303032636642456,7.105630397796631,5.319788217544556,32.50315833091736,0.25788211822509766,0.19824433326721191,4.143961429595947
14,19,49.8332736492157,-489269.159375,0.8973954916000366,0.40867891907691956,0.40496015548706055,0.47563374042510986,44.49100136756897,7.165888547897339,5.341964960098267,32.63837003707886,0.25995874404907227,0.20305085182189941,4.127853631973267
14,20,49.33478593826294,-489355.39375,0.8968926668167114,0.4063158631324768,0.40827563405036926,0.4766416847705841,44.00159955024719,7.066198825836182,5.332893371582031,32.29843807220459,0.2571754455566406,0.1961231231689453,4.0907652378082275
14,21,49.429553508758545,-489155.29375,0.8983677625656128,0.4074566066265106,0.40808436274528503,0.47562313079833984,44.088396072387695,7.165315628051758,5.340843915939331,32.272419452667236,0.256397008895874,0.19794034957885742,4.1032068729400635
14,22,49.65607476234436,-489301.21875,0.896943986415863,0.4074123501777649,0.40797778964042664,0.47292670607566833,44.387078046798706,7.134530067443848,5.268712520599365,32.54767680168152,0.25470471382141113,0.2035675048828125,4.151140451431274
14,23,49.89204406738281,-488351.4375,0.8982486724853516,0.40631142258644104,0.4044632911682129,0.4744163155555725,44.43131971359253,7.1432294845581055,5.4603271484375,32.618674993515015,0.2692751884460449,0.2111818790435791,4.091916799545288
14,24,49.398837089538574,-489467.54375,0.8967278003692627,0.4064880311489105,0.4079948663711548,0.47489601373672485,44.116700887680054,7.115894556045532,5.281827688217163,32.3823881149292,0.2549867630004883,0.20446562767028809,4.066322326660156
14,25,49.455514669418335,-488675.178125,0.8986990451812744,0.4050893485546112,0.4064798057079315,0.4756115674972534,44.12905955314636,7.100754022598267,5.326133728027344,32.4370539188385,0.25438356399536133,0.199812650680542,4.0433032512664795
14,26,49.655285120010376,-488562.075,0.8996503949165344,0.4053186774253845,0.4061344861984253,0.4752131998538971,44.292174339294434,7.145093202590942,5.362831354141235,32.502092123031616,0.2551414966583252,0.1996622085571289,4.09335994720459
14,27,49.512147665023804,-489566.86875,0.8958662748336792,0.4071504771709442,0.4072847068309784,0.47701746225357056,44.0946626663208,7.101158142089844,5.417187929153442,32.304288387298584,0.25456881523132324,0.20008111000061035,4.139913082122803
14,28,49.64740490913391,-489168.53125,0.8972857594490051,0.40709689259529114,0.40654900670051575,0.476794570684433,44.22959566116333,7.154439687728882,5.417532920837402,32.40257525444031,0.2536771297454834,0.19271326065063477,4.132218599319458
14,29,49.67029285430908,-488998.265625,0.8982683420181274,0.40586453676223755,0.40842756628990173,0.4736069142818451,44.35021662712097,7.11507248878479,5.319761514663696,32.54386258125305,0.2552223205566406,0.19533610343933105,4.147058963775635
14,30,50.15873980522156,-489438.68125,0.8968861699104309,0.40737444162368774,0.4087403416633606,0.4732738435268402,44.87926888465881,7.405977010726929,5.279188394546509,32.77299785614014,0.25521135330200195,0.20303964614868164,4.147410154342651
15,1,32.575597047805786,-1147611.0125,0.8799323439598083,0.42631760239601135,0.42607927322387695,0.4546128809452057,28.23111391067505,3.546344518661499,4.344312429428101,22.892183303833008,0.11340522766113281,0.1347191333770752,1.4979345798492432
15,2,32.929914236068726,-1147759.9125,0.8792312145233154,0.42556169629096985,0.4254503846168518,0.4543708562850952,28.537328004837036,3.5465400218963623,4.392414331436157,23.184138298034668,0.11463594436645508,0.13829827308654785,1.5061018466949463
15,3,32.462735176086426,-1148248.1625,0.8787459135055542,0.42584851384162903,0.42592644691467285,0.45519357919692993,28.165070295333862,3.5329761505126953,4.297497749328613,22.8432035446167,0.11286568641662598,0.1343550682067871,1.4951884746551514
15,4,33.174540996551514,-1146590.1625,0.8807087540626526,0.4246719777584076,0.42403456568717957,0.456089049577713,28.408236980438232,3.547624349594116,4.766123056411743,23.05302667617798,0.11543488502502441,0.1380932331085205,1.5070123672485352
15,5,33.51154184341431,-1148813.475,0.8771153688430786,0.4259602427482605,0.4263910949230194,0.45514002442359924,29.07193350791931,4.115082025527954,4.439414978027344,23.075483560562134,0.14436554908752441,0.14016437530517578,1.5280110836029053
15,6,33.49681282043457,-1148146.075,0.8787624835968018,0.4274005591869354,0.4260137677192688,0.45468372106552124,29.05170512199402,3.9012367725372314,4.444919586181641,23.28246521949768,0.14178824424743652,0.14365196228027344,1.5100338459014893
15,7,32.84489035606384,-1147921.15,0.8791215419769287,0.42687705159187317,0.42584943771362305,0.4557082951068878,28.44789409637451,3.57126784324646,4.396818399429321,23.07040762901306,0.11515283584594727,0.13834166526794434,1.5054917335510254
15,8,32.47103023529053,-1148212.0,0.8782269358634949,0.4258407950401306,0.42462047934532166,0.45724111795425415,28.124558210372925,3.5490212440490723,4.3462958335876465,22.777464628219604,0.1143789291381836,0.13641643524169922,1.5002541542053223
15,9,33.79928278923035,-1148120.1,0.8787810802459717,0.4262620508670807,0.4255995750427246,0.45468810200691223,29.447237253189087,3.6018524169921875,4.351866722106934,24.04289722442627,0.1149907112121582,0.1379261016845703,1.5022320747375488
15,10,32.71421527862549,-1147930.35,0.8793011903762817,0.4240459203720093,0.4260103106498718,0.45582565665245056,28.344821453094482,3.575789451599121,4.369214773178101,22.966412782669067,0.11516904830932617,0.13949108123779297,1.5006229877471924
15,11,32.42621064186096,-1148347.0125,0.8785101771354675,0.42615604400634766,0.42602863907814026,0.45626160502433777,28.158485651016235,3.536822557449341,4.267554521560669,22.832801342010498,0.1137082576751709,0.13501238822937012,1.4935963153839111
15,12,32.421337604522705,-1148408.325,0.877811074256897,0.4245840013027191,0.426297128200531,0.45610833168029785,28.05665612220764,3.5432610511779785,4.364503860473633,22.73364520072937,0.11248564720153809,0.1327369213104248,1.4885141849517822
15,13,32.83324599266052,-1147445.5375,0.8801265954971313,0.4260561168193817,0.4253981411457062,0.45538076758384705,28.47651195526123,3.6354503631591797,4.356557130813599,23.030567169189453,0.11674880981445312,0.14002466201782227,1.5060396194458008
15,14,32.88409113883972,-1147917.4625,0.8793794512748718,0.4259287416934967,0.42647480964660645,0.4554538428783417,28.458226442337036,3.578601121902466,4.425689458847046,23.06983208656311,0.11502885818481445,0.13925433158874512,1.5078990459442139
15,15,32.79774236679077,-1147500.825,0.8807037472724915,0.4269946813583374,0.42576542496681213,0.45692315697669983,28.45078468322754,3.576996326446533,4.3467698097229,23.066856622695923,0.11540412902832031,0.13952016830444336,1.5044853687286377
15,16,57.932621479034424,-1147469.35,0.8795031905174255,0.4252115786075592,0.42527681589126587,0.45561471581459045,50.97027230262756,7.3504579067230225,6.961822748184204,39.192981004714966,0.2526230812072754,0.2307579517364502,3.8482720851898193
15,17,59.59565019607544,-1148259.6,0.878860354423523,0.42573675513267517,0.42670613527297974,0.45435744524002075,52.452003955841064,7.329315185546875,7.143115997314453,40.67195177078247,0.2537117004394531,0.22857093811035156,3.8749144077301025
15,18,58.163954734802246,-1147538.225,0.8793373703956604,0.42480379343032837,0.42637768387794495,0.4548946022987366,51.17181372642517,7.3449180126190186,6.991584777832031,39.46837306022644,0.2524592876434326,0.22235536575317383,3.7892649173736572
15,19,59.00874185562134,-1148274.0,0.8784291744232178,0.4265947639942169,0.4267456829547882,0.45385608077049255,52.1341769695282,7.239416599273682,6.8740315437316895,40.46444392204285,0.2525908946990967,0.22331595420837402,3.860325813293457
15,20,57.923662185668945,-1147516.2,0.8807470798492432,0.42607581615448,0.4260025918483734,0.45603278279304504,50.94777274131775,7.283004522323608,6.975383758544922,39.30223822593689,0.25151610374450684,0.22391486167907715,3.792663812637329
15,21,57.87332820892334,-1148369.4,0.8782320618629456,0.42691391706466675,0.42646628618240356,0.4543760120868683,50.89813041687012,7.235555648803711,6.974668502807617,39.29930591583252,0.25378894805908203,0.217393159866333,3.801464796066284
15,22,57.956796407699585,-1147662.65,0.8792597651481628,0.42552685737609863,0.4260752201080322,0.45485949516296387,50.988691091537476,7.298915386199951,6.9675750732421875,39.26522493362427,0.25098752975463867,0.2203369140625,3.85998797416687
15,23,58.053956747055054,-1148879.6625,0.8774833679199219,0.42724210023880005,0.4275849163532257,0.45444613695144653,51.163448095321655,7.592482089996338,6.889995813369751,39.13667392730713,0.25017619132995605,0.2221083641052246,3.868645668029785
15,24,57.89836144447327,-1147842.1375,0.8788995742797852,0.4252403974533081,0.424631804227829,0.45647794008255005,50.89717173576355,7.357722520828247,7.000675916671753,39.17701053619385,0.2513694763183594,0.2211763858795166,3.7962045669555664
15,25,59.17471504211426,-1147453.6375,0.8797420263290405,0.4256557524204254,0.4256046712398529,0.45460203289985657,52.09940695762634,7.375831842422485,7.074803590774536,40.25066876411438,0.2527916431427002,0.23113560676574707,3.8921592235565186
15,26,58.387195110321045,-1147421.8625,0.8794288039207458,0.42469748854637146,0.4254872798919678,0.45456013083457947,51.315359592437744,7.335234880447388,7.07133150100708,39.50665521621704,0.2546110153198242,0.2309865951538086,3.8934519290924072
15,27,58.24839735031128,-1147268.4125,0.8803003430366516,0.42503640055656433,0.42589300870895386,0.4553520381450653,51.25854158401489,7.296144247055054,6.989370584487915,39.514055013656616,0.2471446990966797,0.22278809547424316,3.8877077102661133
15,28,59.07420110702515,-1146909.9125,0.882714033126831,0.42601439356803894,0.42593154311180115,0.4592026174068451,52.065675258636475,7.3200459480285645,7.007975816726685,40.36841130256653,0.25280284881591797,0.2240605354309082,3.806544065475464
15,29,58.826951026916504,-1148293.1375,0.8782272338867188,0.42550039291381836,0.42600658535957336,0.4559122622013092,51.934077501297,7.320881605148315,6.8923540115356445,40.01614427566528,0.25889134407043457,0.22596478462219238,4.01793909072876
15,30,58.18584084510803,-1148178.15,0.8785101175308228,0.42613935470581055,0.4267040491104126,0.45429909229278564,51.21554136276245,7.365067720413208,6.969773054122925,39.39222431182861,0.2529299259185791,0.22534561157226562,3.884920835494995
16,1,35.98449230194092,-2688260.4,0.8621211051940918,0.4397568106651306,0.4399438202381134,0.43803033232688904,32.06235647201538,4.02714467048645,3.921739339828491,26.317768096923828,0.14382624626159668,0.17505145072937012,1.3294312953948975
16,2,35.45780086517334,-2689114.475,0.8612186908721924,0.4401020407676697,0.44053003191947937,0.43835026025772095,31.617544889450073,3.9912476539611816,3.8398566246032715,25.917934894561768,0.13857340812683105,0.16957330703735352,1.329496145248413
16,3,34.87919878959656,-2689478.725,0.8609629273414612,0.44058775901794434,0.44052574038505554,0.4374385476112366,31.023588180541992,3.799311637878418,3.8552308082580566,25.549367427825928,0.11734986305236816,0.16518187522888184,1.3458127975463867
16,4,35.617483615875244,-2690131.0,0.8633958697319031,0.4434986710548401,0.44312795996665955,0.44119566679000854,31.70319104194641,3.9842209815979004,3.9139063358306885,25.991061449050903,0.15222907066345215,0.17290019989013672,1.332643747329712
16,5,35.053948640823364,-2689545.6,0.861181378364563,0.4401250183582306,0.4403105080127716,0.4383412301540375,31.152897119522095,3.7867751121520996,3.9006693363189697,25.702620029449463,0.1182088851928711,0.16571855545043945,1.331873893737793
16,6,35.16002345085144,-2688949.025,0.861970067024231,0.44092804193496704,0.4407041072845459,0.43764668703079224,31.263921976089478,3.7878100872039795,3.895724058151245,25.806344747543335,0.12011957168579102,0.1700584888458252,1.3315165042877197
16,7,35.79754900932312,-2689762.05,0.8627390265464783,0.44214189052581787,0.4419792592525482,0.43962201476097107,31.90546154975891,4.068685293197632,3.891693115234375,26.097850799560547,0.14261770248413086,0.17775583267211914,1.3500103950500488
16,8,35.68450474739075,-2689723.075,0.8610072731971741,0.44029319286346436,0.4396263659000397,0.43865808844566345,31.795101404190063,3.977490186691284,3.8890130519866943,26.0971896648407,0.14342689514160156,0.17403197288513184,1.331223487854004
16,9,35.30132818222046,-2688941.2,0.8644232749938965,0.4435371160507202,0.44305405020713806,0.4404393434524536,31.479413747787476,3.8069379329681396,3.8215320110321045,25.999546766281128,0.11822938919067383,0.16749262809753418,1.339176893234253
16,10,35.1789345741272,-2690352.85,0.8606795072555542,0.4410153925418854,0.4408237934112549,0.43794313073158264,31.309677124023438,3.805025339126587,3.8688764572143555,25.842905521392822,0.11812257766723633,0.16725397109985352,1.328665018081665
16,11,35.725247859954834,-2688880.15,0.8615657687187195,0.4404563903808594,0.4402141869068146,0.4375067353248596,31.792037963867188,3.9718220233917236,3.932804822921753,26.1104576587677,0.1292872428894043,0.17379283905029297,1.348198413848877
16,12,35.267399311065674,-2688933.125,0.8618919849395752,0.44046539068222046,0.44000664353370667,0.43794015049934387,31.294389724731445,3.7888236045837402,3.972628593444824,25.830082416534424,0.12057065963745117,0.16754436492919922,1.339393138885498
16,13,35.28931379318237,-2689825.325,0.8621073961257935,0.4423123598098755,0.44219356775283813,0.4392859637737274,31.41981554031372,3.7987446784973145,3.869119644165039,25.94676947593689,0.12148308753967285,0.16820669174194336,1.3370614051818848
16,14,35.20488715171814,-2689214.1,0.8611535429954529,0.44031989574432373,0.4396875202655792,0.4384857416152954,31.352268934249878,3.838507890701294,3.852236032485962,25.843658447265625,0.11983513832092285,0.16855144500732422,1.3342299461364746
16,15,35.15306520462036,-2688863.575,0.8643369078636169,0.44215765595436096,0.44242823123931885,0.4417780935764313,31.266417264938354,3.9127023220062256,3.8862664699554443,25.681145906448364,0.12076187133789062,0.1704106330871582,1.3335275650024414
16,16,63.28552961349487,-2690939.125,0.8628074526786804,0.4433794915676117,0.44314220547676086,0.44143179059028625,53.220319986343384,7.648362398147583,10.064239501953125,41.485265016555786,0.23502397537231445,0.2754204273223877,3.4814982414245605
16,17,64.94094681739807,-2689221.9,0.861289381980896,0.4405427873134613,0.44016188383102417,0.43760937452316284,54.534066915512085,7.519172430038452,10.405469179153442,42.91255855560303,0.2529106140136719,0.26986122131347656,3.483393907546997
16,18,65.62552571296692,-2689220.95,0.8643962144851685,0.44325724244117737,0.44369667768478394,0.44061580300331116,55.30840849876404,7.6418137550354,10.31607174873352,43.45114517211914,0.2629086971282959,0.28198838233947754,3.5715463161468506
16,19,63.01707053184509,-2688895.15,0.8624525666236877,0.4414856433868408,0.44217368960380554,0.4390709400177002,52.767452001571655,7.5249364376068115,10.248591661453247,41.169384479522705,0.2505056858062744,0.26509904861450195,3.4655911922454834
16,20,65.27234172821045,-2690051.125,0.8607152104377747,0.4405191242694855,0.4399080276489258,0.4386182725429535,54.692049741744995,7.637574672698975,10.579236507415771,42.87004327774048,0.2562601566314697,0.2828714847564697,3.545943260192871
16,21,63.97407531738281,-2689019.975,0.8617950677871704,0.44047823548316956,0.4403218924999237,0.4372310936450958,53.514493465423584,7.670131206512451,10.45857858657837,41.72808051109314,0.2637641429901123,0.28908681869506836,3.4664015769958496
16,22,64.81366324424744,-2688928.225,0.8630980253219604,0.442129909992218,0.4416024386882782,0.4393828213214874,54.60772728919983,7.672003269195557,10.204928159713745,42.738712787628174,0.26474928855895996,0.2841057777404785,3.5500271320343018
16,23,64.84139943122864,-2688622.625,0.8630757331848145,0.4418294131755829,0.44123345613479614,0.43927329778671265,54.58883333206177,7.500361442565918,10.251535177230835,43.01192831993103,0.23348689079284668,0.2722010612487793,3.4793381690979004
16,24,64.75202870368958,-2689808.325,0.8625128269195557,0.4422582685947418,0.4425555169582367,0.43982982635498047,54.52476644515991,7.586726188659668,10.223686218261719,42.7804274559021,0.24712157249450684,0.2790679931640625,3.5329201221466064
16,25,64.59471845626831,-2690368.2,0.8605404496192932,0.4401230812072754,0.44025400280952454,0.4387591779232025,54.367770195007324,7.538336753845215,10.225966453552246,42.759703636169434,0.23314547538757324,0.2748386859893799,3.470292806625366
16,26,63.6587598323822,-2689701.75,0.8612516522407532,0.4407050907611847,0.4405655860900879,0.43895184993743896,53.491403579711914,7.954739332199097,10.166374683380127,41.448097705841064,0.23643207550048828,0.2756195068359375,3.484672784805298
16,27,65.15688180923462,-2688510.575,0.8617014288902283,0.4401748478412628,0.4401894807815552,0.43747633695602417,54.829723596572876,7.623552560806274,10.326149225234985,43.0869197845459,0.23966050148010254,0.2821931838989258,3.5014708042144775
16,28,63.69952392578125,-2690566.025,0.8623597621917725,0.44270646572113037,0.44281893968582153,0.4408806264400482,53.36842465400696,7.560833930969238,10.330104112625122,41.706448554992676,0.23997712135314941,0.277468204498291,3.490980625152588
16,29,64.71313309669495,-2689817.05,0.8609740138053894,0.4402507543563843,0.44058096408843994,0.4384482204914093,54.46184062957764,7.5809876918792725,10.250296115875244,42.80433511734009,0.23569154739379883,0.27359962463378906,3.4768805503845215
16,30,64.5660834312439,-2689720.825,0.8604682087898254,0.4395212233066559,0.4415747821331024,0.43758624792099,54.26096987724304,7.56418251991272,10.304112672805786,42.57580852508545,0.23652338981628418,0.27957868576049805,3.5099639892578125
17,1,44.53020262718201,-6265344.35,0.8472368121147156,0.45693239569664,0.45718786120414734,0.4249536693096161,37.350598096847534,3.959364414215088,7.178879261016846,31.659578800201416,0.12018632888793945,0.22644925117492676,1.3372890949249268
17,2,44.594687938690186,-6265003.2,0.8477084636688232,0.4576416313648224,0.4573792815208435,0.4245099127292633,37.3204460144043,3.9573802947998047,7.27351713180542,31.631946802139282,0.12022066116333008,0.22802186012268066,1.3348040580749512
17,3,44.52293038368225,-6267373.8,0.8473791480064392,0.45730793476104736,0.45806044340133667,0.42553678154945374,37.31062459945679,3.9561331272125244,7.211584091186523,31.620931148529053,0.11930251121520996,0.2268509864807129,1.3393268585205078
17,4,44.35244917869568,-6267554.8,0.8462889790534973,0.45735329389572144,0.4573139548301697,0.4238465428352356,37.17366313934326,3.957986831665039,7.178048849105835,31.479451417922974,0.11940598487854004,0.22779226303100586,1.3410346508026123
17,5,44.21169972419739,-6265766.8,0.846337616443634,0.4554923176765442,0.45572131872177124,0.4237825274467468,36.94122123718262,3.976349115371704,7.269753456115723,31.215975522994995,0.12090325355529785,0.2374262809753418,1.3426601886749268
17,6,44.52189755439758,-6267106.15,0.8469447493553162,0.457578182220459,0.4572781026363373,0.42463693022727966,37.19386529922485,3.9760513305664062,7.327305555343628,31.485902309417725,0.12161731719970703,0.23078441619873047,1.3312110900878906
17,7,44.6953501701355,-6267989.25,0.8474528193473816,0.45764219760894775,0.4578888714313507,0.425423264503479,37.39370512962341,4.121109962463379,7.300907135009766,31.50010848045349,0.13140559196472168,0.23877906799316406,1.3443634510040283
17,8,43.55818438529968,-6266878.45,0.8465965390205383,0.4578770101070404,0.45757728815078735,0.4234771132469177,36.384856939315796,3.9736075401306152,7.172635793685913,30.65394163131714,0.11989521980285645,0.25339436531066895,1.3356685638427734
17,9,44.34725332260132,-6266751.55,0.8475631475448608,0.4574803411960602,0.4575434923171997,0.42473435401916504,37.070138692855835,3.98358154296875,7.276392221450806,31.342824697494507,0.12119483947753906,0.2277975082397461,1.3463976383209229
17,10,44.45407056808472,-6266602.65,0.8460209369659424,0.4558510184288025,0.4558263421058655,0.42347124218940735,37.2498242855072,3.9758975505828857,7.203521966934204,31.533793210983276,0.1206657886505127,0.23073983192443848,1.340402603149414
17,11,44.58431839942932,-6267210.5,0.8488975167274475,0.4590345621109009,0.4589972496032715,0.4262790083885193,37.07918047904968,3.9834940433502197,7.504404783248901,31.355273723602295,0.12357878684997559,0.22964739799499512,1.339085578918457
17,12,44.34844350814819,-6264512.85,0.8480561375617981,0.4570123851299286,0.45720914006233215,0.42485296726226807,37.037044525146484,3.9993436336517334,7.3106749057769775,31.29661202430725,0.12093830108642578,0.22915983200073242,1.3433027267456055
17,13,44.38965725898743,-6268683.25,0.8446208238601685,0.45594918727874756,0.45580190420150757,0.42231500148773193,37.001630544662476,3.981764316558838,7.387306213378906,31.27988624572754,0.11999225616455078,0.23292064666748047,1.3392784595489502
17,14,44.40256381034851,-6264885.95,0.8474665880203247,0.45690175890922546,0.4570477306842804,0.4242846667766571,37.125614643096924,4.000094652175903,7.276226282119751,31.389363050460815,0.1200723648071289,0.2303028106689453,1.3375349044799805
17,15,44.53644800186157,-6268240.5,0.8465244174003601,0.45708370208740234,0.45725345611572266,0.4249063730239868,37.22465181350708,3.9677517414093018,7.31107234954834,31.51334524154663,0.12311434745788574,0.2300434112548828,1.3418140411376953
17,16,81.0459394454956,-6266872.1,0.846915602684021,0.45760124921798706,0.45767921209335327,0.42440176010131836,63.98436188697815,7.8412766456604,17.05951976776123,51.956889152526855,0.23603582382202148,0.37160778045654297,3.483888864517212
17,17,80.3765218257904,-6265802.95,0.8471056222915649,0.45743465423583984,0.45741671323776245,0.42417797446250916,63.310699224472046,7.874086618423462,17.063735723495483,51.22718024253845,0.23945116996765137,0.3782625198364258,3.4954779148101807
17,18,80.43458008766174,-6267207.7,0.8462367653846741,0.45608171820640564,0.45673200488090515,0.4241217076778412,63.318190574645996,7.903834819793701,17.114319801330566,51.22631359100342,0.239609956741333,0.37149763107299805,3.4828412532806396
17,19,79.50095272064209,-6268015.3,0.8486246466636658,0.45914173126220703,0.45920953154563904,0.42620185017585754,62.36127185821533,7.755984306335449,17.13760781288147,50.43116593360901,0.23688673973083496,0.36200833320617676,3.483069658279419
17,20,79.7735071182251,-6267301.8,0.8469497561454773,0.4576106071472168,0.45685264468193054,0.4247996509075165,62.454304695129395,7.838715076446533,17.31707215309143,50.399263858795166,0.23877286911010742,0.37091541290283203,3.513110876083374
17,21,81.4661500453949,-6264054.55,0.8474823832511902,0.4561961591243744,0.45642057061195374,0.4236747920513153,64.07873964309692,7.875874757766724,17.385314226150513,51.97433638572693,0.24147915840148926,0.3753035068511963,3.5174577236175537
17,22,80.51208400726318,-6267786.25,0.8463283181190491,0.4573165774345398,0.4572280943393707,0.42439770698547363,63.20568060874939,7.810356378555298,17.30431580543518,51.2084743976593,0.23589491844177246,0.3617842197418213,3.498042345046997
17,23,80.53114318847656,-6268062.3,0.8469066023826599,0.45721307396888733,0.4578583538532257,0.4248116612434387,63.1984965801239,7.859101057052612,17.330530643463135,51.16701555252075,0.23503947257995605,0.3597755432128906,3.4834394454956055
17,24,80.69617867469788,-6267759.2,0.8456100821495056,0.45598506927490234,0.456623911857605,0.4230809509754181,63.24167346954346,7.828141450881958,17.45237708091736,51.23846077919006,0.23650479316711426,0.36492061614990234,3.480093002319336
17,25,80.04197764396667,-6266920.1,0.8489574790000916,0.4594523310661316,0.459201842546463,0.42604318261146545,62.977402687072754,7.82518196105957,17.062439918518066,50.94345426559448,0.23965716361999512,0.3680589199066162,3.5077433586120605
17,26,80.63005185127258,-6266331.3,0.8479393720626831,0.45774516463279724,0.4577435255050659,0.42525291442871094,63.56857085227966,7.785367012023926,17.059396028518677,51.60887169837952,0.23501253128051758,0.36492300033569336,3.482058048248291
17,27,79.77960133552551,-6267118.2,0.8473450541496277,0.45763275027275085,0.4576922357082367,0.42491042613983154,62.37000560760498,7.8459203243255615,17.40728521347046,50.29731225967407,0.2452375888824463,0.3652527332305908,3.522491216659546
17,28,79.25663304328918,-6267669.5,0.8468043804168701,0.45759138464927673,0.4573458433151245,0.4250339865684509,62.19113755226135,7.762814521789551,17.063309907913208,50.2240777015686,0.23642873764038086,0.36715126037597656,3.508521795272827
17,29,80.77400827407837,-6269457.2,0.8444970846176147,0.45595499873161316,0.4560159146785736,0.42280814051628113,63.634416341781616,7.898984670639038,17.137516498565674,51.52572727203369,0.23836731910705566,0.37293481826782227,3.5037457942962646
17,30,81.55203032493591,-6266095.6,0.8466455936431885,0.45676952600479126,0.45685577392578125,0.42429429292678833,64.28877329826355,7.83913516998291,17.261144638061523,52.23650145530701,0.25356459617614746,0.372391939163208,3.4922170639038086
18,1,97.18390679359436,-14532145.4,0.8319539427757263,0.4727085828781128,0.4727441668510437,0.41135281324386597,57.73964500427246,6.203553915023804,39.44266057014465,38.71453666687012,0.5490856170654297,0.58636474609375,9.34747862815857
18,2,65.03039932250977,-14530738.7,0.8321850299835205,0.4727608263492584,0.4725383222103119,0.41138094663619995,46.663005352020264,4.460490942001343,18.365751266479492,38.26844573020935,0.127824068069458,0.36479949951171875,1.364588975906372
18,3,65.30773735046387,-14531443.2,0.8315872550010681,0.47210368514060974,0.47223877906799316,0.4109465777873993,47.433876752853394,4.036488056182861,17.87237238883972,39.0770263671875,0.12327027320861816,0.36059999465942383,1.3839852809906006
18,4,64.45475339889526,-14528734.2,0.8320838809013367,0.47270095348358154,0.4724772870540619,0.41054970026016235,46.45970153808594,4.031440019607544,17.993571758270264,38.1736364364624,0.12590503692626953,0.3710196018218994,1.3565516471862793
18,5,65.81479072570801,-14530092.2,0.8313040733337402,0.47172629833221436,0.47162508964538574,0.41020292043685913,47.47785305976868,4.135586977005005,18.335309267044067,39.019548416137695,0.13553977012634277,0.4376657009124756,1.3617973327636719
18,6,65.35836958885193,-14529751.1,0.8324455618858337,0.4725439250469208,0.472440630197525,0.4115232229232788,47.1385440826416,4.0447046756744385,18.218242406845093,38.82945537567139,0.12654638290405273,0.37723588943481445,1.3641743659973145
18,7,65.71258306503296,-14530242.1,0.8317288756370544,0.47241371870040894,0.47178998589515686,0.41081348061561584,47.386714220047,4.19590950012207,18.32417368888855,39.06920266151428,0.13289237022399902,0.3793163299560547,1.3605575561523438
18,8,65.11103558540344,-14530360.7,0.8318275213241577,0.4719221889972687,0.47170788049697876,0.41103070974349976,46.91421341896057,4.076269865036011,18.19525122642517,38.59974932670593,0.12668800354003906,0.3799002170562744,1.3634438514709473
18,9,64.95357346534729,-14530640.1,0.8323412537574768,0.47291260957717896,0.4732210636138916,0.4112892746925354,46.57842493057251,4.229181528091431,18.373523712158203,38.27183699607849,0.13042020797729492,0.3664112091064453,1.3567438125610352
18,10,64.92520380020142,-14532816.4,0.8319149613380432,0.47238245606422424,0.47276780009269714,0.4116474986076355,46.537829875946045,4.224639415740967,18.385815143585205,38.21623253822327,0.13211798667907715,0.36980104446411133,1.3605303764343262
18,11,65.78635096549988,-14531873.5,0.8304532170295715,0.4712788462638855,0.47115862369537354,0.40951353311538696,46.969923973083496,4.130521774291992,18.814822912216187,38.70003390312195,0.12897825241088867,0.3758518695831299,1.359419584274292
18,12,65.83011865615845,-14531976.5,0.8311476111412048,0.47209498286247253,0.47224000096321106,0.41038352251052856,47.07664775848389,4.132704257965088,18.75181269645691,38.75222301483154,0.12839102745056152,0.3760199546813965,1.3640153408050537
18,13,65.1691951751709,-14531264.8,0.8323355317115784,0.4727409780025482,0.4725574553012848,0.4114949107170105,47.08669590950012,4.074038743972778,18.08090090751648,38.704203844070435,0.12720584869384766,0.3733189105987549,1.3593368530273438
18,14,65.99539113044739,-14531354.0,0.8321089744567871,0.47269001603126526,0.473201185464859,0.4110898971557617,47.57842254638672,4.031587362289429,18.415382623672485,39.24920892715454,0.13225364685058594,0.38314175605773926,1.3726356029510498
18,15,64.6211793422699,-14527463.2,0.8312430381774902,0.47155362367630005,0.47187888622283936,0.40930551290512085,46.393370389938354,4.081055164337158,18.226195096969604,38.13001036643982,0.12728524208068848,0.3644547462463379,1.3648853302001953
18,16,108.86714720726013,-14531000.5,0.8316137194633484,0.47214290499687195,0.4721956253051758,0.41060611605644226,74.32837247848511,8.164118528366089,34.53429174423218,61.76786708831787,0.25602197647094727,0.5478944778442383,3.4986472129821777
18,17,109.08799147605896,-14529123.4,0.8318812251091003,0.47230008244514465,0.4719509482383728,0.4106200635433197,74.66389560699463,8.086561679840088,34.41962456703186,62.113563537597656,0.25090599060058594,0.5538930892944336,3.5661375522613525
18,18,110.48808169364929,-14530992.7,0.8323000073432922,0.47293251752853394,0.47319093346595764,0.41095590591430664,75.83419990539551,8.223918437957764,34.64936113357544,63.19845676422119,0.2541842460632324,0.56797194480896,3.4912033081054688
18,19,110.0890908241272,-14529627.0,0.830962061882019,0.4713119864463806,0.47105932235717773,0.40990400314331055,74.6004548072815,8.187913417816162,35.48400044441223,62.03320932388306,0.2531154155731201,0.5478298664093018,3.4860212802886963
18,20,110.00241589546204,-14529472.4,0.8319568037986755,0.47264185547828674,0.4721543490886688,0.4105525612831116,75.04945206642151,8.305679082870483,34.948477268218994,62.35725140571594,0.254500150680542,0.5532290935516357,3.484238624572754
18,21,112.54747533798218,-14531417.4,0.8324952125549316,0.4730950593948364,0.472865492105484,0.4113425016403198,77.27741074562073,8.149930477142334,35.26560163497925,64.70833110809326,0.25069117546081543,0.5671291351318359,3.5051350593566895
18,22,109.05790066719055,-14531417.7,0.831986129283905,0.472916841506958,0.4730550944805145,0.4111083745956421,73.8972315788269,8.111259460449219,35.15618872642517,61.40416765213013,0.2567605972290039,0.5507829189300537,3.4791901111602783
18,23,107.94678401947021,-14527654.4,0.8326722979545593,0.47247856855392456,0.47246089577674866,0.41114726662635803,73.68408298492432,8.20937991142273,34.25823378562927,61.12140250205994,0.25343942642211914,0.5426957607269287,3.4629409313201904
18,24,109.23288869857788,-14529467.5,0.8316070437431335,0.47229185700416565,0.4717443585395813,0.410554975271225,74.62618732452393,8.173790693283081,34.602176666259766,61.9981586933136,0.2681615352630615,0.561307430267334,3.5265021324157715
18,25,110.40038561820984,-14527579.1,0.8327881097793579,0.472411185503006,0.4728182852268219,0.4111475944519043,75.88836669921875,8.159107685089111,34.50753164291382,63.30988073348999,0.2609372138977051,0.5637829303741455,3.4961531162261963
18,26,109.96904635429382,-14532890.6,0.829724133014679,0.4709521532058716,0.471041738986969,0.4085780680179596,75.37580943107605,8.10090684890747,34.588345527648926,62.83366131782532,0.2654118537902832,0.5647587776184082,3.5121185779571533
18,27,110.86483025550842,-14528742.7,0.8315552473068237,0.4717244505882263,0.4715271592140198,0.4105716347694397,75.48265600204468,8.407670974731445,35.37771439552307,62.65446853637695,0.2567741870880127,0.5536284446716309,3.5157923698425293
18,28,108.12525868415833,-14528869.1,0.8311357498168945,0.47147902846336365,0.4716190993785858,0.4096672534942627,73.11959338188171,8.090283632278442,35.00118350982666,60.60498332977295,0.2665107250213623,0.5575470924377441,3.502594232559204
18,29,109.17140507698059,-14529432.2,0.8323570489883423,0.4727608859539032,0.4726431965827942,0.4109809994697571,75.03574275970459,8.06127667427063,34.1311399936676,62.592817068099976,0.25353431701660156,0.5549545288085938,3.481105327606201
18,30,109.88258242607117,-14530995.4,0.8320949673652649,0.47282376885414124,0.4725877046585083,0.4110668897628784,74.56270360946655,8.155624628067017,35.3153760433197,62.01957321166992,0.2557096481323242,0.5513570308685303,3.483931541442871
19,1,103.38106083869934,-33566695.6,0.8127882480621338,0.48555997014045715,0.4858193099498749,0.39574867486953735,64.62009382247925,4.375902414321899,38.757113456726074,50.091100215911865,0.14086103439331055,0.5372118949890137,1.376722812652588
19,2,102.38309478759766,-33564820.0,0.815066397190094,0.4872225224971771,0.4874371886253357,0.39798256754875183,63.980229139328,4.243444442749023,38.399065256118774,49.52441644668579,0.1393289566040039,0.5280728340148926,1.376493215560913
19,3,102.69968104362488,-33565605.6,0.814220130443573,0.4868655800819397,0.4869140088558197,0.3974095284938812,64.4283037185669,4.380379676818848,38.267534255981445,49.88555073738098,0.14070415496826172,0.540642261505127,1.3791022300720215
19,4,104.59329462051392,-33564196.8,0.8144305944442749,0.4875050187110901,0.4874716103076935,0.3978022634983063,65.9313600063324,4.28504204750061,38.658079862594604,51.42588782310486,0.1408555507659912,0.550417423248291,1.3795347213745117
19,5,105.58158111572266,-33562889.2,0.8147144317626953,0.48708292841911316,0.48691731691360474,0.39794936776161194,66.65847682952881,4.351325035095215,38.919167041778564,52.07396364212036,0.1406238079071045,0.5656099319458008,1.380244493484497
19,6,103.34290528297424,-33566950.8,0.8144134283065796,0.48753246665000916,0.48742401599884033,0.3980695307254791,63.502732276916504,4.258676767349243,39.83656692504883,49.04767966270447,0.13749361038208008,0.5149357318878174,1.3797287940979004
19,7,105.64780282974243,-33567230.4,0.8148202300071716,0.4872053861618042,0.48736095428466797,0.3980587422847748,66.64312362670898,4.33475399017334,39.00077033042908,52.134549617767334,0.1418318748474121,0.5635669231414795,1.381448745727539
19,8,100.39416337013245,-33567618.4,0.8164830207824707,0.48919910192489624,0.48915138840675354,0.39948293566703796,62.67775845527649,4.2358622550964355,37.712878942489624,48.20004630088806,0.13565587997436523,0.5051627159118652,1.375464677810669
19,9,110.3363447189331,-33565760.0,0.8146990537643433,0.4871768355369568,0.48709654808044434,0.39805111289024353,66.75619101524353,4.336928606033325,43.575934648513794,52.213958740234375,0.14255380630493164,0.5743553638458252,1.3846981525421143
19,10,102.3305914402008,-33562823.6,0.8146548271179199,0.48703262209892273,0.48702117800712585,0.3978522717952728,63.85106301307678,4.2495527267456055,38.47571134567261,49.392276763916016,0.13904595375061035,0.5291924476623535,1.3760221004486084
19,11,104.53687238693237,-33570048.0,0.8158423900604248,0.48883000016212463,0.48875564336776733,0.39934438467025757,65.63182520866394,4.3036603927612305,38.90125322341919,51.12617897987366,0.1406102180480957,0.5453219413757324,1.3759915828704834
19,12,105.84160494804382,-33563775.6,0.8150417804718018,0.4871274530887604,0.4873366951942444,0.3982412815093994,66.87666344642639,4.449137210845947,38.96100091934204,52.261855363845825,0.14252734184265137,0.5755772590637207,1.3810877799987793
19,13,105.44137907028198,-33568069.2,0.8146264553070068,0.48756828904151917,0.4875718951225281,0.39814987778663635,66.46897339820862,4.427998781204224,38.96851587295532,51.95430660247803,0.1437091827392578,0.5575435161590576,1.378720760345459
19,14,101.09394764900208,-33562944.0,0.8144711852073669,0.4871785342693329,0.4871973693370819,0.39767947793006897,62.88250780105591,4.1956787109375,38.20794415473938,48.45309233665466,0.13492274284362793,0.508415699005127,1.37654709815979
19,15,100.35436701774597,-33568650.8,0.8151345252990723,0.4873541593551636,0.48764652013778687,0.3983542025089264,62.67576241493225,4.269201278686523,37.674904108047485,48.23569178581238,0.1366260051727295,0.509178876876831,1.3754048347473145
19,16,174.91717505455017,-33562707.2,0.8148261308670044,0.4873371720314026,0.48723241686820984,0.3979274034500122,102.3416805267334,8.649787425994873,72.56614780426025,88.8486738204956,0.2699301242828369,0.9473659992218018,3.5220606327056885
19,17,172.73302483558655,-33567333.6,0.8148533701896667,0.48733189702033997,0.48767396807670593,0.39835837483406067,99.98936319351196,8.414876222610474,72.73414707183838,86.77382779121399,0.255460262298584,0.9200489521026611,3.5281882286071777
19,18,170.71981549263,-33572120.8,0.8125536441802979,0.48538535833358765,0.48576489090919495,0.3962171971797943,97.75927662849426,8.406968593597412,72.9512128829956,84.55213618278503,0.2552645206451416,0.925987720489502,3.522735357284546
19,19,168.12628769874573,-33561025.2,0.8147238492965698,0.48750150203704834,0.48736268281936646,0.39783748984336853,94.818363904953,8.409852743148804,73.29850769042969,81.63835644721985,0.24209356307983398,0.9243462085723877,3.511383056640625
19,20,167.33653473854065,-33561026.4,0.8144176006317139,0.48664021492004395,0.48642054200172424,0.39717403054237366,94.33056497573853,8.475554943084717,72.99601197242737,81.03244161605835,0.24522733688354492,0.9377405643463135,3.5427768230438232
19,21,167.47291469573975,-33561867.2,0.8146904110908508,0.4870365858078003,0.4871490001678467,0.3977545499801636,95.34682989120483,8.431850910186768,72.1167380809784,82.12083077430725,0.2517862319946289,0.9281330108642578,3.5178182125091553
19,22,166.39394235610962,-33563460.4,0.8147169947624207,0.4873380959033966,0.4871908724308014,0.3980480134487152,94.34198665618896,8.426838159561157,72.04261708259583,81.14773321151733,0.24309182167053223,0.9279508590698242,3.503467082977295
19,23,167.5828573703766,-33562924.4,0.8151353001594543,0.4872831702232361,0.4874342381954193,0.3983505368232727,94.9652009010315,8.382697343826294,72.6075119972229,81.74384331703186,0.2615022659301758,0.9429068565368652,3.5369532108306885
19,24,169.92759895324707,-33563555.6,0.8148087859153748,0.4872107207775116,0.48711591958999634,0.3981127440929413,97.17450284957886,8.374443054199219,72.74349856376648,83.99735045433044,0.24393272399902344,0.9255452156066895,3.5407238006591797
19,25,166.93404746055603,-33570192.4,0.8152150511741638,0.4878521263599396,0.4878237843513489,0.39842966198921204,93.80382108688354,8.397383213043213,73.12049651145935,80.60116910934448,0.24890398979187012,0.9308574199676514,3.5284321308135986
19,26,166.41573119163513,-33562852.4,0.8145669102668762,0.48697134852409363,0.4870830476284027,0.3978393077850342,93.96645975112915,8.330986738204956,72.4395649433136,80.54731607437134,0.24833011627197266,0.929929256439209,3.540452003479004
19,27,168.74646973609924,-33565501.6,0.8145447373390198,0.48745328187942505,0.4874670207500458,0.3979242742061615,96.11998963356018,8.433342218399048,72.61714839935303,82.8991346359253,0.2452528476715088,0.9318430423736572,3.5160062313079834
19,28,169.08887600898743,-33566170.0,0.8143131136894226,0.4870665967464447,0.4871029555797577,0.39796045422554016,97.2162218093872,8.366896390914917,71.86251521110535,83.9930772781372,0.25885534286499023,0.9361875057220459,3.562790632247925
19,29,168.64290308952332,-33561353.2,0.8137443661689758,0.4859817922115326,0.4858575761318207,0.39650851488113403,95.99026155471802,8.424658298492432,72.64266014099121,82.67589330673218,0.25900840759277344,0.9339513778686523,3.5957281589508057
19,30,183.19785118103027,-33566132.8,0.8147753477096558,0.4872511625289917,0.48732471466064453,0.39844340085983276,106.88400053977966,8.62237024307251,76.30464792251587,93.34403443336487,0.27201342582702637,0.9723174571990967,3.5652377605438232
20,1,183.63751196861267,-77405847.2,0.7948200702667236,0.5016408562660217,0.5015299320220947,0.3905999958515167,98.77654790878296,4.64403510093689,84.84817552566528,71.2103807926178,0.14226603507995605,0.9920902252197266,1.394737958908081
20,2,193.0895004272461,-77407683.2,0.7948348522186279,0.5017534494400024,0.5019684433937073,0.3906751871109009,102.22318077087402,4.857430934906006,90.85340309143066,74.68409729003906,0.1440727710723877,0.9718472957611084,1.4175724983215332
20,3,180.31615567207336,-77410200.0,0.7938959002494812,0.5011122226715088,0.5011221170425415,0.3897915780544281,96.11484932899475,4.5473809242248535,84.18828177452087,68.57839250564575,0.1406548023223877,0.9196267127990723,1.4078145027160645
20,4,179.6599726676941,-77416342.4,0.7932931184768677,0.5006445050239563,0.5005380511283875,0.38946211338043213,94.87836599349976,4.62100887298584,84.769357919693,67.39156079292297,0.14246273040771484,0.8876602649688721,1.3921897411346436
20,5,183.91970443725586,-77413687.2,0.7932561039924622,0.5006147623062134,0.5004473328590393,0.38934555649757385,99.39879369735718,4.658498048782349,84.50874781608582,71.83267164230347,0.14415645599365234,0.9876198768615723,1.4015908241271973
20,6,184.10930585861206,-77413791.2,0.7939541935920715,0.5011519193649292,0.5012168884277344,0.39011797308921814,98.48721718788147,4.615705490112305,85.60944080352783,70.81528329849243,0.14367961883544922,0.9896416664123535,1.4039978981018066
20,7,186.21605277061462,-77410685.6,0.7945682406425476,0.5013541579246521,0.501517653465271,0.39041632413864136,96.47813534736633,4.645968675613403,89.72599124908447,68.97204399108887,0.14226794242858887,0.9222292900085449,1.3934340476989746
20,8,185.24822068214417,-77413028.0,0.7954160571098328,0.5022363066673279,0.5022786855697632,0.39115411043167114,97.43549370765686,4.784471273422241,87.79693841934204,69.84482407569885,0.14246749877929688,1.0078201293945312,1.4108412265777588
20,9,181.18640971183777,-77415186.4,0.7944795489311218,0.5019338726997375,0.5016328692436218,0.3903644382953644,95.29630041122437,4.505562782287598,85.87803959846497,67.86806082725525,0.14224886894226074,0.8958916664123535,1.395273208618164
20,10,192.60427403450012,-77418056.8,0.792533814907074,0.4989754259586334,0.4990961253643036,0.38823315501213074,108.96876645088196,4.836884498596191,83.62304043769836,81.25993347167969,0.1469583511352539,1.0577168464660645,1.391373872756958
20,11,180.22132658958435,-77408640.0,0.7938167452812195,0.500934362411499,0.5008129477500916,0.38958942890167236,96.63332009315491,4.787878513336182,83.57550001144409,69.1151213645935,0.14071369171142578,0.89913010597229,1.3894050121307373
20,12,178.96978402137756,-77412518.4,0.7943284511566162,0.5016945004463196,0.5017686486244202,0.3904396891593933,95.63817167282104,4.456886291503906,83.3194031715393,68.14537000656128,0.13785696029663086,0.89858078956604,1.3952770233154297
20,13,179.49819803237915,-77414020.8,0.7938145995140076,0.5011820793151855,0.5010769367218018,0.3898965120315552,95.06526112556458,4.550326347351074,84.42079281806946,67.64360928535461,0.14255166053771973,0.9020416736602783,1.3888797760009766
20,14,179.08439326286316,-77433044.0,0.7963829636573792,0.5037233829498291,0.5041021108627319,0.3924488127231598,95.0462486743927,4.6908557415008545,84.02600169181824,67.60912680625916,0.1414046287536621,0.8892149925231934,1.3975157737731934
20,15,182.5204315185547,-77412416.0,0.7932402491569519,0.5005778670310974,0.5006785988807678,0.3891445994377136,95.29716658592224,4.512323617935181,87.21072292327881,67.85343766212463,0.1416623592376709,0.8976566791534424,1.3973097801208496
20,16,276.54478883743286,-77412453.6,0.7938843369483948,0.5013006329536438,0.5013577342033386,0.3899048864841461,115.93744802474976,8.868862628936768,160.58799958229065,99.18247175216675,0.2523031234741211,1.6194493770599365,3.53243088722229
20,17,276.90460991859436,-77409781.6,0.7934660315513611,0.5007399916648865,0.5005865693092346,0.38930371403694153,118.38559246063232,8.965057373046875,158.49953651428223,101.5194182395935,0.2585172653198242,1.658031940460205,3.5587151050567627
20,18,271.1837685108185,-77408387.2,0.7945874929428101,0.5012903809547424,0.5012461543083191,0.3903653621673584,114.50067138671875,8.86582636833191,156.66348099708557,97.70352578163147,0.2548370361328125,1.6235840320587158,3.530979871749878
20,19,271.55817222595215,-77419059.2,0.7936125993728638,0.5007309317588806,0.5008261203765869,0.38962116837501526,114.69538855552673,8.749030351638794,156.84346294403076,97.88573336601257,0.25807619094848633,1.6161201000213623,3.5279767513275146
20,20,272.4360373020172,-77414260.0,0.7942057847976685,0.501699686050415,0.5016394853591919,0.3902392089366913,115.08460330963135,8.809110879898071,157.33197951316833,98.34974956512451,0.25429749488830566,1.612271785736084,3.5516574382781982
20,21,272.64507484436035,-77405048.0,0.7934979200363159,0.5003201365470886,0.5004040598869324,0.3892565667629242,115.38722538948059,8.772004127502441,157.23852252960205,98.64003610610962,0.256472110748291,1.6175696849822998,3.531489849090576
20,22,282.12543392181396,-77415691.2,0.7933104634284973,0.5006394982337952,0.5005350112915039,0.38948318362236023,120.6878924369812,8.966434478759766,161.4164252281189,103.6539535522461,0.26867246627807617,1.6838617324829102,3.675494432449341
20,23,271.90962839126587,-77414282.4,0.7934185862541199,0.5007103681564331,0.5005745887756348,0.3895619511604309,113.91475486755371,8.79953145980835,157.9754753112793,97.12521815299988,0.26732730865478516,1.6514134407043457,3.523719072341919
20,24,270.8649158477783,-77408592.8,0.7938717603683472,0.501343309879303,0.5011886358261108,0.38982829451560974,112.75949740409851,8.815908908843994,158.08291172981262,95.94060564041138,0.25554752349853516,1.6300530433654785,3.532301425933838
20,25,273.8794221878052,-77413632.8,0.7939859628677368,0.5011389255523682,0.5010038018226624,0.3898291289806366,115.13088726997375,8.80371642112732,158.72843647003174,98.3055670261383,0.2570066452026367,1.639357089996338,3.5373752117156982
20,26,263.6880638599396,-77412675.2,0.7935413122177124,0.5001235008239746,0.5003328919410706,0.38914167881011963,107.98558187484741,8.56837010383606,155.6832594871521,91.27691769599915,0.25397729873657227,1.6324865818023682,3.518439531326294
20,27,261.00768280029297,-77409258.4,0.7945235967636108,0.5017648935317993,0.5017174482345581,0.39023128151893616,107.44588494300842,8.640375137329102,153.54220032691956,90.65125870704651,0.25531458854675293,1.6349232196807861,3.528679132461548
20,28,268.6289987564087,-77424338.4,0.7948676347732544,0.5020029544830322,0.5018391013145447,0.3907073140144348,113.28184676170349,8.89359188079834,155.32786583900452,96.46949100494385,0.25509214401245117,1.6290137767791748,3.5326719284057617
20,29,273.27978515625,-77434233.6,0.7923004031181335,0.4994809925556183,0.49920615553855896,0.38832178711891174,115.80956602096558,8.710898399353027,157.45048213005066,98.97211217880249,0.24990487098693848,1.6414523124694824,3.5557799339294434
20,30,263.2232151031494,-77413167.2,0.7949227690696716,0.5016703605651855,0.5016266107559204,0.39070284366607666,107.83850383758545,8.640937328338623,155.36558985710144,91.0646915435791,0.2531242370605469,1.6266427040100098,3.5272438526153564
