k,sample,total_time,best_ll,P00,P01,P10,P11,full_fit,gradient_gpu,init_cpu_gpu,mcmc_cpu,optimizer_gpu,transfer_pcie,warm_up_mcmc_cpu
1,1,12.644373655319214,-0.0004000663757324219,0.9998999834060669,0.9998999834060669,9.999999747378752e-05,9.999999747378752e-05,4.90267014503479,1.508131980895996,7.741667985916138,1.7518796920776367,0.11368060111999512,0.0808863639831543,1.4044535160064697
1,2,13.400370121002197,-0.0004000663757324219,0.9998999834060669,0.9998999834060669,9.999999747378752e-05,9.999999747378752e-05,5.702313184738159,2.011629343032837,7.697998523712158,2.000598669052124,0.14014267921447754,0.0854344367980957,1.3981056213378906
1,3,13.53196668624878,-0.0004000663757324219,0.9998999834060669,0.9998999834060669,9.999999747378752e-05,0.9998999834060669,5.801866054534912,1.9942748546600342,7.730041742324829,2.1134097576141357,0.14467692375183105,0.08501553535461426,1.39839768409729
1,4,13.56453537940979,-0.0004000663757324219,0.9998999834060669,0.9998999834060669,9.999999747378752e-05,0.9998999834060669,5.821591138839722,2.012361526489258,7.742891788482666,2.1167550086975098,0.1414659023284912,0.08455300331115723,1.4015634059906006
1,5,12.530285120010376,-0.0004000663757324219,0.9998999834060669,9.999999747378752e-05,9.999999747378752e-05,0.9998999834060669,4.836896896362305,1.9890058040618896,7.693334579467773,1.1741280555725098,0.1470475196838379,0.08383822441101074,1.3762404918670654
1,6,13.509952306747437,-0.0004000663757324219,0.9998999834060669,0.9998999834060669,9.999999747378752e-05,0.9998999834060669,5.772283315658569,1.9785664081573486,7.737619400024414,2.1203908920288086,0.13921642303466797,0.08324074745178223,1.3876187801361084
1,7,12.587555646896362,-0.0004000663757324219,0.9998999834060669,9.999999747378752e-05,9.999999747378752e-05,0.9998999834060669,4.872599363327026,1.9971659183502197,7.714907884597778,1.2004570960998535,0.14475107192993164,0.08453631401062012,1.3776657581329346
1,8,12.572471857070923,-0.0004000663757324219,0.9998999834060669,9.999999747378752e-05,9.999999747378752e-05,0.9998999834060669,4.849128246307373,1.9891858100891113,7.723294019699097,1.1758465766906738,0.14395594596862793,0.08437490463256836,1.3899385929107666
1,9,12.615445137023926,-0.0004000663757324219,0.9998999834060669,9.999999747378752e-05,9.999999747378752e-05,0.9998999834060669,4.8296215534210205,1.9900131225585938,7.7857606410980225,1.1466927528381348,0.14378619194030762,0.08492898941040039,1.3990747928619385
1,10,12.54428505897522,-0.0004000663757324219,0.9998999834060669,9.999999747378752e-05,9.999999747378752e-05,0.9998999834060669,4.816599130630493,1.9819443225860596,7.727625608444214,1.146369218826294,0.1427145004272461,0.084136962890625,1.39747953414917
1,11,13.560570240020752,-0.0004000663757324219,0.9998999834060669,0.9998999834060669,9.999999747378752e-05,0.9998999834060669,5.816696643829346,1.9954700469970703,7.743814706802368,2.120360851287842,0.14611339569091797,0.08698725700378418,1.399601936340332
1,12,13.614141941070557,-0.0004000663757324219,0.9998999834060669,0.9998999834060669,9.999999747378752e-05,0.9998999834060669,5.808936595916748,2.0043997764587402,7.8051512241363525,2.1173980236053467,0.13817715644836426,0.0857696533203125,1.3984670639038086
1,13,11.8424232006073,-0.0004000663757324219,0.9998999834060669,9.999999747378752e-05,9.999999747378752e-05,0.9998999834060669,4.073531150817871,1.5157051086425781,7.76885724067688,0.9158215522766113,0.11368203163146973,0.0812375545501709,1.4029057025909424
1,14,13.491753816604614,-0.0004000663757324219,0.9998999834060669,0.9998999834060669,9.999999747378752e-05,0.9998999834060669,5.7633092403411865,1.962033748626709,7.728383541107178,2.112269878387451,0.14374423027038574,0.08511209487915039,1.39432954788208
1,15,12.56073808670044,-0.0004000663757324219,0.9998999834060669,9.999999747378752e-05,9.999999747378752e-05,0.9998999834060669,4.823710203170776,1.976684808731079,7.736973285675049,1.158883810043335,0.1423656940460205,0.08347916603088379,1.397346019744873
1,16,14.865299701690674,-0.0004000663757324219,0.9998999834060669,0.9998999834060669,9.999999747378752e-05,9.999999747378752e-05,10.438070058822632,3.3082053661346436,4.427119493484497,2.780363082885742,0.24906206130981445,0.15009617805480957,3.866152286529541
1,17,13.099447965621948,-0.0004000663757324219,0.9998999834060669,9.999999747378752e-05,9.999999747378752e-05,0.9998999834060669,8.84855842590332,3.1936280727386475,4.250788688659668,1.4163563251495361,0.242356538772583,0.14422607421875,3.7711312770843506
1,18,12.328084707260132,0.0,0.8999999761581421,0.699999988079071,0.5,0.20000000298023224,7.971688985824585,2.762502431869507,4.356294393539429,0.9340815544128418,0.23866486549377441,0.14235734939575195,3.816366672515869
1,19,13.212829351425171,-0.0004000663757324219,0.9998999834060669,9.999999747378752e-05,9.999999747378752e-05,0.9998999834060669,8.905910730361938,3.2661123275756836,4.306822299957275,1.4331128597259521,0.24420428276062012,0.14748811721801758,3.73158860206604
1,20,12.269875764846802,0.0,0.8999999761581421,0.699999988079071,0.5,0.20000000298023224,7.9872612953186035,2.7722198963165283,4.28252387046814,0.9508645534515381,0.23559331893920898,0.1403801441192627,3.8118858337402344
1,21,14.864262580871582,-0.0004000663757324219,0.9998999834060669,0.9998999834060669,9.999999747378752e-05,0.9998999834060669,10.568181991577148,3.318480968475342,4.2959840297698975,3.055436134338379,0.24463605880737305,0.15259003639221191,3.712094783782959
1,22,14.918672323226929,-0.0004000663757324219,0.9998999834060669,0.9998999834060669,9.999999747378752e-05,0.9998999834060669,10.524622440338135,3.2708687782287598,4.39394998550415,3.0279617309570312,0.2511105537414551,0.15159106254577637,3.739135503768921
1,23,13.310363292694092,-0.0004000663757324219,0.9998999834060669,9.999999747378752e-05,9.999999747378752e-05,0.9998999834060669,8.957139015197754,3.230445146560669,4.353137731552124,1.4520690441131592,0.24160313606262207,0.1482219696044922,3.801851272583008
1,24,13.200504541397095,-0.0004000663757324219,0.9998999834060669,9.999999747378752e-05,9.999999747378752e-05,0.9998999834060669,8.876253366470337,3.2043349742889404,4.324159145355225,1.4545183181762695,0.23884224891662598,0.14655184745788574,3.749509572982788
1,25,13.239917039871216,-0.0004000663757324219,0.9998999834060669,9.999999747378752e-05,9.999999747378752e-05,0.9998999834060669,8.85988974571228,3.219010829925537,4.379880905151367,1.4167146682739258,0.23925304412841797,0.14528155326843262,3.7557413578033447
1,26,12.267353296279907,0.0,0.8999999761581421,0.699999988079071,0.5,0.20000000298023224,7.916630268096924,2.7449655532836914,4.350638151168823,0.9366049766540527,0.2402963638305664,0.14196300506591797,3.775695562362671
1,27,13.177825212478638,-0.0004000663757324219,0.9998999834060669,9.999999747378752e-05,9.999999747378752e-05,0.9998999834060669,8.839671611785889,3.224979877471924,4.3380467891693115,1.4188721179962158,0.2396376132965088,0.1479945182800293,3.724928140640259
1,28,13.264604330062866,-0.0004000663757324219,0.9998999834060669,9.999999747378752e-05,9.999999747378752e-05,0.9998999834060669,8.874658107757568,3.2029287815093994,4.3898537158966064,1.435084581375122,0.23913168907165527,0.14723658561706543,3.7666807174682617
1,29,15.022190570831299,-0.0004000663757324219,0.9998999834060669,0.9998999834060669,9.999999747378752e-05,0.9998999834060669,10.514527320861816,3.2466187477111816,4.5075743198394775,3.044262647628784,0.24863481521606445,0.15082907676696777,3.7411184310913086
1,30,13.341296911239624,-0.0004000663757324219,0.9998999834060669,9.999999747378752e-05,9.999999747378752e-05,0.9998999834060669,9.000044584274292,3.294757604598999,4.341152667999268,1.4719061851501465,0.2453145980834961,0.14867329597473145,3.756754159927368
2,1,14.50333046913147,-5.229886054992676,0.9998999834060669,0.7420209646224976,9.999999747378752e-05,0.7419794201850891,6.724051475524902,2.1392087936401367,7.779214859008789,2.8874828815460205,0.1424403190612793,0.08533072471618652,1.4015212059020996
2,2,14.218301057815552,-4.432663917541504,0.9998999834060669,0.7901141047477722,9.999999747378752e-05,0.5865866541862488,6.481651306152344,2.195629596710205,7.736595869064331,2.590064525604248,0.14322805404663086,0.08590173721313477,1.399268627166748
2,3,14.462590217590332,-5.229886054992676,0.9998999834060669,9.999999747378752e-05,0.7420117855072021,0.7420121431350708,6.756397724151611,2.143169641494751,7.7061378955841064,2.9300119876861572,0.14038729667663574,0.08514571189880371,1.3922758102416992
2,4,14.300274133682251,-3.744056463241577,0.9998999834060669,9.999999747378752e-05,0.6045751571655273,0.6116255521774292,6.57939887046814,2.117478370666504,7.720824956893921,2.8022162914276123,0.14107799530029297,0.0833582878112793,1.3696391582489014
2,5,13.775852680206299,-4.838961124420166,0.9998999834060669,0.5453084111213684,9.999999747378752e-05,0.5452932715415955,6.058348894119263,2.1244735717773438,7.717444896697998,2.2448554039001465,0.14647531509399414,0.08406782150268555,1.392582654953003
2,6,13.037146091461182,-1.3655445575714111,0.9998999834060669,9.999999747378752e-05,9.999999747378752e-05,0.6726951003074646,5.2728025913238525,2.224905014038086,7.764292478561401,1.3599369525909424,0.14356517791748047,0.08551359176635742,1.3913154602050781
2,7,14.142629146575928,-4.279101371765137,0.9998999834060669,0.5045109391212463,9.999999747378752e-05,0.8388621211051941,6.436347246170044,2.1880054473876953,7.706227779388428,2.5500235557556152,0.14680266380310059,0.0853431224822998,1.398838996887207
2,8,13.55022931098938,-3.4298386573791504,0.9998999834060669,0.2832464873790741,9.999999747378752e-05,0.6985910534858704,5.821008920669556,2.1291098594665527,7.729166507720947,1.9990448951721191,0.1472024917602539,0.08439779281616211,1.3949534893035889
2,9,14.039985179901123,-4.28524923324585,0.9998999834060669,9.999999747378752e-05,0.5138108134269714,0.81136155128479,6.298704385757446,2.1707329750061035,7.741235017776489,2.4417896270751953,0.14315009117126465,0.0845484733581543,1.3931281566619873
2,10,13.356976509094238,-3.7329123973846436,0.9998999834060669,0.2488182783126831,9.999999747378752e-05,0.8747586607933044,5.598824739456177,2.113370418548584,7.758099317550659,1.8122775554656982,0.13823199272155762,0.08361482620239258,1.3863401412963867
2,11,13.487587928771973,-3.5951414108276367,0.9998999834060669,0.37983831763267517,9.999999747378752e-05,0.3837188184261322,5.743575811386108,2.1334049701690674,7.7439491748809814,1.9197425842285156,0.14349985122680664,0.08440732955932617,1.3958206176757812
2,12,13.952176332473755,-3.6904551506042482,0.9998999834060669,0.2729010581970215,9.999999747378752e-05,0.6719561815261841,6.22811484336853,2.133700370788574,7.724007606506348,2.001005172729492,0.140702486038208,0.08484387397766113,1.8015694618225098
2,13,14.532865047454834,-2.6161422729492188,0.9998999834060669,0.7420127391815186,9.999999747378752e-05,0.9998999834060669,6.789771795272827,2.1496431827545166,7.743037700653076,2.944490432739258,0.14756345748901367,0.08499360084533691,1.3961379528045654
2,14,13.587571144104004,-3.6262195348739623,0.9998999834060669,0.26812487840652466,9.999999747378752e-05,0.6565454602241516,5.775660991668701,2.124396800994873,7.811859369277954,1.9786796569824219,0.14694976806640625,0.08337235450744629,1.3757870197296143
2,15,14.068243741989136,-4.280155181884766,0.9998999834060669,9.999999747378752e-05,0.5091181397438049,0.8287167549133301,6.249783039093018,2.156916618347168,7.8184027671813965,2.398355484008789,0.14354705810546875,0.08542037010192871,1.4001743793487549
2,16,13.79636001586914,-1.4586194992065429,0.9998999834060669,9.999999747378752e-05,9.999999747378752e-05,0.9026820063591003,9.41390061378479,3.499197006225586,4.3823652267456055,1.7536790370941162,0.2410755157470703,0.14701104164123535,3.6909613609313965
2,17,17.23366141319275,-6.557206726074218,0.9998999834060669,0.5117225050926208,0.2703891396522522,0.9921740293502808,12.803813457489014,3.542452335357666,4.429741859436035,4.932655334472656,0.2499256134033203,0.1520228385925293,3.842348337173462
2,18,13.965480327606201,-1.347256851196289,0.9998999834060669,9.999999747378752e-05,9.999999747378752e-05,0.7843374609947205,9.546950817108154,3.555665969848633,4.41838264465332,1.7637944221496582,0.2456650733947754,0.15005970001220703,3.7491891384124756
2,19,14.909434080123901,-0.0004000663757324219,0.9998999834060669,0.9998999834060669,9.999999747378752e-05,0.9998999834060669,10.517138242721558,3.2745115756988525,4.3922107219696045,3.039942502975464,0.2429981231689453,0.14731669425964355,3.731236457824707
2,20,18.82607674598694,-7.8341147899627686,0.9998999834060669,0.9998999834060669,0.6317327618598938,0.4070839583873749,14.358648777008057,3.5444812774658203,4.467318773269653,6.506711483001709,0.2505791187286377,0.14895296096801758,3.821093797683716
2,21,14.591413974761963,-3.722315549850464,0.9998999834060669,9.999999747378752e-05,0.24278487265110016,0.9091536402702332,10.29470157623291,3.523733615875244,4.296626806259155,2.5121946334838867,0.2420051097869873,0.14934182167053223,3.785172939300537
2,22,16.792887687683105,-4.5005998611450195,0.9998999834060669,0.9998999834060669,9.999999747378752e-05,0.9996866583824158,12.406321048736572,3.5804049968719482,4.386439561843872,4.636752605438232,0.2524526119232178,0.15520477294921875,3.6931822299957275
2,23,14.7821524143219,-4.720552825927735,0.9998999834060669,0.12174594402313232,0.24543939530849457,0.2155306339263916,10.243932247161865,3.522592544555664,4.538118839263916,2.471071481704712,0.24695301055908203,0.15212583541870117,3.7674570083618164
2,24,16.10102128982544,-4.279183387756348,0.9998999834060669,0.5026305317878723,9.999999747378752e-05,0.8373215794563293,11.686644554138184,3.687246084213257,4.41424822807312,3.686479330062866,0.2441411018371582,0.15467286109924316,3.829055070877075
2,25,15.41681694984436,-4.838961124420166,0.9998999834060669,0.5451562404632568,9.999999747378752e-05,0.5453524589538574,11.08312702178955,3.544679641723633,4.333600044250488,3.3436849117279053,0.24303150177001953,0.14914298057556152,3.7200422286987305
2,26,18.6045024394989,-4.2235517501831055,0.9998999834060669,0.1628248691558838,0.9998999834060669,0.9998999834060669,14.30152416229248,3.545964241027832,4.302871942520142,6.494164943695068,0.24718379974365234,0.15242266654968262,3.7785637378692627
2,27,17.054275274276733,-7.684378814697266,0.3751656711101532,0.9998999834060669,0.8255305290222168,0.22565248608589172,12.712097883224487,3.5336830615997314,4.342063903808594,4.987319707870483,0.24584507942199707,0.15091586112976074,3.71043062210083
2,28,15.534345388412476,-6.561013698577881,0.9998999834060669,0.2693711817264557,0.26159003376960754,0.530420184135437,11.108358383178711,3.5096347332000732,4.425883054733276,3.4160797595977783,0.2495572566986084,0.15130972862243652,3.6989200115203857
2,29,15.864339828491211,-4.279332160949707,0.9998999834060669,9.999999747378752e-05,0.5057621598243713,0.8335198163986206,11.5494704246521,3.674259901046753,4.314779996871948,3.6733834743499756,0.24705862998962402,0.15332317352294922,3.71781063079834
2,30,15.143821954727173,-2.2939558029174805,0.9998999834060669,0.23823250830173492,9.999999747378752e-05,0.9998999834060669,10.820035934448242,3.5391228199005127,4.323694944381714,3.0235238075256348,0.24188947677612305,0.14867901802062988,3.7845349311828613
3,2,15.18761920928955,-17.78279037475586,0.9998999834060669,0.12047932296991348,0.2819121479988098,0.9998999834060669,7.500226974487305,2.321723461151123,7.687333106994629,3.4841887950897217,0.15105247497558594,0.08521080017089844,1.391287088394165
3,3,14.553971290588379,-12.48242015838623,0.9998999834060669,9.999999747378752e-05,0.4018588960170746,0.7068254947662354,6.857715845108032,2.2799391746520996,7.69619345664978,2.911454677581787,0.1373615264892578,0.08535909652709961,1.3760042190551758
3,4,16.153422117233276,-20.725505447387697,0.9998999834060669,0.05901307240128517,0.7535979151725769,0.6978025436401367,8.416157245635986,2.3140769004821777,7.7372050285339355,4.406714200973511,0.14662814140319824,0.08531022071838379,1.3975324630737305
3,5,14.85686445236206,-14.120249271392822,0.9998999834060669,9.999999747378752e-05,0.4167221486568451,0.8506266474723816,7.056631326675415,2.3494606018066406,7.800180196762085,3.0055575370788574,0.14697861671447754,0.08739924430847168,1.4006178379058838
3,6,10.056605339050293,-21.46283702850342,0.9998999834060669,0.14512516558170319,0.4531603455543518,0.7674455046653748,7.714450836181641,2.261730670928955,2.3420944213867188,3.7565126419067383,0.139329195022583,0.0854637622833252,1.407160997390747
3,7,10.829256534576416,-22.644116401672363,0.9998999834060669,0.26417893171310425,0.3923349976539612,0.549255907535553,7.537614345550537,2.246249198913574,3.291588544845581,3.598414182662964,0.14127635955810547,0.08494997024536133,1.4029669761657715
3,8,9.311447620391846,-10.506907272338868,0.9998999834060669,9.999999747378752e-05,0.25826504826545715,0.772614598274231,6.023852348327637,2.0490078926086426,3.287546157836914,2.321280002593994,0.13802671432495117,0.0828099250793457,1.3697590827941895
3,9,8.685536861419678,-12.041855144500733,0.9998999834060669,0.2840341627597809,9.999999747378752e-05,0.7091524600982666,5.427630186080933,1.7917921543121338,3.2578723430633545,2.013781785964966,0.11457347869873047,0.08222723007202148,1.3823986053466797
3,10,8.290159463882446,-9.385885620117188,0.9998999834060669,0.16980496048927307,9.999999747378752e-05,0.8201138973236084,5.116449594497681,1.7836871147155762,3.173673152923584,1.710005283355713,0.11486959457397461,0.08150196075439453,1.38332200050354
3,11,11.115268468856812,-15.659439945220948,0.9998999834060669,0.021418604999780655,0.40048524737358093,0.7996245622634888,7.133462190628052,2.280242681503296,3.9817497730255127,3.126138210296631,0.1452956199645996,0.08619189262390137,1.4306480884552002
3,12,10.084292888641357,-18.23828754425049,0.9998999834060669,0.2586824893951416,0.24896252155303955,0.5224267244338989,6.718829393386841,2.2501769065856934,3.365407943725586,2.7634799480438232,0.1468799114227295,0.0852670669555664,1.4085485935211182
3,13,9.967428922653198,-16.71556282043457,0.9998999834060669,0.13436678051948547,0.4405937194824219,0.4976266026496887,6.62150764465332,1.8228483200073242,3.345879554748535,3.128146171569824,0.11953425407409668,0.08383512496948242,1.422621250152588
3,14,11.224408864974976,-21.79497184753418,0.9998999834060669,0.4322246313095093,0.17514346539974213,0.7952938079833984,7.957937955856323,2.2898762226104736,3.266409397125244,3.9549777507781982,0.15163087844848633,0.0876150131225586,1.4063889980316162
3,15,19.50926971435547,-11.776859664916993,0.9998999834060669,0.10305332392454147,0.22063934803009033,0.5177003741264343,16.258219242095947,2.2193899154663086,3.2510123252868652,12.33700156211853,0.141556978225708,0.09060096740722656,1.4061663150787354
3,16,18.897536039352417,-25.75681209564209,0.9998999834060669,0.4071848392486572,0.3169820010662079,0.5841020345687866,14.602883338928223,3.8255057334899902,4.294549226760864,6.545750856399536,0.24533605575561523,0.1520838737487793,3.7530882358551025
3,17,18.278915643692017,-19.458661842346192,0.9998999834060669,0.19987833499908447,0.33909958600997925,0.621424674987793,13.972398519515991,3.8038923740386963,4.306411504745483,5.943301439285278,0.24988245964050293,0.1511836051940918,3.739274501800537
3,18,17.799758672714233,-14.216246604919434,0.9998999834060669,0.49228817224502563,9.999999747378752e-05,0.8007180690765381,13.387047529220581,3.8659446239471436,4.412572622299194,5.244563102722168,0.25127720832824707,0.15358710289001465,3.785228729248047
3,19,18.118473291397095,-19.543894004821777,0.9998999834060669,0.22616080939769745,0.21668241918087006,0.9998999834060669,13.8014497756958,3.8321754932403564,4.316899299621582,5.704139232635498,0.24669361114501953,0.1522669792175293,3.7819418907165527
3,20,18.241010189056396,-22.00310821533203,0.9998999834060669,0.18307799100875854,0.3781507611274719,0.7516159415245056,13.822443962097168,3.7978525161743164,4.418421745300293,5.758164405822754,0.2542898654937744,0.15306329727172852,3.771928071975708
3,21,19.77195453643799,-21.539582443237304,0.9998999834060669,0.19172407686710358,0.43267643451690674,0.6154104471206665,14.753191232681274,3.768117666244507,5.018651962280273,6.79050612449646,0.2541773319244385,0.1539602279663086,3.699627161026001
3,22,17.33946943283081,-10.984975337982178,0.9998999834060669,0.3574339747428894,9.999999747378752e-05,0.9998999834060669,12.932759761810303,3.77815580368042,4.40659236907959,4.861980438232422,0.24940276145935059,0.14923501014709473,3.811101198196411
3,23,16.913994550704956,-14.628952598571777,0.9998999834060669,0.12758421897888184,0.23488634824752808,0.621161699295044,12.3819580078125,3.8210179805755615,4.531933069229126,4.336027383804321,0.24508190155029297,0.15078091621398926,3.7455179691314697
3,24,16.787757873535156,-10.484420204162598,0.9998999834060669,9.999999747378752e-05,0.47279974818229675,0.35196810960769653,12.33457350730896,3.8458921909332275,4.453069448471069,4.251835107803345,0.25244903564453125,0.15012145042419434,3.750108003616333
3,25,18.4991295337677,-21.229280090332033,0.9998999834060669,0.35264161229133606,0.17727653682231903,0.8691340684890747,14.035402774810791,3.7866551876068115,4.463616847991943,6.00639796257019,0.24746251106262207,0.14989709854125977,3.7614967823028564
3,26,16.965129613876343,-15.221099662780762,0.9998999834060669,0.18331605195999146,0.23974573612213135,0.5061546564102173,12.383829593658447,3.8229100704193115,4.581187963485718,4.360678672790527,0.2541947364807129,0.14942336082458496,3.712838649749756
3,27,19.67557954788208,-26.889242362976074,0.9998999834060669,0.4033081829547882,0.3304167091846466,0.7774938344955444,15.282180547714233,3.8191704750061035,4.393292188644409,7.287020683288574,0.2524998188018799,0.15031838417053223,3.6899640560150146
3,28,16.856486082077026,-12.302419662475586,0.9998999834060669,0.31100472807884216,9.999999747378752e-05,0.858359158039093,12.53157377243042,3.825396776199341,4.324803113937378,4.464128494262695,0.2491474151611328,0.1530017852783203,3.7541794776916504
3,29,18.91118288040161,-19.711297607421876,0.9998999834060669,0.4677065312862396,0.08362510055303574,0.9394305348396301,14.186184167861938,3.7673802375793457,4.724898099899292,6.182443380355835,0.24983716011047363,0.15177392959594727,3.750620126724243
3,30,17.996833562850952,-15.947537422180176,0.9998999834060669,0.5761206746101379,9.999999747378752e-05,0.6204192638397217,13.657660007476807,3.8783841133117676,4.339074373245239,5.463572025299072,0.2452383041381836,0.160980224609375,3.8258371353149414
4,1,11.029735803604126,-47.20756645202637,0.9919926524162292,0.22044825553894043,0.10806524753570557,0.9608812928199768,7.686553955078125,2.344953775405884,3.343127489089966,3.6155102252960205,0.14870834350585938,0.0867762565612793,1.4230725765228271
4,2,10.233250617980957,-45.71023674011231,0.9998999834060669,0.13080497086048126,0.2120056301355362,0.8235904574394226,6.920097589492798,1.930736780166626,3.3131184577941895,3.344682216644287,0.11495375633239746,0.08246684074401855,1.403923511505127
4,3,11.032104015350342,-54.407701110839845,0.9998999834060669,0.32755762338638306,0.101736880838871,0.9427427053451538,7.6528685092926025,1.9789838790893555,3.379196882247925,4.0045812129974365,0.11627888679504395,0.08322024345397949,1.424767255783081
4,4,13.017150402069092,-71.03040771484375,0.9998999834060669,0.23167100548744202,0.38082996010780334,0.7610580325126648,9.742990255355835,2.402717351913452,3.274101734161377,5.638835668563843,0.14748430252075195,0.08688473701477051,1.3992056846618652
4,5,11.109875917434692,-46.81782836914063,0.9998999834060669,0.07968531548976898,0.30951187014579773,0.8112636208534241,7.821858167648315,2.4156603813171387,3.2879638671875,3.705476760864258,0.14986681938171387,0.08847260475158691,1.3932254314422607
4,6,11.090813398361206,-52.00108680725098,0.9998999834060669,0.27236536145210266,0.12546412646770477,0.9998999834060669,7.782256364822388,2.0566210746765137,3.308516502380371,4.042255401611328,0.13231873512268066,0.09067940711975098,1.4137437343597412
4,7,11.042550325393677,-50.64224548339844,0.9998999834060669,0.1718117892742157,0.20286546647548676,0.8563975095748901,7.7910380363464355,2.3873682022094727,3.251455307006836,3.7220115661621094,0.14294004440307617,0.08677315711975098,1.3869106769561768
4,8,10.33704662322998,-31.763882637023926,0.9998999834060669,9.999999747378752e-05,0.30178025364875793,0.9998999834060669,7.042063236236572,1.9563703536987305,3.294947624206543,3.460649251937866,0.11550211906433105,0.08332109451293945,1.3813211917877197
4,9,10.71754240989685,-48.40978164672852,0.9998999834060669,0.2503640651702881,0.19306282699108124,0.6963624954223633,7.469021558761597,1.9342381954193115,3.2484841346740723,3.919456720352173,0.11447262763977051,0.08139419555664062,1.376495122909546
4,10,10.949113607406616,-51.59107666015625,0.9998999834060669,0.28321313858032227,0.1654755026102066,0.7158620953559875,7.687857389450073,1.9622523784637451,3.2612147331237793,4.0728394985198975,0.11563229560852051,0.08332085609436035,1.4101386070251465
4,11,10.767709970474243,-37.640685653686525,0.9998999834060669,9.999999747378752e-05,0.39458519220352173,0.7755033373832703,7.488878965377808,2.2531630992889404,3.2787723541259766,3.56699800491333,0.1347360610961914,0.08689546585083008,1.3909509181976318
4,12,11.09412670135498,-42.232404708862305,0.9998999834060669,0.1412511020898819,0.14599323272705078,0.9998999834060669,7.7965333461761475,2.409101724624634,3.297541379928589,3.696408748626709,0.14215779304504395,0.08588504791259766,1.3968210220336914
4,13,10.281500339508057,-46.05515098571777,0.9998999834060669,0.38348057866096497,0.08059687912464142,0.6306871175765991,7.0175275802612305,1.92622709274292,3.263939142227173,3.464228868484497,0.11385273933410645,0.08238053321838379,1.38765549659729
4,14,10.970143556594849,-31.050452041625977,0.9998999834060669,9.999999747378752e-05,0.2779611349105835,0.9000539183616638,7.675803184509277,2.4524497985839844,3.294285535812378,3.517524003982544,0.14337539672851562,0.08791637420654297,1.408982276916504
4,15,10.860108852386475,-50.88703231811523,0.9998999834060669,0.1451386958360672,0.22811339795589447,0.884486198425293,7.4782679080963135,2.179377555847168,3.3817977905273438,3.619637966156006,0.1335899829864502,0.08933091163635254,1.405914306640625
4,16,18.86406445503235,-52.185808181762695,0.9998999834060669,0.1770801544189453,0.32260772585868835,0.6650376319885254,14.51652479171753,4.117945432662964,4.3474225997924805,6.189315319061279,0.24671268463134766,0.15351629257202148,3.723921537399292
4,17,19.346820831298828,-50.41685600280762,0.9998999834060669,0.31309834122657776,0.15809494256973267,0.6933668255805969,14.984877586364746,4.090044021606445,4.361811876296997,6.732485771179199,0.25174617767333984,0.15372681617736816,3.6723477840423584
4,18,17.482340574264526,-33.5605489730835,0.9998999834060669,0.0041849613189697266,0.36777833104133606,0.5498751401901245,13.179063558578491,4.153690814971924,4.303176164627075,4.814947605133057,0.24291229248046875,0.1515042781829834,3.7329905033111572
4,19,20.04185676574707,-69.7016815185547,0.9998999834060669,0.3464919328689575,0.36093640327453613,0.5539088249206543,15.72231912612915,4.111655235290527,4.319432973861694,7.392013072967529,0.24856019020080566,0.1538381576538086,3.7316648960113525
4,20,18.195684909820557,-40.494843292236325,0.9998999834060669,0.03704633191227913,0.2830205261707306,0.9158045053482056,13.855668067932129,4.129495859146118,4.339902400970459,5.494722366333008,0.24583864212036133,0.15134358406066895,3.750396490097046
4,21,19.20350956916809,-53.81576232910156,0.9998999834060669,0.23257684707641602,0.31079748272895813,0.5693305134773254,14.874914407730103,4.165444374084473,4.32848048210144,6.491626501083374,0.2460315227508545,0.1541445255279541,3.7329580783843994
4,22,17.927384614944458,-33.12321815490723,0.9998999834060669,9.999999747378752e-05,0.30811142921447754,0.9020233154296875,13.687562465667725,4.11631441116333,4.2397141456604,5.336800575256348,0.2507157325744629,0.1525866985321045,3.7468185424804688
4,23,18.513517379760742,-47.57623710632324,0.9998999834060669,0.29794809222221375,0.13583636283874512,0.6930316090583801,14.178965330123901,4.169643402099609,4.334429979324341,5.797601699829102,0.24854683876037598,0.15419673919677734,3.724156379699707
4,24,19.675347566604614,-52.70518798828125,0.9998999834060669,0.36696135997772217,0.16757312417030334,0.6239367723464966,15.37344741821289,4.156202554702759,4.301804065704346,6.854336738586426,0.25280284881591797,0.1537165641784668,3.8705551624298096
4,25,18.553898572921753,-52.47091369628906,0.9998999834060669,0.2298496514558792,0.18422304093837738,0.7682173848152161,14.281266689300537,4.128450393676758,4.272529363632202,5.878573656082153,0.2464466094970703,0.15124297142028809,3.7938742637634277
4,26,18.841339111328125,-48.50863533020019,0.9998999834060669,0.1831108182668686,0.17956256866455078,0.8942954540252686,14.43341851234436,4.100918531417847,4.407823085784912,6.164906024932861,0.2448885440826416,0.15195941925048828,3.6874890327453613
4,27,18.631730794906616,-42.39215927124023,0.9998999834060669,0.2223576456308365,0.26334652304649353,0.47096285223960876,14.314337015151978,4.397871494293213,4.31730055809021,5.6167380809783936,0.3056788444519043,0.15976834297180176,3.744650363922119
4,28,19.101959466934204,-51.804608535766604,0.9998999834060669,0.33895349502563477,0.07342835515737534,0.913607120513916,14.719117641448975,4.0822319984436035,4.382720232009888,6.397393465042114,0.25460267066955566,0.15242815017700195,3.7460379600524902
4,29,17.576667070388794,-40.78672103881836,0.9998999834060669,0.3049788773059845,0.06334506720304489,0.6985955238342285,13.245753288269043,4.113384246826172,4.330790042877197,4.953850746154785,0.2454209327697754,0.15297961235046387,3.695235252380371
4,30,19.1366765499115,-42.623243713378905,0.9998999834060669,0.4327227473258972,0.11737163364887238,0.4582928419113159,14.770784616470337,4.256150245666504,4.365776062011719,6.198332071304321,0.2538626194000244,0.15584540367126465,3.8191170692443848
5,1,12.469710350036621,-131.3331329345703,0.9998999834060669,0.28696927428245544,0.15758363902568817,0.7128593325614929,9.233034133911133,2.5119426250457764,3.2366244792938232,5.033645868301392,0.14340662956237793,0.0854635238647461,1.394258975982666
5,2,12.404500484466553,-150.4831741333008,0.9998999834060669,0.22076070308685303,0.2960869073867798,0.6651040315628052,9.136662244796753,2.328246593475342,3.2677814960479736,5.15632963180542,0.12934589385986328,0.08550000190734863,1.383169412612915
5,3,12.740190267562866,-155.8830581665039,0.9998999834060669,0.3319196105003357,0.1450088769197464,0.7618821263313293,9.515403270721436,2.3699951171875,3.224727153778076,5.459582090377808,0.14118123054504395,0.08710360527038574,1.3921253681182861
5,4,13.011280059814453,-148.22295227050782,0.9998999834060669,0.1860564947128296,0.384549081325531,0.5956438779830933,9.720688819885254,2.55061674118042,3.2905352115631104,5.470620632171631,0.14587831497192383,0.08631515502929688,1.4010019302368164
5,5,11.909178256988525,-117.69830856323242,0.9998999834060669,0.27509403228759766,0.15104278922080994,0.6846049427986145,8.646143674850464,2.2533247470855713,3.262986660003662,4.695944786071777,0.1456003189086914,0.08511090278625488,1.400702953338623
5,6,12.50436019897461,-131.91894073486327,0.9998999834060669,0.19310754537582397,0.26693442463874817,0.6598790884017944,9.184136629104614,2.573598861694336,3.3201723098754883,4.911777019500732,0.14475274085998535,0.0861673355102539,1.4031288623809814
5,7,11.956750869750977,-124.92218933105468,0.9998999834060669,0.1794314980506897,0.20128364861011505,0.7725421786308289,8.666436672210693,2.5253238677978516,3.2902486324310303,4.435274124145508,0.1440427303314209,0.08572959899902344,1.411546230316162
5,8,11.778066635131836,-127.0454116821289,0.9998999834060669,0.18970534205436707,0.27746230363845825,0.6274109482765198,8.494770288467407,2.05973219871521,3.2832601070404053,4.817913293838501,0.11366081237792969,0.08272123336791992,1.378004550933838
5,9,12.669312477111816,-125.63699569702149,0.9998999834060669,0.17406943440437317,0.298665851354599,0.6283625364303589,9.409630537033081,2.5256190299987793,3.2596309185028076,5.217247247695923,0.13657212257385254,0.08465027809143066,1.3827219009399414
5,10,13.263696432113647,-169.2518280029297,0.9998999834060669,0.3167528510093689,0.28272736072540283,0.6253374218940735,9.926321983337402,2.2482962608337402,3.3373208045959473,6.00304102897644,0.14120197296142578,0.08335185050964355,1.3863563537597656
5,11,11.862108707427979,-148.6883773803711,0.9998999834060669,0.22186467051506042,0.22901980578899384,0.7678830623626709,8.551620244979858,2.2722995281219482,3.3104472160339355,4.644230127334595,0.11804056167602539,0.08516645431518555,1.3869564533233643
5,12,11.778560400009155,-130.49112396240236,0.9998999834060669,0.16713005304336548,0.28131213784217834,0.6863592267036438,8.531957387924194,2.320099115371704,3.2465524673461914,4.547957181930542,0.13866329193115234,0.08360743522644043,1.3777921199798584
5,13,12.389259576797485,-145.83472290039063,0.9998999834060669,0.2941637933254242,0.16415110230445862,0.7383574843406677,9.107005596160889,2.5033791065216064,3.2821929454803467,4.924304962158203,0.13814902305603027,0.08517885208129883,1.3916192054748535
5,14,11.779955625534058,-125.91599731445312,0.9998999834060669,0.1309460550546646,0.31474894285202026,0.6753988265991211,8.526789665222168,2.5332624912261963,3.253105878829956,4.31892466545105,0.13763165473937988,0.08482718467712402,1.3883554935455322
5,15,11.737029075622559,-131.95438079833986,0.9998999834060669,0.3546407222747803,0.18676552176475525,0.5553653836250305,8.491668701171875,2.274352550506592,3.2453255653381348,4.569569826126099,0.12127375602722168,0.08506655693054199,1.3935563564300537
5,16,20.250102996826172,-120.30284957885742,0.9998999834060669,0.3365665376186371,0.15332350134849548,0.5777863264083862,15.874321460723877,4.355638265609741,4.375671148300171,7.326310873031616,0.24899029731750488,0.15237784385681152,3.7062604427337646
5,17,21.37494659423828,-149.21747131347655,0.9998999834060669,0.21904265880584717,0.23800167441368103,0.7812858819961548,17.142598390579224,4.565310955047607,4.23224139213562,8.300029516220093,0.25044703483581543,0.15670394897460938,3.78530216217041
5,18,20.965670824050903,-142.97595672607423,0.9998999834060669,0.25457507371902466,0.15641775727272034,0.8413316607475281,16.72423553466797,4.401868581771851,4.241339445114136,8.055442571640015,0.2517549991607666,0.15066266059875488,3.7804596424102783
5,19,21.512388467788696,-161.9336395263672,0.9998999834060669,0.2837347686290741,0.22944772243499756,0.7242717742919922,17.126372575759888,4.426403045654297,4.385870933532715,8.355489253997803,0.2542271614074707,0.15536189079284668,3.8478305339813232
5,20,19.71320390701294,-112.65995788574219,0.9998999834060669,0.12816913425922394,0.2227144092321396,0.7709458470344543,15.39833378791809,4.4396514892578125,4.314758539199829,6.724678039550781,0.25106215476989746,0.15350008010864258,3.7452962398529053
5,21,20.83045983314514,-141.31423645019532,0.9998999834060669,0.21290846168994904,0.19974981248378754,0.7968912720680237,16.502874851226807,4.427921772003174,4.327475070953369,7.816696643829346,0.25054001808166504,0.1553492546081543,3.768728494644165
5,22,20.740490674972534,-153.4288772583008,0.9998999834060669,0.271984338760376,0.22246503829956055,0.7093336582183838,16.425472021102905,4.431045055389404,4.314902067184448,7.795689821243286,0.24878931045532227,0.15756869316101074,3.705223321914673
5,23,20.498472929000854,-122.05237731933593,0.9998999834060669,0.24921172857284546,0.21015651524066925,0.6299373507499695,16.070863246917725,4.382963180541992,4.427494287490845,7.5230090618133545,0.24683523178100586,0.15411114692687988,3.679121732711792
5,24,22.536856412887573,-180.86603088378905,0.9998999834060669,0.29192036390304565,0.2824118733406067,0.6992325782775879,17.999101638793945,4.408677577972412,4.537634372711182,9.212577819824219,0.2552318572998047,0.15601468086242676,3.881195068359375
5,25,19.520582914352417,-97.56430892944336,0.9998999834060669,0.2125176340341568,0.10406988114118576,0.7300866842269897,15.178041458129883,4.514410972595215,4.342435359954834,6.4308762550354,0.25226402282714844,0.15656018257141113,3.738711357116699
5,26,20.802785873413086,-139.6089126586914,0.9998999834060669,0.2811076045036316,0.15329702198505402,0.7724128365516663,16.486353397369385,4.4097325801849365,4.316316843032837,7.8061652183532715,0.2532172203063965,0.15574383735656738,3.7746622562408447
5,27,21.675602436065674,-168.22498016357423,0.9998999834060669,0.2921566367149353,0.2812683880329132,0.6653898358345032,17.343311548233032,4.3902692794799805,4.332181453704834,8.718121767044067,0.2533528804779053,0.15616655349731445,3.738194465637207
5,28,21.196805953979492,-139.26208038330077,0.9998999834060669,0.33211401104927063,0.07268613576889038,0.9093921780586243,16.953110456466675,4.502606391906738,4.24360990524292,8.188396215438843,0.25269436836242676,0.15677332878112793,3.7664525508880615
5,29,22.010275840759277,-173.31561737060548,0.9998999834060669,0.297894150018692,0.2854953706264496,0.655984103679657,17.59983539581299,4.517120838165283,4.4103288650512695,8.775994539260864,0.25432562828063965,0.15488219261169434,3.8135221004486084
5,30,19.476720809936523,-104.3280403137207,0.9998999834060669,0.238838791847229,0.1596854329109192,0.6232240796089172,14.895798206329346,4.406969308853149,4.580809116363525,6.28291654586792,0.2523214817047119,0.15573668479919434,3.7125353813171387
6,1,12.84913420677185,-332.62807312011716,0.9998999834060669,0.11179137229919434,0.301289826631546,0.7676558494567871,9.568090915679932,2.4949653148651123,3.280993938446045,5.4095118045806885,0.12419557571411133,0.08538174629211426,1.402550220489502
6,2,13.901317834854126,-423.7810089111328,0.9998999834060669,0.2834493815898895,0.24068421125411987,0.6964513659477234,10.572238445281982,2.395761251449585,3.3290374279022217,6.506024360656738,0.12396121025085449,0.08401083946228027,1.4134643077850342
6,3,9.244526624679565,-33.749902153015135,0.9998999834060669,9.999999747378752e-05,0.09040835499763489,0.6731181144714355,5.984438896179199,2.61851167678833,3.2600347995758057,1.674034833908081,0.1443619728088379,0.0885612964630127,1.3938100337982178
6,4,8.647231101989746,-29.680475616455077,0.9998999834060669,9.999999747378752e-05,0.06430722773075104,0.7013447880744934,5.341769218444824,2.3279616832733154,3.305419445037842,1.3440024852752686,0.12561440467834473,0.08728933334350586,1.408452033996582
6,5,9.217804908752441,-26.79759998321533,0.9998999834060669,0.042095575481653214,9.999999747378752e-05,0.7167774438858032,5.979976177215576,2.5287773609161377,3.23777437210083,1.7751295566558838,0.1401228904724121,0.0860452651977539,1.38631272315979
6,6,8.306745767593384,-26.675231170654296,0.9998999834060669,9.999999747378752e-05,0.041706494987010956,0.7287070751190186,5.064105033874512,2.061267852783203,3.242600440979004,1.3810005187988281,0.1135706901550293,0.08112120628356934,1.3841230869293213
6,7,9.35849404335022,-26.907101821899413,0.9998999834060669,0.04012545943260193,9.999999747378752e-05,0.7520945072174072,6.118160724639893,2.6194863319396973,3.240280866622925,1.7796173095703125,0.14674115180969238,0.08855700492858887,1.4185805320739746
6,8,9.291492938995361,-33.62308692932129,0.9998999834060669,9.999999747378752e-05,0.08089374750852585,0.7042510509490967,6.0124006271362305,2.5423526763916016,3.279042959213257,1.7813270092010498,0.14008164405822754,0.08755064010620117,1.40067458152771
6,9,9.240521669387817,-38.99536018371582,0.9998999834060669,0.12798243761062622,9.999999747378752e-05,0.6416130065917969,5.948803186416626,2.5192453861236572,3.2916505336761475,1.757401943206787,0.1397101879119873,0.08586525917053223,1.381378173828125
6,10,8.474897384643555,-26.78618049621582,0.9998999834060669,0.04782485589385033,9.999999747378752e-05,0.7218834161758423,5.232912063598633,2.2387471199035645,3.2419424057006836,1.3698194026947021,0.11707258224487305,0.08559060096740723,1.375859022140503
6,11,8.2339346408844,-30.18853340148926,0.9998999834060669,0.05777852237224579,9.999999747378752e-05,0.7032371163368225,4.986643075942993,2.0477733612060547,3.247253656387329,1.3216588497161865,0.11451148986816406,0.08114051818847656,1.3783669471740723
6,12,8.951310157775879,-0.012798309326171875,0.9998999834060669,9.999999747378752e-05,9.999999747378752e-05,0.9998999834060669,5.6972267627716064,2.4224295616149902,3.254021644592285,1.5646476745605469,0.146256685256958,0.08706259727478027,1.411395788192749
6,13,8.910399675369263,-26.863468742370607,0.9998999834060669,9.999999747378752e-05,0.03903853893280029,0.7562487125396729,5.635195732116699,2.5063955783843994,3.2751643657684326,1.4713788032531738,0.1261899471282959,0.08640909194946289,1.3961513042449951
6,14,9.275087118148804,-26.568369102478027,0.9998999834060669,0.04201584309339523,9.999999747378752e-05,0.7478968501091003,6.000355958938599,2.516307830810547,3.2746779918670654,1.792933464050293,0.13648366928100586,0.08607339859008789,1.4067656993865967
6,15,8.867094278335571,-26.581045722961427,0.9998999834060669,0.039157237857580185,9.999999747378752e-05,0.7324926257133484,5.64132833480835,2.392226457595825,3.2257089614868164,1.5669445991516113,0.14216399192810059,0.08563399314880371,1.3887453079223633
6,16,15.515387773513794,-33.69664840698242,0.9998999834060669,9.999999747378752e-05,0.08821748197078705,0.7091203927993774,11.155434608459473,4.364706993103027,4.359842777252197,2.5896012783050537,0.247023344039917,0.15212082862854004,3.7173402309417725
6,17,15.056368589401245,-29.684816741943358,0.9998999834060669,9.999999747378752e-05,0.06319761276245117,0.7013614177703857,10.587653160095215,4.3065526485443115,4.468622922897339,2.0396316051483154,0.24452733993530273,0.15143513679504395,3.759723663330078
6,18,15.356541872024536,-36.46306686401367,0.9998999834060669,0.11641281098127365,9.999999747378752e-05,0.6267358064651489,10.920050621032715,4.369015693664551,4.436376094818115,2.3343417644500732,0.24323797225952148,0.14736390113830566,3.745431661605835
6,19,15.873015642166138,-39.47509422302246,0.9998999834060669,0.11993896961212158,9.999999747378752e-05,0.661353588104248,11.368387460708618,4.370814085006714,4.504524230957031,2.8151767253875732,0.24016857147216797,0.15092253684997559,3.7091352939605713
6,20,15.519010543823242,-26.61322612762451,0.9998999834060669,9.999999747378752e-05,0.03911180421710014,0.752437949180603,11.072461366653442,4.3604395389556885,4.446450471878052,2.454972505569458,0.23853421211242676,0.14879083633422852,3.786341428756714
6,21,15.651692152023315,-30.66038646697998,0.9998999834060669,9.999999747378752e-05,0.06373703479766846,0.728900671005249,11.164298057556152,4.390570163726807,4.487295389175415,2.5905392169952393,0.2451179027557373,0.15265703201293945,3.700908660888672
6,22,15.780118465423584,-40.631263732910156,0.9998999834060669,0.1274241954088211,9.999999747378752e-05,0.6500838994979858,11.430588245391846,4.331202268600464,4.349419355392456,2.8226470947265625,0.247528076171875,0.15253210067749023,3.7922348976135254
6,23,15.222368717193604,-26.665096855163576,0.9998999834060669,0.03900439664721489,9.999999747378752e-05,0.7509741187095642,10.937598943710327,4.342566251754761,4.284654855728149,2.365487575531006,0.24610185623168945,0.15072345733642578,3.7495672702789307
6,24,14.9989595413208,-30.136101531982423,0.9998999834060669,0.0680396780371666,9.999999747378752e-05,0.6918741464614868,10.646697044372559,4.349259376525879,4.352171897888184,2.080293655395508,0.2418670654296875,0.1532886028289795,3.7369542121887207
6,25,16.185306787490845,-38.95543746948242,0.9998999834060669,9.999999747378752e-05,0.12148395925760269,0.6653862595558167,11.557310342788696,4.432460069656372,4.62788987159729,2.922182083129883,0.2436695098876953,0.1537778377532959,3.7195444107055664
6,26,15.118038892745972,-33.31202659606934,0.9998999834060669,0.08498267829418182,9.999999747378752e-05,0.6830363273620605,10.804057598114014,4.382553815841675,4.313894987106323,2.1918740272521973,0.2413334846496582,0.14960575103759766,3.7577013969421387
6,27,15.582437515258789,-30.600953102111816,0.9998999834060669,9.999999747378752e-05,0.06785300374031067,0.731605052947998,11.12471055984497,4.435885906219482,4.457604169845581,2.462453603744507,0.2468719482421875,0.15063977241516113,3.745758295059204
6,28,15.945468664169312,-39.331444931030276,0.9998999834060669,0.12185627967119217,9.999999747378752e-05,0.6631767153739929,11.50149416923523,4.3459436893463135,4.443820476531982,2.858774423599243,0.25044751167297363,0.1500406265258789,3.804560422897339
6,29,14.837869644165039,-26.535004806518554,0.9998999834060669,9.999999747378752e-05,0.04030425101518631,0.7277905941009521,10.532267332077026,4.359861612319946,4.305506944656372,1.9392247200012207,0.2446432113647461,0.15047430992126465,3.753164529800415
6,30,15.535268783569336,-26.717114448547363,0.9998999834060669,0.039690643548965454,9.999999747378752e-05,0.7516324520111084,11.0259530544281,4.343085527420044,4.509214401245117,2.470015048980713,0.24234437942504883,0.15091538429260254,3.7365026473999023
7,1,14.070495843887329,-897.5114379882813,0.9824404120445251,0.2618734538555145,0.2579158544540405,0.6577037572860718,10.767937183380127,2.650211811065674,3.302522659301758,6.47717547416687,0.12171077728271484,0.08685994148254395,1.3828530311584473
7,2,14.169321537017822,-820.8174255371093,0.9998999834060669,0.20976215600967407,0.23583514988422394,0.6964250802993774,10.873435258865356,2.7513184547424316,3.2958292961120605,6.464664459228516,0.1344313621520996,0.08544015884399414,1.3817830085754395
7,3,14.240062952041626,-843.1960083007813,0.9998999834060669,0.19857986271381378,0.23168914020061493,0.722417950630188,10.971284627914429,2.9416754245758057,3.268726110458374,6.3206400871276855,0.14018511772155762,0.0868387222290039,1.4174158573150635
7,4,14.227095127105713,-920.7794616699218,0.9921478629112244,0.3008471131324768,0.2299651801586151,0.6387730240821838,10.766453742980957,2.371793746948242,3.4605977535247803,6.766248464584351,0.11482977867126465,0.08265018463134766,1.3869807720184326
7,5,14.263339042663574,-906.4605834960937,0.9956235289573669,0.26780837774276733,0.244400292634964,0.6579905152320862,10.997123718261719,2.702662467956543,3.266172409057617,6.6178343296051025,0.13126897811889648,0.08560800552368164,1.4045698642730713
7,6,13.786836862564087,-892.668896484375,0.9923475980758667,0.24591884016990662,0.2574765980243683,0.6773014664649963,10.569649457931519,2.5058977603912354,3.2171318531036377,6.435223817825317,0.11976003646850586,0.08347296714782715,1.3778965473175049
7,7,14.128685474395752,-850.7847351074219,0.9998999834060669,0.252670556306839,0.2193014770746231,0.6757335662841797,10.89074182510376,2.806535005569458,3.237884759902954,6.393589496612549,0.14608383178710938,0.08612251281738281,1.3930549621582031
7,8,13.825935363769531,-855.1851806640625,0.9998999834060669,0.2211700826883316,0.24887709319591522,0.6710200905799866,10.569574117660522,2.6147708892822266,3.2562854290008545,6.307867765426636,0.12916159629821777,0.08533859252929688,1.3787157535552979
7,9,14.417274236679077,-853.9565551757812,0.9998999834060669,0.27000316977500916,0.20728044211864471,0.6745295524597168,11.088195323944092,2.941420555114746,3.3290212154388428,6.4596107006073,0.14295053482055664,0.08707261085510254,1.392815351486206
7,10,14.193924188613892,-870.1726013183594,0.9998999834060669,0.27416372299194336,0.23279961943626404,0.6409587264060974,10.912870407104492,2.6915946006774902,3.280999183654785,6.562009334564209,0.1323094367980957,0.08552145957946777,1.3847908973693848
7,11,14.20869255065918,-868.0536926269531,0.9998999834060669,0.22570247948169708,0.267179936170578,0.672650933265686,10.949939489364624,2.7695956230163574,3.2586939334869385,6.4881980419158936,0.13924312591552734,0.08519482612609863,1.4017417430877686
7,12,14.144658327102661,-853.0114440917969,0.9998999834060669,0.26963576674461365,0.22276552021503448,0.6663984060287476,10.924452543258667,2.4800407886505127,3.2201437950134277,6.806900501251221,0.12172245979309082,0.08402800559997559,1.3839454650878906
7,13,13.580587148666382,-860.9658020019531,0.9998999834060669,0.24390137195587158,0.22689461708068848,0.6733498573303223,10.25262188911438,2.348637580871582,3.327918291091919,6.283104658126831,0.1146705150604248,0.08069610595703125,1.3820981979370117
7,14,14.128188133239746,-858.1669067382812,0.9998999834060669,0.24207963049411774,0.2401842474937439,0.6666635870933533,10.87815809249878,2.363788604736328,3.2499959468841553,6.893084287643433,0.1133882999420166,0.08181357383728027,1.383342981338501
7,15,13.878090858459473,-863.8107604980469,0.9998999834060669,0.22209537029266357,0.2547815442085266,0.6681398749351501,10.63057017326355,2.3499274253845215,3.2474801540374756,6.658424615859985,0.11315679550170898,0.08130240440368652,1.3846392631530762
7,16,24.3129780292511,-849.8886840820312,0.9998999834060669,0.22350086271762848,0.25804057717323303,0.6657795310020447,19.97478437423706,4.97707724571228,4.338090658187866,10.692957639694214,0.2514023780822754,0.15331101417541504,3.8157472610473633
7,17,24.553555250167847,-899.3666748046875,0.9998999834060669,0.2656647861003876,0.24023029208183289,0.6533038020133972,20.131012201309204,4.87251877784729,4.422424077987671,11.174441576004028,0.24486207962036133,0.15677881240844727,3.598252058029175
7,18,23.955200672149658,-845.2452514648437,0.9998999834060669,0.22058908641338348,0.24362289905548096,0.7056576013565063,19.282650232315063,4.838721513748169,4.672436952590942,10.341097116470337,0.2372913360595703,0.1481919288635254,3.63140869140625
7,19,24.11428165435791,-869.1450439453125,0.9998999834060669,0.2717752158641815,0.2328699231147766,0.639116644859314,19.718116998672485,4.877292633056641,4.396043062210083,10.777754306793213,0.23574542999267578,0.14623141288757324,3.5976712703704834
7,20,24.16163444519043,-863.7072509765625,0.9998999834060669,0.19111473858356476,0.27731961011886597,0.6897084712982178,19.631558895111084,4.820554494857788,4.529921531677246,10.696298360824585,0.2356119155883789,0.146348237991333,3.6480870246887207
7,21,24.128509998321533,-891.400927734375,0.9998999834060669,0.2530161738395691,0.23521625995635986,0.6669034361839294,19.506937980651855,4.842167854309082,4.621470212936401,10.63019323348999,0.23352289199829102,0.1469249725341797,3.570930004119873
7,22,23.987091064453125,-870.4965942382812,0.9998999834060669,0.255623459815979,0.22018592059612274,0.677253007888794,19.593982458114624,4.8215367794036865,4.393014669418335,10.72268795967102,0.23256206512451172,0.14819049835205078,3.584925889968872
7,23,23.80812120437622,-839.0269409179688,0.9998999834060669,0.21268300712108612,0.24055424332618713,0.6959099769592285,19.424501419067383,4.81536602973938,4.38349461555481,10.58470344543457,0.23270726203918457,0.14541864395141602,3.5640859603881836
7,24,24.220781326293945,-931.2440002441406,0.9249351620674133,0.3148994445800781,0.25642362236976624,0.6739919781684875,19.54329562187195,4.8991858959198,4.6773765087127686,10.583112716674805,0.23852157592773438,0.1546618938446045,3.5826995372772217
7,25,23.854891777038574,-846.5927917480469,0.9998999834060669,0.2055387943983078,0.23370613157749176,0.7110729813575745,19.37555170059204,4.958120584487915,4.47918963432312,10.310833930969238,0.23889660835266113,0.1472337245941162,3.6366946697235107
7,26,23.941188097000122,-885.5987426757813,0.9940608143806458,0.218240424990654,0.26615816354751587,0.6749222874641418,19.49848747253418,4.8243019580841064,4.44258713722229,10.629614353179932,0.23558664321899414,0.14716172218322754,3.578059196472168
7,27,24.11963200569153,-847.5503112792969,0.9998999834060669,0.2525322437286377,0.20500798523426056,0.6949982047080994,19.57251739501953,4.92024302482605,4.546994209289551,10.500752210617065,0.23912858963012695,0.1542816162109375,3.6734116077423096
7,28,24.046536207199097,-883.5897888183594,0.9998999834060669,0.2609633505344391,0.22169123589992523,0.6848797798156738,19.488329887390137,4.846135139465332,4.558090448379517,10.556890487670898,0.23988890647888184,0.15071725845336914,3.609691858291626
7,29,23.726191520690918,-807.8907653808594,0.9998999834060669,0.1939411759376526,0.23915860056877136,0.7075271606445312,19.350176572799683,4.845943450927734,4.375895977020264,10.433073997497559,0.239105224609375,0.14977788925170898,3.5944550037384033
7,30,23.64667558670044,-886.30693359375,0.933631420135498,0.28657373785972595,0.23725426197052002,0.6959692239761353,19.254205465316772,4.895326852798462,4.392349720001221,10.303175210952759,0.23930096626281738,0.15060162544250488,3.581303119659424
8,1,14.136232614517212,-2065.728466796875,0.9998999834060669,0.20479929447174072,0.2523394227027893,0.704974889755249,10.866005182266235,2.5013105869293213,3.2701895236968994,6.736158609390259,0.11394429206848145,0.08275008201599121,1.3885865211486816
8,2,14.072084188461304,-2158.15595703125,0.9998999834060669,0.2495093047618866,0.24110519886016846,0.6731119155883789,10.838392734527588,2.4884533882141113,3.2336549758911133,6.735943078994751,0.11236834526062012,0.08210635185241699,1.3764476776123047
8,3,14.352147340774536,-2162.663818359375,0.9998999834060669,0.2626836597919464,0.22718916833400726,0.676885187625885,11.046231031417847,2.565011501312256,3.305877447128296,6.852944612503052,0.1154935359954834,0.0837862491607666,1.3854427337646484
8,4,14.357170581817627,-2242.8338623046875,0.9998377561569214,0.2598799467086792,0.2530720829963684,0.6576674580574036,11.089329242706299,2.50203800201416,3.2677998542785645,6.961419582366943,0.11397671699523926,0.08279824256896973,1.3860714435577393
8,5,14.386928796768188,-2116.818212890625,0.9998999834060669,0.23339876532554626,0.2229509800672531,0.7101936340332031,10.83394742012024,2.5201330184936523,3.552942991256714,6.694540023803711,0.1140143871307373,0.08325576782226562,1.3788180351257324
8,6,13.93933629989624,-2105.9208251953123,0.9998999834060669,0.23681986331939697,0.21837633848190308,0.7147548794746399,10.686430931091309,2.4890096187591553,3.2528626918792725,6.573779106140137,0.11275458335876465,0.08288836479187012,1.3845751285552979
8,7,14.288171529769897,-2114.62529296875,0.9998999834060669,0.2430053949356079,0.2309710532426834,0.6888243556022644,10.93355941772461,2.497145175933838,3.3545756340026855,6.81410551071167,0.11368298530578613,0.08241558074951172,1.3827176094055176
8,8,14.204874753952026,-2155.7369873046873,0.9998999834060669,0.2461710423231125,0.2371281534433365,0.6825114488601685,10.956551551818848,2.5077240467071533,3.2482855319976807,6.824692964553833,0.11422157287597656,0.08409881591796875,1.3819687366485596
8,9,14.021942138671875,-2195.0757080078124,0.9696065783500671,0.2204865664243698,0.2516257166862488,0.7160949110984802,10.731520175933838,2.500483512878418,3.290379762649536,6.609507083892822,0.11365008354187012,0.08282089233398438,1.3817172050476074
8,10,14.333394527435303,-2179.3193603515624,0.9998999834060669,0.24676725268363953,0.24811626970767975,0.676176130771637,11.052408456802368,2.4847404956817627,3.280946731567383,6.953913927078247,0.11222386360168457,0.0822458267211914,1.3759346008300781
8,11,14.195871114730835,-2239.1518310546876,0.9974310398101807,0.26613283157348633,0.25227513909339905,0.6531924605369568,10.963125705718994,2.5120561122894287,3.2327089309692383,6.830003261566162,0.11425161361694336,0.08291983604431152,1.38038969039917
8,12,14.229804515838623,-2180.324755859375,0.9998999834060669,0.23700155317783356,0.2553422451019287,0.6576759219169617,10.99912714958191,2.521852970123291,3.230632781982422,6.854536533355713,0.11375784873962402,0.08293533325195312,1.3831100463867188
8,13,14.202101469039917,-2124.2143798828124,0.9998999834060669,0.20149405300617218,0.2570890188217163,0.6961765885353088,10.901521444320679,2.4957947731018066,3.3005406856536865,6.784461498260498,0.11370515823364258,0.08247017860412598,1.3817195892333984
8,14,14.491753816604614,-2188.1782958984377,0.9998999834060669,0.2473447024822235,0.26136940717697144,0.6510030031204224,11.2597017288208,2.5278303623199463,3.232006072998047,7.1102705001831055,0.11405825614929199,0.0836644172668457,1.380683422088623
8,15,13.8314208984375,-2141.1836181640624,0.9985670447349548,0.24984614551067352,0.2158057689666748,0.7050641775131226,10.589823484420776,2.488556385040283,3.2415618896484375,6.492259979248047,0.1113591194152832,0.08128619194030762,1.3742246627807617
8,16,24.56482696533203,-2111.4814208984376,0.9998999834060669,0.2170412391424179,0.25661617517471313,0.6876784563064575,20.058793783187866,5.17092227935791,4.505922794342041,10.798352479934692,0.24635100364685059,0.15825986862182617,3.59902024269104
8,17,24.83637809753418,-2198.5773681640626,0.9998999834060669,0.2663058936595917,0.24276871979236603,0.6495274901390076,20.42573881149292,5.140247106552124,4.410525560379028,11.179325342178345,0.24464845657348633,0.15377330780029297,3.619715690612793
8,18,24.47885537147522,-2197.1217529296873,0.999814510345459,0.2611669898033142,0.22797343134880066,0.6782238483428955,20.05736756324768,5.15207052230835,4.421350955963135,10.84261178970337,0.23888349533081055,0.15097379684448242,3.5875802040100098
8,19,25.31541609764099,-2170.069921875,0.9998999834060669,0.2356109619140625,0.24990756809711456,0.6834925413131714,20.009475708007812,5.149442434310913,5.305821180343628,10.788421869277954,0.24255943298339844,0.1571483612060547,3.5856354236602783
8,20,24.885857820510864,-2126.212158203125,0.9998999834060669,0.23473766446113586,0.23793794214725494,0.6928091645240784,20.461297273635864,5.377367258071899,4.424443006515503,10.96398663520813,0.23399996757507324,0.15049171447753906,3.651712656021118
8,21,24.22601580619812,-2115.500634765625,0.9998999834060669,0.22243809700012207,0.2378719449043274,0.7070401906967163,19.79543924331665,5.144343137741089,4.430448055267334,10.513164281845093,0.2411518096923828,0.14898419380187988,3.6615660190582275
8,22,24.63843035697937,-2153.5488037109376,0.9998999834060669,0.2571389973163605,0.21523186564445496,0.6979871988296509,20.13676166534424,5.162207126617432,4.5015480518341064,10.619654655456543,0.23909854888916016,0.44946885108947754,3.5786478519439697
8,23,25.29384708404541,-2216.6542236328123,0.9997647404670715,0.23384597897529602,0.2724502980709076,0.6620967388153076,20.304405212402344,5.19014048576355,4.989291191101074,10.99157452583313,0.23813533782958984,0.15131163597106934,3.6490330696105957
8,24,24.714900255203247,-2114.3035400390627,0.9998999834060669,0.24788761138916016,0.230514794588089,0.6831388473510742,20.1648588180542,5.1228721141815186,4.549897909164429,10.984652280807495,0.24031424522399902,0.1491684913635254,3.582845687866211
8,25,24.54572606086731,-2229.6357177734376,0.977161169052124,0.26042547821998596,0.24791277945041656,0.6859128475189209,19.99569296836853,5.259939908981323,4.549906015396118,10.646761655807495,0.2463376522064209,0.1593482494354248,3.59377121925354
8,26,25.03944206237793,-2184.1037353515626,0.9998999834060669,0.24677009880542755,0.24731871485710144,0.675202488899231,20.28726315498352,5.215289831161499,4.752033233642578,10.968940258026123,0.2446608543395996,0.16214776039123535,3.6094722747802734
8,27,24.42621922492981,-2130.3775146484377,0.9998999834060669,0.21871042251586914,0.25625044107437134,0.6893733739852905,19.9387149810791,5.196002244949341,4.487391948699951,10.570935726165771,0.2496027946472168,0.15651941299438477,3.677168369293213
8,28,24.68645191192627,-2126.747412109375,0.9998999834060669,0.23051095008850098,0.25109389424324036,0.6840634346008301,20.24800181388855,5.164146661758423,4.438321828842163,10.999536037445068,0.24297642707824707,0.1515357494354248,3.603923797607422
8,29,25.141343355178833,-2130.5557861328125,0.9998999834060669,0.2212078869342804,0.2380899339914322,0.7020126581192017,19.97570037841797,5.172421455383301,5.165528297424316,10.746865034103394,0.23709487915039062,0.14993977546691895,3.5861051082611084
8,30,24.591529607772827,-2175.9017333984375,0.9998999834060669,0.250918984413147,0.24210619926452637,0.676692545413971,20.18721055984497,5.305316925048828,4.4041907787323,10.828831195831299,0.23473405838012695,0.15267610549926758,3.581022262573242
9,1,15.540977954864502,-5356.926123046875,0.9985925555229187,0.24609847366809845,0.25650960206985474,0.6759610176086426,12.267167091369629,2.6480154991149902,3.2737724781036377,7.991304874420166,0.11398744583129883,0.0834510326385498,1.3866567611694336
9,2,16.124611139297485,-5336.823291015625,0.9967194199562073,0.22881709039211273,0.26047563552856445,0.6907715201377869,12.810612678527832,2.9067161083221436,3.3139424324035645,8.209089994430542,0.13124489784240723,0.08712506294250488,1.4120724201202393
9,3,15.586530685424805,-5238.8609375,0.9998999834060669,0.24968479573726654,0.2375565767288208,0.6825772523880005,12.306985855102539,2.643460512161255,3.2794971466064453,8.038239240646362,0.11404848098754883,0.08336687088012695,1.3844618797302246
9,4,15.779967784881592,-5337.38232421875,0.9998999834060669,0.24416999518871307,0.25523632764816284,0.6761738657951355,12.535210847854614,2.660691976547241,3.244710922241211,8.242650032043457,0.1148216724395752,0.0840597152709961,1.3893585205078125
9,5,15.548143148422241,-5280.3099609375,0.9998999834060669,0.24952436983585358,0.2429952174425125,0.6836318969726562,12.307156085968018,2.6653332710266113,3.240941286087036,8.01380968093872,0.11392855644226074,0.08416366577148438,1.3860535621643066
9,6,15.489620685577393,-5231.96708984375,0.9998999834060669,0.24184928834438324,0.22427678108215332,0.7113164663314819,12.20565414428711,2.7047111988067627,3.283926248550415,7.880063772201538,0.11418414115905762,0.08394527435302734,1.3788857460021973
9,7,15.610927820205688,-5388.296728515625,0.9971988797187805,0.25596004724502563,0.2513325810432434,0.6795645356178284,12.352471351623535,2.6449899673461914,3.258416175842285,8.081039190292358,0.11388492584228516,0.08416867256164551,1.3841474056243896
9,8,15.501611709594727,-5416.12861328125,0.9790831208229065,0.2510599195957184,0.2562893331050873,0.6832035183906555,12.259337425231934,2.6544177532196045,3.242222547531128,7.977553606033325,0.11339211463928223,0.08358907699584961,1.3868029117584229
9,9,15.510226964950562,-5340.23193359375,0.9963749647140503,0.2486875206232071,0.24244768917560577,0.6961080431938171,12.263713121414185,2.6737160682678223,3.2464683055877686,7.959858655929565,0.11427068710327148,0.08319616317749023,1.3885297775268555
9,10,15.451914072036743,-5345.77607421875,0.9857670664787292,0.23519493639469147,0.25696125626564026,0.68747878074646,12.200559854507446,2.6605629920959473,3.2513139247894287,7.9103639125823975,0.11399507522583008,0.08365702629089355,1.387868881225586
9,11,15.781161546707153,-5415.38359375,0.9908328652381897,0.26113730669021606,0.2576901614665985,0.6567346453666687,12.5089271068573,2.6630115509033203,3.272186279296875,8.217574834823608,0.11393976211547852,0.08357906341552734,1.3871817588806152
9,12,16.1607563495636,-5323.678564453125,0.9998999834060669,0.2517610490322113,0.24964655935764313,0.6713306903839111,12.927199125289917,2.6501471996307373,3.2335190773010254,8.64644718170166,0.11460614204406738,0.08392000198364258,1.3887608051300049
9,13,15.649378061294556,-5196.383544921875,0.9998999834060669,0.24002550542354584,0.2430783361196518,0.6836124062538147,12.249341011047363,2.655024766921997,3.399996519088745,7.956374406814575,0.11464214324951172,0.08446097373962402,1.395007848739624
9,14,15.48736023902893,-5174.8408203125,0.9998999834060669,0.2437090128660202,0.22542326152324677,0.6964250206947327,12.234089136123657,2.6451756954193115,3.253225326538086,7.966030836105347,0.11342048645019531,0.08357739448547363,1.382354974746704
9,15,15.905755758285522,-5386.8822265625,0.9998999834060669,0.26549389958381653,0.25147953629493713,0.6555449962615967,12.645390748977661,2.6421804428100586,3.260324716567993,8.378705739974976,0.11310958862304688,0.0833139419555664,1.3846046924591064
9,16,26.967857122421265,-5252.08544921875,0.9998999834060669,0.24275171756744385,0.23807771503925323,0.6924019455909729,22.54768133163452,5.42113184928894,4.420040130615234,13.079740047454834,0.23511385917663574,0.1481189727783203,3.579069137573242
9,17,27.38077449798584,-5250.3970703125,0.9998999834060669,0.24662789702415466,0.2486071139574051,0.674052357673645,22.757013082504272,5.4454567432403564,4.623644828796387,13.250532150268555,0.2347722053527832,0.1508183479309082,3.590580940246582
9,18,27.21697163581848,-5337.43388671875,0.9914564490318298,0.24639935791492462,0.23779895901679993,0.6872704029083252,22.768982410430908,5.3931355476379395,4.447875022888184,13.260189771652222,0.24023818969726562,0.15041279792785645,3.638806104660034
9,19,27.3922381401062,-5461.9185546875,0.9726826548576355,0.2626965045928955,0.2534140348434448,0.6869256496429443,22.912097692489624,5.613874673843384,4.480014085769653,13.228583812713623,0.23446249961853027,0.1508314609527588,3.598569631576538
9,20,28.54409670829773,-5364.88544921875,0.9998999834060669,0.24416892230510712,0.26717662811279297,0.662329912185669,24.10640287399292,5.482588768005371,4.437572479248047,13.438098430633545,0.24472713470458984,1.2352900505065918,3.6169092655181885
9,21,26.860778331756592,-5271.08779296875,0.991753101348877,0.24341274797916412,0.24980512261390686,0.6829966306686401,22.501355171203613,5.458109617233276,4.359299659729004,12.977614164352417,0.2357008457183838,0.14927363395690918,3.594444990158081
9,22,27.133468627929688,-5355.272412109375,0.9976009726524353,0.2633746564388275,0.23804259300231934,0.6768770813941956,22.700451374053955,5.454591274261475,4.432904005050659,13.15981149673462,0.2399156093597412,0.15245866775512695,3.606666326522827
9,23,27.118270874023438,-5327.567333984375,0.9998999834060669,0.24245049059391022,0.24758078157901764,0.684878945350647,22.6835196018219,5.42872166633606,4.434620141983032,13.105491876602173,0.24473047256469727,0.22076034545898438,3.5952014923095703
9,24,27.378201723098755,-5352.692626953125,0.9998999834060669,0.25233325362205505,0.2572740912437439,0.6638421416282654,22.932413339614868,5.41480016708374,4.445659637451172,13.452351570129395,0.2360844612121582,0.15271878242492676,3.590780019760132
9,25,27.134121656417847,-5281.47421875,0.9998999834060669,0.2349337786436081,0.26238372921943665,0.677600622177124,22.644959211349487,5.429399490356445,4.489006757736206,13.151556253433228,0.2370760440826416,0.15105104446411133,3.590888261795044
9,26,27.415046215057373,-5265.988134765625,0.9998999834060669,0.23844760656356812,0.24494250118732452,0.6919804215431213,22.82160210609436,5.447427272796631,4.593259334564209,13.240909099578857,0.24132418632507324,0.15167856216430664,3.655190944671631
9,27,27.246806144714355,-5199.8787109375,0.9998999834060669,0.2313360869884491,0.2508644461631775,0.6883760094642639,22.835705041885376,5.483265399932861,4.410982608795166,13.205397129058838,0.24672389030456543,0.15427255630493164,3.6580810546875
9,28,27.5386061668396,-5417.918212890625,0.9966788291931152,0.24812062084674835,0.2639724612236023,0.6630818247795105,23.13675093650818,5.528988838195801,4.401735782623291,13.542250871658325,0.23757147789001465,0.15223383903503418,3.587007999420166
9,29,27.575546264648438,-5168.226953125,0.9998999834060669,0.23775562644004822,0.24768610298633575,0.6850491166114807,22.99794840812683,5.744542598724365,4.577467203140259,13.150314092636108,0.24535751342773438,0.16042470932006836,3.6090025901794434
9,30,26.819361925125122,-5264.051611328125,0.9891655445098877,0.2192920595407486,0.24615414440631866,0.7166016101837158,22.390345096588135,5.429949998855591,4.428878307342529,12.887261629104614,0.23793816566467285,0.15320682525634766,3.5956168174743652
10,1,16.889610767364502,-13147.4666015625,0.9760838747024536,0.26047196984291077,0.26572832465171814,0.6732769012451172,13.627121210098267,2.7770206928253174,3.262468099594116,9.225658178329468,0.11346650123596191,0.0845646858215332,1.3819952011108398
10,2,16.83570671081543,-13185.0859375,0.9734724164009094,0.248166024684906,0.2797631323337555,0.6763485074043274,13.560739994049072,2.7777745723724365,3.274947166442871,9.148258686065674,0.11369776725769043,0.0841820240020752,1.3927695751190186
10,3,17.255861282348633,-13319.264453125,0.9796121120452881,0.26876211166381836,0.2769043743610382,0.643273651599884,14.015317916870117,2.853553056716919,3.2405238151550293,9.52271056175232,0.11796784400939941,0.0882711410522461,1.3881688117980957
10,4,16.922921657562256,-13352.82080078125,0.9648842811584473,0.27138978242874146,0.2664284408092499,0.6739490032196045,13.718037128448486,2.7712132930755615,3.204864740371704,9.319762945175171,0.11396431922912598,0.08419322967529297,1.384078025817871
10,5,16.9095675945282,-13144.429296875,0.9745363593101501,0.2604708969593048,0.26278501749038696,0.673072338104248,13.596096754074097,2.7883102893829346,3.3134517669677734,9.17514967918396,0.11393570899963379,0.08552742004394531,1.3879058361053467
10,6,16.900450944900513,-13466.56025390625,0.9567413330078125,0.2698977589607239,0.26934728026390076,0.6740080714225769,13.629592895507812,2.792893171310425,3.2708377838134766,9.203116416931152,0.1162710189819336,0.08601689338684082,1.3862838745117188
10,7,17.071442127227783,-13294.18486328125,0.9776065945625305,0.2724257707595825,0.2668912410736084,0.6574440598487854,13.801676273345947,2.7743279933929443,3.269745111465454,9.396870613098145,0.11307764053344727,0.0846107006072998,1.3888509273529053
10,8,17.025437355041504,-13293.308984375,0.9757839441299438,0.2794671952724457,0.2636638879776001,0.6726959347724915,13.760756731033325,2.81144642829895,3.2646591663360596,9.326980590820312,0.11421942710876465,0.08395814895629883,1.3808472156524658
10,9,17.06220579147339,-13293.34892578125,0.9713791608810425,0.26547855138778687,0.26986464858055115,0.6714980602264404,13.771517276763916,2.8408656120300293,3.2906665802001953,9.305379152297974,0.11595606803894043,0.0844564437866211,1.3809480667114258
10,10,17.200441360473633,-13196.50458984375,0.9789437055587769,0.26447224617004395,0.2703626751899719,0.6622860431671143,13.923054933547974,2.7751147747039795,3.2773654460906982,9.5200777053833,0.11533617973327637,0.08514547348022461,1.383070945739746
10,11,17.17439913749695,-13381.6791015625,0.9761977195739746,0.2743101716041565,0.2675890326499939,0.6510573625564575,13.889630794525146,2.790658950805664,3.284747838973999,9.463236570358276,0.11513519287109375,0.08449959754943848,1.39198637008667
10,12,16.95702338218689,-13189.1421875,0.97132807970047,0.26253265142440796,0.26715415716171265,0.6745550036430359,13.652349948883057,2.8026280403137207,3.3046505451202393,9.214627981185913,0.11451172828674316,0.08506393432617188,1.3915340900421143
10,13,17.441627740859985,-13092.881640625,0.9790714979171753,0.2677691876888275,0.24908176064491272,0.6772017478942871,14.08091688156128,3.046095132827759,3.360687494277954,9.3104887008667,0.13312292098999023,0.09440112113952637,1.4473986625671387
10,14,16.855326890945435,-13218.81181640625,0.9763543605804443,0.26015862822532654,0.2675742208957672,0.6727379560470581,13.595383882522583,2.790468454360962,3.259920835494995,9.162006855010986,0.11640620231628418,0.08524012565612793,1.397007942199707
10,15,16.872199296951294,-13157.08046875,0.9733536839485168,0.2717205882072449,0.25793561339378357,0.6716603636741638,13.618199348449707,2.7849833965301514,3.2539796829223633,9.214929342269897,0.11369013786315918,0.0846703052520752,1.375591516494751
10,16,30.00573754310608,-13194.965625,0.974097728729248,0.2671867609024048,0.26365992426872253,0.6710958480834961,25.56535577774048,5.7490246295928955,4.440308094024658,15.6892249584198,0.2373344898223877,0.15109944343566895,3.6498522758483887
10,17,30.35025715827942,-13459.30556640625,0.969360888004303,0.27817201614379883,0.27216270565986633,0.6555659174919128,25.87094497680664,5.6906163692474365,4.47922945022583,15.858585357666016,0.4086570739746094,0.15497255325317383,3.670186758041382
10,18,30.16728401184082,-13240.23203125,0.9800552725791931,0.2616749405860901,0.27220192551612854,0.6625643968582153,25.64769434928894,5.724103689193726,4.519507646560669,15.871117115020752,0.23798799514770508,0.15063261985778809,3.5772647857666016
10,19,29.762316465377808,-12978.88642578125,0.9841564297676086,0.2561038136482239,0.25555911660194397,0.6804726719856262,25.233296155929565,5.7089173793792725,4.528930425643921,15.43177056312561,0.23945045471191406,0.15085816383361816,3.6158390045166016
10,20,29.82485032081604,-13212.8498046875,0.9693471789360046,0.26737549901008606,0.26400548219680786,0.6664873361587524,25.470789432525635,5.726326942443848,4.353982210159302,15.59205436706543,0.25260114669799805,0.16277003288269043,3.6168787479400635
10,21,29.935861110687256,-13286.26220703125,0.9731577038764954,0.2663145959377289,0.26772254705429077,0.6644391417503357,25.485230207443237,5.6804893016815186,4.450552225112915,15.700703144073486,0.24329280853271484,0.15414786338806152,3.6197402477264404
10,22,30.041497707366943,-13034.02783203125,0.975615918636322,0.2600221037864685,0.25709277391433716,0.6805872917175293,25.399581909179688,5.733819007873535,4.641845464706421,15.60402512550354,0.23108792304992676,0.1495192050933838,3.5940284729003906
10,23,29.92617893218994,-13370.70341796875,0.9688000082969666,0.2761303186416626,0.27128124237060547,0.6650263071060181,25.394695281982422,5.634684801101685,4.531399488449097,15.684736490249634,0.24027633666992188,0.1525411605834961,3.5953924655914307
10,24,30.342629432678223,-13152.6701171875,0.9820256233215332,0.2608596086502075,0.26772263646125793,0.6631271243095398,25.687044143676758,5.724517583847046,4.655512094497681,15.838853359222412,0.24041414260864258,0.16249871253967285,3.6305222511291504
10,25,30.500797748565674,-13086.50859375,0.9876837134361267,0.2633003890514374,0.2574245035648346,0.6668238043785095,25.884627103805542,5.737306833267212,4.616095304489136,15.890293598175049,0.2542135715484619,0.1635730266571045,3.7467174530029297
10,26,30.267067432403564,-13465.2078125,0.9668994545936584,0.28808432817459106,0.26474669575691223,0.6567771434783936,25.830764532089233,5.827310085296631,4.436231374740601,15.77658987045288,0.2493879795074463,0.15700769424438477,3.7317497730255127
10,27,30.178702354431152,-12962.91884765625,0.9910547137260437,0.2674761712551117,0.24562382698059082,0.6694517731666565,25.719489097595215,5.683290719985962,4.459133625030518,15.934015989303589,0.23446416854858398,0.15202116966247559,3.6299281120300293
10,28,30.272998094558716,-13322.6765625,0.9669538736343384,0.26433849334716797,0.2766439914703369,0.6690707802772522,25.771743535995483,5.738224983215332,4.501163005828857,15.799287557601929,0.24486160278320312,0.15473246574401855,3.746412754058838
10,29,30.22700333595276,-13271.47412109375,0.9642229676246643,0.2765912413597107,0.25246044993400574,0.6744539141654968,25.515658855438232,5.778120279312134,4.711270809173584,15.659748315811157,0.238356351852417,0.15039777755737305,3.602787494659424
10,30,30.003427267074585,-13204.494921875,0.9758844375610352,0.2667394280433655,0.2645047903060913,0.666799008846283,25.53675079345703,5.640305757522583,4.466599225997925,15.805776357650757,0.24251151084899902,0.15256023406982422,3.608286142349243
11,1,18.159424781799316,-30947.6154296875,0.9465509057044983,0.28271588683128357,0.2935012876987457,0.6335281133651733,14.887128114700317,2.91387939453125,3.272273540496826,10.334416151046753,0.11363482475280762,0.08543896675109863,1.395226240158081
11,2,19.14663577079773,-30887.371875,0.9532737135887146,0.28501954674720764,0.2891710698604584,0.6361497044563293,15.830647945404053,3.092935085296631,3.3159642219543457,11.054621696472168,0.136016845703125,0.09092926979064941,1.3904073238372803
11,3,18.188192129135132,-30852.166015625,0.9506404399871826,0.2868276834487915,0.28551632165908813,0.6416354775428772,14.86747670173645,2.951584577560425,3.3206920623779297,10.28532361984253,0.11545968055725098,0.08788824081420898,1.3819653987884521
11,4,18.28825569152832,-30842.353125,0.9497039914131165,0.28483352065086365,0.2859868109226227,0.6364240050315857,14.944486379623413,2.9858717918395996,3.343742609024048,10.306981325149536,0.12388229370117188,0.09211444854736328,1.388526439666748
11,5,18.19327402114868,-31258.3591796875,0.9426652789115906,0.29089704155921936,0.29789191484451294,0.6323686838150024,14.92509937286377,2.939751625061035,3.2681517601013184,10.343452215194702,0.11539387702941895,0.08775091171264648,1.3941447734832764
11,6,18.297066688537598,-30740.349609375,0.9563069343566895,0.28706514835357666,0.2862754762172699,0.6331948041915894,14.941954135894775,2.9277737140655518,3.3550868034362793,10.368150472640991,0.11643528938293457,0.08768463134765625,1.3967177867889404
11,7,18.175112009048462,-30810.2486328125,0.9524543285369873,0.28567925095558167,0.28891637921333313,0.6407854557037354,14.837671756744385,2.934211015701294,3.3374154567718506,10.27115511894226,0.11467123031616211,0.08646345138549805,1.386516809463501
11,8,18.213757038116455,-30822.9203125,0.9538858532905579,0.283810555934906,0.28877294063568115,0.6355558633804321,14.900914669036865,2.932619094848633,3.3128175735473633,10.324020624160767,0.11508870124816895,0.08767580986022949,1.3955957889556885
11,9,18.188953399658203,-30824.08515625,0.9523599743843079,0.28502708673477173,0.2885965406894684,0.6381897926330566,14.940196514129639,2.9475090503692627,3.2487330436706543,10.350176095962524,0.11388349533081055,0.08658075332641602,1.397454023361206
11,10,18.060621976852417,-30933.3109375,0.9446542859077454,0.28241002559661865,0.2930300831794739,0.6428630948066711,14.760029554367065,2.9673845767974854,3.3005659580230713,10.147985219955444,0.11683392524719238,0.08901596069335938,1.3932225704193115
11,11,18.26060724258423,-30904.5478515625,0.9553479552268982,0.2903089225292206,0.2884601354598999,0.6298595070838928,15.0130136013031,2.981060743331909,3.2475714683532715,10.401363611221313,0.11442732810974121,0.08656430244445801,1.3852155208587646
11,12,18.51801371574402,-30864.8544921875,0.9501276612281799,0.2930915951728821,0.28435564041137695,0.6378703713417053,15.233001947402954,2.935361862182617,3.284987449645996,10.182955741882324,0.11480331420898438,0.08628177642822266,1.8690123558044434
11,13,18.255962371826172,-31025.808203125,0.9567282199859619,0.2877081632614136,0.2947904169559479,0.6283010244369507,14.988228559494019,2.9277524948120117,3.2677066326141357,10.416728258132935,0.11544942855834961,0.08847355842590332,1.3950090408325195
11,14,18.208507537841797,-30633.2087890625,0.9607524871826172,0.29075491428375244,0.2761450409889221,0.630423367023468,14.954768896102905,2.9265334606170654,3.2537143230438232,10.389223575592041,0.11469316482543945,0.08713984489440918,1.3921802043914795
11,15,18.07528805732727,-31028.014453125,0.9439411759376526,0.2915952801704407,0.2846725881099701,0.6341903209686279,14.819268226623535,2.940115451812744,3.2559947967529297,10.240540266036987,0.11557531356811523,0.08818221092224121,1.3895485401153564
11,16,32.83680748939514,-30713.868359375,0.9535525441169739,0.2947848439216614,0.2782216966152191,0.6425780653953552,28.256715774536133,5.975551605224609,4.580004930496216,18.073668479919434,0.2431623935699463,0.15790963172912598,3.714703321456909
11,17,32.82968711853027,-30825.8599609375,0.9554911851882935,0.29189738631248474,0.2867955267429352,0.6358798742294312,28.40059781074524,5.980782985687256,4.429006576538086,18.34829616546631,0.2325303554534912,0.15026473999023438,3.6020407676696777
11,18,33.578609466552734,-31088.633203125,0.949773371219635,0.29188477993011475,0.29197922348976135,0.634469747543335,29.07953977584839,5.998459815979004,4.498990535736084,18.204920053482056,0.24145817756652832,0.9066803455352783,3.6410012245178223
11,19,32.77003192901611,-31197.1298828125,0.9449433088302612,0.29538190364837646,0.29331284761428833,0.6299775838851929,28.31441330909729,6.028937578201294,4.45553731918335,18.232635974884033,0.2354729175567627,0.15308380126953125,3.5767414569854736
11,20,32.4981632232666,-30816.751171875,0.9536740183830261,0.28971049189567566,0.28432488441467285,0.637225866317749,28.061923265457153,5.965135335922241,4.436164617538452,18.031259298324585,0.23481249809265137,0.1513352394104004,3.5945656299591064
11,21,32.890507221221924,-31153.723828125,0.9474820494651794,0.29699844121932983,0.29626333713531494,0.6290405988693237,28.460126161575317,6.203549385070801,4.4302966594696045,18.16974663734436,0.23545432090759277,0.15376019477844238,3.608854293823242
11,22,32.48300051689148,-30917.7974609375,0.9482822418212891,0.29409244656562805,0.28569236397743225,0.6360419392585754,28.01326298713684,5.949841499328613,4.469639778137207,17.98417329788208,0.23900628089904785,0.1577003002166748,3.5934574604034424
11,23,32.751060485839844,-30887.915625,0.9480371475219727,0.2870267927646637,0.29068371653556824,0.6388468146324158,28.220989227294922,6.009673595428467,4.529982328414917,18.1295804977417,0.23389506340026855,0.15107512474060059,3.6122727394104004
11,24,32.45701217651367,-30815.51875,0.9467467665672302,0.2967410683631897,0.2797870337963104,0.6408541798591614,27.90189480781555,5.907310962677002,4.55502462387085,17.917510747909546,0.23889374732971191,0.15426945686340332,3.5959055423736572
11,25,32.812849283218384,-30636.21015625,0.9607056975364685,0.28149402141571045,0.29116612672805786,0.628905177116394,28.340495824813843,5.969348192214966,4.472281455993652,18.292235136032104,0.2355034351348877,0.15057969093322754,3.6050753593444824
11,26,32.5062038898468,-30563.5578125,0.9527316689491272,0.286403626203537,0.2801426649093628,0.6446368098258972,28.008922815322876,5.951508283615112,4.497202396392822,17.988107681274414,0.23620200157165527,0.15422606468200684,3.5935781002044678
11,27,32.47746515274048,-30720.1482421875,0.9480373859405518,0.2848118245601654,0.2895885109901428,0.6443203091621399,28.011998891830444,6.018524169921875,4.465376377105713,17.932470560073853,0.2364060878753662,0.15246224403381348,3.5862817764282227
11,28,32.74321365356445,-30834.03515625,0.9468135237693787,0.28102004528045654,0.2885381877422333,0.6405434012413025,28.27682614326477,6.251734495162964,4.4663004875183105,17.944256067276,0.23449087142944336,0.1562516689300537,3.60153865814209
11,29,33.0439989566803,-30834.29609375,0.9579287767410278,0.2890114486217499,0.28488487005233765,0.6321655511856079,28.562209606170654,6.075221061706543,4.481714487075806,18.294609308242798,0.24268269538879395,0.15546059608459473,3.7046327590942383
11,30,32.62555003166199,-30488.1390625,0.9606608748435974,0.28087782859802246,0.28413495421409607,0.6451857686042786,28.139456510543823,5.988943099975586,4.486002445220947,18.068070888519287,0.24394440650939941,0.1620030403137207,3.588921546936035
12,1,18.988781213760376,-77449.86875,0.9176136255264282,0.31741800904273987,0.3205173909664154,0.6118273138999939,15.64732027053833,3.1119627952575684,3.341428279876709,10.900201320648193,0.11543750762939453,0.09105110168457031,1.3832066059112549
12,2,18.929853200912476,-77246.99375,0.9231234192848206,0.3239227533340454,0.3172151446342468,0.6081900000572205,15.62143063545227,3.097865104675293,3.3083887100219727,10.882708549499512,0.1148679256439209,0.09206151962280273,1.3882758617401123
12,3,19.013839960098267,-77345.2328125,0.9187794923782349,0.32253265380859375,0.32108402252197266,0.6085304021835327,15.653201580047607,3.1586344242095947,3.3606057167053223,10.855459928512573,0.1163947582244873,0.09196877479553223,1.3844811916351318
12,4,19.037660598754883,-77222.14375,0.9226379990577698,0.3182036280632019,0.3241592049598694,0.6059561371803284,15.731436967849731,3.1165192127227783,3.306187391281128,10.944247484207153,0.12133383750915527,0.09596037864685059,1.4067742824554443
12,5,19.05794620513916,-77544.46171875,0.9198038578033447,0.32770460844039917,0.3181982636451721,0.6021916270256042,15.697078466415405,3.0987796783447266,3.360835313796997,10.95959210395813,0.11611723899841309,0.09128332138061523,1.3857989311218262
12,6,19.466541051864624,-77429.81953125,0.9168656468391418,0.3180316388607025,0.3243754804134369,0.6089531779289246,16.11805248260498,3.3450396060943604,3.3484532833099365,11.081964254379272,0.1397085189819336,0.09528732299804688,1.389296531677246
12,7,18.97342801094055,-77274.53515625,0.9227897524833679,0.32114312052726746,0.3200184106826782,0.6067022085189819,15.66659140586853,3.098043441772461,3.306802272796631,10.938085079193115,0.11525177955627441,0.09143376350402832,1.3779706954956055
12,8,19.34064531326294,-77769.98203125,0.9113354086875916,0.3200478255748749,0.32130247354507446,0.612636923789978,16.05812096595764,3.05940318107605,3.2824926376342773,11.380581855773926,0.11182880401611328,0.08890771865844727,1.3733534812927246
12,9,19.491349458694458,-77443.38046875,0.9217560291290283,0.3202356696128845,0.3221633732318878,0.6093786954879761,16.106908559799194,3.2438390254974365,3.384408950805664,11.184558868408203,0.13553094863891602,0.09479451179504395,1.3806538581848145
12,10,19.135473251342773,-77758.34140625,0.9199615716934204,0.32686033844947815,0.3238424062728882,0.6029965281486511,15.782492876052856,3.0838732719421387,3.352947235107422,11.066722869873047,0.11441969871520996,0.09071087837219238,1.381150484085083
12,11,19.05636239051819,-77542.746875,0.9198734164237976,0.32245537638664246,0.32202669978141785,0.6050099730491638,15.678721189498901,3.0754363536834717,3.377607822418213,10.97214126586914,0.11574268341064453,0.09136533737182617,1.37857985496521
12,12,19.57556438446045,-77431.51484375,0.9205964207649231,0.31917017698287964,0.32061776518821716,0.6112323999404907,16.262653350830078,3.0929763317108154,3.3128771781921387,11.531551837921143,0.11441898345947266,0.0917212963104248,1.386275053024292
12,13,18.915014505386353,-76973.2078125,0.9219974279403687,0.3196251690387726,0.3142532408237457,0.6063610911369324,15.59981632232666,3.0885536670684814,3.315166711807251,10.869343042373657,0.11679267883300781,0.09294891357421875,1.3863816261291504
12,14,18.913568258285522,-77572.775,0.9168459177017212,0.3219110071659088,0.32453447580337524,0.612889289855957,15.585856437683105,3.088016986846924,3.32767915725708,10.866600751876831,0.11428189277648926,0.0901343822479248,1.381291389465332
12,15,18.9725399017334,-77503.10546875,0.9190112352371216,0.3239593505859375,0.32052892446517944,0.6065557599067688,15.628148555755615,3.0946309566497803,3.344355821609497,10.895739316940308,0.11585617065429688,0.09122180938720703,1.3852574825286865
12,16,33.855865240097046,-77233.509375,0.9227403998374939,0.320869117975235,0.3205878436565399,0.6065465211868286,28.594332933425903,6.1631340980529785,5.261393070220947,18.243507623672485,0.2362213134765625,0.15720224380493164,3.705082893371582
12,17,33.25469088554382,-77528.490625,0.9176300168037415,0.3237154185771942,0.3218126893043518,0.6060839295387268,28.52524971961975,6.269372463226318,4.729289293289185,18.142741680145264,0.23954010009765625,0.15799927711486816,3.6261494159698486
12,18,33.17786955833435,-77183.18203125,0.921271026134491,0.31909283995628357,0.32229602336883545,0.6109452247619629,28.5243399143219,6.2617199420928955,4.653427600860596,18.11089253425598,0.24881649017333984,0.15815210342407227,3.653959035873413
12,19,33.36122703552246,-77884.859375,0.9173145890235901,0.32302019000053406,0.3312807083129883,0.6041621565818787,28.68194007873535,6.370147943496704,4.67918586730957,18.171895027160645,0.2538769245147705,0.17305707931518555,3.6227433681488037
12,20,33.15009808540344,-77788.97265625,0.9191546440124512,0.32101818919181824,0.32821786403656006,0.600426971912384,28.561304092407227,6.272142171859741,4.588680744171143,18.213894844055176,0.24174094200134277,0.1607961654663086,3.581664562225342
12,21,33.08191704750061,-77502.43671875,0.9175572991371155,0.3209967315196991,0.3241179883480072,0.605444073677063,28.512896060943604,6.23537540435791,4.568866968154907,18.174989223480225,0.23796868324279785,0.15437984466552734,3.6203510761260986
12,22,33.21393585205078,-77417.21328125,0.921226978302002,0.3209683299064636,0.32168877124786377,0.604270875453949,28.658572912216187,6.294880628585815,4.555262804031372,18.223613739013672,0.23737835884094238,0.15618371963500977,3.6577937602996826
12,23,33.17730951309204,-77498.6796875,0.9193298816680908,0.32131990790367126,0.3255338966846466,0.6019971966743469,28.65776038169861,6.31300687789917,4.519423961639404,18.220783710479736,0.24302339553833008,0.16251254081726074,3.6288259029388428
12,24,33.08732843399048,-77676.47578125,0.9191519618034363,0.3265923857688904,0.3191300332546234,0.6038348078727722,28.57352089881897,6.248790502548218,4.513685941696167,18.229007959365845,0.23426008224487305,0.15424180030822754,3.6203103065490723
12,25,33.24164962768555,-77549.8578125,0.9195539951324463,0.3253767490386963,0.318928062915802,0.6071324944496155,28.693902492523193,6.272109270095825,4.547645330429077,18.35102915763855,0.23557114601135254,0.15358924865722656,3.595318078994751
12,26,32.98991370201111,-77410.47421875,0.9200330972671509,0.32018333673477173,0.3231169283390045,0.6056921482086182,28.45272159576416,6.245508670806885,4.537096977233887,18.121456146240234,0.23656940460205078,0.1559598445892334,3.606109619140625
12,27,34.93847417831421,-77377.94375,0.9185738563537598,0.32464081048965454,0.3165598511695862,0.609942615032196,30.342798471450806,6.229607820510864,4.595569133758545,19.999749660491943,0.24436306953430176,0.1608140468597412,3.619614839553833
12,28,33.48468565940857,-77712.00625,0.9204041957855225,0.32612040638923645,0.32255983352661133,0.6027693748474121,28.77918028831482,6.318932294845581,4.705404758453369,18.28283667564392,0.24479341506958008,0.15880036354064941,3.682874917984009
12,29,33.115368604660034,-77593.484375,0.918569028377533,0.3192884027957916,0.32264068722724915,0.6069322824478149,28.495363473892212,6.327300310134888,4.619909763336182,18.079375743865967,0.23671674728393555,0.1569371223449707,3.6087725162506104
12,30,33.26475429534912,-77287.5625,0.9195284843444824,0.3191222548484802,0.3257770538330078,0.607448935508728,28.706480503082275,6.3351380825042725,4.55816912651062,18.136604070663452,0.24495601654052734,0.15860509872436523,3.738478899002075
13,1,21.818331718444824,-197043.2609375,0.8869631290435791,0.35808172821998596,0.3554030656814575,0.5782017111778259,18.321258783340454,3.236760139465332,3.4969899654388428,13.408143520355225,0.11465287208557129,0.10166430473327637,1.413771629333496
13,2,21.527406215667725,-197381.2109375,0.888003945350647,0.36123839020729065,0.3591831624507904,0.5788713693618774,18.04813241958618,3.2222044467926025,3.4791982173919678,13.148766994476318,0.1148214340209961,0.10201859474182129,1.4140212535858154
13,3,22.051539421081543,-196859.8,0.8889375925064087,0.35488229990005493,0.35714656114578247,0.578219473361969,18.52182936668396,3.4242122173309326,3.5296125411987305,13.350947618484497,0.14196562767028809,0.10590744018554688,1.4329745769500732
13,4,21.410735607147217,-197507.3390625,0.8807799220085144,0.3600420355796814,0.3546397387981415,0.5831699967384338,17.907268524169922,3.243806838989258,3.503389358520508,12.98372220993042,0.11588716506958008,0.10235047340393066,1.4153192043304443
13,5,21.63613510131836,-196879.1046875,0.8872004151344299,0.3581579923629761,0.35576221346855164,0.5782731771469116,18.139384508132935,3.3152177333831787,3.4966695308685303,13.144968509674072,0.11406898498535156,0.10262393951416016,1.4164936542510986
13,6,21.519861221313477,-197509.8015625,0.8829591274261475,0.35845938324928284,0.3591800928115845,0.5786805152893066,17.98394775390625,3.229388475418091,3.53583025932312,13.081019401550293,0.11562156677246094,0.10188078880310059,1.4098484516143799
13,7,21.49513864517212,-197492.4125,0.8836389183998108,0.3558918237686157,0.35806530714035034,0.5765562653541565,18.060972213745117,3.278083086013794,3.43408203125,13.101165056228638,0.11506104469299316,0.10239505767822266,1.4185738563537598
13,8,21.6690936088562,-197430.471875,0.885608434677124,0.3596399128437042,0.3592357635498047,0.5788449645042419,18.084383964538574,3.266118049621582,3.5846173763275146,13.105568885803223,0.12091207504272461,0.10354256629943848,1.4406702518463135
13,9,21.597993850708008,-197190.896875,0.8847357630729675,0.35886943340301514,0.3548892140388489,0.5810312628746033,18.057116746902466,3.313500165939331,3.540795087814331,13.063711643218994,0.11676573753356934,0.10279059410095215,1.414273977279663
13,10,21.51804804801941,-197294.6203125,0.8873464465141296,0.3590599000453949,0.3603734076023102,0.573361337184906,18.099001169204712,3.2211415767669678,3.4189677238464355,13.215559720993042,0.11337900161743164,0.09892940521240234,1.4052443504333496
13,11,21.434582710266113,-197074.865625,0.884901225566864,0.3580915629863739,0.3557582199573517,0.5823323130607605,17.93887758255005,3.2431695461273193,3.4956202507019043,13.016831159591675,0.11493778228759766,0.1025393009185791,1.4153642654418945
13,12,21.55307936668396,-196798.8140625,0.8872988820075989,0.3557150065898895,0.35701024532318115,0.5784800052642822,17.992034196853638,3.2196476459503174,3.5609710216522217,13.098256826400757,0.11457419395446777,0.1011817455291748,1.4124867916107178
13,13,21.43142342567444,-197236.540625,0.8847914338111877,0.35805267095565796,0.3579651117324829,0.5766613483428955,17.988682746887207,3.240328311920166,3.442661762237549,13.076350450515747,0.11550664901733398,0.10074710845947266,1.4100775718688965
13,14,21.4466073513031,-197430.68125,0.8805174827575684,0.35780322551727295,0.3522833287715912,0.577896237373352,17.990180015563965,3.209045171737671,3.4563469886779785,13.114141464233398,0.11325526237487793,0.09965848922729492,1.4088358879089355
13,15,21.418025732040405,-196814.0765625,0.8844352960586548,0.3572264313697815,0.3533291220664978,0.5810467004776001,17.957985639572144,3.2530910968780518,3.4599568843841553,13.028350114822388,0.11480236053466797,0.10292625427246094,1.4125854969024658
13,16,38.27333068847656,-196964.74375,0.8855464458465576,0.357149600982666,0.3567568063735962,0.5798526406288147,33.34882044792175,6.660612106323242,4.9243080615997314,22.33693790435791,0.24817705154418945,0.17009568214416504,3.840039014816284
13,17,38.407437801361084,-197249.05625,0.8866091370582581,0.35840579867362976,0.3581355810165405,0.5754814147949219,33.18326020240784,6.600741863250732,5.223992347717285,22.405820846557617,0.23925137519836426,0.16389894485473633,3.6820900440216064
13,18,38.179956912994385,-197655.803125,0.8834355473518372,0.36132991313934326,0.3612196743488312,0.5770547389984131,33.29489779472351,6.660943508148193,4.884877443313599,22.32009267807007,0.24322009086608887,0.16608572006225586,3.814448118209839
13,19,37.83344340324402,-196624.4359375,0.8862317204475403,0.35690218210220337,0.3539103865623474,0.5822851061820984,32.93877100944519,6.56767725944519,4.894471645355225,22.1756808757782,0.23680591583251953,0.16223430633544922,3.7092857360839844
13,20,37.8452033996582,-197238.7421875,0.8824513554573059,0.3554428815841675,0.353628009557724,0.5790150761604309,32.946290731430054,6.601084232330322,4.898724794387817,22.156062602996826,0.2402498722076416,0.1668705940246582,3.6922919750213623
13,21,38.1615355014801,-197479.115625,0.8830532431602478,0.35662078857421875,0.3607434928417206,0.5783853530883789,33.07786297798157,6.527618646621704,5.0834643840789795,22.366350412368774,0.23878121376037598,0.16365647315979004,3.6941256523132324
13,22,38.03355526924133,-196804.0328125,0.8882210850715637,0.3558935225009918,0.3555956482887268,0.5750243663787842,33.13876914978027,6.529641389846802,4.8945841789245605,22.429781913757324,0.23350143432617188,0.15998435020446777,3.6975741386413574
13,23,38.22104358673096,-197488.6125,0.8859820365905762,0.36124366521835327,0.3586501479148865,0.5815297365188599,33.14262270927429,6.596158266067505,5.078221082687378,22.33690309524536,0.2443406581878662,0.174299955368042,3.701949119567871
13,24,38.47887969017029,-197388.434375,0.884933352470398,0.3584107756614685,0.35934334993362427,0.580489993095398,33.06866765022278,6.621910572052002,5.410017728805542,22.251144886016846,0.23680329322814941,0.1628706455230713,3.706261396408081
13,25,38.165228843688965,-197636.625,0.8826367855072021,0.35820379853248596,0.3603997826576233,0.5770372748374939,32.96076536178589,6.564231634140015,5.204257011413574,22.101439714431763,0.24834299087524414,0.1681654453277588,3.784860849380493
13,26,38.426230907440186,-197528.115625,0.8852257132530212,0.35970446467399597,0.36038559675216675,0.5763755440711975,33.36772537231445,6.653761863708496,5.058300971984863,22.400243997573853,0.2534801959991455,0.17029929161071777,3.797112226486206
13,27,38.13271999359131,-197195.20625,0.8848402500152588,0.356810986995697,0.3553766906261444,0.5815926194190979,33.197532653808594,6.660738468170166,4.934995889663696,22.27398371696472,0.2577381134033203,0.1827714443206787,3.7273504734039307
13,28,38.046016454696655,-196995.2984375,0.8881824016571045,0.35983121395111084,0.35886073112487793,0.5803255438804626,33.12121272087097,6.621573448181152,4.924601078033447,22.305420637130737,0.23641109466552734,0.16321659088134766,3.7083418369293213
13,29,38.21183443069458,-196860.609375,0.886023759841919,0.35483720898628235,0.354091614484787,0.575035035610199,33.17986035346985,6.64515233039856,5.0317652225494385,22.349823236465454,0.2336716651916504,0.16289734840393066,3.6993467807769775
13,30,38.12193751335144,-197316.6546875,0.8875361084938049,0.35753220319747925,0.3584173023700714,0.5745387673377991,33.188191652297974,6.536674499511719,4.933527231216431,22.4644832611084,0.2365727424621582,0.16292119026184082,3.6988525390625
14,1,24.10196876525879,-471317.065625,0.8593393564224243,0.38491877913475037,0.38417139649391174,0.5498211979866028,20.44451093673706,3.431061267852783,3.657330274581909,15.184455871582031,0.11620903015136719,0.12607097625732422,1.540644645690918
14,2,23.95722794532776,-470785.15,0.8610801696777344,0.3828062117099762,0.3839767873287201,0.5545188188552856,20.26947569847107,3.395563840866089,3.687631845474243,15.074662923812866,0.1148371696472168,0.12460041046142578,1.5132501125335693
14,3,23.94008994102478,-471311.171875,0.8594899773597717,0.38283824920654297,0.3822794556617737,0.5512123107910156,20.30984354019165,3.3763065338134766,3.63012957572937,15.134073257446289,0.1138923168182373,0.1255645751953125,1.5129342079162598
14,4,23.985445499420166,-471197.35625,0.8584006428718567,0.3797452449798584,0.381658673286438,0.5505504012107849,20.338424682617188,3.385420799255371,3.6469032764434814,15.149852275848389,0.11511421203613281,0.1262662410736084,1.5156197547912598
14,5,24.42979407310486,-470935.903125,0.859584629535675,0.38132575154304504,0.38268333673477173,0.5536990165710449,20.749454021453857,3.5398032665252686,3.6802170276641846,15.34853982925415,0.14000201225280762,0.12939977645874023,1.5215559005737305
14,6,23.91984534263611,-472235.68125,0.8565347790718079,0.38429924845695496,0.3849635124206543,0.553150475025177,20.25304913520813,3.383859395980835,3.666682243347168,15.054153680801392,0.11824536323547363,0.12573981285095215,1.5243346691131592
14,7,24.52467679977417,-471132.53125,0.8607062697410583,0.38441282510757446,0.3842718303203583,0.5516673922538757,20.824240922927856,3.7264750003814697,3.7003045082092285,15.2613685131073,0.13045358657836914,0.12947964668273926,1.5196619033813477
14,8,24.38721990585327,-471141.4,0.8588807582855225,0.38254955410957336,0.3853239119052887,0.5526680946350098,20.65476679801941,3.557190418243408,3.7323267459869385,15.196669340133667,0.12864446640014648,0.1302177906036377,1.5887436866760254
14,9,24.728942155838013,-471163.43125,0.8603301644325256,0.3836701214313507,0.38280734419822693,0.551526665687561,21.092804670333862,3.9030935764312744,3.6359989643096924,15.352723598480225,0.13941287994384766,0.12789344787597656,1.5073730945587158
14,10,23.928115129470825,-471605.578125,0.8576980233192444,0.38372698426246643,0.38342225551605225,0.5533837080001831,20.26952576637268,3.3842060565948486,3.6584744453430176,15.077021360397339,0.11989474296569824,0.12446236610412598,1.5168066024780273
14,11,24.416624307632446,-471216.66875,0.8609416484832764,0.3834778368473053,0.3838402032852173,0.5535305738449097,20.79923987388611,3.703172206878662,3.6172473430633545,15.2557213306427,0.13090872764587402,0.12935590744018555,1.5232410430908203
14,12,24.66322898864746,-471463.76875,0.8589762449264526,0.3839905858039856,0.3836931586265564,0.5524809956550598,20.945183038711548,3.8343536853790283,3.7179150581359863,15.219229459762573,0.1396169662475586,0.1300663948059082,1.5585601329803467
14,13,24.71697449684143,-470864.159375,0.861237108707428,0.38101670145988464,0.38194969296455383,0.5516744256019592,21.043261289596558,3.83693528175354,3.6735684871673584,15.345097541809082,0.13686132431030273,0.128814697265625,1.533433198928833
14,14,25.033178091049194,-472069.65625,0.855740487575531,0.382724791765213,0.3814210295677185,0.5500051379203796,21.336334466934204,4.049822807312012,3.696690559387207,15.416012048721313,0.15044426918029785,0.1307675838470459,1.5196425914764404
14,15,24.627835035324097,-471051.29375,0.8614424467086792,0.38276347517967224,0.3854474425315857,0.5536047220230103,20.952861070632935,3.822230815887451,3.6748311519622803,15.276081323623657,0.14066720008850098,0.1296684741973877,1.5229599475860596
14,16,43.65853023529053,-471178.7,0.860149085521698,0.38264915347099304,0.38206833600997925,0.5503295063972473,38.03500437736511,6.874475717544556,5.623209714889526,26.743414163589478,0.23908019065856934,0.17974567413330078,3.9058361053466797
14,17,43.231465339660645,-470728.98125,0.8610376119613647,0.3829803168773651,0.3817008435726166,0.5528134703636169,37.88199019432068,6.858536720275879,5.349180221557617,26.63108205795288,0.23714661598205566,0.1813805103302002,3.884687662124634
14,18,43.36941909790039,-470926.709375,0.8595761656761169,0.3818621039390564,0.38415300846099854,0.553361713886261,37.883564472198486,6.8707709312438965,5.4855616092681885,26.608089923858643,0.24390339851379395,0.1813497543334961,3.886992931365967
14,19,43.95960545539856,-470881.2125,0.8613804578781128,0.382472962141037,0.3837932348251343,0.5537068843841553,38.607577085494995,6.977662801742554,5.351710081100464,26.132917404174805,0.25207996368408203,1.207470178604126,3.943869113922119
14,20,42.613534450531006,-471428.4375,0.8586699366569519,0.3837524652481079,0.38193777203559875,0.5564278364181519,37.16662859916687,6.846532344818115,5.446594715118408,25.904972076416016,0.25000643730163574,0.18500566482543945,3.88714599609375
14,21,42.83513045310974,-471344.74375,0.8591141104698181,0.3848291337490082,0.3820125162601471,0.5540936589241028,37.483352184295654,6.87058162689209,5.351495265960693,26.20393204689026,0.24648141860961914,0.17903470993041992,3.8920609951019287
14,22,43.53699803352356,-471447.634375,0.8581176400184631,0.382112056016922,0.38381338119506836,0.5548638105392456,38.16800880432129,7.011433124542236,5.368619680404663,26.66230821609497,0.25081753730773926,0.18537306785583496,3.9656474590301514
14,23,43.594430923461914,-471195.74375,0.8603999614715576,0.38372284173965454,0.38444581627845764,0.552970290184021,38.18629050254822,6.997382164001465,5.40783429145813,26.74089741706848,0.2512035369873047,0.18741846084594727,3.915837526321411
14,24,42.941566467285156,-471665.775,0.8574258089065552,0.3847437798976898,0.3841574192047119,0.5512307286262512,37.53010058403015,6.893375873565674,5.41115140914917,26.14621615409851,0.24999046325683594,0.18651318550109863,3.961991786956787
14,25,43.38117790222168,-471594.278125,0.8629166483879089,0.3872548043727875,0.3858775794506073,0.5536186695098877,37.93783664703369,7.140258073806763,5.44301438331604,26.344717979431152,0.25783729553222656,0.19852972030639648,3.9016952514648438
14,26,43.251824140548706,-471905.56875,0.8579421043395996,0.3837534785270691,0.38323402404785156,0.554218590259552,37.908960819244385,6.870211362838745,5.3425376415252686,26.619786977767944,0.2468266487121582,0.17894244194030762,3.9012527465820312
14,27,42.737799406051636,-471778.725,0.8581042289733887,0.3821895718574524,0.38537243008613586,0.5531423687934875,37.320817947387695,6.936843156814575,5.416697978973389,25.963606595993042,0.24451088905334473,0.18208599090576172,3.901555061340332
14,28,43.611464738845825,-471721.084375,0.8587780594825745,0.38582363724708557,0.3841714859008789,0.5530167818069458,38.22869062423706,6.961745977401733,5.382453918457031,26.8321533203125,0.24984216690063477,0.18479132652282715,3.9084010124206543
14,29,43.60629725456238,-471012.040625,0.8596315383911133,0.3823249936103821,0.3833993375301361,0.5533402562141418,38.17216753959656,6.9892191886901855,5.433780193328857,26.667797565460205,0.2539525032043457,0.1891951560974121,3.9790313243865967
14,30,43.62689399719238,-471400.265625,0.8599596619606018,0.384233683347702,0.38395237922668457,0.5534323453903198,38.180591344833374,6.849639654159546,5.445990800857544,26.84756302833557,0.2553365230560303,0.19646835327148438,3.9383649826049805
15,1,28.98358726501465,-1111538.6625,0.8360874652862549,0.40570759773254395,0.4071318507194519,0.5295602083206177,23.443692207336426,3.6541359424591064,5.539724588394165,17.955779552459717,0.11676216125488281,0.13835978507995605,1.528632402420044
15,2,28.04540491104126,-1111746.5375,0.8356163501739502,0.405289888381958,0.4065636098384857,0.5311998128890991,23.630971908569336,3.7752676010131836,4.41426420211792,18.031235933303833,0.1185295581817627,0.14219141006469727,1.5128719806671143
15,3,28.248482942581177,-1111666.8125,0.8353180289268494,0.4055497944355011,0.404945433139801,0.5301982164382935,23.70204758644104,3.9050655364990234,4.546235799789429,17.932215929031372,0.12012648582458496,0.14316248893737793,1.5491948127746582
15,4,27.76378035545349,-1110585.625,0.8373076319694519,0.405063271522522,0.4051598906517029,0.5306638479232788,23.364378213882446,3.594561815261841,4.399227619171143,17.942373514175415,0.1165158748626709,0.13825368881225586,1.5228164196014404
15,5,27.542985677719116,-1111576.7,0.8356116414070129,0.40599873661994934,0.40634986758232117,0.5307055711746216,23.205692291259766,3.659031629562378,4.337116956710815,17.912799835205078,0.11745333671569824,0.13929486274719238,1.3273322582244873
15,6,27.95694589614868,-1111542.15,0.8357037305831909,0.406633585691452,0.4059644937515259,0.5311797261238098,23.612568140029907,3.816107749938965,4.344209432601929,17.98159885406494,0.1184546947479248,0.1422414779663086,1.503882646560669
15,7,27.771238803863525,-1111667.7375,0.8359839916229248,0.40612125396728516,0.40656307339668274,0.5292664766311646,23.344409227371216,3.6633896827697754,4.42664909362793,18.04023551940918,0.11780786514282227,0.14362311363220215,1.3282442092895508
15,8,27.694846630096436,-1110964.7625,0.8368370532989502,0.4053868353366852,0.4062735140323639,0.5289760828018188,23.346606016159058,3.7468841075897217,4.348055839538574,17.96125602722168,0.1175227165222168,0.14070868492126465,1.3298060894012451
15,9,27.79257893562317,-1111507.55,0.8358095288276672,0.4045187532901764,0.4071025252342224,0.5291411876678467,23.430233478546143,3.6716997623443604,4.362170696258545,17.94408369064331,0.11821436882019043,0.1383664608001709,1.5079374313354492
15,10,27.88224458694458,-1112005.8875,0.8361091613769531,0.4062120318412781,0.40746501088142395,0.5285333395004272,23.48322081565857,3.6383628845214844,4.398850202560425,18.034106492996216,0.11679959297180176,0.13890767097473145,1.5055348873138428
15,11,27.86352276802063,-1111371.925,0.8361297845840454,0.40623706579208374,0.40627360343933105,0.5298731923103333,23.507558584213257,3.6712493896484375,4.355794429779053,18.02170491218567,0.1169581413269043,0.14124131202697754,1.5061867237091064
15,12,27.628326177597046,-1111212.2,0.8346303105354309,0.40544041991233826,0.40447568893432617,0.5310704112052917,23.24730944633484,3.6682913303375244,4.38084602355957,17.943310260772705,0.11688995361328125,0.14069867134094238,1.3276491165161133
15,13,27.852954626083374,-1110710.0625,0.8374746441841125,0.40607091784477234,0.40576133131980896,0.5306299924850464,23.40595769882202,3.6146233081817627,4.446820497512817,17.956048011779785,0.11761212348937988,0.1377124786376953,1.5308945178985596
15,14,28.651751041412354,-1110646.625,0.8359858989715576,0.40234676003456116,0.4039146304130554,0.5276774764060974,24.045226097106934,3.808371067047119,4.606339454650879,18.368536472320557,0.12025833129882812,0.1513979434967041,1.5449872016906738
15,15,28.218219995498657,-1110677.725,0.8376185894012451,0.40577641129493713,0.4060685634613037,0.5324708223342896,23.777531147003174,3.88069486618042,4.440506935119629,18.025578022003174,0.12151551246643066,0.14411139488220215,1.5540292263031006
15,16,50.99769568443298,-1110993.7,0.8361820578575134,0.40600863099098206,0.4063979387283325,0.5315374732017517,42.28025960922241,7.2614569664001465,8.716892004013062,31.025232553482056,0.2355790138244629,0.21977567672729492,3.4478745460510254
15,17,49.753416299819946,-1110299.475,0.8370404839515686,0.40559300780296326,0.405585914850235,0.5315521955490112,42.21554255485535,7.2450432777404785,7.537363052368164,30.933032512664795,0.23586153984069824,0.2224562168121338,3.48793363571167
15,18,49.82352113723755,-1111379.6625,0.8358771204948425,0.4054398536682129,0.4064043462276459,0.5302351117134094,42.89237380027771,7.344824314117432,6.9305760860443115,31.16387176513672,0.23909735679626465,0.2268524169921875,3.8240175247192383
15,19,49.64419984817505,-1112139.55,0.8363014459609985,0.40743863582611084,0.4071330428123474,0.529325008392334,42.895524978637695,7.24919867515564,6.748165845870972,31.08976173400879,0.2432692050933838,0.22278141975402832,3.997605800628662
15,20,50.321410179138184,-1112110.35,0.8350349068641663,0.40561264753341675,0.405843049287796,0.5286274552345276,43.55319046974182,7.273104667663574,6.767653465270996,31.89097285270691,0.23707270622253418,0.2171788215637207,3.844308614730835
15,21,49.76569867134094,-1111149.8875,0.8384538292884827,0.4070536196231842,0.40703073143959045,0.5311530232429504,42.75591683387756,7.304029226303101,7.00926947593689,31.108559370040894,0.23106837272644043,0.21828031539916992,3.80324387550354
15,22,49.464892625808716,-1110596.1,0.8404422402381897,0.40780171751976013,0.4078660309314728,0.5313907861709595,42.48829388618469,7.271199703216553,6.976075649261475,31.181034803390503,0.23406529426574707,0.2249147891998291,3.483856201171875
15,23,49.64123463630676,-1111098.6875,0.8356829881668091,0.40469279885292053,0.4061616361141205,0.5316249132156372,42.76614284515381,7.335449934005737,6.874564170837402,31.085493087768555,0.2342815399169922,0.22905755043029785,3.787163734436035
15,24,50.29160141944885,-1111611.875,0.8344990015029907,0.4040803015232086,0.4045394957065582,0.5286073684692383,42.81781458854675,7.266865253448486,7.473251819610596,31.080052375793457,0.23564982414245605,0.22141742706298828,3.9226298332214355
15,25,49.26263999938965,-1110710.0375,0.8382461071014404,0.4072836935520172,0.40709471702575684,0.5324768424034119,42.43079733848572,7.35228419303894,6.8313281536102295,31.068281412124634,0.23432159423828125,0.22201275825500488,3.459322214126587
15,26,50.06370139122009,-1110962.4375,0.8370300531387329,0.405242383480072,0.40571632981300354,0.5302361845970154,43.10752820968628,7.502068758010864,6.955623388290405,31.338573932647705,0.4700775146484375,0.23210477828979492,3.4694466590881348
15,27,50.19815731048584,-1111423.0375,0.8367824554443359,0.40735557675361633,0.40580636262893677,0.5300166606903076,43.21871614456177,7.392174482345581,6.978922367095947,31.78555679321289,0.23608827590942383,0.2278881072998047,3.482316017150879
15,28,49.85046076774597,-1111631.9,0.8357253074645996,0.40621843934059143,0.4061671793460846,0.5294620394706726,42.939594984054565,7.344450235366821,6.910352468490601,31.134015560150146,0.2417755126953125,0.2234945297241211,3.904761791229248
15,29,49.948065757751465,-1110787.1,0.8370663523674011,0.40661659836769104,0.4054865837097168,0.5288733839988708,42.94085097312927,7.292644500732422,7.006702184677124,31.607784748077393,0.2556123733520508,0.22049617767333984,3.471123218536377
15,30,49.84743332862854,-1113155.6625,0.8354350328445435,0.4086657762527466,0.4112561047077179,0.5307767391204834,43.00778102874756,7.3020265102386475,6.839102745056152,31.265835523605347,0.25450992584228516,0.2194499969482422,3.874267101287842
16,1,31.01370668411255,-2608068.7,0.8159430623054504,0.42685195803642273,0.427464097738266,0.510299801826477,25.055333375930786,3.7531042098999023,5.958012342453003,19.631378412246704,0.11614489555358887,0.17226624488830566,1.332986831665039
16,2,30.93092107772827,-2607320.2,0.816070020198822,0.42636165022850037,0.4266219139099121,0.5109463930130005,24.982967615127563,3.78993558883667,5.9475743770599365,19.51309037208557,0.12011957168579102,0.16979742050170898,1.3399906158447266
16,3,31.124678134918213,-2606869.75,0.8163551092147827,0.42695367336273193,0.4260523319244385,0.5103515982627869,25.23064112663269,3.786583185195923,5.893656492233276,19.763005256652832,0.12076401710510254,0.17410778999328613,1.335059404373169
16,4,30.81220316886902,-2607383.2,0.8172196745872498,0.4276827871799469,0.4276581108570099,0.5110635757446289,24.96039342880249,3.7001922130584717,5.851445913314819,19.592503309249878,0.1155710220336914,0.16975069046020508,1.3330702781677246
16,5,30.884462356567383,-2606788.025,0.816317617893219,0.42589691281318665,0.42752763628959656,0.5099667906761169,24.974538803100586,3.6927220821380615,5.90955114364624,19.61407995223999,0.11558103561401367,0.1681654453277588,1.3350067138671875
16,6,31.265352964401245,-2608290.4,0.816163957118988,0.42777585983276367,0.4278419017791748,0.5106280446052551,25.6054208278656,3.8936707973480225,5.659537315368652,19.744948863983154,0.1212303638458252,0.17464351654052734,1.6196579933166504
16,7,31.431232213974,-2605469.9,0.8166838884353638,0.42577236890792847,0.4246557950973511,0.5104628205299377,25.70501208305359,3.9797701835632324,5.725831747055054,19.755489587783813,0.12213706970214844,0.17457962036132812,1.6213223934173584
16,8,31.03449559211731,-2607200.275,0.8167396187782288,0.427588552236557,0.42713022232055664,0.5105200409889221,25.108835697174072,3.729193687438965,5.9252769947052,19.707868099212646,0.11538863182067871,0.1686413288116455,1.3389580249786377
16,9,31.45432758331299,-2607221.625,0.8157390356063843,0.4264724850654602,0.4267082214355469,0.5093732476234436,25.48046898841858,3.809485912322998,5.9734814167022705,19.9951388835907,0.11755657196044922,0.17207050323486328,1.337294340133667
16,10,31.129149198532104,-2607868.125,0.8188547492027283,0.42905494570732117,0.428984135389328,0.5126358866691589,25.280962467193604,3.8170547485351562,5.847796201705933,19.779594659805298,0.12174677848815918,0.17466115951538086,1.3366355895996094
16,11,31.117575645446777,-2608814.45,0.817742645740509,0.4288615584373474,0.4284326434135437,0.5118956565856934,25.21602988243103,3.8122291564941406,5.901149749755859,19.72417950630188,0.12046170234680176,0.17218899726867676,1.336069107055664
16,12,30.93643832206726,-2607849.8,0.8160767555236816,0.4273446500301361,0.4270004332065582,0.5106115937232971,24.8710720539093,3.7547497749328613,6.064999341964722,19.446040630340576,0.12003207206726074,0.16790556907653809,1.3321008682250977
16,13,31.604610681533813,-2607164.825,0.816385805606842,0.4266771376132965,0.42702168226242065,0.5095458030700684,25.916573524475098,4.086027145385742,5.687631130218506,19.862480640411377,0.12137031555175781,0.17807912826538086,1.6163549423217773
16,14,31.240359783172607,-2607462.25,0.8159270882606506,0.4267573356628418,0.42688867449760437,0.5105783343315125,25.25750994682312,3.797253370285034,5.982461452484131,19.783607244491577,0.11804747581481934,0.17444753646850586,1.3330535888671875
16,15,30.93717384338379,-2606842.425,0.8166401982307434,0.4272150695323944,0.42614951729774475,0.5111833214759827,25.03896713256836,3.7000982761383057,5.897847890853882,19.665889263153076,0.11746907234191895,0.1690993309020996,1.3367996215820312
16,16,55.11164999008179,-2607172.0,0.8166372179985046,0.42648258805274963,0.4270503520965576,0.5098804831504822,45.02111744880676,7.613306522369385,10.089534521102905,33.28765368461609,0.2581346035003662,0.2781383991241455,3.4887866973876953
16,17,55.1772563457489,-2607448.3,0.8155563473701477,0.42634356021881104,0.4272673428058624,0.5096083879470825,45.11233854293823,7.479580879211426,10.0639066696167,33.523935079574585,0.25983667373657227,0.27346158027648926,3.4823479652404785
16,18,54.833537578582764,-2607140.125,0.8187837600708008,0.42809411883354187,0.42818063497543335,0.5126985907554626,44.775516748428345,7.511348247528076,10.057015180587769,33.14652132987976,0.2541689872741699,0.2717890739440918,3.4982850551605225
16,19,55.06385922431946,-2606643.575,0.8166816234588623,0.4263196289539337,0.4266442656517029,0.5098400115966797,45.23668074607849,7.493964433670044,9.826119184494019,33.17654085159302,0.2530815601348877,0.269620418548584,3.925935983657837
16,20,55.76259517669678,-2607368.775,0.8142858147621155,0.42503228783607483,0.4256713390350342,0.50782310962677,45.245760679244995,7.572607040405273,10.515820026397705,33.55398654937744,0.2526383399963379,0.2722635269165039,3.5001673698425293
16,21,53.76404023170471,-2606915.25,0.8183513283729553,0.42757490277290344,0.42894670367240906,0.5131888389587402,43.740089654922485,7.582144737243652,10.022948503494263,32.04672861099243,0.25510096549987793,0.2682526111602783,3.495070219039917
16,22,55.156914949417114,-2606411.05,0.8145192265510559,0.42472556233406067,0.4230949580669403,0.507378876209259,45.041621923446655,7.458790302276611,10.11427903175354,33.49211883544922,0.2574746608734131,0.27094507217407227,3.4699199199676514
16,23,55.278430461883545,-2607586.7,0.8156261444091797,0.42646071314811707,0.42739176750183105,0.5104950070381165,45.50066781044006,7.532800674438477,9.776731729507446,33.318861961364746,0.2547140121459961,0.2785358428955078,4.015451908111572
16,24,55.404285192489624,-2607679.775,0.8166709542274475,0.4275248646736145,0.4265320897102356,0.5089854001998901,45.73913097381592,7.543680191040039,9.664104461669922,33.51607608795166,0.24237990379333496,0.2766299247741699,4.06641697883606
16,25,54.99062490463257,-2607426.3,0.8159705996513367,0.4273391366004944,0.4261956512928009,0.5106255412101746,44.93767023086548,7.731228590011597,10.051951169967651,33.12509632110596,0.24091005325317383,0.27479004859924316,3.4732143878936768
16,26,55.43462347984314,-2606735.95,0.8152031302452087,0.4260214865207672,0.4252697229385376,0.5086849331855774,45.52709674835205,7.524528980255127,9.906519889831543,33.91208529472351,0.2368931770324707,0.2768869400024414,3.4831807613372803
16,27,54.60340189933777,-2606829.775,0.8163450360298157,0.4264973998069763,0.4264346659183502,0.509030818939209,44.48252630233765,7.685982704162598,10.119861125946045,32.704925775527954,0.23483872413635254,0.2739756107330322,3.4907145500183105
16,28,53.727822065353394,-2608082.5,0.8131293654441833,0.42360132932662964,0.4238051772117615,0.5079254508018494,43.71940350532532,7.485742568969727,10.007394313812256,32.134268045425415,0.23617005348205566,0.2681562900543213,3.5013794898986816
16,29,55.20046353340149,-2605187.45,0.8178329467773438,0.4258229732513428,0.42587366700172424,0.5101780891418457,45.46291899681091,7.410447835922241,9.73650598526001,33.52064657211304,0.23339200019836426,0.26853060722351074,3.9393768310546875
16,30,55.125046730041504,-2606295.3,0.818636417388916,0.4276757836341858,0.42825907468795776,0.5119380354881287,45.20446753501892,7.5077433586120605,9.919562816619873,33.63830780982971,0.23918914794921875,0.2717280387878418,3.454724073410034
17,1,38.58450508117676,-6074487.7,0.7977404594421387,0.445404589176178,0.44538775086402893,0.49210870265960693,29.316778898239136,3.8587806224823,9.26698613166809,23.714421033859253,0.1197669506072998,0.23111438751220703,1.3428809642791748
17,2,38.517526149749756,-6072979.25,0.7984676957130432,0.44508567452430725,0.4453313648700714,0.4914344549179077,29.311067581176758,4.027529001235962,9.20567512512207,23.530816555023193,0.11914706230163574,0.24113917350769043,1.3413434028625488
17,3,38.79106831550598,-6075667.55,0.79884934425354,0.44670748710632324,0.4465917944908142,0.493426650762558,29.641724824905396,4.138122081756592,9.148561000823975,23.753321886062622,0.1183769702911377,0.24101686477661133,1.3397791385650635
17,4,38.86601805686951,-6074871.45,0.7977771162986755,0.4449045956134796,0.4451705515384674,0.49255409836769104,29.656118869781494,3.9126813411712646,9.20910358428955,24.000091075897217,0.11815309524536133,0.23779869079589844,1.3363018035888672
17,5,38.67683506011963,-6074192.3,0.7974324822425842,0.444397509098053,0.4446658790111542,0.49253737926483154,29.54835033416748,3.922131061553955,9.127673387527466,23.878977298736572,0.1188805103302002,0.23846721649169922,1.3381166458129883
17,6,39.18986988067627,-6075192.1,0.7971766591072083,0.44514578580856323,0.4444134533405304,0.49225711822509766,29.475468397140503,3.9590559005737305,9.713587522506714,23.759273290634155,0.11862444877624512,0.23781299591064453,1.3494882583618164
17,7,38.728983879089355,-6075583.15,0.7975102066993713,0.44547873735427856,0.44529691338539124,0.49186813831329346,29.093647003173828,3.9249675273895264,9.634557485580444,23.431721687316895,0.11744904518127441,0.23396801948547363,1.3346941471099854
17,8,38.895618200302124,-6075302.95,0.7985964417457581,0.44609183073043823,0.44565245509147644,0.4931105673313141,29.63672971725464,3.9720916748046875,9.258091449737549,23.914323091506958,0.11873579025268555,0.2421729564666748,1.3376104831695557
17,9,38.72642159461975,-6072575.35,0.7977777123451233,0.444480299949646,0.4448617398738861,0.4914899468421936,29.56978940963745,3.965191602706909,9.15584683418274,23.855330228805542,0.11860370635986328,0.24107050895690918,1.338099479675293
17,10,38.431734561920166,-6075546.3,0.7969172596931458,0.44484949111938477,0.4454147219657898,0.4919798970222473,29.20294761657715,3.8842790126800537,9.228068590164185,23.566431045532227,0.12332797050476074,0.23229146003723145,1.3456478118896484
17,11,39.15167546272278,-6074695.35,0.7977973818778992,0.4457044005393982,0.44522204995155334,0.49171510338783264,29.66030764579773,3.8876852989196777,9.490586042404175,24.00680184364319,0.12212920188903809,0.24198246002197266,1.3506066799163818
17,12,38.6957643032074,-6074480.95,0.7964736223220825,0.44381213188171387,0.4436188042163849,0.49123603105545044,29.424116849899292,3.9298603534698486,9.270845651626587,23.742643356323242,0.11860966682434082,0.2415773868560791,1.3393867015838623
17,13,38.68188786506653,-6076728.4,0.7959655523300171,0.4439072012901306,0.4441903531551361,0.4904617667198181,29.58258366584778,3.940490961074829,9.098519802093506,23.892430067062378,0.11824584007263184,0.23972129821777344,1.3398873805999756
17,14,38.49879264831543,-6075193.35,0.7992886304855347,0.4465242028236389,0.44664016366004944,0.4935764670372009,29.442477226257324,3.933194875717163,9.055520296096802,23.76230001449585,0.11889910697937012,0.23866891860961914,1.338388204574585
17,15,38.73627042770386,-6074681.05,0.797513484954834,0.4449436366558075,0.4453476667404175,0.49134817719459534,29.57520055770874,4.103549003601074,9.160276889801025,23.721372604370117,0.11914324760437012,0.23868560791015625,1.3404560089111328
17,16,68.24286484718323,-6076427.55,0.798976480960846,0.44663605093955994,0.4467211365699768,0.4939664304256439,51.48994493484497,7.783186435699463,16.75067687034607,39.508079290390015,0.2555208206176758,0.3607358932495117,3.4897520542144775
17,17,68.4331214427948,-6075667.55,0.7973057627677917,0.44474172592163086,0.44487249851226807,0.49147289991378784,51.605615854263306,7.748055696487427,16.825295448303223,39.66761898994446,0.25051403045654297,0.364884614944458,3.480558156967163
17,18,68.12271070480347,-6073921.4,0.7976399064064026,0.44505006074905396,0.4447139501571655,0.4926697611808777,51.38481521606445,7.798151731491089,16.735369205474854,39.35337257385254,0.2611560821533203,0.3666989803314209,3.5086536407470703
17,19,68.61979126930237,-6075452.55,0.7969642281532288,0.44520217180252075,0.4453458786010742,0.4917125105857849,51.63113045692444,7.890044212341309,16.986449718475342,39.54304099082947,0.2527799606323242,0.3616185188293457,3.4905831813812256
17,20,68.92834687232971,-6073647.65,0.7976143956184387,0.4445617198944092,0.44456183910369873,0.49197325110435486,51.96948957443237,7.788341999053955,16.95666766166687,39.97292733192444,0.2572145462036133,0.37178492546081543,3.482513427734375
17,21,68.60411238670349,-6073768.1,0.7976710796356201,0.4448692202568054,0.4449330270290375,0.4909287691116333,51.74206566810608,7.847309827804565,16.85985016822815,39.713592290878296,0.2515127658843994,0.3629419803619385,3.473473072052002
17,22,69.15598893165588,-6074872.65,0.7970471382141113,0.44550415873527527,0.44449669122695923,0.49180367588996887,52.20596432685852,7.878801345825195,16.947776317596436,40.1049382686615,0.259368896484375,0.38020944595336914,3.483562707901001
17,23,69.32479524612427,-6073724.85,0.7982804179191589,0.4450174868106842,0.44532710313796997,0.492161363363266,52.325364112854004,7.84126353263855,16.997029304504395,40.20493698120117,0.2625448703765869,0.3752148151397705,3.5419890880584717
17,24,68.99398851394653,-6074631.5,0.7981846928596497,0.44533777236938477,0.4458369314670563,0.49281546473503113,51.9343843460083,7.797430753707886,17.057328939437866,39.93217945098877,0.2531559467315674,0.37015843391418457,3.4874825477600098
17,25,68.85828280448914,-6072053.0,0.7993994355201721,0.44527143239974976,0.4455636143684387,0.49307700991630554,51.99242448806763,7.738104820251465,16.863685131072998,40.06552219390869,0.25345587730407715,0.3647027015686035,3.4755303859710693
17,26,68.54086923599243,-6075187.45,0.7971289753913879,0.44504833221435547,0.4452188014984131,0.4918951690196991,51.648815870285034,7.7125935554504395,16.88983654975891,39.73903036117554,0.2520761489868164,0.3700215816497803,3.4810280799865723
17,27,68.84183096885681,-6074772.25,0.7971883416175842,0.44493570923805237,0.44499242305755615,0.49218082427978516,52.009130001068115,7.910884380340576,16.83053994178772,39.87776756286621,0.2586934566497803,0.36548900604248047,3.5003418922424316
17,28,68.45289635658264,-6073690.45,0.7978435754776001,0.44460901618003845,0.44483885169029236,0.49179068207740784,51.392372608184814,7.7631824016571045,17.05831527709961,39.43522357940674,0.2637596130371094,0.361466646194458,3.4729111194610596
17,29,67.78472375869751,-6077069.65,0.7968875169754028,0.445651113986969,0.44592514634132385,0.491942822933197,51.32420539855957,7.947222471237183,16.458325386047363,39.191144943237305,0.2502875328063965,0.3596618175506592,3.482491970062256
17,30,68.13249731063843,-6073347.95,0.7983858585357666,0.44503456354141235,0.44500836730003357,0.492031455039978,51.562291860580444,7.720449686050415,16.5680193901062,39.636682748794556,0.25370144844055176,0.3675696849822998,3.4897828102111816
18,1,56.66283082962036,-14078645.8,0.7781051993370056,0.45986461639404297,0.46060213446617126,0.4743345379829407,37.49081897735596,4.3737499713897705,19.17035698890686,29.37799882888794,0.12959551811218262,0.37187910079956055,1.3654046058654785
18,2,54.03191661834717,-14081215.1,0.7781876921653748,0.4618203043937683,0.46176791191101074,0.47433608770370483,36.756630659103394,4.113013505935669,17.27368474006653,28.677923917770386,0.12396073341369629,0.35945940017700195,1.3511383533477783
18,3,54.09906530380249,-14079332.2,0.7790889739990234,0.4618549048900604,0.46228674054145813,0.4750429391860962,36.76790189743042,4.048245668411255,17.329633951187134,28.679749965667725,0.12814784049987793,0.3642711639404297,1.3512530326843262
18,4,55.971510887145996,-14081500.4,0.7779436111450195,0.4606781601905823,0.46087780594825745,0.47392892837524414,37.89509558677673,4.35743260383606,18.0746910572052,29.68005132675171,0.133500337600708,0.4466581344604492,1.3554415702819824
18,5,54.40062594413757,-14080101.2,0.7801122665405273,0.46297308802604675,0.46281030774116516,0.4758862853050232,37.312044620513916,4.22187066078186,17.08700442314148,29.149642944335938,0.13035988807678223,0.3767890930175781,1.342233419418335
18,6,55.04106092453003,-14081042.6,0.7789293527603149,0.46232712268829346,0.4621654450893402,0.4754219353199005,37.614776849746704,4.300705432891846,17.424587965011597,29.487658262252808,0.13521027565002441,0.3785848617553711,1.3545453548431396
18,7,54.949801206588745,-14079732.0,0.7781901955604553,0.46064743399620056,0.4610605239868164,0.4735878109931946,37.654006004333496,4.28317928314209,17.294153451919556,29.468183040618896,0.13385915756225586,0.3755829334259033,1.3532590866088867
18,8,54.8642053604126,-14077083.7,0.7809678316116333,0.4627431035041809,0.4628077745437622,0.4765551686286926,37.41294765472412,4.320704936981201,17.449644088745117,29.185302019119263,0.1277918815612793,0.44067978858947754,1.3502676486968994
18,9,54.59635305404663,-14077815.6,0.7795764803886414,0.4620698094367981,0.4621751308441162,0.47547411918640137,37.302083015441895,4.213531017303467,17.29260516166687,29.114895343780518,0.13529181480407715,0.36981678009033203,1.3536403179168701
18,10,55.43778848648071,-14081114.2,0.7798424363136292,0.4628071188926697,0.46280112862586975,0.47571906447410583,37.97508263587952,4.539533376693726,17.46096658706665,29.817196130752563,0.13341188430786133,0.3809647560119629,1.3525724411010742
18,11,56.94816970825195,-14078797.9,0.7793427109718323,0.461869478225708,0.46224984526634216,0.47513121366500854,37.729066610336304,4.347497940063477,19.21739959716797,29.55942440032959,0.1308879852294922,0.38285112380981445,1.3639566898345947
18,12,53.722304582595825,-14078199.5,0.7798996567726135,0.46248987317085266,0.4623126983642578,0.4753863215446472,36.705201625823975,4.089858770370483,17.015445947647095,28.66810417175293,0.12452411651611328,0.35987091064453125,1.34659743309021
18,13,54.12959384918213,-14078036.5,0.7785781621932983,0.46062803268432617,0.46067938208580017,0.4738154113292694,37.006760597229004,4.1282196044921875,17.121229648590088,28.893878698349,0.12433195114135742,0.36300134658813477,1.3447906970977783
18,14,54.350987672805786,-14079426.8,0.7794355750083923,0.46264129877090454,0.4625413417816162,0.4754226803779602,37.22303891181946,4.151993751525879,17.126322507858276,29.074254512786865,0.12702655792236328,0.37030458450317383,1.3420419692993164
18,15,54.19950246810913,-14076838.4,0.780767023563385,0.4624428451061249,0.46306660771369934,0.4757736027240753,36.900190114974976,4.044484853744507,17.297789573669434,28.751529693603516,0.12969040870666504,0.3644084930419922,1.347975254058838
18,16,94.06060338020325,-14077787.9,0.778846263885498,0.4613287150859833,0.4612988531589508,0.47462499141693115,60.77018761634827,8.525877714157104,33.28580951690674,47.852317810058594,0.24617838859558105,0.5558879375457764,3.496744394302368
18,17,92.45984363555908,-14080292.7,0.7795451283454895,0.4628187417984009,0.462650865316391,0.4755817651748657,59.733298540115356,8.281673431396484,32.72196984291077,47.08067464828491,0.24675440788269043,0.5595123767852783,3.467954158782959
18,18,92.1920964717865,-14082880.5,0.7779628038406372,0.4614279270172119,0.4616411030292511,0.4737413823604584,59.28279113769531,8.04799222946167,32.90470886230469,46.88774085044861,0.25662899017333984,0.5499694347381592,3.4461817741394043
18,19,91.55887484550476,-14081261.9,0.7789372801780701,0.46264365315437317,0.4625076651573181,0.4751794934272766,58.960410594940186,8.142781257629395,32.593881368637085,46.47381854057312,0.24485445022583008,0.5408487319946289,3.4657537937164307
18,20,90.96092748641968,-14079768.8,0.7790477275848389,0.4616096615791321,0.4612911343574524,0.4746284782886505,58.65891146659851,8.086938619613647,32.29732847213745,46.227564334869385,0.24631547927856445,0.5362772941589355,3.471073627471924
18,21,93.45358514785767,-14079280.1,0.7791983485221863,0.4621891379356384,0.4623677134513855,0.4750942587852478,60.02700972557068,8.13620901107788,33.421958446502686,47.53240609169006,0.24839162826538086,0.5540142059326172,3.46262788772583
18,22,93.25394105911255,-14077277.2,0.7796791195869446,0.46214067935943604,0.4618867039680481,0.4752817749977112,59.73970127105713,8.21407151222229,33.509604930877686,47.14523530006409,0.2635645866394043,0.5584900379180908,3.4589717388153076
18,23,94.2806875705719,-14078389.6,0.7794508934020996,0.46236974000930786,0.46219947934150696,0.4753185212612152,61.20284104347229,8.499607563018799,33.07326006889343,48.22917199134827,0.28090858459472656,0.5751607418060303,3.515183687210083
18,24,92.58194184303284,-14079877.5,0.7793319225311279,0.46267563104629517,0.462213933467865,0.4753006398677826,59.269453048706055,8.182488441467285,33.30784797668457,46.717259645462036,0.24277400970458984,0.5484623908996582,3.485607862472534
18,25,92.3330249786377,-14083825.7,0.7784555554389954,0.461664617061615,0.4619113802909851,0.47495484352111816,59.521575927734375,8.184976816177368,32.806862592697144,46.94505500793457,0.2554810047149658,0.5608811378479004,3.478667974472046
18,26,92.01472473144531,-14078598.0,0.7792946696281433,0.46219348907470703,0.4621405601501465,0.47520801424980164,59.285895586013794,8.154703617095947,32.724162101745605,46.77428460121155,0.24882149696350098,0.5412130355834961,3.4729762077331543
18,27,92.5391583442688,-14081951.7,0.7781519889831543,0.46086278557777405,0.4608381390571594,0.4744659960269928,59.26525163650513,8.240545988082886,33.2692666053772,46.624818086624146,0.26350998878479004,0.5515584945678711,3.484485626220703
18,28,91.91685342788696,-14079817.1,0.7801209688186646,0.4633350968360901,0.4633200168609619,0.4757864773273468,58.77233123779297,8.111364841461182,33.13991379737854,46.32454490661621,0.24855971336364746,0.5399463176727295,3.453652858734131
18,29,92.39430713653564,-14080097.1,0.779335081577301,0.4619779586791992,0.46229997277259827,0.4748762249946594,59.58867335319519,8.117634534835815,32.8006751537323,47.01184034347534,0.2722477912902832,0.5564842224121094,3.5282840728759766
18,30,91.01909446716309,-14078084.8,0.7793700695037842,0.46218791604042053,0.46191301941871643,0.4750802516937256,58.60515832901001,8.128244161605835,32.409340381622314,46.14729595184326,0.2475590705871582,0.5397646427154541,3.450798511505127
19,1,120.04723811149597,-32480292.8,0.7608686685562134,0.47925204038619995,0.47916173934936523,0.4604980945587158,56.87785053253174,5.943145990371704,63.16600298881531,36.26918935775757,0.5867950916290283,0.5861344337463379,9.583549737930298
19,2,80.14752864837646,-32486138.4,0.7624116539955139,0.4812607765197754,0.4811265170574188,0.4617522358894348,46.88627648353577,4.276583194732666,33.25753474235535,36.64148235321045,0.13048100471496582,0.5079116821289062,1.3573691844940186
19,3,79.17679119110107,-32482604.6,0.7627803087234497,0.481024831533432,0.4811539053916931,0.4618465304374695,45.8029568195343,4.32744026184082,33.37023162841797,35.607425689697266,0.12986207008361816,0.4783315658569336,1.36629319190979
19,4,78.08715915679932,-32477438.2,0.761215090751648,0.4793134331703186,0.4793893098831177,0.46029505133628845,45.48823118209839,4.416627407073975,32.59561038017273,35.34208679199219,0.1280829906463623,0.4693944454193115,1.3371102809906006
19,5,79.15741634368896,-32477648.2,0.7610849142074585,0.4787431061267853,0.47894278168678284,0.4600229263305664,46.39798069000244,4.302096605300903,32.756006479263306,36.230395793914795,0.12742018699645996,0.4692363739013672,1.346705436706543
19,6,78.65238976478577,-32482553.8,0.7603144645690918,0.47837895154953003,0.4786549508571625,0.4598700702190399,45.40699076652527,4.463940620422363,33.24210572242737,35.193193674087524,0.1304783821105957,0.49230217933654785,1.34975004196167
19,7,84.41828298568726,-32479774.8,0.760952889919281,0.47918492555618286,0.4792577922344208,0.4597817063331604,47.13011884689331,4.341782331466675,37.284419775009155,36.87439179420471,0.13229894638061523,0.5114061832427979,1.359034776687622
19,8,80.14619708061218,-32487253.8,0.7589988112449646,0.4777284264564514,0.4777195155620575,0.45851221680641174,46.911900758743286,4.429316759109497,33.230666399002075,36.596362829208374,0.13232064247131348,0.5883378982543945,1.355391502380371
19,9,79.03109121322632,-32482463.8,0.761003315448761,0.4791070222854614,0.479053258895874,0.4604813754558563,45.81229758262634,4.327597141265869,33.21535038948059,35.61802530288696,0.12975406646728516,0.48212671279907227,1.3446338176727295
19,10,82.34079313278198,-32479844.0,0.7615488767623901,0.4800134599208832,0.48005211353302,0.4610499441623688,49.18831467628479,4.6364758014678955,33.14875268936157,38.89799189567566,0.14180350303649902,0.5283715724945068,1.3544893264770508
19,11,80.21311283111572,-32480696.0,0.7620899081230164,0.4799893796443939,0.4800547659397125,0.4613848328590393,46.85583233833313,4.33317232131958,33.35357737541199,36.64478015899658,0.13517332077026367,0.5108950138092041,1.3569762706756592
19,12,79.16246199607849,-32483379.0,0.7606732845306396,0.4793015718460083,0.4792438745498657,0.4603152573108673,46.439570903778076,4.2955546379089355,32.71923518180847,36.23060345649719,0.1302177906036377,0.5084686279296875,1.3539705276489258
19,13,80.13026452064514,-32481704.6,0.7614134550094604,0.479770302772522,0.4799882769584656,0.4610908031463623,46.93338370323181,4.3023295402526855,33.19319415092468,36.7372932434082,0.13082289695739746,0.5076587200164795,1.3585538864135742
19,14,79.73513388633728,-32479294.8,0.7612580060958862,0.47942981123924255,0.47937825322151184,0.46042025089263916,46.6260290145874,4.324622392654419,33.1054265499115,36.38353991508484,0.1298542022705078,0.5144655704498291,1.36198091506958
19,15,78.80194449424744,-32479852.2,0.7622196078300476,0.4803495705127716,0.48043787479400635,0.4610009491443634,45.33545637130737,4.268145799636841,33.462766885757446,35.19082522392273,0.12734675407409668,0.4720423221588135,1.3485186100006104
19,16,145.98054265975952,-32481980.4,0.7598958015441895,0.47860270738601685,0.47856417298316956,0.4593588709831238,78.35828399658203,8.735215187072754,67.61270809173584,64.83028316497803,0.2639322280883789,0.9362170696258545,3.491060256958008
19,17,146.77271437644958,-32482254.2,0.7608853578567505,0.479514479637146,0.4796552062034607,0.4605795741081238,78.49630737304688,8.627632856369019,68.26689648628235,65.11708998680115,0.25347375869750977,0.921004056930542,3.4813764095306396
19,18,148.13570857048035,-32479247.4,0.7608069777488708,0.4790624678134918,0.47881874442100525,0.4600164294242859,79.8707811832428,8.669055461883545,68.25541377067566,66.42491674423218,0.26583218574523926,0.9459364414215088,3.463060140609741
19,19,152.77666234970093,-32486394.2,0.7604284882545471,0.47953715920448303,0.4794495105743408,0.46061158180236816,83.61509943008423,8.88747239112854,69.1516489982605,69.89640212059021,0.2694518566131592,0.959862470626831,3.498609781265259
19,20,145.66113090515137,-32490839.6,0.7614471316337585,0.48001331090927124,0.4798089265823364,0.461264967918396,77.65399479866028,8.590301990509033,67.9969494342804,64.1860191822052,0.276505708694458,0.920508623123169,3.5803158283233643
19,21,143.36817145347595,-32482346.2,0.7632935643196106,0.48119843006134033,0.4808661639690399,0.4626851975917816,75.74740600585938,8.691134214401245,67.61119318008423,62.291009187698364,0.2597486972808838,0.9267160892486572,3.482908248901367
19,22,141.8048849105835,-32477428.0,0.76087886095047,0.4791196286678314,0.4790140688419342,0.45982399582862854,74.56575918197632,8.596984148025513,67.2296142578125,61.23641777038574,0.2506396770477295,0.9145917892456055,3.4735159873962402
19,23,148.0742781162262,-32479564.2,0.7611119747161865,0.4795597493648529,0.4796275198459625,0.4602862596511841,79.9672679901123,8.653519868850708,68.09753966331482,66.53659009933472,0.25601744651794434,0.9321541786193848,3.49215030670166
19,24,147.99281311035156,-32478822.6,0.7620547413825989,0.4806349575519562,0.48052284121513367,0.46128812432289124,79.39735651016235,8.660542011260986,68.58577871322632,65.94686532020569,0.25757455825805664,0.930476188659668,3.5042150020599365
19,25,148.48102521896362,-32480817.2,0.7610729336738586,0.4794153571128845,0.4798528552055359,0.46039822697639465,80.28604793548584,8.724428653717041,68.18548107147217,66.64840936660767,0.268951416015625,0.9396369457244873,3.6022067070007324
19,26,146.68352222442627,-32484269.6,0.7610408663749695,0.479887992143631,0.4799652099609375,0.4608151614665985,77.58492517471313,8.59793996810913,69.08899879455566,64.19588279724121,0.25150108337402344,0.9267737865447998,3.515909433364868
19,27,146.1455385684967,-32481706.6,0.760732889175415,0.47921890020370483,0.4790884554386139,0.460132360458374,77.76253342628479,8.636160135269165,68.37329173088074,64.35003662109375,0.2534360885620117,0.9258170127868652,3.5014564990997314
19,28,147.33599948883057,-32481859.2,0.7625085711479187,0.4803163707256317,0.480314701795578,0.46184220910072327,78.45725774765015,8.626829385757446,68.86925888061523,65.06361389160156,0.2587907314300537,0.9253594875335693,3.483713150024414
19,29,148.81847953796387,-32480091.2,0.7602954506874084,0.47869136929512024,0.478727251291275,0.4593645930290222,80.83556365966797,8.56602168083191,67.97327208518982,67.51361846923828,0.24964213371276855,0.9313139915466309,3.4800167083740234
19,30,144.029447555542,-32480819.6,0.7606390118598938,0.4787195026874542,0.47868168354034424,0.4596286118030548,76.25579881668091,8.575289011001587,67.76416969299316,62.9341607093811,0.24916720390319824,0.9239540100097656,3.475818395614624
20,1,158.62387871742249,-74695872.8,0.7398965358734131,0.49591773748397827,0.49590373039245605,0.4486232399940491,74.49255275726318,4.504448890686035,84.11897206306458,48.51693940162659,0.14086651802062988,0.8284695148468018,1.3693442344665527
20,2,156.46239519119263,-74695701.6,0.7397191524505615,0.49560806155204773,0.49566659331321716,0.4486241340637207,74.0460741519928,4.455199956893921,82.40231347084045,48.146183252334595,0.13929438591003418,0.8098747730255127,1.3682794570922852
20,3,152.18580532073975,-74716864.0,0.7378247380256653,0.49424415826797485,0.49468040466308594,0.44699180126190186,75.40043759346008,4.541871547698975,76.77263283729553,49.44623422622681,0.1391286849975586,0.8387753963470459,1.3813951015472412
20,4,155.22156500816345,-74697330.4,0.7398377656936646,0.49588871002197266,0.4956429898738861,0.44869837164878845,77.99606442451477,4.744324207305908,77.21087670326233,51.89958667755127,0.14223718643188477,0.9645748138427734,1.3926279544830322
20,5,157.04130268096924,-74694498.4,0.7397565841674805,0.49564486742019653,0.49567335844039917,0.44847702980041504,80.02313756942749,4.889551162719727,77.00601816177368,54.05234456062317,0.1427450180053711,0.8651943206787109,1.3696997165679932
20,6,152.39737176895142,-74698808.0,0.7398539185523987,0.4960249364376068,0.4959619641304016,0.4487801194190979,74.54335308074951,4.449577331542969,77.84142351150513,48.545273303985596,0.13792967796325684,0.8200006484985352,1.3825039863586426
20,7,156.27030396461487,-74694227.2,0.7401769161224365,0.49598538875579834,0.49587225914001465,0.4487832188606262,80.32596588134766,4.506531000137329,75.93182921409607,54.325069427490234,0.13855552673339844,0.8212354183197021,1.392030954360962
20,8,154.1287453174591,-74702299.2,0.7390308380126953,0.49508991837501526,0.49524369835853577,0.4481047987937927,77.07352805137634,4.594451189041138,77.04318356513977,51.00214743614197,0.14255189895629883,0.8918533325195312,1.3736953735351562
20,9,150.18729853630066,-74699558.4,0.7397744059562683,0.49595165252685547,0.4957735538482666,0.44872763752937317,74.5474145412445,4.407364130020142,75.62751650810242,48.563300371170044,0.13820672035217285,0.8155713081359863,1.3772833347320557
20,10,149.84986662864685,-74697522.4,0.7397745251655579,0.4956176280975342,0.4955828785896301,0.44867900013923645,74.22324299812317,4.515926122665405,75.61424827575684,48.248724937438965,0.14226579666137695,0.8109109401702881,1.379453182220459
20,11,148.87797784805298,-74695844.0,0.7397979497909546,0.4956260919570923,0.49576038122177124,0.44850462675094604,73.50459051132202,4.413808822631836,75.36105227470398,47.57729434967041,0.13691425323486328,0.7815678119659424,1.3722410202026367
20,12,150.3872585296631,-74694434.4,0.739847719669342,0.4957335889339447,0.4957612454891205,0.448555588722229,74.43449544906616,4.530899524688721,75.94042348861694,48.43516159057617,0.1389312744140625,0.8126237392425537,1.3942484855651855
20,13,152.9497480392456,-74691140.0,0.7402347922325134,0.4959208369255066,0.49573394656181335,0.44881656765937805,76.90049338340759,4.532605409622192,76.03646993637085,50.864869356155396,0.14035940170288086,0.8729240894317627,1.3784091472625732
20,14,148.74878883361816,-74695619.2,0.7397177219390869,0.4958123564720154,0.49567264318466187,0.4485214650630951,73.96296620368958,4.543048858642578,74.77372884750366,47.97984433174133,0.13814496994018555,0.8051967620849609,1.3753488063812256
20,15,154.0817847251892,-74719803.2,0.7372044324874878,0.4937685430049896,0.49394354224205017,0.4465009570121765,76.68938374519348,4.559000253677368,77.37953448295593,50.69668936729431,0.1366407871246338,0.8807499408721924,1.3727331161499023
20,16,234.00527930259705,-74695508.0,0.7401015758514404,0.49590179324150085,0.49609386920928955,0.44879150390625,88.01622438430786,8.907809495925903,145.96950817108154,71.95425319671631,0.2564222812652588,1.61440110206604,3.474780321121216
20,17,235.1611168384552,-74696280.8,0.739788293838501,0.49575117230415344,0.49579381942749023,0.44844767451286316,89.95813274383545,8.922117710113525,145.18286848068237,73.81974196434021,0.2591879367828369,1.6386418342590332,3.5081779956817627
20,18,234.26361203193665,-74696625.6,0.740075409412384,0.49588024616241455,0.4960850179195404,0.44880571961402893,89.689462184906,8.905412197113037,144.55379247665405,73.52717804908752,0.25243616104125977,1.6216309070587158,3.4931178092956543
20,19,228.8682861328125,-74697150.4,0.7400723695755005,0.4958641827106476,0.4959155023097992,0.4489702880382538,84.3221595287323,9.005080699920654,144.52467131614685,67.08626389503479,0.26731085777282715,2.493939161300659,3.5372323989868164
20,20,228.0295603275299,-74707711.2,0.7377477884292603,0.49332883954048157,0.493617445230484,0.44650882482528687,83.42857527732849,8.984575748443604,144.5799045562744,67.25453162193298,0.2685585021972656,1.63334321975708,3.511890172958374
20,21,227.64232635498047,-74703899.2,0.7396831512451172,0.4959857761859894,0.49602076411247253,0.4488375186920166,83.51016807556152,9.23296594619751,144.1125888824463,67.3527467250824,0.2557964324951172,1.6196179389953613,3.48846173286438
20,22,230.42106914520264,-74693674.4,0.7407222986221313,0.49655792117118835,0.4963773488998413,0.449166864156723,83.16785144805908,8.832902669906616,147.23330640792847,67.08168983459473,0.2528975009918213,1.6124980449676514,3.5025033950805664
20,23,232.76701831817627,-74695684.8,0.7409487366676331,0.496509313583374,0.4965705871582031,0.4496704041957855,87.16736912727356,8.857168674468994,145.579829454422,70.96735858917236,0.27172279357910156,1.6393954753875732,3.4961631298065186
20,24,233.0625524520874,-74691866.4,0.7411226034164429,0.4966358244419098,0.4968523383140564,0.44983670115470886,87.81527304649353,8.738382339477539,145.2275037765503,71.69005823135376,0.25203871726989746,1.616032361984253,3.5001471042633057
20,25,227.93419742584229,-74694124.8,0.7392733693122864,0.4949535131454468,0.4950617849826813,0.4479812979698181,83.28081798553467,9.134851932525635,144.63206005096436,67.03102588653564,0.26572442054748535,1.6467280387878418,3.582932472229004
20,26,229.3167200088501,-74695129.6,0.7397351861000061,0.49549856781959534,0.49567580223083496,0.44860801100730896,82.75798320770264,8.87877893447876,146.5391013622284,66.67807459831238,0.25444698333740234,1.6116979122161865,3.5041017532348633
20,27,230.31123113632202,-74697667.2,0.7392314672470093,0.49511051177978516,0.4949076473712921,0.44790565967559814,83.43720555305481,8.853850603103638,146.8543186187744,67.29487204551697,0.2545745372772217,1.6379985809326172,3.500234842300415
20,28,230.1598823070526,-74696784.0,0.7396020889282227,0.49568936228752136,0.4958855211734772,0.4483218193054199,83.98457479476929,8.844741582870483,146.15574836730957,67.91093397140503,0.2535088062286377,1.6209044456481934,3.4862582683563232
20,29,229.7567000389099,-74693444.8,0.739387571811676,0.49504396319389343,0.49513357877731323,0.4479783773422241,85.90285420417786,8.83895230293274,143.83347058296204,69.81347298622131,0.25778746604919434,1.625941514968872,3.4948480129241943
20,30,241.601229429245,-74699152.8,0.7395973801612854,0.49587884545326233,0.49562135338783264,0.4484628736972809,86.56741714477539,8.87442922592163,155.0142583847046,70.35454893112183,0.26450681686401367,1.6289525032043457,3.5214078426361084
