k,sample,total_time,best_ll,P00,P01,P10,P11,full_fit,gradient_gpu,init_cpu_gpu,mcmc_cpu,optimizer_gpu,transfer_pcie,warm_up_mcmc_cpu
1,1,6.220013856887817,-0.0004000663757324219,0.9998999834060669,0.9998999834060669,9.999999747378752e-05,9.999999747378752e-05,4.951423406600952,1.5449042320251465,1.2685551643371582,1.7832837104797363,0.1164236068725586,0.08270955085754395,1.3812212944030762
1,2,5.753101348876953,-0.0004000663757324219,0.9998999834060669,9.999999747378752e-05,9.999999747378752e-05,0.9998999834060669,4.4713451862335205,1.701221227645874,1.281698226928711,1.0931792259216309,0.13814234733581543,0.08372735977172852,1.3899908065795898
1,3,5.815962553024292,-0.0004000663757324219,0.9998999834060669,9.999999747378752e-05,9.999999747378752e-05,0.9998999834060669,4.45896577835083,1.6980154514312744,1.3569459915161133,1.0920794010162354,0.13600826263427734,0.08256101608276367,1.3848013877868652
1,4,6.267460584640503,-0.0004000663757324219,0.9998999834060669,0.9998999834060669,9.999999747378752e-05,0.9998999834060669,5.014385938644409,1.519378900527954,1.2530415058135986,1.8876562118530273,0.1136474609375,0.07946014404296875,1.3720972537994385
1,5,6.3315393924713135,-0.0004000663757324219,0.9998999834060669,0.9998999834060669,9.999999747378752e-05,0.9998999834060669,5.027709484100342,1.5302314758300781,1.3037939071655273,1.8656284809112549,0.11472511291503906,0.07987117767333984,1.3951442241668701
1,6,6.265418529510498,-0.0004000663757324219,0.9998999834060669,9.999999747378752e-05,0.9998999834060669,9.999999747378752e-05,4.9635279178619385,1.5236520767211914,1.3018512725830078,1.8169944286346436,0.11574721336364746,0.07963371276855469,1.3843390941619873
1,7,6.3603949546813965,-0.0004000663757324219,0.9998999834060669,0.9998999834060669,9.999999747378752e-05,0.9998999834060669,5.03988790512085,1.552398443222046,1.3204686641693115,1.8640697002410889,0.11571311950683594,0.07985663414001465,1.385004997253418
1,8,5.1573474407196045,0.0,0.8999999761581421,0.699999988079071,0.5,0.20000000298023224,3.691636323928833,1.2974510192871094,1.4656713008880615,0.5982887744903564,0.11489009857177734,0.07877230644226074,1.5619392395019531
1,9,6.234748125076294,-0.0004000663757324219,0.9998999834060669,0.9998999834060669,9.999999747378752e-05,9.999999747378752e-05,4.916576147079468,1.5189788341522217,1.3181300163269043,1.787642240524292,0.1165626049041748,0.07899236679077148,1.3728201389312744
1,10,4.761554956436157,0.0,0.8999999761581421,0.699999988079071,0.5,0.20000000298023224,3.50366473197937,1.2870581150054932,1.2578575611114502,0.6009273529052734,0.11557149887084961,0.07990598678588867,1.378781795501709
1,11,4.942931652069092,0.0,0.8999999761581421,0.699999988079071,0.5,0.20000000298023224,3.5199384689331055,1.2998042106628418,1.4229605197906494,0.5987045764923096,0.11672425270080566,0.08037137985229492,1.3825626373291016
1,12,6.303518056869507,-0.0004000663757324219,0.9998999834060669,0.9998999834060669,9.999999747378752e-05,0.9998999834060669,5.022400856018066,1.5284602642059326,1.2810776233673096,1.86625075340271,0.11600708961486816,0.08031892776489258,1.387789249420166
1,13,6.279625177383423,-0.0004000663757324219,0.9998999834060669,9.999999747378752e-05,0.9998999834060669,9.999999747378752e-05,4.965348243713379,1.522273302078247,1.3142411708831787,1.8187768459320068,0.11613917350769043,0.08098578453063965,1.384352684020996
1,14,6.348796129226685,-0.0004000663757324219,0.9998999834060669,0.9998999834060669,9.999999747378752e-05,0.9998999834060669,5.030248165130615,1.535994529724121,1.318507194519043,1.872025728225708,0.1143491268157959,0.07972216606140137,1.3853363990783691
1,15,4.818499326705933,0.0,0.8999999761581421,0.699999988079071,0.5,0.20000000298023224,3.503678321838379,1.2879903316497803,1.3147892951965332,0.6023070812225342,0.11375045776367188,0.07872939109802246,1.3803975582122803
1,16,14.635977029800415,-0.0004000663757324219,0.9998999834060669,9.999999747378752e-05,0.9998999834060669,9.999999747378752e-05,9.961406469345093,3.1068153381347656,4.67446494102478,2.814152240753174,0.22952842712402344,0.14003849029541016,3.5907437801361084
1,17,14.78562045097351,-0.0004000663757324219,0.9998999834060669,0.9998999834060669,9.999999747378752e-05,0.9998999834060669,10.178383111953735,3.1224098205566406,4.607133865356445,3.0345444679260254,0.23300862312316895,0.14362692832946777,3.5630781650543213
1,18,12.174912452697754,0.0,0.8999999761581421,0.699999988079071,0.5,0.20000000298023224,7.503580331802368,2.5927512645721436,4.671231269836426,0.9124958515167236,0.22843313217163086,0.1355586051940918,3.560298204421997
1,19,14.580616235733032,-0.0004000663757324219,0.9998999834060669,0.9998999834060669,9.999999747378752e-05,0.9998999834060669,10.124561786651611,3.087477207183838,4.455930948257446,3.0297980308532715,0.23020696640014648,0.1416947841644287,3.552954912185669
1,20,14.379622220993042,-0.0004000663757324219,0.9998999834060669,0.9998999834060669,9.999999747378752e-05,9.999999747378752e-05,9.966281175613403,3.1319313049316406,4.413238763809204,2.7856736183166504,0.2338395118713379,0.14579987525939941,3.5879032611846924
1,21,14.732846736907959,-0.0004000663757324219,0.9998999834060669,0.9998999834060669,9.999999747378752e-05,0.9998999834060669,10.274543046951294,3.1330323219299316,4.458182096481323,3.0387463569641113,0.2342522144317627,0.14767694473266602,3.6367554664611816
1,22,14.427950620651245,-0.0004000663757324219,0.9998999834060669,9.999999747378752e-05,0.9998999834060669,9.999999747378752e-05,10.010981559753418,3.1394262313842773,4.416866064071655,2.817918539047241,0.23186707496643066,0.14367961883544922,3.596052408218384
1,23,14.449155807495117,-0.0004000663757324219,0.9998999834060669,9.999999747378752e-05,0.9998999834060669,9.999999747378752e-05,9.936837196350098,3.1126511096954346,4.512206554412842,2.8091886043548584,0.23106050491333008,0.14157700538635254,3.56083607673645
1,24,14.405503988265991,-0.0004000663757324219,0.9998999834060669,0.9998999834060669,9.999999747378752e-05,0.9998999834060669,10.150647640228271,3.1005208492279053,4.254746675491333,3.0245916843414307,0.2295856475830078,0.1445636749267578,3.569469451904297
1,25,14.443787813186646,-0.0004000663757324219,0.9998999834060669,9.999999747378752e-05,0.9998999834060669,9.999999747378752e-05,9.92983078956604,3.1109654903411865,4.513841867446899,2.8144242763519287,0.23070693016052246,0.14153552055358887,3.551807403564453
1,26,15.154476404190063,-0.0004000663757324219,0.9998999834060669,0.9998999834060669,9.999999747378752e-05,0.9998999834060669,10.236664295196533,3.1409912109375,4.917689085006714,3.0300168991088867,0.23567748069763184,0.14875221252441406,3.5975711345672607
1,27,13.290202856063843,-0.0004000663757324219,0.9998999834060669,9.999999747378752e-05,9.999999747378752e-05,0.9998999834060669,8.684475183486938,3.140327215194702,4.605606317520142,1.4580087661743164,0.2345566749572754,0.1449885368347168,3.6232104301452637
1,28,14.556187391281128,-0.0004000663757324219,0.9998999834060669,9.999999747378752e-05,0.9998999834060669,9.999999747378752e-05,10.005532503128052,3.1531620025634766,4.550531387329102,2.8099253177642822,0.23479557037353516,0.1448078155517578,3.5800533294677734
1,29,14.580575227737427,-0.0004000663757324219,0.9998999834060669,0.9998999834060669,9.999999747378752e-05,9.999999747378752e-05,10.013569116592407,3.128145456314087,4.566888093948364,2.775157928466797,0.23535513877868652,0.14476871490478516,3.6470489501953125
1,30,12.277051448822021,0.0,0.8999999761581421,0.699999988079071,0.5,0.20000000298023224,7.677543640136719,2.7171225547790527,4.59940505027771,0.9500842094421387,0.22669005393981934,0.13933134078979492,3.5674209594726562
2,1,7.804771184921265,-5.769886016845703,0.9998999834060669,0.28251439332962036,0.6218562722206116,0.2714228332042694,6.520798683166504,1.6842381954193115,1.283937931060791,3.2163617610931396,0.1151876449584961,0.08163881301879883,1.3805618286132812
2,3,8.732608795166016,-6.870577812194824,0.9998999834060669,0.9998999834060669,0.9998999834060669,0.32367485761642456,7.433039903640747,1.6841466426849365,1.2995257377624512,4.123227119445801,0.11510324478149414,0.08127903938293457,1.386894702911377
2,4,7.472575664520264,-4.838961124420166,0.9998999834060669,0.5452104210853577,0.5451909303665161,9.999999747378752e-05,6.109643936157227,1.6766777038574219,1.3628911972045898,2.80473256111145,0.11547136306762695,0.0803976058959961,1.3893327713012695
2,5,6.777473211288452,-6.812605333328247,0.9998999834060669,0.3185380697250366,0.42065754532814026,0.3045679032802582,5.529065370559692,1.69289231300354,1.2483716011047363,2.2175636291503906,0.1159365177154541,0.08163762092590332,1.3781397342681885
2,6,8.141620874404907,-6.89009952545166,0.9998999834060669,0.4523356854915619,0.9229685068130493,0.20735831558704376,6.858604431152344,1.6963579654693604,1.2829763889312744,3.5428428649902344,0.1158137321472168,0.07984709739685059,1.3819525241851807
2,7,5.732439756393433,-0.0015997886657714844,0.9998999834060669,9.999999747378752e-05,9.999999747378752e-05,0.9998999834060669,4.4191224575042725,1.6836037635803223,1.3132755756378174,1.1201708316802979,0.11515355110168457,0.07975387573242188,1.3766748905181885
2,8,7.790976524353027,-6.80628776550293,0.9998999834060669,0.2095516473054886,0.7206547856330872,0.9117429256439209,6.469189167022705,1.6774241924285889,1.3217525482177734,3.1540141105651855,0.11472392082214355,0.08100199699401855,1.3994534015655518
2,9,7.598273038864136,-4.416009426116943,0.9998999834060669,9.999999747378752e-05,0.9998999834060669,0.4818177819252014,6.3041839599609375,1.7066116333007812,1.294048547744751,2.9774701595306396,0.11640048027038574,0.08059811592102051,1.3801751136779785
2,10,8.257496356964111,-7.697599840164185,0.9998999834060669,0.5084298253059387,0.725029706954956,0.2887766659259796,6.886782884597778,1.7850711345672607,1.3706791400909424,3.480705499649048,0.11785101890563965,0.08321595191955566,1.3761281967163086
2,11,6.286012411117554,-3.4994162797927855,0.9998999834060669,0.2917262017726898,9.999999747378752e-05,0.7595298886299133,5.032524347305298,1.6744520664215088,1.2534520626068115,1.7328753471374512,0.11553025245666504,0.08064579963684082,1.3858721256256104
2,12,7.1128013134002686,-3.7440733909606934,0.9998999834060669,9.999999747378752e-05,0.612549364566803,0.6125884056091309,5.86314058303833,1.670020341873169,1.2496285438537598,2.583749532699585,0.11307764053344727,0.08025407791137695,1.3740732669830322
2,13,7.751800775527954,-8.091598892211914,0.6993539929389954,0.957983672618866,0.26767057180404663,0.48716187477111816,6.389363527297974,1.6701531410217285,1.3624029159545898,3.0950305461883545,0.11515569686889648,0.08077597618103027,1.3857355117797852
2,14,6.161849737167358,-3.6965412139892577,0.9998999834060669,9.999999747378752e-05,0.33276548981666565,0.4064190089702606,4.929861068725586,1.6709632873535156,1.2319538593292236,1.6486899852752686,0.1137697696685791,0.0802304744720459,1.374007225036621
2,15,8.40360403060913,-8.159133911132812,0.9998999834060669,0.4069907069206238,0.8951645493507385,0.7939010262489319,7.040852069854736,1.662278413772583,1.3627173900604248,3.7579996585845947,0.11504435539245605,0.0810236930847168,1.3813934326171875
2,16,15.414788484573364,-4.838961124420166,0.9998999834060669,0.5452609062194824,9.999999747378752e-05,0.5453007221221924,10.721582174301147,3.388389825820923,4.693107604980469,3.236623764038086,0.2417125701904297,0.15112733840942383,3.6201930046081543
2,17,16.92591166496277,-3.5425363540649415,0.9998999834060669,0.27495235204696655,0.8265846967697144,9.999999747378752e-05,12.400322675704956,3.4082531929016113,4.5254716873168945,4.952332973480225,0.22940635681152344,0.1473703384399414,3.5815322399139404
2,18,19.038182735443115,-5.711255073547363,0.9998999834060669,0.9998999834060669,0.9411856532096863,0.16753405332565308,14.32700490951538,3.3900721073150635,4.711061477661133,6.793476581573486,0.23929953575134277,0.14864134788513184,3.6716513633728027
2,19,17.6701078414917,-6.1930694580078125,0.9337987899780273,0.9998999834060669,0.24345237016677856,0.23236054182052612,13.07882571220398,3.4296531677246094,4.591153144836426,5.48667311668396,0.23457717895507812,0.15064477920532227,3.6946184635162354
2,20,17.955790758132935,-5.422385215759277,0.9998999834060669,0.20506687462329865,0.9998999834060669,0.4554169774055481,13.401447057723999,3.4007110595703125,4.554227352142334,5.918105602264404,0.23480844497680664,0.14431285858154297,3.6204771995544434
2,21,17.103071689605713,-7.037430763244629,0.9998999834060669,0.22211505472660065,0.7291631102561951,0.5801851749420166,12.461992502212524,3.413541793823242,4.640930652618408,4.976410388946533,0.2378861904144287,0.1464376449584961,3.6027958393096924
2,22,17.367708444595337,-6.744584083557129,0.9998999834060669,0.7511438131332397,0.18965987861156464,0.9998999834060669,12.77449369430542,3.401027202606201,4.593063592910767,5.257369518280029,0.2377033233642578,0.14470362663269043,3.650238037109375
2,23,16.819737911224365,-4.115542411804199,0.9998999834060669,0.9998999834060669,9.999999747378752e-05,0.742073655128479,12.181928157806396,3.3979785442352295,4.637697696685791,4.698184490203857,0.23267650604248047,0.1479814052581787,3.620778799057007
2,24,18.41939687728882,-4.27910041809082,0.9998999834060669,0.8388346433639526,0.5045174360275269,9.999999747378752e-05,13.434014797210693,3.4681549072265625,4.985254764556885,5.9019389152526855,0.23972511291503906,0.15378832817077637,3.5838210582733154
2,25,19.298304796218872,-6.9951677322387695,0.9998999834060669,0.8670836687088013,0.37781524658203125,0.9998999834060669,14.434975862503052,3.396378517150879,4.863208293914795,6.976114511489868,0.23964428901672363,0.15025901794433594,3.5892844200134277
2,26,16.58730149269104,-7.126814126968384,0.9998999834060669,0.27571284770965576,0.41828054189682007,0.8415024876594543,11.957861423492432,3.3751988410949707,4.629317283630371,4.537045955657959,0.23231816291809082,0.14548039436340332,3.5872018337249756
2,27,16.139911890029907,-3.4480366706848145,0.9998999834060669,9.999999747378752e-05,0.7658529281616211,0.26912444829940796,11.62248420715332,3.532039165496826,4.5173094272613525,3.998777151107788,0.23723554611206055,0.1474921703338623,3.6227688789367676
2,28,16.062947988510132,-5.5779906749725345,0.9998999834060669,0.4836597144603729,0.12593239545822144,0.43665799498558044,11.555153846740723,3.414418935775757,4.507692098617554,4.076430320739746,0.23223543167114258,0.14673256874084473,3.60272479057312
2,29,16.399394989013672,-3.7431998252868652,0.9998999834060669,9.999999747378752e-05,0.605803906917572,0.6063892245292664,11.783176183700562,3.414189577102661,4.616095542907715,4.28038477897644,0.2355661392211914,0.14587831497192383,3.6227238178253174
2,30,17.53751540184021,-8.658635711669922,0.9998999834060669,0.6617912650108337,0.43515142798423767,0.4629548192024231,13.019503593444824,3.429295063018799,4.517868518829346,5.502450942993164,0.23753619194030762,0.1505289077758789,3.5772743225097656
3,1,7.070279836654663,-16.330230522155762,0.9998999834060669,0.1850394904613495,0.15634487569332123,0.7203218340873718,5.69264554977417,1.8005800247192383,1.3775990009307861,2.2796106338500977,0.11422061920166016,0.08017158508300781,1.3760552406311035
3,2,8.923821926116943,-19.694654083251955,0.9998999834060669,0.5233259797096252,0.3634890913963318,0.2508159577846527,7.5846264362335205,1.8136069774627686,1.3391563892364502,4.154657602310181,0.11425185203552246,0.0807027816772461,1.3793213367462158
3,3,9.804259300231934,-27.597789764404297,0.9998999834060669,0.4040679335594177,0.6885875463485718,0.4045822024345398,8.516334295272827,1.7931489944458008,1.2878847122192383,5.100654363632202,0.11366653442382812,0.08007407188415527,1.386535882949829
3,4,8.559508085250854,-23.010713386535645,0.9998999834060669,0.2719323933124542,0.3684101700782776,0.72608482837677,7.286357402801514,1.820180892944336,1.2731099128723145,3.826458215713501,0.12091493606567383,0.08548402786254883,1.3887736797332764
3,5,7.912299394607544,-18.102687644958497,0.9998999834060669,0.1680578738451004,0.355912983417511,0.5474271178245544,6.617858171463013,1.8442943096160889,1.2944042682647705,3.139075756072998,0.11826872825622559,0.08328914642333984,1.389167070388794
3,6,11.112825393676758,-32.97774238586426,0.9998999834060669,0.426633358001709,0.5632014274597168,0.9998999834060669,9.817115783691406,1.968515396118164,1.2956547737121582,6.1805219650268555,0.13432931900024414,0.08359169960021973,1.385519027709961
3,7,8.448328733444214,-20.530302810668946,0.8844473361968994,0.046215541660785675,0.9114540815353394,0.577877938747406,7.183486461639404,1.8122038841247559,1.2648074626922607,3.7444686889648438,0.11523556709289551,0.08229589462280273,1.3865814208984375
3,8,9.361302375793457,-24.58591938018799,0.7694395780563354,0.8969929814338684,0.6534727215766907,0.1282244175672531,8.109127521514893,1.8228492736816406,1.252131700515747,4.6636879444122314,0.11587762832641602,0.08132028579711914,1.3824007511138916
3,9,8.582036972045898,-22.57441577911377,0.9998999834060669,0.4229899048805237,0.1606082320213318,0.9998999834060669,7.30591344833374,1.8084838390350342,1.2760794162750244,3.872058153152466,0.11614155769348145,0.08208799362182617,1.3838841915130615
3,10,9.847767114639282,-30.916520500183104,0.9998999834060669,0.5240765810012817,0.4709935784339905,0.6164438724517822,8.516699314117432,1.8313210010528564,1.3310272693634033,5.05645227432251,0.11616110801696777,0.08160662651062012,1.3878164291381836
3,11,9.88711166381836,-22.787827491760254,0.9998999834060669,0.5707189440727234,0.5474731922149658,0.19523678719997406,8.568577527999878,1.980412244796753,1.3184852600097656,4.910024404525757,0.13937592506408691,0.0839071273803711,1.3905673027038574
3,12,9.904684066772461,-25.508946037292482,0.9998999834060669,0.5341321229934692,0.5308201909065247,0.3653336465358734,8.659194946289062,1.8247990608215332,1.2454493045806885,5.217258453369141,0.11458873748779297,0.08120536804199219,1.3789503574371338
3,13,9.45636534690857,-29.444853019714355,0.9998999834060669,0.6193459630012512,0.355611115694046,0.5469703674316406,8.174131393432617,1.8398849964141846,1.2821950912475586,4.70648980140686,0.11566710472106934,0.08229327201843262,1.3867812156677246
3,14,8.336049795150757,-24.59150638580322,0.9998999834060669,0.3406645655632019,0.40073129534721375,0.5204439759254456,7.046078443527222,1.8152499198913574,1.2899348735809326,3.6112656593322754,0.11650919914245605,0.08160591125488281,1.378507375717163
3,15,9.686465501785278,-25.858188438415528,0.9998999834060669,0.5882141590118408,0.45808690786361694,0.3468548059463501,8.407747745513916,1.8412725925445557,1.2786836624145508,4.936940908432007,0.11618733406066895,0.08226132392883301,1.3886005878448486
3,16,17.78818392753601,-18.38641986846924,0.9998999834060669,0.4726112484931946,0.19704847037792206,0.3600875437259674,13.210864067077637,3.7213990688323975,4.577184677124023,5.395718574523926,0.24298667907714844,0.15387654304504395,3.6099724769592285
3,17,20.398350477218628,-15.597280883789063,0.9998999834060669,0.4991394877433777,0.7611352801322937,9.999999747378752e-05,15.71840238571167,3.770859956741333,4.679781436920166,7.7660298347473145,0.2543652057647705,0.16325807571411133,3.673983335494995
3,18,19.609472274780273,-27.207791137695313,0.9998999834060669,0.46273356676101685,0.309402734041214,0.6816845536231995,15.016429901123047,3.7372732162475586,4.5929365158081055,7.063182830810547,0.24840927124023438,0.15317726135253906,3.7260189056396484
3,19,20.629018306732178,-29.856672096252442,0.9410597681999207,0.765879213809967,0.26373985409736633,0.6615244150161743,16.02861475944519,3.719672918319702,4.600282430648804,8.209903717041016,0.24535679817199707,0.14849114418029785,3.6202614307403564
3,20,19.766114473342896,-20.220226669311522,0.9998999834060669,0.4677514135837555,0.37498852610588074,0.2670096457004547,15.119194984436035,3.694884777069092,4.646798610687256,7.342620611190796,0.24081921577453613,0.1544346809387207,3.6021230220794678
3,21,21.343611478805542,-29.50372371673584,0.9998999834060669,0.5311297178268433,0.5478318929672241,0.45512932538986206,16.714438915252686,3.7711315155029297,4.6290600299835205,8.856806755065918,0.2397458553314209,0.15415167808532715,3.6074154376983643
3,22,20.29526996612549,-17.119915008544922,0.9998999834060669,0.45711567997932434,0.5977598428726196,0.07678800821304321,15.75011658668518,3.7268223762512207,4.54503321647644,7.906675815582275,0.2395775318145752,0.15314245223999023,3.636883020401001
3,23,21.449524641036987,-23.539006614685057,0.9998999834060669,0.9123573899269104,0.426413357257843,0.17444811761379242,16.84932231903076,3.7247939109802246,4.600083589553833,8.819442510604858,0.25293445587158203,0.15624451637268066,3.8068490028381348
3,24,19.89485239982605,-26.577928352355958,0.9998999834060669,0.45438864827156067,0.5050877928733826,0.41514164209365845,15.416343688964844,3.6867446899414062,4.478402614593506,7.6552510261535645,0.23355531692504883,0.14567899703979492,3.613403558731079
3,25,20.420222759246826,-24.95929088592529,0.6854050159454346,0.9010589718818665,0.7427863478660583,0.11274281144142151,15.943281650543213,3.699146032333374,4.476831436157227,8.171153545379639,0.23828530311584473,0.14743638038635254,3.6041617393493652
3,26,18.90410280227661,-24.521862602233888,0.9998999834060669,0.4214145541191101,0.2828320860862732,0.5633660554885864,14.459959030151367,3.6956355571746826,4.444038391113281,6.708248853683472,0.23598742485046387,0.14732670783996582,3.589852809906006
3,27,18.642517566680908,-20.242401313781738,0.6690412163734436,0.16048365831375122,0.8199325799942017,0.39081329107284546,13.243738889694214,3.6968138217926025,5.398673057556152,5.49942946434021,0.23408102989196777,0.14715170860290527,3.58469295501709
3,28,21.1546950340271,-28.46265354156494,0.9998999834060669,0.5833942294120789,0.4659099578857422,0.4360211491584778,16.496999502182007,3.69551420211792,4.6575868129730225,8.735233068466187,0.23357653617858887,0.14759159088134766,3.603062629699707
3,29,22.656977653503418,-27.342123985290527,0.9998999834060669,0.9410848617553711,0.3530460596084595,0.36211422085762024,18.14871573448181,3.7550253868103027,4.508159637451172,10.325206756591797,0.23453593254089355,0.14882111549377441,3.6023099422454834
3,30,20.334746599197388,-26.33214874267578,0.9998999834060669,0.4493985176086426,0.48332953453063965,0.47938260436058044,15.826412677764893,3.7182164192199707,4.5082175731658936,7.987934827804565,0.24043059349060059,0.14869928359985352,3.6462783813476562
4,1,11.35295057296753,-84.61204147338867,0.9998999834060669,0.36529141664505005,0.6372122764587402,0.4180434048175812,10.053058624267578,1.9589753150939941,1.2998521327972412,6.472446918487549,0.11540603637695312,0.08087992668151855,1.3828585147857666
4,2,9.869744062423706,-62.05540466308594,0.8721392154693604,0.09352564811706543,0.6945193409919739,0.6072991490364075,8.522627353668213,1.9616827964782715,1.3470840454101562,4.940594673156738,0.1156919002532959,0.0808708667755127,1.3808069229125977
4,3,10.48430871963501,-75.2865104675293,0.9998999834060669,0.3821057081222534,0.41142183542251587,0.49468380212783813,9.071588516235352,1.9613361358642578,1.41267728805542,5.4777092933654785,0.11541986465454102,0.08186197280883789,1.3926024436950684
4,4,11.923392057418823,-80.04722290039062,0.9998999834060669,0.4147373139858246,0.4574451744556427,0.5053861737251282,10.664255380630493,2.10160493850708,1.2590889930725098,6.8882410526275635,0.13686299324035645,0.08445453643798828,1.3879072666168213
4,5,10.455541849136353,-75.23364562988282,0.9998999834060669,0.32897984981536865,0.4776928424835205,0.49926015734672546,9.134087562561035,1.969146490097046,1.3214128017425537,5.534112930297852,0.11730456352233887,0.08382129669189453,1.3858323097229004
4,6,10.559593439102173,-75.29121398925781,0.9998999834060669,0.4664919972419739,0.40682104229927063,0.438008576631546,9.268544673919678,1.967740774154663,1.2910065650939941,5.661938905715942,0.11713314056396484,0.0822148323059082,1.3959665298461914
4,7,10.42815613746643,-72.75499801635742,0.9998999834060669,0.23227559030056,0.536761462688446,0.5842094421386719,9.133880138397217,1.9642703533172607,1.2942421436309814,5.539347171783447,0.12018680572509766,0.08301019668579102,1.383131742477417
4,8,10.900480031967163,-66.92950973510742,0.9998999834060669,0.5534180402755737,0.2266007363796234,0.5242869257926941,9.64945650100708,2.0013010501861572,1.2509732246398926,6.004754066467285,0.12195086479187012,0.08254480361938477,1.3893163204193115
4,9,10.212899446487427,-65.43549613952636,0.9998999834060669,0.22960513830184937,0.5126221179962158,0.5218545794487,8.928518772125244,1.9944465160369873,1.2843387126922607,5.307681560516357,0.11657857894897461,0.08188009262084961,1.385110855102539
4,10,10.222445726394653,-73.8818374633789,0.9998999834060669,0.3218814730644226,0.5154301524162292,0.4643053710460663,8.977022886276245,1.9904015064239502,1.2453882694244385,5.3540565967559814,0.1203768253326416,0.0823051929473877,1.3868117332458496
4,11,11.70963978767395,-81.65400619506836,0.9998999834060669,0.4762764275074005,0.4986144006252289,0.4141473174095154,10.388246536254883,1.9825294017791748,1.321352481842041,6.776043176651001,0.11758780479431152,0.08267712593078613,1.3866074085235596
4,12,11.709661960601807,-79.85351486206055,0.9998999834060669,0.5266540050506592,0.4231609106063843,0.40221789479255676,10.386542320251465,1.9765238761901855,1.3230857849121094,6.781323432922363,0.11666703224182129,0.08154654502868652,1.3884830474853516
4,13,10.177752494812012,-55.54281311035156,0.9998999834060669,0.24008700251579285,0.5022729635238647,0.37741342186927795,8.918108701705933,2.113953113555908,1.2595882415771484,5.13250207901001,0.13750123977661133,0.08407378196716309,1.38596773147583
4,14,9.847806930541992,-64.73968353271485,0.9998999834060669,0.4150996804237366,0.34996795654296875,0.440219908952713,8.583962202072144,1.9461793899536133,1.2638120651245117,5.01917839050293,0.11432695388793945,0.08086061477661133,1.381563663482666
4,15,10.33044981956482,-81.52366943359375,0.8987142443656921,0.3204686641693115,0.5560792088508606,0.5585105419158936,8.988065004348755,1.9599015712738037,1.3423504829406738,5.38076114654541,0.11565780639648438,0.08118796348571777,1.4085700511932373
4,16,23.827609539031982,-85.33292007446289,0.9998999834060669,0.6346760988235474,0.25645312666893005,0.6275351047515869,19.018908977508545,3.9825730323791504,4.808577537536621,10.944288730621338,0.2369697093963623,0.1516275405883789,3.6171011924743652
4,17,20.667101860046387,-64.6265380859375,0.9998999834060669,0.4026452898979187,0.3883827030658722,0.42059072852134705,16.228358268737793,4.018092155456543,4.438621520996094,8.034969091415405,0.2399766445159912,0.14890122413635254,3.701793909072876
4,18,21.22374963760376,-81.9769905090332,0.7138848900794983,0.2553690969944,0.6745258569717407,0.6935105919837952,16.788148641586304,3.964125871658325,4.435435056686401,8.699354887008667,0.23703551292419434,0.1478891372680664,3.654921293258667
4,19,22.529396057128906,-88.00134735107422,0.9998999834060669,0.4342665374279022,0.4087650179862976,0.5637383460998535,18.05260396003723,4.039947271347046,4.476683139801025,9.859365224838257,0.23766136169433594,0.15314555168151855,3.676957130432129
4,20,21.210688591003418,-66.20609245300292,0.8282375931739807,0.427338182926178,0.7241910099983215,0.22231726348400116,16.6552951335907,3.9923951625823975,4.555297613143921,8.541131496429443,0.2327136993408203,0.14678001403808594,3.657708168029785
4,21,26.31632423400879,-86.43213348388672,0.9998999834060669,0.6034246683120728,0.49659204483032227,0.36481723189353943,20.442055702209473,4.113184690475464,5.874158620834351,12.212536334991455,0.2361280918121338,0.15138769149780273,3.642254114151001
4,22,22.092033624649048,-65.3902458190918,0.9998999834060669,0.47481897473335266,0.5011125206947327,0.2488858997821808,17.58840322494507,3.9532346725463867,4.503519296646118,9.606277227401733,0.23210453987121582,0.1466388702392578,3.569563627243042
4,23,20.579551458358765,-67.83485717773438,0.9998999834060669,0.28963544964790344,0.42605680227279663,0.560336709022522,16.0655198097229,3.921238899230957,4.513909578323364,8.115533590316772,0.23134899139404297,0.14384865760803223,3.572359085083008
4,24,22.814334630966187,-85.63227920532226,0.9777175784111023,0.6261336207389832,0.22623229026794434,0.6527976393699646,18.256771087646484,3.9453341960906982,4.557443380355835,10.271753072738647,0.23767662048339844,0.15003752708435059,3.568479537963867
4,25,24.034798860549927,-89.4158920288086,0.9998999834060669,0.6211021542549133,0.37840715050697327,0.48318302631378174,19.58354425430298,3.9577581882476807,4.451149225234985,11.563098669052124,0.23522305488586426,0.14857029914855957,3.595181465148926
4,26,21.98883867263794,-80.8704948425293,0.9998999834060669,0.49813100695610046,0.3102056384086609,0.5825673341751099,17.232913970947266,3.9482569694519043,4.755780935287476,9.262003898620605,0.2312314510345459,0.14362525939941406,3.567382335662842
4,27,22.33755111694336,-78.11924362182617,0.8879480957984924,0.6073123812675476,0.6405109763145447,0.21453402936458588,17.925522565841675,4.016438007354736,4.411911487579346,9.870121955871582,0.23398542404174805,0.14552927017211914,3.5795445442199707
4,28,21.1515212059021,-69.01348571777343,0.9998999834060669,0.4267194867134094,0.42740002274513245,0.4034816026687622,16.742367029190063,3.9818525314331055,4.40903902053833,8.718438148498535,0.23665642738342285,0.14532923698425293,3.5797159671783447
4,29,22.901633262634277,-84.91762084960938,0.9998999834060669,0.6032645106315613,0.41064149141311646,0.4076549708843231,18.431676387786865,3.925341844558716,4.469845771789551,10.461443901062012,0.23308920860290527,0.14762163162231445,3.5815601348876953
4,30,19.941792011260986,-64.0047779083252,0.8983184695243835,0.10557771474123001,0.6136945486068726,0.6501525640487671,15.43381643295288,3.91899037361145,4.507869243621826,7.49908709526062,0.23105311393737793,0.14479827880859375,3.558863878250122
5,1,12.559448003768921,-208.2114501953125,0.9969574213027954,0.5870180130004883,0.264455109834671,0.4727212190628052,11.222402334213257,2.1387195587158203,1.3370089530944824,7.455277681350708,0.11558842658996582,0.08354926109313965,1.3859357833862305
5,2,15.461978673934937,-251.9583541870117,0.9998999834060669,0.5841605067253113,0.5227832794189453,0.31979334354400635,14.188597202301025,2.1814956665039062,1.273345708847046,10.36564326286316,0.12191390991210938,0.08360481262207031,1.3882644176483154
5,3,13.008627653121948,-238.5654327392578,0.9998999834060669,0.4397687017917633,0.3655730187892914,0.5818031430244446,11.683136701583862,2.1711413860321045,1.3254458904266357,7.867386102676392,0.11714839935302734,0.0828099250793457,1.401383876800537
5,4,13.686068773269653,-239.21796722412108,0.9998999834060669,0.5050987005233765,0.40433505177497864,0.45822805166244507,12.388836860656738,2.1342897415161133,1.2971916198730469,8.6179039478302,0.1174771785736084,0.08256316184997559,1.393735647201538
5,5,12.906311273574829,-209.11312408447264,0.9998999834060669,0.39664503931999207,0.4279310703277588,0.4850624203681946,11.56541109085083,2.1364493370056152,1.340860366821289,7.789753198623657,0.11784791946411133,0.08281278610229492,1.395205020904541
5,6,13.656721591949463,-230.1852813720703,0.9998999834060669,0.44389769434928894,0.42550671100616455,0.4999755620956421,12.300240755081177,2.1742162704467773,1.3564457893371582,8.486361503601074,0.11857318878173828,0.08295774459838867,1.3945515155792236
5,7,13.270125150680542,-235.81988220214845,0.9998999834060669,0.33846667408943176,0.5091614723205566,0.5438895225524902,11.99104619026184,2.121194839477539,1.2790379524230957,8.234217882156372,0.11753964424133301,0.08199906349182129,1.392909049987793
5,8,13.098171949386597,-224.21444396972657,0.9998999834060669,0.4251260757446289,0.42038750648498535,0.5053050518035889,11.812335968017578,2.1173288822174072,1.2857954502105713,8.081669092178345,0.11440563201904297,0.08112120628356934,1.3752567768096924
5,9,13.468791961669922,-252.146533203125,0.9613766670227051,0.5021086931228638,0.43599438667297363,0.5007086992263794,12.115689039230347,2.1040587425231934,1.3530690670013428,8.37812876701355,0.11508059501647949,0.08119702339172363,1.3951585292816162
5,10,12.392782926559448,-206.00568237304688,0.9998999834060669,0.37115705013275146,0.30959829688072205,0.6375863552093506,11.047035694122314,2.149845838546753,1.345710277557373,7.251338958740234,0.11861300468444824,0.08306312561035156,1.4005556106567383
5,11,14.622298240661621,-265.51336669921875,0.9998999834060669,0.47628116607666016,0.4640140235424042,0.5143334865570068,13.35128664970398,2.262643337249756,1.2709574699401855,9.411699533462524,0.1427621841430664,0.08390307426452637,1.3838865756988525
5,12,13.547919511795044,-227.5364776611328,0.9998999834060669,0.4744863212108612,0.43461674451828003,0.443776935338974,12.271975994110107,2.114384174346924,1.2759017944335938,8.531278133392334,0.11765170097351074,0.08169078826904297,1.3844468593597412
5,13,13.8809494972229,-257.4083679199219,0.9998999834060669,0.407470166683197,0.48001426458358765,0.5481361150741577,12.568057775497437,2.1282811164855957,1.3128526210784912,8.804078817367554,0.11930036544799805,0.0846247673034668,1.3882007598876953
5,14,12.750397443771362,-211.60853576660156,0.9998999834060669,0.34539559483528137,0.44797447323799133,0.5374690890312195,11.42841124534607,2.1125152111053467,1.3219454288482666,7.670166492462158,0.11769819259643555,0.08230352401733398,1.4026362895965576
5,15,11.174436807632446,-193.44322052001954,0.9571415185928345,0.4263627827167511,0.37349823117256165,0.48986580967903137,9.924784183502197,2.098829507827759,1.2496180534362793,6.201425552368164,0.11626577377319336,0.08229756355285645,1.3826093673706055
5,16,24.92908477783203,-221.05220947265624,0.9998999834060669,0.42674005031585693,0.39248746633529663,0.5342302918434143,20.447038650512695,4.235446214675903,4.481936454772949,12.16099739074707,0.23472142219543457,0.14646506309509277,3.5864603519439697
5,17,26.012964248657227,-219.5871551513672,0.9998999834060669,0.38791412115097046,0.4319472014904022,0.5092658400535583,21.48588728904724,4.3049116134643555,4.526954412460327,12.06387448310852,0.23579740524291992,1.2322869300842285,3.565068006515503
5,18,26.720081329345703,-235.9513946533203,0.9998999834060669,0.4786394536495209,0.3836295008659363,0.520162045955658,21.730811595916748,4.29663610458374,4.989170074462891,13.206222534179688,0.24640154838562012,0.15445494651794434,3.7416958808898926
5,19,22.422531843185425,-193.64118347167968,0.9998999834060669,0.3203672170639038,0.37871846556663513,0.5768091678619385,18.049522638320923,4.250393867492676,4.372900724411011,9.767136812210083,0.23286747932434082,0.14872002601623535,3.565627098083496
5,20,25.206272840499878,-242.15347290039062,0.9027819633483887,0.38823357224464417,0.5599032044410706,0.5193859338760376,20.801100492477417,4.243536949157715,4.4050445556640625,12.515114784240723,0.23347234725952148,0.1495375633239746,3.574418544769287
5,21,25.846561431884766,-210.76349029541015,0.9998999834060669,0.38725778460502625,0.5513890981674194,0.38191458582878113,21.433225393295288,4.310861825942993,4.413211345672607,13.052900791168213,0.2315206527709961,0.14809131622314453,3.606614828109741
5,22,24.17490839958191,-202.91746826171874,0.9998999834060669,0.49079951643943787,0.34344398975372314,0.4513561725616455,19.768009662628174,4.228872537612915,4.406787395477295,11.48777437210083,0.23245763778686523,0.15001654624938965,3.5869140625
5,23,26.33265209197998,-217.26048889160157,0.9998999834060669,0.3905412554740906,0.3668462038040161,0.5954152345657349,20.56502914428711,4.308573007583618,5.7674970626831055,12.117496252059937,0.2464594841003418,0.15847516059875488,3.64719557762146
5,24,24.56515097618103,-201.72504730224608,0.9998999834060669,0.3815855383872986,0.3804846704006195,0.5318861603736877,20.034892320632935,4.280703783035278,4.530143737792969,11.696946620941162,0.23546051979064941,0.1473846435546875,3.5918467044830322
5,25,25.967493534088135,-225.79633331298828,0.9998999834060669,0.46804407238960266,0.44341349601745605,0.434513121843338,21.437645435333252,4.26008677482605,4.529735803604126,13.12088394165039,0.2305748462677002,0.14598393440246582,3.5969443321228027
5,26,24.576730012893677,-201.81044006347656,0.9998999834060669,0.35597822070121765,0.48077577352523804,0.45517468452453613,19.939789056777954,4.212831020355225,4.636822700500488,11.652288436889648,0.23330402374267578,0.14537596702575684,3.6144492626190186
5,27,25.74014115333557,-247.55160827636718,0.9998999834060669,0.4885473847389221,0.37612754106521606,0.5514739751815796,21.347941398620605,4.281224727630615,4.392099142074585,12.990636587142944,0.2368147373199463,0.14687252044677734,3.6096301078796387
5,28,27.253966808319092,-231.58069458007813,0.9998999834060669,0.49819621443748474,0.4578428566455841,0.41488975286483765,22.8550021648407,4.345451593399048,4.398838043212891,14.396097421646118,0.24873733520507812,0.1568753719329834,3.6215364933013916
5,29,25.744116067886353,-235.75393524169922,0.9643482565879822,0.37590470910072327,0.51582932472229,0.5102639198303223,20.775834560394287,4.284610033035278,4.9681456089019775,12.36553430557251,0.23566198348999023,0.14894652366638184,3.6578426361083984
5,30,24.748355388641357,-227.95711364746094,0.9998999834060669,0.37532323598861694,0.3943781852722168,0.5935113430023193,20.22395372390747,4.29852032661438,4.5242908000946045,11.841264009475708,0.2378993034362793,0.14847159385681152,3.6147890090942383
6,1,10.200155019760132,-41.232438278198245,0.9998999834060669,0.3546811044216156,0.2717776894569397,0.3313973844051361,8.938279628753662,1.9597504138946533,1.2618372440338135,5.35514235496521,0.11616110801696777,0.08159351348876953,1.3826799392700195
6,2,9.314054250717163,-43.44919662475586,0.9998999834060669,0.3128812909126282,0.2548801004886627,0.40403932332992554,8.029433965682983,1.9830081462860107,1.284585952758789,4.423554420471191,0.11678600311279297,0.08162951469421387,1.3813502788543701
6,3,9.875539064407349,-46.13530731201172,0.9998999834060669,0.44667524099349976,0.3668721616268158,0.19798718392848969,8.596983432769775,1.9663100242614746,1.2785139083862305,5.002262830734253,0.1161046028137207,0.08205151557922363,1.3876683712005615
6,4,8.964117527008057,-45.8594425201416,0.9998999834060669,0.24232110381126404,0.3530608117580414,0.4012460708618164,7.519915819168091,1.9169583320617676,1.4441659450531006,3.9732329845428467,0.1131904125213623,0.07848978042602539,1.3966267108917236
6,5,9.257309675216675,-43.23785591125488,0.9998999834060669,0.23536984622478485,0.26060062646865845,0.49903497099876404,7.882928848266602,2.177055835723877,1.3743290901184082,4.028801918029785,0.1379084587097168,0.08686637878417969,1.3876075744628906
6,6,9.06670069694519,-45.35918922424317,0.9998999834060669,0.21200580894947052,0.33953335881233215,0.4570615887641907,7.758437871932983,1.9639973640441895,1.3082258701324463,4.159681797027588,0.11576080322265625,0.08213067054748535,1.393937587738037
6,7,10.240749597549438,-39.754346466064455,0.9998999834060669,0.17397378385066986,0.5023461580276489,0.2797839641571045,8.905285596847534,1.951716661453247,1.3354287147521973,5.319455623626709,0.11485695838928223,0.08182215690612793,1.3949007987976074
6,8,8.857734203338623,-43.376230239868164,0.9998999834060669,0.23007020354270935,0.29456454515457153,0.4383785128593445,7.583839178085327,1.9624831676483154,1.2738492488861084,3.9992480278015137,0.11492753028869629,0.08230471611022949,1.3820505142211914
6,9,9.905280828475952,-43.43243179321289,0.9998999834060669,0.3691731095314026,0.3141932785511017,0.294015109539032,8.614688396453857,1.9837465286254883,1.290541410446167,4.997093677520752,0.11692094802856445,0.0824425220489502,1.391202449798584
6,10,9.534898042678833,-45.84423408508301,0.9998999834060669,0.3524770140647888,0.3285805583000183,0.2996115982532501,8.201178073883057,2.0093863010406494,1.333683729171753,4.551636695861816,0.11656880378723145,0.08386826515197754,1.3962600231170654
6,11,9.423446655273438,-46.68008689880371,0.9998999834060669,0.3868977427482605,0.4028785526752472,0.21817634999752045,8.178812980651855,1.9604861736297607,1.244593858718872,4.604645490646362,0.11704659461975098,0.08130431175231934,1.3726418018341064
6,12,10.535494804382324,-47.9001277923584,0.9998999834060669,0.31306371092796326,0.4568098485469818,0.2348737269639969,9.170839071273804,1.9953806400299072,1.3646197319030762,5.526204824447632,0.11667871475219727,0.08205866813659668,1.4070193767547607
6,13,9.80882477760315,-44.2116039276123,0.9998999834060669,0.41789716482162476,0.3099893033504486,0.26104509830474854,8.552577018737793,1.9634852409362793,1.2562119960784912,4.97802209854126,0.11347699165344238,0.08055853843688965,1.3758175373077393
6,14,9.572882652282715,-46.17716903686524,0.9998999834060669,0.31144553422927856,0.35000261664390564,0.3174522817134857,8.157099723815918,1.9743976593017578,1.4157490730285645,4.544718980789185,0.11553525924682617,0.08171868324279785,1.3982069492340088
6,15,10.043656349182129,-46.92223701477051,0.9998999834060669,0.40134239196777344,0.4321739077568054,0.18208886682987213,8.742674112319946,1.953829288482666,1.3009419441223145,5.159197807312012,0.11422109603881836,0.0799248218536377,1.3939576148986816
6,16,20.032087326049805,-50.20471534729004,0.949006199836731,0.3547978103160858,0.40693482756614685,0.2938336133956909,15.295861959457397,4.072824954986572,4.736114501953125,7.183794260025024,0.2357954978942871,0.14912700653076172,3.5714547634124756
6,17,21.17356038093567,-45.80411605834961,0.9998999834060669,0.3486284017562866,0.34996211528778076,0.2872973084449768,16.352639198303223,3.969855308532715,4.820786714553833,8.332298040390015,0.23687362670898438,0.14576172828674316,3.5852606296539307
6,18,20.78277587890625,-43.789999389648436,0.9998999834060669,0.3999171853065491,0.31091687083244324,0.2635527551174164,16.01926612854004,3.9654383659362793,4.763380527496338,7.982774019241333,0.23438787460327148,0.14837908744812012,3.60417103767395
6,19,20.857345581054688,-50.916250991821286,0.9824854731559753,0.37995943427085876,0.3739965260028839,0.2988230288028717,16.091649055480957,3.9895734786987305,4.7655699253082275,8.005714178085327,0.24279093742370605,0.15091514587402344,3.616689443588257
6,20,19.886499643325806,-41.49443588256836,0.9998999834060669,0.3146335184574127,0.2363499402999878,0.4332330524921417,15.247733116149902,4.0403711795806885,4.638622760772705,7.068666458129883,0.24180817604064941,0.15332317352294922,3.658464193344116
6,21,20.29801368713379,-44.03584213256836,0.9998999834060669,0.35659828782081604,0.30106720328330994,0.3246883153915405,15.618208169937134,3.986858606338501,4.679691791534424,7.544379234313965,0.23373889923095703,0.15036821365356445,3.6192429065704346
6,22,21.172186374664307,-45.55556945800781,0.9998999834060669,0.45528581738471985,0.49841055274009705,0.08876436948776245,16.559760332107544,4.03768253326416,4.612287282943726,8.43052077293396,0.23836278915405273,0.15109992027282715,3.615432024002075
6,23,20.514691829681396,-48.03042907714844,0.9998999834060669,0.3541623055934906,0.30723655223846436,0.34441491961479187,15.78303599357605,3.989222288131714,4.7315380573272705,7.713334798812866,0.23517656326293945,0.15045428276062012,3.6096115112304688
6,24,20.12751293182373,-45.65453453063965,0.9998999834060669,0.242079496383667,0.36707085371017456,0.36837488412857056,15.53383994102478,3.993867874145508,4.593566179275513,7.478447437286377,0.23877787590026855,0.14920973777770996,3.5898234844207764
6,25,21.118977785110474,-46.181274032592775,0.9998999834060669,0.32941073179244995,0.36668166518211365,0.30837419629096985,15.777922868728638,4.128364324569702,5.340943813323975,7.543488025665283,0.24810504913330078,0.15618538856506348,3.615255832672119
6,26,19.706114053726196,-41.755482864379886,0.9998999834060669,0.3052331805229187,0.32502126693725586,0.3033532202243805,15.1188485622406,3.99464750289917,4.587152004241943,7.026143312454224,0.2431633472442627,0.15139269828796387,3.6181640625
6,27,19.165743350982666,-39.124930191040036,0.9998999834060669,0.43090420961380005,0.15662142634391785,0.3667445480823517,14.605895042419434,4.036567687988281,4.559733152389526,6.46601939201355,0.24393224716186523,0.15427136421203613,3.6196534633636475
6,28,19.054945707321167,-43.880102920532224,0.9998999834060669,0.21081359684467316,0.26389002799987793,0.5291287302970886,14.184493780136108,4.060373783111572,4.870323657989502,6.008313894271851,0.2411811351776123,0.15053653717041016,3.640021800994873
6,29,19.607876300811768,-45.26347122192383,0.9998999834060669,0.37458837032318115,0.22668606042861938,0.37625059485435486,15.086839199066162,3.95812726020813,4.520914077758789,7.005659580230713,0.24477052688598633,0.1494584083557129,3.643115282058716
6,30,19.670283555984497,-43.063113403320315,0.9998999834060669,0.27791059017181396,0.40489405393600464,0.28265777230262756,15.222415447235107,3.9841344356536865,4.44770359992981,7.125140190124512,0.23827242851257324,0.1494617462158203,3.638746500015259
7,1,14.524761438369751,-493.6909545898437,0.8856008052825928,0.5269396901130676,0.5771965980529785,0.26491686701774597,13.204363584518433,2.286437749862671,1.3203649520874023,9.27608346939087,0.11625862121582031,0.08270478248596191,1.4003067016601562
7,2,14.773925542831421,-480.15980224609376,0.9621310830116272,0.47852402925491333,0.4819185137748718,0.30360883474349976,13.445243120193481,2.358110189437866,1.328622817993164,9.419326543807983,0.12427234649658203,0.08174419403076172,1.4108810424804688
7,3,14.207762241363525,-478.82855834960935,0.9998999834060669,0.4078822731971741,0.4249698519706726,0.39284974336624146,12.850759506225586,2.390669345855713,1.356938123703003,8.77472448348999,0.13382792472839355,0.08844113349914551,1.4132392406463623
7,4,14.195515155792236,-471.6248748779297,0.9955264329910278,0.3697126805782318,0.46644192934036255,0.37389516830444336,12.914356708526611,2.288663625717163,1.2811133861541748,8.996325254440308,0.11684012413024902,0.08361101150512695,1.3861868381500244
7,5,13.923433303833008,-470.6923553466797,0.9998999834060669,0.3704836070537567,0.4253365397453308,0.4252987504005432,12.62522029876709,2.272061824798584,1.298170566558838,8.714830875396729,0.11596298217773438,0.08149266242980957,1.3980185985565186
7,6,18.053448915481567,-1624.4869384765625,0.9769996404647827,0.45868784189224243,0.45115020871162415,0.4497058689594269,16.73765230178833,2.5631980895996094,1.315746545791626,12.515920639038086,0.11891508102416992,0.08602452278137207,1.4082813262939453
7,7,17.450913667678833,-1635.7915161132812,0.9667724370956421,0.4413379430770874,0.44525331258773804,0.4939458966255188,16.11481547355652,2.5144829750061035,1.3360552787780762,11.946510076522827,0.1212613582611084,0.08739495277404785,1.4003701210021973
7,8,17.812834978103638,-1579.1372924804687,0.9998999834060669,0.42338117957115173,0.416126012802124,0.501547634601593,16.489211559295654,2.5396881103515625,1.3235738277435303,12.276869773864746,0.1268291473388672,0.0856325626373291,1.4071524143218994
7,9,17.982365369796753,-1595.9963012695312,0.9998999834060669,0.43622609972953796,0.4118797183036804,0.49039268493652344,16.684732675552368,2.5504467487335205,1.2975950241088867,12.474904298782349,0.11874008178710938,0.08746671676635742,1.4074699878692627
7,10,17.515471696853638,-1577.1811645507812,0.9998999834060669,0.39940977096557617,0.43517979979515076,0.4988047778606415,16.239715576171875,2.5652689933776855,1.275691032409668,12.02509355545044,0.13178610801696777,0.08911681175231934,1.379422903060913
7,11,17.774431943893433,-1632.0501831054687,0.9627476334571838,0.43613630533218384,0.4477737843990326,0.48531800508499146,16.417688369750977,2.5926668643951416,1.3566789627075195,12.11653470993042,0.14022111892700195,0.08918023109436035,1.4284052848815918
7,12,17.742623567581177,-1605.286083984375,0.9962975382804871,0.4344148337841034,0.4048386812210083,0.5046650171279907,16.461684226989746,2.6680197715759277,1.2808928489685059,12.12081503868103,0.13079476356506348,0.09157705307006836,1.4049766063690186
7,13,18.278045654296875,-1634.30888671875,0.9865322709083557,0.41223573684692383,0.45181500911712646,0.47337037324905396,16.988900184631348,2.833003520965576,1.289109230041504,12.520241975784302,0.11764144897460938,0.08447051048278809,1.3897895812988281
7,14,17.593647956848145,-1621.1156616210938,0.9926843047142029,0.43061408400535583,0.41782763600349426,0.5011307597160339,16.263298749923706,2.451364278793335,1.3303108215332031,12.161784172058105,0.12485313415527344,0.09345173835754395,1.3870904445648193
7,15,18.219104528427124,-1589.4136840820313,0.9998999834060669,0.45448771119117737,0.40627750754356384,0.47326037287712097,16.92785096168518,2.55399751663208,1.2911927700042725,12.690825939178467,0.12961053848266602,0.08792853355407715,1.4161937236785889
7,16,34.35061812400818,-1577.6242919921874,0.9998999834060669,0.42803582549095154,0.42912423610687256,0.49051374197006226,29.656932592391968,4.862718820571899,4.693563938140869,20.7281231880188,0.23786616325378418,0.14713072776794434,3.5979344844818115
7,17,33.57971739768982,-1645.6194702148437,0.9579508900642395,0.44948843121528625,0.45927396416664124,0.4733533263206482,29.086490154266357,4.877088785171509,4.493113994598389,20.144366979599,0.23692941665649414,0.14775729179382324,3.595344066619873
7,18,33.25524663925171,-1587.3293212890626,0.9998999834060669,0.399687260389328,0.4056723415851593,0.5336873531341553,28.792678833007812,4.899916410446167,4.462448596954346,19.790700674057007,0.2438051700592041,0.15650057792663574,3.614142656326294
7,19,33.3846538066864,-1623.6401733398438,0.9702872633934021,0.4446154832839966,0.433432936668396,0.481778085231781,28.784505605697632,5.023749113082886,4.600004434585571,19.674866676330566,0.23722386360168457,0.1478414535522461,3.6166460514068604
7,20,34.04225707054138,-1633.3943359375,0.9634280800819397,0.4063468873500824,0.49466368556022644,0.4689720571041107,29.334126472473145,4.8874218463897705,4.708017110824585,20.355793237686157,0.23829889297485352,0.14736056327819824,3.6199018955230713
7,21,33.160295724868774,-1616.85986328125,0.9661981463432312,0.41367146372795105,0.45748475193977356,0.49171486496925354,28.587421655654907,4.877732992172241,4.572756052017212,19.630212545394897,0.23646211624145508,0.14876723289489746,3.6085987091064453
7,22,33.511470794677734,-1625.1248168945312,0.9967886209487915,0.4435689449310303,0.40195783972740173,0.5029961466789246,28.961275100708008,4.815916538238525,4.550061941146851,20.028289318084717,0.24103951454162598,0.14614224433898926,3.6464200019836426
7,23,33.3096866607666,-1661.9443359375,0.9182854890823364,0.47394827008247375,0.4765079915523529,0.45417213439941406,28.814220428466797,4.843968391418457,4.495316982269287,19.871956825256348,0.2470390796661377,0.15404653549194336,3.612037420272827
7,24,33.611801862716675,-1618.5623657226563,0.9776278138160706,0.4540404677391052,0.4321584701538086,0.4695912003517151,29.07243013381958,4.842519283294678,4.539259910583496,20.163607835769653,0.2368321418762207,0.14959144592285156,3.5932364463806152
7,25,32.886269330978394,-1659.53046875,0.9358779191970825,0.43692341446876526,0.4700758457183838,0.503354012966156,28.313673734664917,4.873058557510376,4.572474002838135,19.397228240966797,0.23583531379699707,0.14754891395568848,3.575827121734619
7,26,34.38649845123291,-1590.8419067382813,0.9998999834060669,0.4006320536136627,0.4535921812057495,0.47931623458862305,29.787760019302368,5.07365870475769,4.598527669906616,20.57062315940857,0.24280810356140137,0.15157008171081543,3.6623642444610596
7,27,34.095723152160645,-1632.3484252929688,0.9856745004653931,0.4151764214038849,0.452931672334671,0.47623226046562195,29.54351568222046,4.8779284954071045,4.552083492279053,20.582260608673096,0.24492406845092773,0.15218162536621094,3.6012113094329834
7,28,34.19241404533386,-1616.9458251953124,0.9915478229522705,0.4629468619823456,0.4274822771549225,0.4591245651245117,29.70400381088257,4.861352920532227,4.4882848262786865,20.772438287734985,0.23569059371948242,0.14943838119506836,3.6003758907318115
7,29,33.581767320632935,-1627.56611328125,0.9700789451599121,0.4530998170375824,0.4475455582141876,0.47589531540870667,29.085864067077637,4.8694329261779785,4.495781421661377,20.146412134170532,0.23672747611999512,0.1510019302368164,3.5983903408050537
7,30,34.022056102752686,-1612.2662719726563,0.9998999834060669,0.408852756023407,0.43783465027809143,0.4974695146083832,29.507367849349976,4.930785894393921,4.51456880569458,20.48213005065918,0.240095853805542,0.1537020206451416,3.614701509475708
8,1,17.56925678253174,-2642.5369140625,0.9998999834060669,0.4398321509361267,0.43305906653404236,0.3215782046318054,16.265294075012207,2.7204482555389404,1.303900957107544,11.850582361221313,0.1307682991027832,0.09136533737182617,1.4224772453308105
8,2,17.06643319129944,-2628.25078125,0.9998999834060669,0.4266168475151062,0.4160475730895996,0.3485834002494812,15.667526006698608,2.696580410003662,1.3988447189331055,11.293121576309204,0.13310599327087402,0.08969378471374512,1.4055445194244385
8,3,16.9063401222229,-2603.29033203125,0.9998999834060669,0.39853301644325256,0.4282798171043396,0.3607921898365021,15.582694292068481,2.7173540592193604,1.3235933780670166,11.2103853225708,0.11891889572143555,0.08865809440612793,1.4013113975524902
8,4,16.903836727142334,-2634.553857421875,0.9998999834060669,0.41412344574928284,0.4114867150783539,0.36353856325149536,15.61762547492981,2.708003282546997,1.2861530780792236,11.227986574172974,0.13383936882019043,0.08942794799804688,1.4087190628051758
8,5,17.572165489196777,-2637.6500244140625,0.9998999834060669,0.4383491277694702,0.42602959275245667,0.3239319622516632,16.30114436149597,2.7323076725006104,1.270979404449463,11.898953437805176,0.1259899139404297,0.0930929183959961,1.4053356647491455
8,6,17.71259307861328,-2616.219091796875,0.9998999834060669,0.423629492521286,0.41673699021339417,0.3470969498157501,16.326982736587524,2.9156572818756104,1.385566234588623,11.731789350509644,0.12801647186279297,0.09207701683044434,1.4140758514404297
8,7,17.334288120269775,-2626.4921630859376,0.9998999834060669,0.4283907115459442,0.4375125467777252,0.3438994586467743,16.030892610549927,2.5721893310546875,1.3033483028411865,11.786261558532715,0.1174325942993164,0.08495235443115234,1.4259819984436035
8,8,19.220353364944458,-4301.7353515625,0.9836540818214417,0.42163410782814026,0.4493694007396698,0.4901053309440613,17.959357261657715,2.5644545555114746,1.260979413986206,13.760155439376831,0.11728692054748535,0.08317828178405762,1.391155481338501
8,9,19.18787956237793,-4243.2216796875,0.9998999834060669,0.4138958156108856,0.41700926423072815,0.5144758820533752,17.874576568603516,2.5392005443573,1.3132853507995605,13.708961009979248,0.11615777015686035,0.08250617980957031,1.3852872848510742
8,10,19.382669925689697,-4325.82802734375,0.9828991293907166,0.4519522786140442,0.4302726984024048,0.4764028787612915,18.05289649963379,2.5516953468322754,1.3297545909881592,13.861189365386963,0.11703824996948242,0.08287620544433594,1.3970253467559814
8,11,19.517029523849487,-4291.533935546875,0.9947364330291748,0.44220006465911865,0.42394959926605225,0.4750818610191345,18.240602493286133,2.5527641773223877,1.2764089107513428,14.050961971282959,0.11651372909545898,0.08246016502380371,1.3956174850463867
8,12,19.759831428527832,-4261.20322265625,0.9998999834060669,0.43889120221138,0.42648568749427795,0.4761107861995697,18.46731400489807,2.536278009414673,1.2925012111663818,14.282603025436401,0.1152806282043457,0.08178973197937012,1.4094533920288086
8,13,19.489447832107544,-4253.30185546875,0.9966418743133545,0.43846336007118225,0.4225562810897827,0.48835065960884094,18.193368911743164,2.5799930095672607,1.2960619926452637,13.978165626525879,0.11824345588684082,0.08421945571899414,1.3889317512512207
8,14,19.49849534034729,-4341.6341796875,0.9942922592163086,0.4577541649341583,0.43348947167396545,0.4894014894962311,18.182193994522095,2.5521504878997803,1.316284418106079,14.00446081161499,0.1160273551940918,0.0823667049407959,1.3841941356658936
8,15,18.954575300216675,-4334.551025390625,0.975649356842041,0.44067367911338806,0.4154582619667053,0.5162137150764465,17.630064249038696,2.5857796669006348,1.3244943618774414,13.391665697097778,0.12085628509521484,0.08570218086242676,1.4013147354125977
8,16,36.06605672836304,-4321.449365234375,0.9876039028167725,0.4382214844226837,0.4303891062736511,0.47544363141059875,31.415632963180542,5.366491794586182,4.650352239608765,21.91934823989868,0.24422740936279297,0.15761494636535645,3.641014575958252
8,17,36.11478400230408,-4219.080224609375,0.9998999834060669,0.42632579803466797,0.4472953677177429,0.4755764901638031,31.593682289123535,5.2502665519714355,4.5210325717926025,22.22860336303711,0.2524430751800537,0.16632819175720215,3.60599684715271
8,18,35.180570125579834,-4315.4619140625,0.9947752356529236,0.43455880880355835,0.42805060744285583,0.49432313442230225,30.650822639465332,5.194118022918701,4.529666185379028,21.36692500114441,0.24684500694274902,0.1563427448272705,3.5996153354644775
8,19,35.29382085800171,-4320.162939453125,0.9864528775215149,0.44653376936912537,0.45810404419898987,0.4781601130962372,30.772918224334717,5.161578893661499,4.5208351612091064,21.492148637771606,0.24935078620910645,0.15317606925964355,3.630045175552368
8,20,34.7764675617218,-4298.21708984375,0.9812442660331726,0.43924766778945923,0.41579297184944153,0.5001294612884521,30.276628971099854,5.184054136276245,4.499770402908325,20.980957984924316,0.24779200553894043,0.14921975135803223,3.6300203800201416
8,21,35.13333988189697,-4382.81396484375,0.9608083963394165,0.4701356589794159,0.44101041555404663,0.4763892889022827,30.518685340881348,5.216869831085205,4.6145734786987305,21.179544687271118,0.2538173198699951,0.15705442428588867,3.6234536170959473
8,22,34.844003438949585,-4428.451708984375,0.948903501033783,0.4515770673751831,0.46740496158599854,0.49408799409866333,30.149577617645264,5.2532713413238525,4.694356203079224,20.800856590270996,0.2400362491607666,0.15657591819763184,3.611546754837036
8,23,36.01734137535095,-4266.53681640625,0.9998999834060669,0.43033358454704285,0.4327973425388336,0.4889974892139435,31.487905025482178,5.183471918106079,4.529371976852417,22.222676515579224,0.23696494102478027,0.15309381484985352,3.607710599899292
8,24,35.68522095680237,-4222.661767578125,0.9998999834060669,0.4373721480369568,0.418674498796463,0.48312586545944214,31.095428943634033,5.222276926040649,4.58970308303833,21.81264877319336,0.23177599906921387,0.15329480171203613,3.591035842895508
8,25,35.552955627441406,-4210.006982421875,0.9998999834060669,0.4185425341129303,0.4336797893047333,0.5125859975814819,31.01633381843567,5.202393054962158,4.536550760269165,21.746325731277466,0.23423290252685547,0.15314292907714844,3.5956478118896484
8,26,35.97544813156128,-4256.5171875,0.9998999834060669,0.4514795243740082,0.41755685210227966,0.4761931598186493,31.417582511901855,5.221893310546875,4.55776047706604,22.07088327407837,0.2547941207885742,0.16376447677612305,3.6187543869018555
8,27,35.71916437149048,-4323.255224609375,0.9836896061897278,0.444516122341156,0.4608692526817322,0.4657800793647766,31.03361177444458,5.203310966491699,4.68545389175415,21.73703670501709,0.24468159675598145,0.15279555320739746,3.608170986175537
8,28,35.29062104225159,-4302.79326171875,0.9937286376953125,0.4326353073120117,0.41222885251045227,0.5016229748725891,30.54811930656433,5.09057092666626,4.742415428161621,21.380642652511597,0.2380213737487793,0.15265607833862305,3.602509021759033
8,29,35.63922953605652,-4216.94921875,0.9998999834060669,0.4162348806858063,0.4247625470161438,0.4978138506412506,30.946420431137085,5.166123628616333,4.692720890045166,21.665610313415527,0.24444198608398438,0.1504354476928711,3.6338858604431152
8,30,36.12780547142029,-4297.931787109375,0.9998999834060669,0.43140649795532227,0.44334423542022705,0.47603902220726013,31.50509548187256,5.484894752502441,4.6226348876953125,21.848504304885864,0.25377678871154785,0.16423606872558594,3.6635727882385254
9,1,21.60417079925537,-9124.7205078125,0.9998999834060669,0.42367449402809143,0.4186345040798187,0.44519251585006714,20.24904489517212,2.7231757640838623,1.3550875186920166,15.863536596298218,0.12873220443725586,0.08517599105834961,1.4035050868988037
9,2,24.38142466545105,-11168.180859375,0.9998999834060669,0.434031218290329,0.42535534501075745,0.4899959862232208,23.08483099937439,2.7613484859466553,1.2965497970581055,18.67042589187622,0.12200641632080078,0.08675956726074219,1.3995678424835205
9,3,23.812610149383545,-11326.86513671875,0.9845767021179199,0.4434143900871277,0.43854036927223206,0.4869764447212219,22.47499394416809,2.7939960956573486,1.337571382522583,18.03457474708557,0.11788058280944824,0.08564496040344238,1.3987579345703125
9,4,23.93224263191223,-11167.90263671875,0.9993774890899658,0.4239780306816101,0.44270777702331543,0.49329674243927,22.618175506591797,2.7567529678344727,1.31402587890625,18.198664665222168,0.11801934242248535,0.08614444732666016,1.4146397113800049
9,5,24.272868871688843,-11144.97373046875,0.9998999834060669,0.4266418218612671,0.43600672483444214,0.4901268780231476,22.96374797821045,2.7329399585723877,1.3090736865997314,18.571203470230103,0.11994075775146484,0.08571743965148926,1.410224437713623
9,6,23.636144876480103,-11299.7224609375,0.9850965142250061,0.44307565689086914,0.43577247858047485,0.4839755594730377,22.30939531326294,2.708862066268921,1.3267061710357666,17.94051241874695,0.11683797836303711,0.08420157432556152,1.4159514904022217
9,7,24.573986291885376,-11196.334375,0.9998999834060669,0.4430955648422241,0.434175968170166,0.47512176632881165,23.192522764205933,2.7241389751434326,1.3814194202423096,18.819286823272705,0.11809110641479492,0.08468413352966309,1.4019367694854736
9,8,23.635965585708618,-11319.416796875,0.9922366142272949,0.42725512385368347,0.4349835216999054,0.4979095160961151,22.260677337646484,2.7313144207000732,1.3752491474151611,17.889026403427124,0.11673092842102051,0.08456683158874512,1.3960893154144287
9,9,23.91404438018799,-11430.1611328125,0.9682576060295105,0.45962101221084595,0.45831823348999023,0.458364337682724,22.603464365005493,2.6868233680725098,1.3105411529541016,18.28982710838318,0.11513972282409668,0.08252954483032227,1.3867464065551758
9,10,23.96471118927002,-11261.37109375,0.9998999834060669,0.44463348388671875,0.42898398637771606,0.49068260192871094,22.686319828033447,2.7923569679260254,1.2783443927764893,18.25497531890869,0.11701583862304688,0.0846414566040039,1.3943395614624023
9,11,24.34340000152588,-11258.7927734375,0.9980337023735046,0.44994163513183594,0.4408486783504486,0.4713272750377655,23.031556129455566,2.6906661987304688,1.3118066787719727,18.68092179298401,0.11485600471496582,0.08287334442138672,1.4200828075408936
9,12,23.95510244369507,-11360.85654296875,0.9876579642295837,0.4468853771686554,0.44793781638145447,0.48371732234954834,22.66155767440796,2.748333215713501,1.29349946975708,18.265233755111694,0.11815595626831055,0.0876321792602539,1.3977997303009033
9,13,23.80794048309326,-11196.9291015625,0.9993815422058105,0.4212192893028259,0.42641785740852356,0.4990719258785248,22.495100736618042,2.7305665016174316,1.3127927780151367,18.10173010826111,0.11782431602478027,0.08630514144897461,1.41434907913208
9,14,24.002784252166748,-11204.8609375,0.9998999834060669,0.43912962079048157,0.42529022693634033,0.4809393286705017,22.70500421524048,2.7127840518951416,1.2977349758148193,18.343420028686523,0.1224985122680664,0.08558773994445801,1.396611213684082
9,15,24.028437852859497,-11202.07900390625,0.9998999834060669,0.4229753613471985,0.42900675535202026,0.5005052089691162,22.66992974281311,2.7735071182250977,1.3584644794464111,18.24366044998169,0.12052011489868164,0.08811235427856445,1.3991413116455078
9,16,42.86344861984253,-11314.359375,0.9837303161621094,0.4403819143772125,0.43814748525619507,0.4887561798095703,37.9543833732605,5.491022109985352,4.9089179039001465,28.331287145614624,0.24704861640930176,0.15974855422973633,3.6378817558288574
9,17,43.182230710983276,-11190.9158203125,0.9998999834060669,0.4366006851196289,0.4260052442550659,0.48897743225097656,38.36025309562683,5.459298372268677,4.8218162059783936,28.791104316711426,0.24634432792663574,0.16027545928955078,3.6141741275787354
9,18,42.64409518241882,-11191.16796875,0.9991923570632935,0.4316476583480835,0.41482648253440857,0.5043941140174866,37.99389100074768,5.674468994140625,4.650074005126953,28.11846685409546,0.2603466510772705,0.16956877708435059,3.679272174835205
9,19,42.668845653533936,-11204.3619140625,0.9998999834060669,0.42644408345222473,0.4216206669807434,0.5021843910217285,38.17526650428772,5.600539445877075,4.493449449539185,28.40446400642395,0.2514214515686035,0.17051148414611816,3.6605277061462402
9,20,43.042550563812256,-11257.3681640625,0.998490035533905,0.43232569098472595,0.43621987104415894,0.48503416776657104,38.45989799499512,5.422939300537109,4.5825231075286865,28.90490174293518,0.24608683586120605,0.16039228439331055,3.6396431922912598
9,21,42.83383131027222,-11406.294921875,0.9684700965881348,0.4698624610900879,0.4400569796562195,0.47494950890541077,38.223652601242065,5.492909908294678,4.610031604766846,28.5805504322052,0.2613241672515869,0.16318869590759277,3.635178565979004
9,22,42.59182381629944,-11309.0068359375,0.9915164113044739,0.43413394689559937,0.4360981583595276,0.49407821893692017,38.168315172195435,5.691069602966309,4.423376798629761,28.350664615631104,0.24912405014038086,0.1631455421447754,3.6253843307495117
9,23,43.698508977890015,-11295.5041015625,0.9959363341331482,0.44747021794319153,0.42879563570022583,0.49424150586128235,38.18228530883789,5.582049608230591,5.51608681678772,28.3340482711792,0.2659904956817627,0.16923952102661133,3.737576723098755
9,24,43.36476969718933,-11194.6890625,0.9998999834060669,0.43722811341285706,0.42754319310188293,0.4884110689163208,38.69149041175842,5.5132880210876465,4.673153400421143,28.971394300460815,0.2653939723968506,0.18363261222839355,3.664839506149292
9,25,43.27238202095032,-11274.49296875,0.9935252070426941,0.4475305378437042,0.43110981583595276,0.48135697841644287,38.55990958213806,5.478193759918213,4.7123212814331055,28.964059114456177,0.2527000904083252,0.1600029468536377,3.61608624458313
9,26,42.95472002029419,-11302.08701171875,0.9912182092666626,0.44494956731796265,0.44123831391334534,0.47675058245658875,38.47178077697754,5.515754461288452,4.482800722122192,28.838505268096924,0.24902796745300293,0.15845346450805664,3.622694253921509
9,27,42.44103264808655,-11229.64462890625,0.9973704218864441,0.4207316040992737,0.43975478410720825,0.4951572120189667,38.12313175201416,5.48066258430481,4.317787170410156,28.398844242095947,0.26119446754455566,0.16157817840576172,3.644167423248291
9,28,42.40869164466858,-11149.644140625,0.9998999834060669,0.4119489789009094,0.419481486082077,0.5207912921905518,37.968597412109375,5.515389442443848,4.439950466156006,28.287272453308105,0.24735283851623535,0.15456414222717285,3.6154916286468506
9,29,43.04576396942139,-11530.35791015625,0.9641320705413818,0.46862664818763733,0.4698364734649658,0.45771273970603943,38.580116987228394,5.525809288024902,4.4655187129974365,28.93732237815857,0.2576158046722412,0.15951919555664062,3.610747814178467
9,30,43.12173128128052,-11256.25556640625,0.9965445399284363,0.44251924753189087,0.433920294046402,0.477981299161911,38.50627899169922,5.505309581756592,4.615313291549683,28.896605968475342,0.24656939506530762,0.15779900550842285,3.612844705581665
10,1,27.919498920440674,-26426.8408203125,0.9998999834060669,0.43326035141944885,0.4300171136856079,0.46722328662872314,26.57568335533142,2.993119478225708,1.3437559604644775,21.903570413589478,0.1388254165649414,0.08600330352783203,1.3886065483093262
10,2,27.473370790481567,-26484.06640625,0.9998999834060669,0.42521029710769653,0.4246034026145935,0.4795428514480591,26.088311433792114,2.8358123302459717,1.3850104808807373,21.573995113372803,0.11645984649658203,0.08526849746704102,1.4330415725708008
10,3,27.66554832458496,-26447.2740234375,0.9998999834060669,0.4313122034072876,0.4262835383415222,0.47015199065208435,26.350963592529297,2.86164927482605,1.314537763595581,21.82206916809082,0.11709427833557129,0.0888211727142334,1.4165971279144287
10,4,29.38566493988037,-26533.00703125,0.9973333477973938,0.43790093064308167,0.4364043176174164,0.4590667486190796,28.084948778152466,2.882208824157715,1.3006675243377686,23.549684762954712,0.11863160133361816,0.08564114570617676,1.4056425094604492
10,5,29.14413833618164,-29168.909765625,0.9932029247283936,0.4457133710384369,0.442751407623291,0.47240781784057617,27.813539505004883,2.8927788734436035,1.3305585384368896,23.265458822250366,0.11932563781738281,0.08784651756286621,1.4039690494537354
10,6,29.305678367614746,-29134.960546875,0.9944049715995789,0.44651034474372864,0.44551506638526917,0.46890661120414734,27.971023559570312,2.8618881702423096,1.3346083164215088,23.450305223464966,0.11888432502746582,0.0879523754119873,1.4081814289093018
10,7,28.75580143928528,-29411.5900390625,0.9802414774894714,0.4474545419216156,0.4483654201030731,0.47773978114128113,27.455678701400757,2.8664045333862305,1.3000822067260742,22.924644231796265,0.11975216865539551,0.08796358108520508,1.4121644496917725
10,8,29.428452491760254,-29268.5392578125,0.987838864326477,0.4503017067909241,0.4402000606060028,0.48210403323173523,28.117672443389893,2.997789144515991,1.3107168674468994,23.394407749176025,0.14184784889221191,0.08913969993591309,1.4292712211608887
10,9,28.707599639892578,-29123.236328125,0.9971363544464111,0.4250025451183319,0.4360690712928772,0.49833670258522034,27.347772121429443,2.8501534461975098,1.35978364944458,22.842552423477173,0.11769580841064453,0.08697509765625,1.4062752723693848
10,10,28.54936194419861,-29530.28984375,0.9696869850158691,0.4573998749256134,0.45942223072052,0.4658352732658386,27.18246030807495,2.8606512546539307,1.3668551445007324,22.668296575546265,0.11801934242248535,0.0860755443572998,1.4056601524353027
10,11,28.908900022506714,-29189.9962890625,0.9931339621543884,0.44174161553382874,0.43795153498649597,0.4921848475933075,27.589190244674683,2.990049123764038,1.3196423053741455,22.88794445991516,0.14313364028930664,0.08971500396728516,1.4108097553253174
10,12,29.14958667755127,-29107.65546875,0.9920521974563599,0.4410255253314972,0.43916264176368713,0.4782710373401642,27.8133544921875,2.833071708679199,1.3361907005310059,23.31669855117798,0.11823868751525879,0.087249755859375,1.4142274856567383
10,13,28.5613853931427,-28970.1171875,0.9998999834060669,0.43282008171081543,0.43276509642601013,0.49435633420944214,27.269911766052246,2.823704481124878,1.2914268970489502,22.7981595993042,0.11602163314819336,0.08512425422668457,1.4041247367858887
10,14,28.70624327659607,-29154.333984375,0.9919508695602417,0.43452122807502747,0.43642473220825195,0.48770377039909363,27.42234230041504,2.920356035232544,1.2838554382324219,22.844278812408447,0.11882448196411133,0.08514690399169922,1.4093148708343506
10,15,28.63442850112915,-29075.1650390625,0.9988835453987122,0.43220436573028564,0.43226778507232666,0.48913684487342834,27.306159257888794,2.8387627601623535,1.328228235244751,22.814805030822754,0.11639881134033203,0.08484363555908203,1.408043622970581
10,16,53.52266526222229,-29108.64609375,0.9943388104438782,0.43907326459884644,0.4427388608455658,0.4820301830768585,48.986239433288574,5.714553117752075,4.536255598068237,38.13981056213379,0.25518107414245605,1.1491613388061523,3.638742685317993
10,17,52.41877365112305,-29017.731640625,0.9998999834060669,0.4278108775615692,0.4330231547355652,0.4913499057292938,47.83226442337036,5.792149782180786,4.586390256881714,37.9036591053009,0.24404025077819824,0.15842485427856445,3.645487070083618
10,18,52.12478017807007,-29124.008984375,0.9932401180267334,0.4342530369758606,0.4430101215839386,0.48371854424476624,47.74531626701355,5.678974390029907,4.379329204559326,37.92519927024841,0.25490331649780273,0.16074919700622559,3.637712240219116
10,19,52.33358073234558,-29166.667578125,0.9934321045875549,0.4354293644428253,0.4451523721218109,0.4849356412887573,47.7420494556427,5.706660747528076,4.5913896560668945,37.951815605163574,0.23887920379638672,0.15264368057250977,3.607825994491577
10,20,53.14671540260315,-29003.8255859375,0.9997632503509521,0.4380650818347931,0.4347822368144989,0.4809949994087219,48.54091691970825,5.651594877243042,4.605620622634888,38.40646719932556,0.2373061180114746,0.4911916255950928,3.669687271118164
10,21,51.64467525482178,-29364.2283203125,0.9836364984512329,0.4454188346862793,0.43649590015411377,0.49095070362091064,47.03416872024536,5.690883636474609,4.610340356826782,37.17318892478943,0.23775792121887207,0.1567702293395996,3.688286542892456
10,22,52.547971963882446,-29002.830859375,0.9979573488235474,0.43718212842941284,0.4354058504104614,0.4845401346683502,47.904173612594604,5.7271952629089355,4.643674612045288,38.08075261116028,0.2370772361755371,0.15119576454162598,3.6240737438201904
10,23,53.26757860183716,-29217.214453125,0.9923728704452515,0.4351910948753357,0.4458773136138916,0.4806375503540039,48.19015431404114,5.685825824737549,5.0772833824157715,38.4176549911499,0.23906731605529785,0.15386223793029785,3.60727596282959
10,24,52.39387392997742,-29213.4390625,0.9914858341217041,0.4356445372104645,0.4445028603076935,0.49193498492240906,47.815592527389526,5.806563138961792,4.578104496002197,37.82334494590759,0.2574453353881836,0.16458940505981445,3.6736979484558105
10,25,52.7763888835907,-29288.1712890625,0.9806931614875793,0.4522528052330017,0.44734278321266174,0.47207269072532654,48.20001411437988,5.908059597015381,4.576249361038208,37.95905017852783,0.3476414680480957,0.2557644844055176,3.64054274559021
10,26,54.6927444934845,-28938.1712890625,0.9998999834060669,0.42752593755722046,0.43559035658836365,0.4907092750072479,48.37362837791443,5.756259918212891,6.318865537643433,38.16615533828735,0.2520487308502197,0.162217378616333,3.9372291564941406
10,27,52.47220993041992,-29132.8935546875,0.9920341968536377,0.44353625178337097,0.43648454546928406,0.4772037863731384,47.89553236961365,5.684309482574463,4.576537132263184,38.10298681259155,0.23920202255249023,0.15364575386047363,3.629270315170288
10,28,52.06645607948303,-29323.80234375,0.9859795570373535,0.4397881031036377,0.44153690338134766,0.48841023445129395,47.37167286872864,5.7293360233306885,4.694646596908569,37.52743744850159,0.23931312561035156,0.1561586856842041,3.6333580017089844
10,29,52.87191915512085,-29177.047265625,0.9922993779182434,0.44273537397384644,0.44467535614967346,0.4718945026397705,48.40541076660156,5.751009464263916,4.466394662857056,38.43587255477905,0.23539972305297852,0.15259671211242676,3.629866361618042
10,30,52.84136605262756,-29097.01953125,0.9935519099235535,0.4374053478240967,0.44071605801582336,0.4798349440097809,48.269288301467896,5.875772476196289,4.571960926055908,38.27568459510803,0.242903470993042,0.15630888938903809,3.6313064098358154
11,1,35.25130486488342,-75269.284375,0.981737494468689,0.44693833589553833,0.4512295722961426,0.4762069880962372,33.914637327194214,2.965961456298828,1.336625337600708,29.299867868423462,0.11536645889282227,0.0867774486541748,1.403470754623413
11,2,35.923612117767334,-75192.13203125,0.9851152896881104,0.4476855993270874,0.4500197172164917,0.4744357764720917,34.55291533470154,3.1463186740875244,1.3706376552581787,29.695130348205566,0.14452648162841797,0.09193944931030273,1.408360242843628
11,3,35.52737236022949,-75192.19375,0.9824081063270569,0.4544146955013275,0.4489150047302246,0.4684976041316986,34.181827545166016,3.013432264328003,1.3455002307891846,29.502204179763794,0.1199045181274414,0.0911569595336914,1.4096813201904297
11,4,35.989975452423096,-75338.20625,0.9794966578483582,0.45316171646118164,0.45732367038726807,0.46589553356170654,34.57915234565735,3.193647861480713,1.4107561111450195,29.666704654693604,0.1464393138885498,0.09393143653869629,1.4111502170562744
11,5,35.44776129722595,-75223.02421875,0.982667088508606,0.4455221891403198,0.44658830761909485,0.4748828411102295,34.08969259262085,2.9709839820861816,1.3580262660980225,29.458812713623047,0.11839795112609863,0.08928298950195312,1.407642126083374
11,6,35.42800831794739,-75286.48046875,0.9810526371002197,0.45416492223739624,0.4513712227344513,0.4707973301410675,34.037046909332275,3.0559463500976562,1.3909127712249756,29.31933283805847,0.1186819076538086,0.08969664573669434,1.4082372188568115
11,7,36.05289816856384,-75185.98671875,0.9859483242034912,0.45031070709228516,0.45452338457107544,0.46918201446533203,34.68640851974487,2.9554390907287598,1.3664429187774658,29.642235040664673,0.11615753173828125,0.08729100227355957,1.8424336910247803
11,8,35.35994839668274,-75225.303125,0.9831110239028931,0.44871893525123596,0.44935107231140137,0.470909059047699,34.00635027885437,2.9520137310028076,1.3535478115081787,29.400956392288208,0.11707186698913574,0.08748269081115723,1.4061899185180664
11,9,35.39280414581299,-75008.071875,0.9872011542320251,0.45239540934562683,0.44457530975341797,0.4739321172237396,34.015565156936646,2.988284111022949,1.377192735671997,29.367415189743042,0.11720037460327148,0.08873462677001953,1.4095914363861084
11,10,35.17075562477112,-75224.4546875,0.9811285138130188,0.4504626393318176,0.4480660855770111,0.474921315908432,33.72860836982727,2.9820618629455566,1.4421031475067139,29.076982975006104,0.11787104606628418,0.08989071846008301,1.4172446727752686
11,11,35.560144901275635,-75231.6359375,0.9826158285140991,0.4526594877243042,0.44755443930625916,0.47147879004478455,34.23886823654175,3.0419411659240723,1.3212285041809082,29.523431539535522,0.12024211883544922,0.09017467498779297,1.4178669452667236
11,12,35.55255484580994,-75114.7078125,0.988288164138794,0.45269444584846497,0.4471079111099243,0.47383734583854675,34.19600009918213,2.9853928089141846,1.356506109237671,29.553815603256226,0.11825227737426758,0.08759474754333496,1.407606840133667
11,13,35.453436613082886,-75465.35546875,0.9788702726364136,0.45154300332069397,0.448841392993927,0.47546812891960144,34.04949688911438,3.050826072692871,1.4038949012756348,29.318042039871216,0.11881303787231445,0.09223246574401855,1.424715518951416
11,14,35.56673240661621,-75191.8046875,0.9823781847953796,0.45127013325691223,0.45009520649909973,0.46958187222480774,34.242664098739624,2.974656581878662,1.3240182399749756,29.61183214187622,0.1162724494934082,0.08726835250854492,1.4089431762695312
11,15,35.71591663360596,-75157.17421875,0.9845417737960815,0.45044776797294617,0.45116862654685974,0.46899572014808655,34.22520685195923,2.977219581604004,1.4906630516052246,29.585428476333618,0.1175072193145752,0.08869600296020508,1.4118070602416992
11,16,64.58091425895691,-75229.27109375,0.9822818040847778,0.4480467140674591,0.4502004384994507,0.4714905321598053,59.835010290145874,5.998507976531982,4.745774984359741,49.73447799682617,0.23557448387145996,0.153367280960083,3.6290340423583984
11,17,64.901522397995,-75003.878125,0.9877775311470032,0.4438770115375519,0.44516080617904663,0.47918039560317993,59.84235405921936,5.928773403167725,5.059031009674072,49.80393719673157,0.23396658897399902,0.15324163436889648,3.636709451675415
11,18,64.85683917999268,-75327.80703125,0.9819631576538086,0.45247265696525574,0.4501737058162689,0.4698764979839325,60.2929790019989,5.950310707092285,4.563720464706421,50.05904483795166,0.42197680473327637,0.15258359909057617,3.625762701034546
11,19,65.21754121780396,-75154.11171875,0.985296905040741,0.4546124339103699,0.4514962136745453,0.4636419713497162,60.62173581123352,5.934391021728516,4.595672607421875,50.56908297538757,0.2341327667236328,0.15340089797973633,3.644430160522461
11,20,65.89677238464355,-75072.44140625,0.9841091632843018,0.44807684421539307,0.4511342942714691,0.47302719950675964,60.00977349281311,6.051899194717407,5.8868231773376465,49.830204248428345,0.2554502487182617,0.16074514389038086,3.6213295459747314
11,21,65.37555623054504,-75089.07890625,0.9880133271217346,0.45512697100639343,0.4535926878452301,0.46790292859077454,60.63918948173523,6.049996376037598,4.736182928085327,50.37753987312317,0.25852012634277344,0.16308951377868652,3.6991686820983887
11,22,65.0190212726593,-75021.21796875,0.9859859347343445,0.4502674341201782,0.44567179679870605,0.47413697838783264,60.383288621902466,6.131381273269653,4.635540723800659,50.08403182029724,0.25707149505615234,0.17497801780700684,3.643519639968872
11,23,64.94872307777405,-75317.45390625,0.9797322750091553,0.4511438012123108,0.45357272028923035,0.46864181756973267,60.22336483001709,6.060994625091553,4.72522497177124,49.942121267318726,0.25475287437438965,0.16672611236572266,3.7107014656066895
11,24,66.56907224655151,-74928.496875,0.9896512031555176,0.44685524702072144,0.4473933279514313,0.4795730412006378,60.167293548583984,6.106127977371216,6.40161395072937,49.899235010147095,0.2467355728149414,0.16212201118469238,3.6634678840637207
11,25,64.94748663902283,-75518.1453125,0.9768060445785522,0.4597274959087372,0.4554893374443054,0.46374180912971497,60.2745623588562,6.18179988861084,4.672783374786377,49.97454881668091,0.23377656936645508,0.1568446159362793,3.6406500339508057
11,26,64.64169144630432,-75299.77578125,0.9816981554031372,0.4525759816169739,0.44872623682022095,0.47382333874702454,60.10103631019592,5.993065118789673,4.5405073165893555,49.790668964385986,0.23646950721740723,0.15641021728515625,3.6202569007873535
11,27,64.85523176193237,-75404.9859375,0.9834774136543274,0.45989832282066345,0.4460207223892212,0.475973904132843,60.15574598312378,5.98670768737793,4.699343204498291,50.05687117576599,0.2379305362701416,0.15955877304077148,3.628244638442993
11,28,64.81559133529663,-75184.184375,0.9826854467391968,0.4515152871608734,0.4503657817840576,0.47171279788017273,60.07115364074707,5.95162558555603,4.744302034378052,50.032142162323,0.23431134223937988,0.15454769134521484,3.6121785640716553
11,29,64.79056549072266,-75230.9765625,0.9817855954170227,0.4501396119594574,0.45052096247673035,0.4733596742153168,60.053487062454224,5.997304201126099,4.736926078796387,49.92590022087097,0.23408293724060059,0.15620636940002441,3.653416156768799
11,30,64.02929043769836,-75366.70625,0.9791059494018555,0.4472048282623291,0.4533657729625702,0.4746965765953064,59.48153805732727,5.930315256118774,4.547606468200684,49.44315266609192,0.23650074005126953,0.15811467170715332,3.6256821155548096
12,1,39.76741909980774,-190294.5984375,0.9696045517921448,0.46278566122055054,0.46357205510139465,0.4534144699573517,38.33303427696228,3.1790642738342285,1.4343295097351074,33.39145302772522,0.11958003044128418,0.09772491455078125,1.4999072551727295
12,2,39.80087184906006,-190460.2203125,0.9704098105430603,0.4636933207511902,0.4641925096511841,0.45444029569625854,38.388638973236084,3.1491124629974365,1.412168264389038,33.461472272872925,0.12083721160888672,0.09663796424865723,1.5150656700134277
12,3,39.653000593185425,-190581.8734375,0.9685811400413513,0.4649926424026489,0.46429920196533203,0.4540575444698334,38.2123327255249,3.1726083755493164,1.4406120777130127,33.27277731895447,0.1190805435180664,0.0967414379119873,1.5060484409332275
12,4,39.72712779045105,-190819.40625,0.9666699171066284,0.46605587005615234,0.4647735357284546,0.4549700915813446,38.28370022773743,3.1510958671569824,1.443366289138794,33.36857032775879,0.11951661109924316,0.09830951690673828,1.5011217594146729
12,5,40.21495532989502,-190876.0953125,0.9672054052352905,0.4681440591812134,0.46978551149368286,0.4490756690502167,38.76948547363281,3.23264741897583,1.4454078674316406,33.76717805862427,0.1196894645690918,0.09816503524780273,1.506972312927246
12,6,39.52914500236511,-190951.8359375,0.9650728106498718,0.46776655316352844,0.46811535954475403,0.4529047906398773,38.11689043045044,3.163599729537964,1.412200927734375,33.186073303222656,0.11857366561889648,0.09815859794616699,1.5055911540985107
12,7,40.06414341926575,-193062.796875,0.9678890705108643,0.467122346162796,0.46619486808776855,0.4538114070892334,38.524441957473755,3.1789660453796387,1.5396397113800049,33.57949948310852,0.11981010437011719,0.09831571578979492,1.5027987957000732
12,8,40.91166019439697,-193262.1625,0.9655150175094604,0.46746721863746643,0.46492642164230347,0.4570203125476837,39.468181848526,3.1853716373443604,1.443418025970459,34.507808685302734,0.1200723648071289,0.09952187538146973,1.509995937347412
12,9,39.95662546157837,-193475.2203125,0.9657390713691711,0.4700400233268738,0.468927264213562,0.45444145798683167,38.50149941444397,3.1577839851379395,1.4550633430480957,33.57367205619812,0.11866569519042969,0.09785842895507812,1.5085928440093994
12,10,40.12755012512207,-193263.990625,0.9664346575737,0.4650859236717224,0.46743059158325195,0.45614516735076904,38.67184233665466,3.1796905994415283,1.4556500911712646,33.71814942359924,0.12056303024291992,0.0985419750213623,1.5098440647125244
12,11,40.26367211341858,-193374.790625,0.9664201736450195,0.46806785464286804,0.46608367562294006,0.4557519555091858,38.831303119659424,3.1697614192962646,1.4323077201843262,33.90065670013428,0.11951231956481934,0.09832429885864258,1.4975669384002686
12,12,40.96441602706909,-193598.5015625,0.9636986255645752,0.46859872341156006,0.466172456741333,0.4568343758583069,39.50843071937561,3.168165683746338,1.4559319019317627,34.57333755493164,0.11998915672302246,0.09878301620483398,1.502803087234497
12,13,39.88756227493286,-193928.3875,0.9590094685554504,0.4701288342475891,0.47432684898376465,0.4517708718776703,38.442498207092285,3.137272596359253,1.445000171661377,33.54227423667908,0.11991238594055176,0.0967857837677002,1.501511812210083
12,14,39.68816685676575,-193238.6609375,0.9666332006454468,0.4698276221752167,0.46061286330223083,0.4591558277606964,38.26909422874451,3.1946046352386475,1.4190118312835693,33.311187744140625,0.11962723731994629,0.09646034240722656,1.502234697341919
12,15,40.019294023513794,-193402.0453125,0.9654950499534607,0.46561089158058167,0.46766749024391174,0.45703697204589844,38.584019899368286,3.1787097454071045,1.43522047996521,33.63797092437744,0.11907625198364258,0.09732413291931152,1.505465030670166
12,16,68.5288679599762,-192926.70625,0.966773509979248,0.46218642592430115,0.464182049036026,0.45427438616752625,63.78525924682617,6.283716201782227,4.743463039398193,53.125436305999756,0.23803043365478516,0.15790343284606934,3.8945093154907227
12,17,69.40512037277222,-193194.3421875,0.9673823714256287,0.4667132496833801,0.4655883014202118,0.4570510983467102,63.8239369392395,6.328077793121338,5.58101224899292,53.00814771652222,0.24623441696166992,0.1674175262451172,3.9822120666503906
12,18,68.66575956344604,-193299.45,0.9689340591430664,0.47042322158813477,0.4692443013191223,0.4564390778541565,63.93479776382446,6.340163469314575,4.730807542800903,53.18426322937012,0.2401282787322998,0.16570234298706055,3.9150614738464355
12,19,67.85897326469421,-193159.284375,0.9665038585662842,0.4659287929534912,0.4661235511302948,0.4566989839076996,63.13514590263367,6.275983572006226,4.723641872406006,52.48415231704712,0.23476266860961914,0.16266155242919922,3.888503313064575
12,20,68.54287219047546,-193469.7671875,0.9661232233047485,0.46892696619033813,0.46567508578300476,0.45625659823417664,63.64776277542114,6.28360390663147,4.894956588745117,52.99836230278015,0.23527789115905762,0.16026830673217773,3.8835082054138184
12,21,68.78963828086853,-193044.4390625,0.9683314561843872,0.4645412564277649,0.46816933155059814,0.45580339431762695,63.92222213745117,6.549965858459473,4.867244243621826,52.97613859176636,0.2374894618988037,0.1642780303955078,3.9061079025268555
12,22,68.81826305389404,-193317.9671875,0.966288149356842,0.4655631482601166,0.46871086955070496,0.4562835693359375,63.87824320793152,6.3566014766693115,4.939860820770264,53.04275941848755,0.25868701934814453,0.18230009078979492,3.9458048343658447
12,23,68.56449151039124,-193168.015625,0.9696633219718933,0.47161272168159485,0.46800169348716736,0.45296016335487366,63.75631284713745,6.304821729660034,4.807983875274658,53.00941848754883,0.25249385833740234,0.17426824569702148,3.924600124359131
12,24,68.12364506721497,-193084.5015625,0.966546893119812,0.46806731820106506,0.4666895568370819,0.4540882408618927,63.28079295158386,6.323338031768799,4.84266996383667,52.44528913497925,0.26208066940307617,0.17734074592590332,3.976058006286621
12,25,68.36958575248718,-193504.9828125,0.9642000198364258,0.4665105938911438,0.46436843276023865,0.45727992057800293,63.58138132095337,6.387726783752441,4.7880144119262695,52.791112422943115,0.2537720203399658,0.17360281944274902,3.8817028999328613
12,26,68.99333548545837,-192987.946875,0.967714786529541,0.465816855430603,0.46516895294189453,0.45153722167015076,64.121826171875,6.330999135971069,4.871332883834839,53.40075135231018,0.2537257671356201,0.17201662063598633,3.874112129211426
12,27,68.41858386993408,-193109.865625,0.9705902934074402,0.46917179226875305,0.46832484006881714,0.45607438683509827,63.55462098121643,6.37262749671936,4.863802194595337,52.789419412612915,0.25106239318847656,0.17365694046020508,3.8775453567504883
12,28,70.3819534778595,-193468.7484375,0.9639040231704712,0.4686451852321625,0.46902230381965637,0.4533126950263977,63.87051582336426,6.30976128578186,6.511254787445068,53.14629364013672,0.24150538444519043,0.16214203834533691,3.923161029815674
12,29,68.50761318206787,-193735.3546875,0.9624232053756714,0.4719788134098053,0.46950551867485046,0.453060507774353,63.58386969566345,6.249504566192627,4.92359471321106,52.96622586250305,0.23533058166503906,0.16132116317749023,3.884185552597046
12,30,69.6361608505249,-193275.5671875,0.9669077396392822,0.4687131643295288,0.46927034854888916,0.45043930411338806,64.59256482124329,6.38111424446106,5.043422698974609,53.704800844192505,0.25372791290283203,0.17399311065673828,3.982700824737549
13,1,49.98538851737976,-488448.45625,0.9505051970481873,0.4780997633934021,0.47809460759162903,0.4369962811470032,48.20838284492493,3.3917391300201416,1.7769262790679932,43.09439826011658,0.12238359451293945,0.11314845085144043,1.4405441284179688
13,2,50.33861947059631,-488300.153125,0.9522824287414551,0.48287433385849,0.48101556301116943,0.43889302015304565,48.45566129684448,3.4744889736175537,1.8828704357147217,43.21399259567261,0.14024925231933594,0.11548137664794922,1.442809820175171
13,3,49.918312788009644,-488476.01875,0.9522987604141235,0.48089858889579773,0.4820217192173004,0.44049376249313354,48.15595889091492,3.325897455215454,1.762277603149414,43.11348271369934,0.12102985382080078,0.11267518997192383,1.4365606307983398
13,4,50.395246505737305,-487858.25625,0.9544995427131653,0.4791414439678192,0.4792046546936035,0.4417767822742462,48.677635192871094,3.2926185131073,1.7175345420837402,43.66802930831909,0.12014937400817871,0.1126394271850586,1.4376304149627686
13,5,49.96023464202881,-487666.41875,0.9551907777786255,0.48067453503608704,0.4793687164783478,0.43945643305778503,48.250174045562744,3.308199882507324,1.7099809646606445,43.21640682220459,0.12131929397583008,0.1145014762878418,1.4423034191131592
13,6,52.641305923461914,-487480.696875,0.9560599327087402,0.47896525263786316,0.4797055423259735,0.440236359834671,50.89933109283447,3.309473752975464,1.7418973445892334,45.85635232925415,0.12145495414733887,0.11411213874816895,1.451230764389038
13,7,49.94584655761719,-491619.8,0.9541953802108765,0.47999337315559387,0.4791567623615265,0.4424058496952057,48.21652793884277,3.3222036361694336,1.7292673587799072,43.165924310684204,0.12133073806762695,0.11440443992614746,1.4465994834899902
13,8,50.05068325996399,-492440.246875,0.949582040309906,0.47992008924484253,0.4811848998069763,0.4398036301136017,48.29395914077759,3.3191745281219482,1.7566730976104736,43.25202918052673,0.12024712562561035,0.11366772651672363,1.442162036895752
13,9,50.21051621437073,-492115.778125,0.9519883990287781,0.48046690225601196,0.4815601706504822,0.44179224967956543,48.462013244628906,3.3695156574249268,1.748448371887207,43.36697697639465,0.12216567993164062,0.1158146858215332,1.4406046867370605
13,10,50.11690855026245,-492142.49375,0.9507614374160767,0.4805111885070801,0.48046451807022095,0.43974748253822327,48.33443880081177,3.2988619804382324,1.7824170589447021,43.331507205963135,0.11917877197265625,0.10707592964172363,1.433417797088623
13,11,50.37123918533325,-491347.98125,0.9544503688812256,0.47907963395118713,0.4822482168674469,0.4379463791847229,48.641945362091064,3.2908337116241455,1.7292401790618896,43.64090895652771,0.11913204193115234,0.10711240768432617,1.439427137374878
13,12,50.00805044174194,-491900.05,0.9554014801979065,0.4817426800727844,0.48261645436286926,0.4424428343772888,48.26252722740173,3.2705025672912598,1.7454681396484375,43.267850160598755,0.11820435523986816,0.10612893104553223,1.4552743434906006
13,13,50.9140260219574,-492298.00625,0.9520074129104614,0.48265600204467773,0.4808519780635834,0.4418139159679413,49.21221685409546,3.547016143798828,1.7017571926116943,43.86460518836975,0.15326833724975586,0.1185150146484375,1.4584214687347412
13,14,50.27952456474304,-491962.634375,0.953967809677124,0.4795191287994385,0.4793277084827423,0.4427524209022522,48.249139070510864,3.316807746887207,2.0303282737731934,43.19295620918274,0.1203160285949707,0.11270642280578613,1.4601943492889404
13,15,50.73840379714966,-491921.075,0.9544917941093445,0.480960875749588,0.48030149936676025,0.44377169013023376,48.98012971878052,3.299821138381958,1.7582228183746338,43.962419509887695,0.11978650093078613,0.10692763328552246,1.4461519718170166
13,16,88.62290811538696,-491581.6,0.9558815360069275,0.48236197233200073,0.4842483401298523,0.4424489736557007,82.93943548202515,6.739789247512817,5.68332839012146,71.8676495552063,0.26236748695373535,0.19733715057373047,3.7748165130615234
13,17,87.701096534729,-492263.09375,0.9502934217453003,0.47959211468696594,0.4803524613380432,0.4399397373199463,82.170738697052,6.7788472175598145,5.530219554901123,71.03924179077148,0.34496617317199707,0.19423437118530273,3.718797445297241
13,18,88.29065823554993,-491960.671875,0.9513480067253113,0.47712984681129456,0.4809635281562805,0.43763378262519836,82.80126142501831,6.68977427482605,5.489257335662842,71.86877536773682,0.2639145851135254,0.18511724472045898,3.697423219680786
13,19,88.33909106254578,-491535.30625,0.954670786857605,0.48359495401382446,0.4806841015815735,0.43981245160102844,82.92941880226135,6.682539939880371,5.409512758255005,72.02350234985352,0.26108622550964355,0.17943525314331055,3.6870532035827637
13,20,88.12277054786682,-491274.709375,0.953477144241333,0.48201873898506165,0.48045113682746887,0.4368724822998047,82.68475890159607,6.593330144882202,5.437840938568115,71.8877580165863,0.25677990913391113,0.17601323127746582,3.678793430328369
13,21,88.34223079681396,-492206.940625,0.9540999531745911,0.48404836654663086,0.48471906781196594,0.44211846590042114,82.87150597572327,6.736170768737793,5.47055983543396,71.89199900627136,0.2580575942993164,0.18726849555969238,3.700080633163452
13,22,88.10609865188599,-492156.446875,0.9525396227836609,0.48095259070396423,0.4815233647823334,0.44194290041923523,82.3894739151001,6.581000804901123,5.716470003128052,71.49644255638123,0.26525354385375977,0.1872391700744629,3.7659356594085693
13,23,88.40386724472046,-491371.634375,0.957624614238739,0.4826124906539917,0.482246458530426,0.4423639476299286,82.80762982368469,6.616048812866211,5.596086502075195,71.98108673095703,0.2501800060272217,0.17437505722045898,3.6954901218414307
13,24,89.00781154632568,-491361.940625,0.9528140425682068,0.47799596190452576,0.4782353341579437,0.43814635276794434,83.41820621490479,6.720797777175903,5.589428424835205,72.39161014556885,0.2580220699310303,0.18497872352600098,3.7679548263549805
13,25,88.31930112838745,-491953.775,0.9539524912834167,0.48178553581237793,0.48104599118232727,0.44051286578178406,82.74160289764404,6.6342384815216064,5.577529668807983,71.88855838775635,0.2542283535003662,0.18098139762878418,3.689242124557495
13,26,88.13840246200562,-491679.096875,0.9542031288146973,0.4805043935775757,0.47839322686195374,0.44265997409820557,82.60338354110718,6.684305667877197,5.534847259521484,71.6594705581665,0.25377631187438965,0.17869257926940918,3.7334747314453125
13,27,89.103928565979,-491135.2125,0.9566283822059631,0.48065754771232605,0.4815049171447754,0.440737247467041,83.38714170455933,6.674429893493652,5.716620206832886,72.4304358959198,0.2613389492034912,0.18474078178405762,3.742856979370117
13,28,89.16332983970642,-492712.55625,0.9495839476585388,0.481984943151474,0.48313164710998535,0.43947741389274597,82.43606853485107,6.719365119934082,6.727081775665283,71.47311329841614,0.262420654296875,0.18792295455932617,3.6981053352355957
13,29,88.6171886920929,-492012.29375,0.9519387483596802,0.4803583323955536,0.4821811616420746,0.43987616896629333,82.94055938720703,6.752972841262817,5.6763916015625,71.8699779510498,0.2688884735107422,0.19502806663513184,3.7554874420166016
13,30,88.20813202857971,-491588.13125,0.9528086185455322,0.48076027631759644,0.47810226678848267,0.43821221590042114,82.66321754455566,6.553741455078125,5.544766902923584,71.88016843795776,0.2577056884765625,0.17913460731506348,3.6977169513702393
14,1,65.47224640846252,-1244060.4625,0.9387044310569763,0.49229323863983154,0.49223798513412476,0.42555665969848633,63.08807706832886,3.686652421951294,2.3840434551239014,57.44280219078064,0.14253497123718262,0.1310720443725586,1.6142737865447998
14,2,65.52155828475952,-1243872.1,0.9416620135307312,0.4934481382369995,0.49570611119270325,0.428348571062088,63.12424278259277,3.5634281635284424,2.397212505340576,57.64003348350525,0.12319350242614746,0.12505364418029785,1.6249957084655762
14,3,64.88453221321106,-1243755.4,0.9403752684593201,0.49324291944503784,0.49405479431152344,0.427038311958313,62.50017952919006,3.4562673568725586,2.384239912033081,57.13028168678284,0.12119221687316895,0.1220862865447998,1.6233806610107422
14,4,65.2134997844696,-1244632.275,0.9418280124664307,0.49654537439346313,0.4963124990463257,0.42879050970077515,62.52823877334595,3.4207470417022705,2.6851272583007812,57.10984420776367,0.1252272129058838,0.1249685287475586,1.7009563446044922
14,5,65.16546940803528,-1244215.1625,0.940106213092804,0.493480920791626,0.4928348958492279,0.42770424485206604,62.70647835731506,3.4910085201263428,2.458878993988037,57.30230951309204,0.12321352958679199,0.12476396560668945,1.6176412105560303
14,6,65.32861995697021,-1244169.95,0.9400957822799683,0.49467530846595764,0.4937349259853363,0.42705729603767395,62.9137909412384,3.4981069564819336,2.4147098064422607,57.47809886932373,0.12355422973632812,0.12894606590270996,1.636878490447998
14,7,64.50170850753784,-1244078.15,0.941228985786438,0.49320292472839355,0.49409669637680054,0.42845016717910767,62.06676244735718,3.4698190689086914,2.434838056564331,56.700634479522705,0.12163996696472168,0.12117505073547363,1.6073417663574219
14,8,65.14183735847473,-1243411.9375,0.9412961602210999,0.4930320680141449,0.4931066334247589,0.4284410774707794,62.719635248184204,3.4787771701812744,2.4220800399780273,57.33766412734985,0.12209844589233398,0.1239473819732666,1.6103148460388184
14,9,64.45689296722412,-1244451.7625,0.9422286748886108,0.49467459321022034,0.495859831571579,0.4301699995994568,62.07904887199402,3.4834775924682617,2.37772798538208,56.683584213256836,0.1190493106842041,0.11992359161376953,1.6270668506622314
14,10,65.45564317703247,-1244253.5,0.9410235285758972,0.49532121419906616,0.49411705136299133,0.4282206594944,62.99617838859558,3.5719659328460693,2.4593515396118164,57.48512029647827,0.12230682373046875,0.1283855438232422,1.6401960849761963
14,11,65.20933485031128,-1243307.8,0.9415858387947083,0.49388962984085083,0.4934183657169342,0.4273989796638489,62.8056583404541,3.510629892349243,2.4035627841949463,57.36845922470093,0.12324881553649902,0.12863683700561523,1.6263713836669922
14,12,64.78953242301941,-1243928.9,0.9403461813926697,0.4940529763698578,0.4934297800064087,0.4268922507762909,62.41493487358093,3.4752449989318848,2.374474048614502,57.02918219566345,0.1238698959350586,0.12564945220947266,1.6137170791625977
14,13,65.5003936290741,-1244492.525,0.9401718378067017,0.49410775303840637,0.49446901679039,0.4272930920124054,63.112343549728394,3.5527374744415283,2.3879313468933105,57.615482568740845,0.12476181983947754,0.12870311737060547,1.6421189308166504
14,14,64.84019422531128,-1245495.25,0.9377995729446411,0.4975414276123047,0.4957231283187866,0.42510658502578735,62.338322162628174,3.468993663787842,2.501757860183716,56.96593165397644,0.12217593193054199,0.12358665466308594,1.6107676029205322
14,15,65.31797385215759,-1244186.6,0.9395853877067566,0.4952465891838074,0.49411967396736145,0.42667776346206665,62.90635418891907,3.4950222969055176,2.411506175994873,57.48558783531189,0.12514185905456543,0.1287534236907959,1.623749017715454
14,16,115.47723627090454,-1243582.75,0.9424610137939453,0.49555855989456177,0.4953203797340393,0.42811381816864014,108.59021139144897,7.065150499343872,6.8867082595825195,96.88807964324951,0.277559757232666,0.2206566333770752,4.0371057987213135
14,17,113.6055998802185,-1243084.925,0.9424543380737305,0.4941541850566864,0.4942863881587982,0.4281867742538452,106.65079808235168,6.8874664306640625,6.95448899269104,95.21032452583313,0.2486557960510254,0.19606876373291016,4.015295028686523
14,18,115.60485172271729,-1244249.7875,0.940687358379364,0.494122713804245,0.4936576187610626,0.4279003143310547,108.43944644927979,7.302764177322388,7.165085792541504,96.5287537574768,0.2661318778991699,0.2133491039276123,4.030830144882202
14,19,118.70318984985352,-1243466.9375,0.9401965737342834,0.4936526417732239,0.49280017614364624,0.4254446029663086,111.78459477424622,6.958637237548828,6.918262004852295,100.28313875198364,0.25350213050842285,0.19809937477111816,3.9978320598602295
14,20,116.50026392936707,-1245321.3625,0.9384192228317261,0.4953001141548157,0.4943194091320038,0.42679476737976074,109.58113527297974,7.040430307388306,6.918838024139404,97.94393563270569,0.26450133323669434,0.2075202465057373,4.027293920516968
14,21,116.76092171669006,-1243966.35,0.941315770149231,0.49446138739585876,0.4940260648727417,0.42778143286705017,108.99206614494324,7.028140544891357,7.768547058105469,97.34435606002808,0.2527201175689697,0.21236085891723633,4.0581183433532715
14,22,114.33244132995605,-1244345.95,0.9401804208755493,0.4943287968635559,0.49412888288497925,0.42736318707466125,107.02194285392761,6.994179964065552,7.3102216720581055,95.40610194206238,0.25672268867492676,0.20667767524719238,4.061295986175537
14,23,112.3507080078125,-1244422.675,0.9394883513450623,0.49417486786842346,0.49351966381073,0.4273824989795685,105.03587746620178,7.227720260620117,7.3145294189453125,93.1709976196289,0.25566935539245605,0.20748472213745117,4.0776495933532715
14,24,116.5780553817749,-1243295.3,0.9412866830825806,0.4936346411705017,0.49314144253730774,0.42796656489372253,108.75531697273254,7.009259223937988,7.822444200515747,97.11297059059143,0.256237268447876,0.21226882934570312,4.068723440170288
14,25,115.6251699924469,-1243746.9625,0.9410983324050903,0.4935597777366638,0.4940353035926819,0.42782336473464966,108.70337986946106,7.1034016609191895,6.921482563018799,96.92526960372925,0.27010488510131836,0.23128628730773926,4.069942474365234
14,26,113.2788438796997,-1244092.725,0.9408990740776062,0.4946631193161011,0.49397507309913635,0.4284999370574951,106.26121878623962,6.901931047439575,7.017330169677734,94.78982329368591,0.2527275085449219,0.1932525634765625,4.03259015083313
14,27,112.86454176902771,-1243910.275,0.9409224987030029,0.4950454831123352,0.49556541442871094,0.4270583987236023,105.93124151229858,7.0465407371521,6.932966947555542,93.27914524078369,0.261458158493042,1.2321467399597168,4.01408052444458
14,28,115.17097806930542,-1243876.05,0.9410737752914429,0.4937222898006439,0.4931306838989258,0.4278980493545532,108.30978894233704,7.029086351394653,6.860893964767456,96.66311573982239,0.26183152198791504,0.2123727798461914,4.044632911682129
14,29,117.05783033370972,-1244653.975,0.9401234984397888,0.49481457471847534,0.49428871273994446,0.4263977110385895,109.84541296958923,6.8960700035095215,7.212067127227783,98.30114126205444,0.25953245162963867,0.19885849952697754,4.095848321914673
14,30,112.80647301673889,-1245341.125,0.9385694265365601,0.4957531988620758,0.4955269396305084,0.42636290192604065,105.98553943634033,6.890669584274292,6.820635557174683,94.52728652954102,0.2558455467224121,0.19835233688354492,4.020552158355713
15,1,88.61680936813354,-3128493.575,0.9284675121307373,0.5039967894554138,0.504587709903717,0.41417646408081055,82.48038911819458,4.10338282585144,6.136270999908447,76.35314106941223,0.1516890525817871,0.15103507041931152,1.65458083152771
15,2,88.75700235366821,-3128237.85,0.9286780953407288,0.5039488077163696,0.5045052766799927,0.41438260674476624,82.6210470199585,4.027425527572632,6.1357972621917725,76.56821417808533,0.14003276824951172,0.14794540405273438,1.6748735904693604
15,3,88.12165904045105,-3131384.5,0.9267640709877014,0.5051223635673523,0.5048109292984009,0.4143068790435791,81.92136430740356,3.970935821533203,6.200129747390747,75.93088626861572,0.1394507884979248,0.1480097770690918,1.673705816268921
15,4,88.81973361968994,-3128374.625,0.9287769794464111,0.5036682486534119,0.5037683248519897,0.4152545928955078,82.8259379863739,4.17354679107666,5.993652820587158,76.6152560710907,0.14785265922546387,0.16120266914367676,1.6602213382720947
15,5,88.88786578178406,-3127404.75,0.929716169834137,0.5045297145843506,0.5052269697189331,0.41433459520339966,82.63075494766235,3.9147346019744873,6.256939172744751,76.66822648048401,0.14895248413085938,0.16168498992919922,1.674741268157959
15,6,88.6233172416687,-3129827.325,0.9276996850967407,0.5045522451400757,0.5047928690910339,0.41484567523002625,82.48315715789795,4.040374755859375,6.140007019042969,76.40808582305908,0.15510964393615723,0.1526167392730713,1.6614491939544678
15,7,89.52291488647461,-3129972.175,0.9272342920303345,0.5049910545349121,0.505022406578064,0.41397687792778015,83.13123154640198,4.165172338485718,6.391525983810425,76.82344675064087,0.14952874183654785,0.16594696044921875,1.757720947265625
15,8,89.38578677177429,-3129885.45,0.927587628364563,0.5042321681976318,0.5052663087844849,0.4143514335155487,82.91264176368713,4.036644458770752,6.472975969314575,76.74961805343628,0.14847159385681152,0.15043425559997559,1.7561938762664795
15,9,88.99906516075134,-3130146.15,0.9273910522460938,0.5049167275428772,0.5044015049934387,0.4143622815608978,82.77993774414062,4.043523073196411,6.218964099884033,76.681161403656,0.1408374309539795,0.175048828125,1.6777470111846924
15,10,87.94476795196533,-3130010.925,0.9298642873764038,0.5069783926010132,0.5075300931930542,0.41640397906303406,81.44624853134155,3.600571870803833,6.498356819152832,75.72974252700806,0.1306908130645752,0.14841938018798828,1.7874088287353516
15,11,88.2170250415802,-3130316.9,0.9272302389144897,0.5042887330055237,0.5053060054779053,0.41465315222740173,81.93758344650269,3.6191530227661133,6.279292583465576,76.32675790786743,0.13005757331848145,0.15021514892578125,1.6617462635040283
15,12,87.42263889312744,-3129296.65,0.9284886717796326,0.5053160786628723,0.5059843063354492,0.41399693489074707,81.23241424560547,3.622575521469116,6.190074920654297,75.64965176582336,0.12226724624633789,0.13781142234802246,1.6524324417114258
15,13,90.59731245040894,-3128234.975,0.9288179874420166,0.5036231875419617,0.5042902827262878,0.41542890667915344,84.42426133155823,3.581871509552002,6.172895193099976,78.86724758148193,0.12224197387695312,0.14157867431640625,1.6624975204467773
15,14,86.68653512001038,-3130130.325,0.9297977685928345,0.5074880123138428,0.5064912438392639,0.41668590903282166,80.64057660102844,3.5556082725524902,6.0458056926727295,75.14393496513367,0.12066268920898438,0.1361083984375,1.637070894241333
15,15,88.77465224266052,-3129917.875,0.9296491742134094,0.5063748359680176,0.5072323679924011,0.4163520038127899,82.63194680213928,3.8950068950653076,6.1425559520721436,76.71960854530334,0.1464078426361084,0.1471550464630127,1.652268648147583
15,16,153.46875190734863,-3129762.95,0.9280677437782288,0.5050088763237,0.5053596496582031,0.414631724357605,142.38422751426697,7.362739324569702,11.084014654159546,130.31059098243713,0.2714674472808838,0.2588667869567871,4.081733465194702
15,17,150.90949726104736,-3130981.85,0.9292787909507751,0.5075544714927673,0.5072582960128784,0.41676121950149536,139.86178350448608,7.250124454498291,11.047220945358276,127.9123420715332,0.2570157051086426,0.24684762954711914,4.101334571838379
15,18,157.50057244300842,-3130303.2,0.9294624328613281,0.5066259503364563,0.5071233510971069,0.41643476486206055,145.05864334106445,7.340580224990845,12.44141936302185,133.04022932052612,0.2556746006011963,0.23647403717041016,4.0936079025268555
15,19,151.6617729663849,-3129845.3,0.9278278350830078,0.5046281218528748,0.5046036839485168,0.4143257439136505,140.85714960098267,7.232111692428589,10.804137706756592,128.99207854270935,0.2542710304260254,0.23808646202087402,4.047352313995361
15,20,156.1574046611786,-3128833.7,0.9286223649978638,0.5036726593971252,0.5038391947746277,0.4149698317050934,145.2710063457489,7.356346845626831,10.885896444320679,133.2691090106964,0.2572965621948242,0.2392873764038086,4.054579257965088
15,21,151.1685254573822,-3126751.625,0.9297643899917603,0.5035305619239807,0.5032033920288086,0.4147542417049408,140.21028423309326,7.3374316692352295,10.957753419876099,128.2089078426361,0.26744771003723145,0.23488259315490723,4.0680742263793945
15,22,152.75314950942993,-3129388.8,0.9280219674110413,0.5040504932403564,0.5044329762458801,0.41451340913772583,141.78855085372925,7.351579666137695,10.964114904403687,129.72400498390198,0.2601478099822998,0.24625086784362793,4.110150098800659
15,23,154.1350874900818,-3129002.9,0.930780827999115,0.5071943402290344,0.5063018798828125,0.41674694418907166,143.1536350250244,7.330447196960449,10.980951070785522,131.07838010787964,0.2866349220275879,0.25998997688293457,4.094947814941406
15,24,150.73408842086792,-3128720.3,0.9303221702575684,0.506645917892456,0.5067865252494812,0.4162493646144867,139.93952012062073,7.246175765991211,10.794108867645264,127.97081780433655,0.35895562171936035,0.23703908920288086,4.033262729644775
15,25,154.1936972141266,-3127641.15,0.9294974207878113,0.5029367208480835,0.5040351152420044,0.4153306484222412,143.37667775154114,7.235584259033203,10.816519498825073,131.46357798576355,0.25469207763671875,0.24292302131652832,4.087857246398926
15,26,153.26290321350098,-3129772.325,0.9277641177177429,0.5044656991958618,0.5043928027153015,0.4147563874721527,142.40104246139526,7.245896816253662,10.861384153366089,130.51494216918945,0.2536041736602783,0.23950910568237305,4.053874254226685
15,27,151.36449909210205,-3129989.2,0.9297957420349121,0.5068860054016113,0.5070372223854065,0.41689321398735046,140.56512093544006,7.243793249130249,10.798890829086304,128.69122099876404,0.2542555332183838,0.23189759254455566,4.0498528480529785
15,28,153.65928673744202,-3130125.625,0.9271379709243774,0.5052658915519714,0.5053785443305969,0.4137084186077118,142.48873329162598,7.3363988399505615,11.17006230354309,130.16516184806824,0.25548410415649414,0.2496645450592041,4.161746501922607
15,29,151.8965380191803,-3129589.25,0.9276248216629028,0.5047489404678345,0.5044916868209839,0.4142366945743561,140.94309186935425,7.55832314491272,10.952951669692993,128.5873339176178,0.26478099822998047,0.24649715423583984,4.190596580505371
15,30,151.321191072464,-3128460.15,0.9284003973007202,0.504654586315155,0.5036477446556091,0.41410499811172485,140.34842896461487,7.220808506011963,10.972229957580566,128.46298098564148,0.25287842750549316,0.23534584045410156,4.082894563674927
16,1,107.57679200172424,-7836532.95,0.9171621799468994,0.5153002738952637,0.515068769454956,0.4037260115146637,98.75906205177307,3.863767623901367,8.817319869995117,92.0287823677063,0.11882901191711426,0.18040752410888672,1.4025967121124268
16,2,107.82040572166443,-7835595.05,0.9174411296844482,0.5151126384735107,0.5150344371795654,0.40385156869888306,98.0468544960022,3.8087382316589355,9.773160696029663,91.30424618721008,0.1193990707397461,0.17836308479309082,1.4125230312347412
16,3,106.51780891418457,-7834950.6,0.9173278212547302,0.5146753787994385,0.5147202014923096,0.40346550941467285,97.60021185874939,3.787545919418335,8.917224168777466,90.92870926856995,0.11688876152038574,0.17612767219543457,1.402022361755371
16,4,109.94239854812622,-7836692.5,0.9172254800796509,0.5150807499885559,0.515070915222168,0.40406468510627747,98.19512748718262,3.730558395385742,11.7468740940094,91.44790983200073,0.11830019950866699,0.1779017448425293,1.4196062088012695
16,5,105.55289220809937,-7837939.15,0.9193047881126404,0.5174437165260315,0.5177643895149231,0.40658071637153625,96.64708209037781,3.8180646896362305,8.905453443527222,89.97993326187134,0.11778903007507324,0.17609739303588867,1.3978536128997803
16,6,106.316232919693,-7834459.35,0.9177420139312744,0.5148841142654419,0.5151337385177612,0.403700053691864,97.3445930480957,3.9697585105895996,8.97125768661499,90.60556840896606,0.12225008010864258,0.18148565292358398,1.3959949016571045
16,7,106.88731670379639,-7835955.0,0.9172940850257874,0.5157079696655273,0.5150671601295471,0.4039340615272522,97.90374374389648,3.8325085639953613,8.983188390731812,91.21869945526123,0.11666393280029297,0.1777658462524414,1.404663324356079
16,8,106.71441626548767,-7835478.05,0.9172323346138,0.5145303010940552,0.5146462321281433,0.4035670757293701,97.67266416549683,3.8341851234436035,9.041358470916748,91.00675344467163,0.11726570129394531,0.175734281539917,1.400353193283081
16,9,106.35750460624695,-7835522.1,0.9174874424934387,0.5149593353271484,0.5148147344589233,0.40417298674583435,97.30878829956055,3.770803213119507,9.048314809799194,90.62411427497864,0.11716532707214355,0.17792582511901855,1.404674768447876
16,10,106.58927130699158,-7836050.8,0.9173945784568787,0.5149697065353394,0.5146974325180054,0.4042682945728302,97.66179203987122,3.8061740398406982,8.927091121673584,90.96205496788025,0.11722230911254883,0.17857933044433594,1.4101262092590332
16,11,112.86101007461548,-7834984.95,0.917349100112915,0.5153844356536865,0.5150534510612488,0.40359652042388916,97.28369760513306,3.812929630279541,15.576908588409424,90.57012009620667,0.11942791938781738,0.17791056632995605,1.4133284091949463
16,12,106.89741349220276,-7836283.9,0.9195913076400757,0.5182413458824158,0.5182842016220093,0.40577879548072815,97.69055795669556,3.977365016937256,9.206470966339111,90.93543815612793,0.11810803413391113,0.18016815185546875,1.4128899574279785
16,13,106.23581266403198,-7833257.4,0.9204204082489014,0.5169806480407715,0.5172528624534607,0.40626266598701477,97.28269052505493,4.07965612411499,8.952718019485474,90.50478529930115,0.12208437919616699,0.18551325798034668,1.4056246280670166
16,14,106.40426087379456,-7834062.1,0.9203907251358032,0.5176948308944702,0.5179703831672668,0.4063630700111389,97.42682361602783,3.769321918487549,8.977036952972412,90.73091053962708,0.11712312698364258,0.17813491821289062,1.3970537185668945
16,15,105.71846747398376,-7838356.8,0.9187319874763489,0.517895519733429,0.5183200836181641,0.40593793988227844,96.816978931427,3.900599241256714,8.901088237762451,90.05921053886414,0.11831521987915039,0.17786169052124023,1.4023017883300781
16,16,178.46603655815125,-7835958.9,0.9199240803718567,0.5181905031204224,0.5182994604110718,0.4062298536300659,157.09574460983276,7.709169864654541,21.36914372444153,145.09702277183533,0.29064393043518066,0.31815314292907715,3.577923059463501
16,17,175.22422456741333,-7836405.35,0.9170191287994385,0.5149983763694763,0.51533442735672,0.4038887917995453,154.19156122207642,7.786130905151367,21.0316481590271,142.1534881591797,0.256594181060791,0.3134424686431885,3.5824532508850098
16,18,183.21385312080383,-7836125.75,0.9170880317687988,0.5146518349647522,0.5148417353630066,0.40348610281944275,162.36876797676086,7.807665109634399,20.84406590461731,150.29769921302795,0.2542760372161865,0.3139221668243408,3.597306489944458
16,19,178.5095887184143,-7837190.9,0.9171223044395447,0.5148056149482727,0.5150598883628845,0.40431541204452515,156.9094181060791,7.831310987472534,21.59915065765381,144.1135311126709,0.2573838233947754,0.9193212985992432,3.6879756450653076
16,20,178.2024359703064,-7834566.5,0.9206255078315735,0.5171700119972229,0.5177562832832336,0.40693017840385437,157.44957995414734,8.184828519821167,20.75181531906128,144.91934847831726,0.35257458686828613,0.3141481876373291,3.5786099433898926
16,21,178.2100555896759,-7836258.45,0.9203296899795532,0.518275797367096,0.5181222558021545,0.4066987931728363,157.25305104255676,7.828205347061157,20.955983877182007,145.07580018043518,0.3001692295074463,0.3302021026611328,3.6111960411071777
16,22,178.08178043365479,-7836584.85,0.917136549949646,0.5154273509979248,0.5150748491287231,0.40369147062301636,157.13641381263733,8.095210790634155,20.94432234764099,144.7087082862854,0.3031630516052246,0.33759522438049316,3.583503246307373
16,23,179.0310399532318,-7839117.3,0.9177517890930176,0.5158482789993286,0.5162484049797058,0.40560269355773926,157.71495294570923,7.668627500534058,21.315059661865234,145.78404140472412,0.26037120819091797,0.3033719062805176,3.6000354290008545
16,24,176.57591795921326,-7838727.15,0.9167553186416626,0.5151516795158386,0.5153460502624512,0.40412139892578125,155.33507204055786,7.670490026473999,21.23982834815979,143.34322881698608,0.2609093189239502,0.29067373275756836,3.5916507244110107
16,25,177.62398195266724,-7837930.05,0.9167680144309998,0.515323281288147,0.5155787467956543,0.4036995768547058,156.82988691329956,7.687978506088257,20.79309320449829,144.91203951835632,0.2660408020019531,0.29581117630004883,3.572402238845825
16,26,181.90398573875427,-7839553.95,0.916461169719696,0.5155243277549744,0.515312910079956,0.40405628085136414,160.83166885375977,7.659289360046387,21.07129979133606,148.90950512886047,0.25291919708251953,0.30552029609680176,3.6065773963928223
16,27,178.38771152496338,-7836045.8,0.9198340773582458,0.517998218536377,0.5177756547927856,0.4061988294124603,156.88883686065674,7.7208006381988525,21.497791051864624,144.7435085773468,0.2595963478088379,0.4831974506378174,3.587275743484497
16,28,184.1160671710968,-7834675.8,0.9188674688339233,0.5165872573852539,0.517049252986908,0.4051097333431244,161.89746594429016,7.693916320800781,22.217592477798462,149.97196292877197,0.2557549476623535,0.3008291721343994,3.5772147178649902
16,29,174.90517807006836,-7835165.8,0.9176031351089478,0.5149584412574768,0.5146819949150085,0.4040135443210602,154.03068447113037,7.605156421661377,20.87342619895935,142.17797017097473,0.2706475257873535,0.2995872497558594,3.578831195831299
16,30,177.61277627944946,-7836894.75,0.9198487997055054,0.5183113217353821,0.5178818106651306,0.4066593050956726,156.49149179458618,7.709727764129639,21.12028741836548,144.54430532455444,0.26825809478759766,0.3159000873565674,3.5543713569641113
17,1,157.28102684020996,-19548600.2,0.9067550301551819,0.5253883600234985,0.5252999067306519,0.39406946301460266,132.75066494941711,4.23856782913208,24.529526710510254,121.93503880500793,0.14106059074401855,0.31650710105895996,1.4729294776916504
17,2,158.8941249847412,-19548469.6,0.9069861769676208,0.5254185199737549,0.5255295634269714,0.39416223764419556,135.33167695999146,4.251144647598267,23.56169557571411,124.46101570129395,0.14303874969482422,0.3260304927825928,1.4690678119659424
17,3,153.50760054588318,-19547644.6,0.9069070816040039,0.5257464647293091,0.5256028771400452,0.39388203620910645,130.54280352592468,4.004042387008667,22.964102745056152,119.84163331985474,0.1336655616760254,0.26186609268188477,1.465043306350708
17,4,158.5223171710968,-19549431.2,0.9071635007858276,0.5252498984336853,0.525374174118042,0.3944370150566101,133.34022498130798,4.32349157333374,25.181368112564087,122.46737742424011,0.14299654960632324,0.32408761978149414,1.464660406112671
17,5,155.7669312953949,-19548372.6,0.9069800972938538,0.5256152153015137,0.5254645347595215,0.3941079080104828,132.42693662643433,4.170845031738281,23.339248657226562,121.61105585098267,0.13552045822143555,0.3035712242126465,1.4631028175354004
17,6,160.2125964164734,-19546845.2,0.9071210622787476,0.5254245400428772,0.5253990292549133,0.39418697357177734,134.72979927062988,4.372441530227661,25.48206639289856,123.94303226470947,0.14420104026794434,0.29737401008605957,1.4908816814422607
17,7,160.49842381477356,-19548734.4,0.9070218801498413,0.525337278842926,0.5253750085830688,0.3942505121231079,135.5070514678955,4.247565984725952,24.990609407424927,124.6537971496582,0.14197659492492676,0.3271925449371338,1.4729883670806885
17,8,159.55586791038513,-19549606.0,0.907004714012146,0.5254641771316528,0.5251871347427368,0.39444223046302795,135.88489961624146,4.266286849975586,23.67017912864685,125.06507420539856,0.14125442504882812,0.3301846981048584,1.472548484802246
17,9,156.58533096313477,-19548859.6,0.9070001244544983,0.5255194306373596,0.5254889130592346,0.3941621482372284,131.2096405029297,4.172428131103516,25.374916076660156,120.52304148674011,0.1381547451019287,0.2729156017303467,1.467087984085083
17,10,157.0215802192688,-19548271.6,0.9070633053779602,0.5252580046653748,0.5254656672477722,0.3942985236644745,133.77271342277527,4.216515064239502,23.248126983642578,122.93188333511353,0.14079713821411133,0.31372499465942383,1.4643959999084473
17,11,156.77839970588684,-19542623.0,0.9096827507019043,0.5281274318695068,0.5281636118888855,0.39611750841140747,133.41876220703125,4.457566261291504,23.358872890472412,122.70113921165466,0.1394176483154297,0.27553391456604004,1.476579189300537
17,12,155.6279034614563,-19544428.4,0.9096472263336182,0.5282889604568481,0.5282101631164551,0.39620664715766907,132.53511261940002,4.075289011001587,23.092092275619507,121.76353764533997,0.13820576667785645,0.2922194004058838,1.478001594543457
17,13,155.23282980918884,-19542255.8,0.9086847305297852,0.5267849564552307,0.526576817035675,0.3954412639141083,132.04137802124023,4.285251617431641,23.190691232681274,121.34335041046143,0.13759994506835938,0.27839183807373047,1.4691753387451172
17,14,155.33527612686157,-19547837.6,0.906981348991394,0.5255658030509949,0.525495707988739,0.3940107226371765,132.1029920578003,4.097236156463623,23.231534242630005,121.36601114273071,0.13610339164733887,0.27199649810791016,1.4611115455627441
17,15,159.4989309310913,-19550575.4,0.9065878391265869,0.5256271958351135,0.5253255367279053,0.3939894735813141,135.99421882629395,4.553558588027954,23.503950834274292,125.22628974914551,0.14243745803833008,0.30260491371154785,1.4718940258026123
17,16,262.6393370628357,-19549194.4,0.9068534970283508,0.5253990292549133,0.5254976153373718,0.39424756169319153,217.2694320678711,8.23250675201416,45.36793088912964,204.59144139289856,0.2586967945098877,0.4004039764404297,3.686941146850586
17,17,268.4019570350647,-19549454.4,0.9069416522979736,0.5255072712898254,0.5249940752983093,0.394408643245697,222.82260513305664,8.12363600730896,45.57732391357422,210.23135328292847,0.2700631618499756,0.4110703468322754,3.6842901706695557
17,18,263.9905905723572,-19550864.4,0.9091258645057678,0.5283400416374207,0.528079628944397,0.3967326879501343,218.1103708744049,8.161173105239868,45.87561655044556,205.5054738521576,0.2590980529785156,0.40422487258911133,3.6823267936706543
17,19,266.1296281814575,-19549669.8,0.9068013429641724,0.5255619883537292,0.5254688262939453,0.3942128121852875,221.22954058647156,8.281291484832764,44.898104667663574,208.48327946662903,0.2599194049835205,0.4181854724884033,3.68582820892334
17,20,268.1726801395416,-19546132.2,0.9071027636528015,0.5258337259292603,0.5257868766784668,0.3940905034542084,223.17101097106934,8.23596739768982,44.999696254730225,210.47781229019165,0.2570521831512451,0.4200770854949951,3.6788580417633057
17,21,274.78026366233826,-19550524.6,0.9067637920379639,0.5256972908973694,0.5254930853843689,0.39424192905426025,226.15323758125305,8.607944250106812,48.62500357627869,212.99086451530457,0.28447699546813965,0.4407038688659668,3.720123767852783
17,22,291.1444265842438,-19545665.0,0.9069679379463196,0.5252127051353455,0.5254258513450623,0.3938194215297699,244.9890673160553,8.207427263259888,46.15339231491089,232.27265644073486,0.2608067989349365,0.42215657234191895,3.7228801250457764
17,23,274.3288609981537,-19549408.8,0.9066494703292847,0.5257368683815002,0.525634229183197,0.3940432071685791,228.82240390777588,8.336472749710083,45.504446268081665,215.9931240081787,0.25601720809936523,0.4346275329589844,3.7011804580688477
17,24,270.94489431381226,-19547358.6,0.909338653087616,0.5282069444656372,0.5280850529670715,0.396520733833313,225.0636465549469,8.214245796203613,45.87925934791565,212.38201880455017,0.2626190185546875,0.42786335945129395,3.6739144325256348
17,25,274.31112146377563,-19547376.4,0.9070401191711426,0.5254570841789246,0.5252896547317505,0.3941260874271393,227.59355401992798,8.354010343551636,46.7155601978302,214.7543179988861,0.25958704948425293,0.43332362174987793,3.6927850246429443
17,26,265.1912820339203,-19551505.6,0.9067989587783813,0.5252919793128967,0.5252963900566101,0.3946591913700104,219.41067481040955,8.249703168869019,45.77861285209656,206.73360633850098,0.26056456565856934,0.39896631240844727,3.666620969772339
17,27,267.82433104515076,-19549319.6,0.9068163633346558,0.5252497792243958,0.5254979729652405,0.39413997530937195,222.81712651252747,8.226115942001343,45.00523233413696,210.11694836616516,0.2565124034881592,0.4174063205718994,3.69956374168396
17,28,272.2165665626526,-19546842.2,0.9071370959281921,0.5255696773529053,0.5253210067749023,0.39411088824272156,226.4735951423645,8.205137252807617,45.74099636077881,213.74692726135254,0.2515249252319336,0.4287831783294678,3.7400660514831543
17,29,260.72089171409607,-19546664.0,0.9071022868156433,0.5254481434822083,0.5255669355392456,0.39406707882881165,215.9082281589508,8.186207294464111,44.802978515625,203.15987992286682,0.2723109722137451,0.40748047828674316,3.778332233428955
17,30,265.23861360549927,-19549194.6,0.9093881249427795,0.5280539393424988,0.5282333493232727,0.39676034450531006,218.793030500412,8.169189214706421,46.44359755516052,206.1618196964264,0.2698640823364258,0.4082798957824707,3.680560827255249
18,1,251.81749963760376,-48625697.2,0.895329475402832,0.5352126955986023,0.5350433588027954,0.3852311372756958,191.1563184261322,4.388995885848999,60.65961289405823,170.12287068367004,0.15050792694091797,0.44231295585632324,1.5097839832305908
18,2,249.5025932788849,-48618403.2,0.8969457149505615,0.5368049740791321,0.5369144082069397,0.3866596519947052,195.45568680763245,4.570547819137573,54.0453462600708,174.69250440597534,0.14703798294067383,0.4397859573364258,1.502821683883667
18,3,247.36095070838928,-48621616.8,0.8962576389312744,0.5361105799674988,0.5360348224639893,0.3860531151294708,194.378253698349,4.653865814208984,52.98110818862915,173.50169587135315,0.14529800415039062,0.5485761165618896,1.5100128650665283
18,4,249.55148887634277,-48616729.2,0.8960776329040527,0.5355451703071594,0.5353858470916748,0.3855927288532257,188.00289607048035,4.361387729644775,61.54703187942505,167.24235582351685,0.1420283317565918,0.4352080821990967,1.511164903640747
18,5,242.44491481781006,-48617222.8,0.8965298533439636,0.5364044904708862,0.536236584186554,0.38612914085388184,188.95164394378662,4.343619108200073,53.4917414188385,168.12943601608276,0.14094924926757812,0.4379301071166992,1.508728265762329
18,6,247.36874103546143,-48621697.6,0.8960049748420715,0.5357626676559448,0.535672664642334,0.38575252890586853,194.28611302375793,4.580867290496826,53.08108067512512,173.5077407360077,0.1446208953857422,0.4618794918060303,1.499063491821289
18,7,244.28804636001587,-48627680.0,0.8968692421913147,0.5368965864181519,0.5371188521385193,0.38714706897735596,190.49906396865845,4.70272970199585,53.78740835189819,169.56817889213562,0.14419293403625488,0.542794942855835,1.5208232402801514
18,8,234.96848225593567,-48623181.6,0.8979021310806274,0.5379757285118103,0.5380257964134216,0.3878827393054962,183.45694518089294,4.25300407409668,51.5100793838501,162.7182321548462,0.14024782180786133,0.41670751571655273,1.494457483291626
18,9,245.48547434806824,-48620498.0,0.8968768119812012,0.5367187857627869,0.5371468663215637,0.38668814301490784,191.85250997543335,4.292868137359619,53.631444454193115,171.04125332832336,0.13783526420593262,0.44441676139831543,1.5107548236846924
18,10,238.00938987731934,-48625576.8,0.8984062075614929,0.5386132597923279,0.5383406281471252,0.3882680833339691,186.0058035850525,4.279008150100708,52.00206708908081,165.25598669052124,0.13918566703796387,0.4227616786956787,1.502591609954834
18,11,240.46931648254395,-48617774.8,0.8969821333885193,0.5367527008056641,0.5368145704269409,0.3865918219089508,186.1827986240387,4.256394863128662,54.28506541252136,165.40712571144104,0.13697218894958496,0.4166257381439209,1.5012059211730957
18,12,243.12442684173584,-48615411.6,0.8968566060066223,0.5365833640098572,0.5364611148834229,0.38636597990989685,189.9959626197815,4.428970575332642,53.12689781188965,169.229266166687,0.14082598686218262,0.44660234451293945,1.5046367645263672
18,13,239.03688645362854,-48620708.4,0.8969686627388,0.5369566679000854,0.5369370579719543,0.3867236375808716,185.29866552352905,4.252954721450806,53.736785650253296,164.60558009147644,0.13488554954528809,0.4130818843841553,1.5005202293395996
18,14,246.66945028305054,-48620866.4,0.8956543207168579,0.5349528193473816,0.5348599553108215,0.38539472222328186,193.5873773097992,4.492547273635864,53.080519914627075,172.7505280971527,0.14509153366088867,0.449737548828125,1.5162007808685303
18,15,240.81386375427246,-48614972.0,0.8972020745277405,0.5369020104408264,0.5369511246681213,0.38662469387054443,188.69394874572754,4.267591714859009,52.11843228340149,167.90930128097534,0.14121580123901367,0.43718552589416504,1.5048151016235352
18,16,390.8523631095886,-48628293.6,0.8952746391296387,0.5359978079795837,0.5357934832572937,0.3851873278617859,283.88458037376404,8.585355043411255,106.96362113952637,270.5047290325165,0.2584991455078125,0.6032428741455078,3.7158658504486084
18,17,386.6488616466522,-48619262.0,0.8958099484443665,0.5357741117477417,0.5356960296630859,0.3855818808078766,279.76634907722473,8.445035457611084,106.87831330299377,266.43071246147156,0.2626185417175293,0.5980284214019775,3.695183515548706
18,18,407.7889380455017,-48627424.8,0.8963439464569092,0.5361617207527161,0.5360836386680603,0.38653573393821716,299.8664996623993,8.623088836669922,107.91823530197144,286.2354316711426,0.2776472568511963,0.6344718933105469,3.776447057723999
18,19,404.1711235046387,-48619428.8,0.8973749876022339,0.5374282598495483,0.5371430516242981,0.38704073429107666,296.98475217819214,8.561268091201782,107.18216872215271,283.57783460617065,0.2565898895263672,0.6205172538757324,3.740090847015381
18,20,403.9632668495178,-48620616.8,0.8963934779167175,0.5363919734954834,0.5364320278167725,0.3860720694065094,293.55263352394104,8.506245613098145,110.40648412704468,280.1218979358673,0.2540719509124756,0.6236321926116943,3.756932497024536
18,21,403.4017903804779,-48617705.2,0.8955817818641663,0.5352290868759155,0.5350100994110107,0.38501957058906555,296.54484963417053,8.654695510864258,106.85273051261902,283.04317140579224,0.2600374221801758,0.6392836570739746,3.718526840209961
18,22,407.2183835506439,-48614624.0,0.897172212600708,0.536723792552948,0.5365228056907654,0.38674217462539673,301.17843079566956,8.628514766693115,106.03575325012207,287.5564432144165,0.309847354888916,0.6575620174407959,3.741119384765625
18,23,403.6104712486267,-48618996.4,0.8969947099685669,0.5367730259895325,0.5366883873939514,0.386822372674942,295.93255400657654,8.787925481796265,107.67368245124817,282.2875521183014,0.2935209274291992,0.6487069129943848,3.741635799407959
18,24,376.28751397132874,-48622954.4,0.8983691930770874,0.5383036732673645,0.5384531021118164,0.3880155682563782,269.54635310173035,8.535682678222656,106.736985206604,256.2606132030487,0.25661182403564453,0.5835316181182861,3.685856342315674
18,25,396.10901951789856,-48612784.0,0.8965388536453247,0.5357587337493896,0.5357950329780579,0.38588663935661316,289.2777187824249,8.740959167480469,106.82668447494507,275.4450855255127,0.3092796802520752,0.7001352310180664,3.8017377853393555
18,26,398.9480633735657,-48610529.6,0.8967132568359375,0.5356990098953247,0.5356051921844482,0.3860551714897156,293.16663813591003,8.595468759536743,105.77721071243286,279.70942902565,0.26020216941833496,0.6211659908294678,3.7271976470947266
18,27,398.87459444999695,-48614694.4,0.8969805836677551,0.5366182327270508,0.5365077257156372,0.3864613175392151,292.74479150772095,8.565969228744507,106.1256275177002,279.3155164718628,0.2628591060638428,0.625725507736206,3.7419967651367188
18,28,397.1122713088989,-48629359.6,0.8956285715103149,0.5355095267295837,0.5353785753250122,0.38585832715034485,290.43489623069763,8.960687637329102,106.67318964004517,276.63253259658813,0.2574150562286377,0.6239759922027588,3.724226474761963
18,29,398.2565360069275,-48618448.8,0.8955667018890381,0.5351070165634155,0.5352985858917236,0.3849640190601349,292.51221084594727,8.795356512069702,105.73983645439148,278.87287425994873,0.2969212532043457,0.6375377178192139,3.777437686920166
18,30,397.04656767845154,-48620342.4,0.8979730010032654,0.5381929278373718,0.5381803512573242,0.3877643048763275,288.0842444896698,8.54037594795227,108.95811557769775,274.6878192424774,0.2560296058654785,0.6211214065551758,3.727435350418091
19,1,460.24793815612793,-120737980.8,0.8841530084609985,0.5454109907150269,0.5453824996948242,0.3811618983745575,328.9598226547241,4.9551777839660645,131.2840657234192,283.71464133262634,0.14731335639953613,0.7447047233581543,1.6076579093933105
19,2,433.93003702163696,-120742438.4,0.8846126198768616,0.5458225011825562,0.5459534525871277,0.3816435933113098,301.1015455722809,4.580855846405029,132.82459545135498,255.83519387245178,0.14072489738464355,0.759680986404419,1.6130495071411133
19,3,444.78743386268616,-120746967.2,0.8839856386184692,0.5455073714256287,0.5453881025314331,0.38117870688438416,303.59008026123047,4.665495157241821,141.19354510307312,258.2934775352478,0.14191460609436035,0.7696349620819092,1.6230645179748535
19,4,450.96229815483093,-120743153.6,0.8848266005516052,0.5460814237594604,0.54600590467453,0.3818574547767639,303.91177320480347,4.735449314117432,147.0463240146637,258.6861090660095,0.14336133003234863,0.7539126873016357,1.6205248832702637
19,5,438.04992961883545,-120733325.6,0.8847476840019226,0.5457868576049805,0.5457596778869629,0.38155606389045715,299.18383026123047,4.87067723274231,138.8624985218048,253.90185546875,0.14294123649597168,0.7698719501495361,1.6155741214752197
19,6,443.2100064754486,-120740116.8,0.8841807842254639,0.545376718044281,0.5453261137008667,0.381212443113327,305.5732455253601,4.730898141860962,137.6328568458557,260.26196336746216,0.14074492454528809,0.8254795074462891,1.613868236541748
19,7,477.0907521247864,-120752948.8,0.8846990466117859,0.5460895299911499,0.5460094809532166,0.3819616734981537,336.8516376018524,4.897710800170898,140.23522782325745,291.5996663570404,0.14636874198913574,0.7487640380859375,1.6039292812347412
19,8,443.2108507156372,-120738700.0,0.8847109079360962,0.54571133852005,0.5456320643424988,0.3816646635532379,304.14563941955566,4.6761696338653564,139.06168055534363,258.9096624851227,0.14148998260498047,0.7668616771697998,1.611112356185913
19,9,448.6059880256653,-120748994.4,0.8847329020500183,0.5458879470825195,0.5460207462310791,0.38188499212265015,303.82069516181946,4.93576979637146,144.78173685073853,258.56117486953735,0.1426098346710205,0.772991418838501,1.6047296524047852
19,10,438.564257144928,-120741372.8,0.8848837018013,0.5460286140441895,0.5460783243179321,0.3818492591381073,303.0573642253876,4.6533203125,135.50329089164734,257.83187556266785,0.14019417762756348,0.7621307373046875,1.6058409214019775
19,11,445.6894619464874,-120747338.4,0.8841521143913269,0.5454401969909668,0.5454128384590149,0.3813597559928894,303.652450799942,4.657336711883545,142.0331575870514,258.336229801178,0.1419391632080078,0.7865679264068604,1.6092393398284912
19,12,447.8986351490021,-120749397.6,0.8838213086128235,0.5453618764877319,0.5452885031700134,0.38107603788375854,305.09596252441406,4.696188449859619,142.79899191856384,259.81196808815,0.14208650588989258,0.7703936100006104,1.6358284950256348
19,13,444.6624093055725,-120744124.8,0.8840755820274353,0.5454067587852478,0.5453822016716003,0.3812088072299957,303.22481298446655,4.658876180648804,141.4340147972107,257.9201056957245,0.14022016525268555,0.8455588817596436,1.606584072113037
19,14,440.4130172729492,-120744340.0,0.8845090866088867,0.5457869172096252,0.5459131002426147,0.38155606389045715,303.7080924510956,4.676853895187378,136.70139837265015,258.375403881073,0.14210748672485352,0.7717742919921875,1.6148827075958252
19,15,442.8268074989319,-120745473.6,0.8845266699790955,0.545692503452301,0.5457234978675842,0.38164666295051575,304.16041254997253,4.715439796447754,138.66275262832642,258.8568181991577,0.14222216606140137,0.7618393898010254,1.6130938529968262
19,16,660.2003488540649,-120744725.6,0.8840852379798889,0.5455114841461182,0.5454037189483643,0.38124361634254456,405.2302899360657,8.84668231010437,254.96135663986206,381.23641180992126,0.2716822624206543,1.010514736175537,3.8613691329956055
19,17,685.8946356773376,-120744204.8,0.8846507668495178,0.5457680821418762,0.5458469986915588,0.3817048668861389,427.4913215637207,8.850621938705444,258.3946075439453,403.29829120635986,0.28134965896606445,1.0094325542449951,3.995788812637329
19,18,689.690098285675,-120746592.0,0.8845964670181274,0.5460054278373718,0.5458479523658752,0.38169097900390625,428.0045654773712,8.834909200668335,261.6769599914551,404.0544812679291,0.264995813369751,0.9943969249725342,3.8530330657958984
19,19,678.1827754974365,-120756087.2,0.8843657970428467,0.5458895564079285,0.5459175109863281,0.38170909881591797,421.00602626800537,8.780578136444092,257.1681752204895,397.05324244499207,0.267561674118042,0.9906957149505615,3.8671188354492188
19,20,670.2625946998596,-120745444.0,0.8852797746658325,0.5462051033973694,0.5462352633476257,0.3822360336780548,411.2017114162445,8.862431526184082,259.0521183013916,387.2046093940735,0.2716531753540039,0.9811863899230957,3.8828601837158203
19,21,675.9684221744537,-120747676.8,0.8839653134346008,0.5455418825149536,0.5453009605407715,0.38120925426483154,421.3372745513916,8.857686281204224,254.62255454063416,397.4349458217621,0.2665126323699951,0.9828634262084961,3.8418710231781006
19,22,686.1487145423889,-120751754.4,0.8845068216323853,0.5458393692970276,0.5458431243896484,0.3817722201347351,428.1154305934906,9.344557046890259,258.0246546268463,404.0730607509613,0.26873183250427246,1.0032093524932861,3.855227470397949
19,23,680.3382043838501,-120733855.2,0.8842173218727112,0.54559326171875,0.5454370975494385,0.38107290863990784,421.13285779953003,8.825698375701904,259.1966459751129,396.9938313961029,0.2678704261779785,0.999070405960083,3.8766541481018066
19,24,675.9466156959534,-120742568.8,0.8847424387931824,0.5459775328636169,0.5459734797477722,0.3817285895347595,418.0468647480011,8.932019472122192,257.89020228385925,393.87254071235657,0.2908773422241211,1.012441873550415,3.9437975883483887
19,25,673.1612949371338,-120751604.8,0.8845588564872742,0.5457320809364319,0.5458225607872009,0.38184595108032227,417.47928738594055,8.847880601882935,255.67307686805725,393.5098373889923,0.26358819007873535,0.9864459037780762,3.8485612869262695
19,26,663.1926691532135,-120737211.2,0.8841409087181091,0.5454195737838745,0.5454387068748474,0.38110440969467163,407.20731019973755,8.892725706100464,255.97665977478027,383.1112549304962,0.29638004302978516,0.9938106536865234,3.9478704929351807
19,27,665.9528892040253,-120741716.0,0.8848959803581238,0.5459449887275696,0.5459831953048706,0.3818957805633545,411.9583623409271,8.810545921325684,253.98498106002808,387.93971610069275,0.2823970317840576,0.9890315532684326,3.907426357269287
19,28,666.9819555282593,-120741688.8,0.8842443823814392,0.5454696416854858,0.5453245043754578,0.38120439648628235,412.6128816604614,8.848193645477295,254.36021542549133,388.5763647556305,0.2773892879486084,0.9896736145019531,3.919389009475708
19,29,666.8757328987122,-120755660.8,0.8843669891357422,0.5459045767784119,0.5458478927612305,0.3816867470741272,414.1166479587555,8.920626640319824,252.7504527568817,390.1260485649109,0.2676272392272949,0.9951205253601074,3.8406925201416016
19,30,662.4895856380463,-120747392.8,0.8850117921829224,0.5464125871658325,0.54642653465271,0.3821839988231659,408.9150056838989,8.963500261306763,253.56601881980896,384.9992434978485,0.25751566886901855,0.9856667518615723,3.8610262870788574
20,1,794.6764957904816,-299978144.0,0.8679936528205872,0.5523973703384399,0.5525454878807068,0.3825816810131073,472.1261656284332,5.160586833953857,322.5375716686249,375.93291878700256,0.15000224113464355,1.075498104095459,1.7425684928894043
20,2,874.1865372657776,-299985436.8,0.8677038550376892,0.5522614121437073,0.5521541237831116,0.38232189416885376,465.07448744773865,5.35384202003479,409.0964095592499,359.621440410614,0.14832282066345215,1.0557892322540283,11.014816999435425
20,3,848.8266160488129,-299996169.6,0.8678057789802551,0.5523648262023926,0.5522825121879578,0.3825675845146179,467.47572803497314,5.088776350021362,381.3358175754547,371.2967884540558,0.14801955223083496,1.1126556396484375,1.720400333404541
20,4,808.4996144771576,-299978630.4,0.8678032159805298,0.5521389245986938,0.5521853566169739,0.3824017345905304,463.6373391151428,5.125407934188843,344.84966921806335,367.5259892940521,0.14570140838623047,1.055854082107544,1.7250785827636719
20,5,907.5600769519806,-299976166.4,0.8680063486099243,0.5524091124534607,0.552364706993103,0.38253456354141235,517.8052833080292,5.414612770080566,389.74039602279663,421.57364106178284,0.15208053588867188,1.1452176570892334,1.7425546646118164
20,6,847.1180486679077,-299989520.0,0.8678167462348938,0.5522923469543457,0.5522946715354919,0.38251596689224243,462.25043058395386,5.00640082359314,384.8532636165619,366.1727342605591,0.14584136009216309,1.0355587005615234,1.7313706874847412
20,7,827.4859790802002,-299983897.6,0.8677144646644592,0.5521577596664429,0.5521153211593628,0.38236939907073975,461.9146018028259,5.0027406215667725,365.5586807727814,365.84943675994873,0.14629244804382324,1.029829740524292,1.7316691875457764
20,8,800.5754001140594,-299990960.0,0.8679974675178528,0.5525319576263428,0.5525719523429871,0.3826296031475067,461.6059260368347,5.007584571838379,338.9570245742798,365.5332968235016,0.1433699131011963,1.058152437210083,1.742668867111206
20,9,814.4343063831329,-299967180.8,0.8678248524665833,0.552161693572998,0.5521771311759949,0.382305771112442,468.85596442222595,5.751592397689819,345.5634253025055,372.7418258190155,0.14995622634887695,1.0279810428619385,1.7526218891143799
20,10,848.0608735084534,-299986246.4,0.8676503300666809,0.5522665977478027,0.5521314144134521,0.3823102116584778,474.8339455127716,4.99078369140625,373.21330738067627,369.70876359939575,0.1447896957397461,1.0112378597259521,10.789738416671753
20,11,815.0594849586487,-299984476.8,0.8677000999450684,0.5521557927131653,0.5521550178527832,0.3823470175266266,471.0109522342682,5.006951093673706,344.0358979701996,374.9727759361267,0.14481067657470703,1.0259764194488525,1.7446503639221191
20,12,798.426495552063,-299986956.8,0.8679689168930054,0.5524700284004211,0.5524152517318726,0.3825762867927551,459.29631638526917,4.969541549682617,339.1176633834839,363.31692361831665,0.14128398895263672,0.9720840454101562,1.7394590377807617
20,13,885.3685445785522,-299987308.8,0.8676612377166748,0.5522190928459167,0.5521492958068848,0.3823282718658447,503.87649869918823,5.5020599365234375,381.4785997867584,407.4502925872803,0.15223050117492676,1.11080002784729,1.8971991539001465
20,14,841.9879641532898,-299989312.0,0.8681807518005371,0.5525515079498291,0.5525838732719421,0.3827992379665375,467.3309988975525,5.299456834793091,374.6445379257202,371.2365839481354,0.14683175086975098,1.027984380722046,1.723984956741333
20,15,846.9293565750122,-299982240.0,0.8678140640258789,0.5522102117538452,0.5522003769874573,0.3824479281902313,469.1496801376343,5.0396130084991455,377.7676012516022,367.4093644618988,0.14265751838684082,0.9821228981018066,7.418783664703369
20,16,1175.628175497055,-299992678.4,0.867810070514679,0.5523768663406372,0.5524463057518005,0.3825165629386902,529.4251658916473,10.10017466545105,646.1772029399872,480.12858963012695,0.31102752685546875,1.6830391883850098,4.072993040084839
20,17,1204.79718708992,-299962608.0,0.8678025007247925,0.5522130727767944,0.5521412491798401,0.38225221633911133,547.7685554027557,9.34090542793274,657.0099415779114,498.64518642425537,0.2783782482147217,1.7135775089263916,3.957310199737549
20,18,1201.954272031784,-299997664.0,0.868111252784729,0.5525344014167786,0.5526540875434875,0.3827970623970032,548.3153965473175,9.288740873336792,653.6201705932617,499.11404824256897,0.27859020233154297,1.7280220985412598,3.977733850479126
20,19,1215.0783128738403,-299961654.4,0.8678238391876221,0.552121639251709,0.5521501302719116,0.3822695314884186,542.3131141662598,9.235018014907837,672.7465586662292,493.039564371109,0.383573055267334,1.7111210823059082,3.981687545776367
20,20,1171.7383871078491,-299973273.6,0.8677714467048645,0.552162230014801,0.5521077513694763,0.3823159337043762,539.402715921402,9.398731470108032,632.3168952465057,490.185423374176,0.31308674812316895,1.6990838050842285,4.032010793685913
20,21,1174.2656140327454,-299969724.8,0.8678051233291626,0.5521450638771057,0.5521444082260132,0.3823266923427582,543.3893749713898,9.34423303604126,630.8576595783234,494.2341513633728,0.28078389167785645,1.6972906589508057,3.9752769470214844
20,22,1204.267007112503,-299977244.8,0.8678611516952515,0.5523245930671692,0.5523462891578674,0.38239169120788574,555.3731768131256,9.291093587875366,648.8743073940277,506.1777672767639,0.28295111656188965,1.7300639152526855,4.043619632720947
20,23,1220.237777709961,-299981273.6,0.8677116632461548,0.5521806478500366,0.5521945953369141,0.38233682513237,555.458978176117,9.46986985206604,664.747400522232,506.1584641933441,0.3121168613433838,1.72562837600708,4.075224876403809
20,24,1239.2553701400757,-299983971.2,0.8678758144378662,0.5523040294647217,0.552307665348053,0.38253524899482727,530.0359613895416,9.624238729476929,709.1997482776642,480.79471707344055,0.3147575855255127,1.6676337718963623,4.057178020477295
20,25,1154.9487886428833,-299984070.4,0.8676988482475281,0.5521506071090698,0.5521410703659058,0.3823636770248413,527.5205819606781,9.27045464515686,627.4093396663666,478.46934747695923,0.2780418395996094,1.659965991973877,3.967925786972046
20,26,1160.7203419208527,-299982940.8,0.8679304718971252,0.5524049997329712,0.5523607730865479,0.38253527879714966,529.9166975021362,9.702333927154541,630.7849493026733,480.7762954235077,0.285198450088501,1.6773443222045898,3.986726999282837
20,27,1154.3977258205414,-299974912.0,0.8677793741226196,0.5521988868713379,0.5521353483200073,0.3823181092739105,530.5584816932678,9.335031747817993,623.8201396465302,481.48324060440063,0.2768077850341797,1.660386562347412,3.9949395656585693
20,28,1157.9845774173737,-299984089.6,0.8678891658782959,0.5523366928100586,0.5523229837417603,0.38253548741340637,532.9649868011475,9.33007264137268,625.0006506443024,483.89822483062744,0.26898646354675293,1.678635597229004,3.9774796962738037
20,29,1202.2097527980804,-299985676.8,0.8678216338157654,0.5523656606674194,0.552337110042572,0.38247668743133545,550.607480764389,9.384028434753418,651.5831782817841,501.39429569244385,0.28514885902404785,1.727034330368042,4.03255295753479
20,30,1185.0996210575104,-299986422.4,0.8676759004592896,0.552209734916687,0.552116334438324,0.3823496103286743,550.6908600330353,9.544076919555664,634.3897681236267,501.3961582183838,0.30959320068359375,1.7426302433013916,4.045497894287109
