k,sample,total_time,best_ll,P00,P01,P10,P11,full_fit,gradient_gpu,init_cpu_gpu,mcmc_cpu,optimizer_gpu,transfer_pcie,warm_up_mcmc_cpu
1,1,6.373523712158203,-0.0004000663757324219,0.9998999834060669,0.9998999834060669,9.999999747378752e-05,0.9998999834060669,4.981527328491211,1.490464687347412,1.3919548988342285,1.8721230030059814,0.11421918869018555,0.07971382141113281,1.3819096088409424
1,2,5.3709471225738525,-0.0004000663757324219,0.9998999834060669,9.999999747378752e-05,9.999999747378752e-05,0.9998999834060669,4.024127006530762,1.502469539642334,1.3467838764190674,0.9060220718383789,0.11454200744628906,0.08064460754394531,1.3766303062438965
1,3,6.237104415893555,-0.0004000663757324219,0.9998999834060669,0.9998999834060669,9.999999747378752e-05,9.999999747378752e-05,4.910266637802124,1.5069193840026855,1.3268051147460938,1.7875456809997559,0.11495447158813477,0.07982087135314941,1.3782958984375
1,4,4.827639102935791,0.0,0.8999999761581421,0.699999988079071,0.5,0.20000000298023224,3.4863269329071045,1.269066572189331,1.3412790298461914,0.6060972213745117,0.11334371566772461,0.0800623893737793,1.3764824867248535
1,5,6.377674341201782,-0.0004000663757324219,0.9998999834060669,0.9998999834060669,9.999999747378752e-05,0.9998999834060669,4.976768255233765,1.4915580749511719,1.400871753692627,1.8699467182159424,0.11437129974365234,0.0801401138305664,1.3783361911773682
1,6,5.361675500869751,-0.0004000663757324219,0.9998999834060669,9.999999747378752e-05,9.999999747378752e-05,0.9998999834060669,4.043258905410767,1.520552396774292,1.3183825016021729,0.9053287506103516,0.11451864242553711,0.0810401439666748,1.3784854412078857
1,7,5.345937013626099,-0.0004000663757324219,0.9998999834060669,9.999999747378752e-05,9.999999747378752e-05,0.9998999834060669,4.019659757614136,1.498884916305542,1.3262383937835693,0.9051721096038818,0.11500310897827148,0.07993006706237793,1.3773517608642578
1,8,7.456239700317383,-0.0004000663757324219,0.9998999834060669,0.9998999834060669,9.999999747378752e-05,0.9998999834060669,6.122207164764404,1.495067834854126,1.3339972496032715,1.8658888339996338,0.11458659172058105,0.08069849014282227,2.523158073425293
1,9,5.3623974323272705,-0.0004000663757324219,0.9998999834060669,9.999999747378752e-05,9.999999747378752e-05,0.9998999834060669,4.0229456424713135,1.499589204788208,1.3394174575805664,0.9064278602600098,0.11485123634338379,0.08018612861633301,1.3783864974975586
1,10,5.369987726211548,-0.0004000663757324219,0.9998999834060669,9.999999747378752e-05,9.999999747378752e-05,0.9998999834060669,4.0283753871917725,1.5063681602478027,1.3415780067443848,0.904193639755249,0.11416339874267578,0.0803837776184082,1.3798911571502686
1,11,6.318403482437134,-0.0004000663757324219,0.9998999834060669,0.9998999834060669,9.999999747378752e-05,0.9998999834060669,5.000333786010742,1.5018463134765625,1.3180317878723145,1.8809869289398193,0.11421346664428711,0.08149361610412598,1.3783016204833984
1,12,6.346210479736328,-0.0004000663757324219,0.9998999834060669,0.9998999834060669,9.999999747378752e-05,0.9998999834060669,4.9905619621276855,1.500502109527588,1.355614185333252,1.8707122802734375,0.11580371856689453,0.08095002174377441,1.3796961307525635
1,13,5.200458526611328,0.0,0.8999999761581421,0.699999988079071,0.5,0.20000000298023224,3.843550682067871,1.3887600898742676,1.3568496704101562,0.797936201095581,0.13230419158935547,0.08490324020385742,1.3819990158081055
1,14,7.296079158782959,-0.0004000663757324219,0.9998999834060669,9.999999747378752e-05,9.999999747378752e-05,0.9998999834060669,4.022825241088867,1.5031042098999023,3.2732198238372803,0.9090962409973145,0.11403059959411621,0.0801689624786377,1.3740320205688477
1,15,6.67273736000061,0.0,0.8999999761581421,0.699999988079071,0.5,0.20000000298023224,3.4523751735687256,1.2572014331817627,3.220329761505127,0.600571870803833,0.1115272045135498,0.0781548023223877,1.36466646194458
1,16,14.808873653411865,-0.0004000663757324219,0.9998999834060669,0.9998999834060669,9.999999747378752e-05,0.9998999834060669,10.327768087387085,3.1902267932891846,4.480983018875122,3.0263619422912598,0.2408151626586914,0.15334272384643555,3.631143569946289
1,17,13.020107507705688,-0.0004000663757324219,0.9998999834060669,9.999999747378752e-05,9.999999747378752e-05,0.9998999834060669,8.614471197128296,3.124690532684326,4.405529737472534,1.4310674667358398,0.23059773445129395,0.1421043872833252,3.603095293045044
1,18,14.55191707611084,-0.0004000663757324219,0.9998999834060669,0.9998999834060669,9.999999747378752e-05,0.9998999834060669,10.203946113586426,3.1339352130889893,4.347862005233765,3.0294368267059326,0.23511409759521484,0.14737343788146973,3.57568097114563
1,19,14.675345420837402,-0.0004000663757324219,0.9998999834060669,0.9998999834060669,9.999999747378752e-05,0.9998999834060669,10.371687650680542,3.166503667831421,4.303532838821411,3.0167834758758545,0.23687982559204102,0.14525651931762695,3.613959550857544
1,20,14.593550205230713,-0.0004000663757324219,0.9998999834060669,0.9998999834060669,9.999999747378752e-05,0.9998999834060669,10.209904670715332,3.1341938972473145,4.383512258529663,3.036687135696411,0.2371664047241211,0.1462559700012207,3.572892665863037
1,21,14.450395822525024,-0.0004000663757324219,0.9998999834060669,9.999999747378752e-05,0.9998999834060669,9.999999747378752e-05,10.075258016586304,3.1348602771759033,4.375032901763916,2.8061344623565674,0.23744511604309082,0.14421725273132324,3.6706583499908447
1,22,12.239784240722656,0.0,0.8999999761581421,0.699999988079071,0.5,0.20000000298023224,7.65697979927063,2.638861656188965,4.582632780075073,0.9334523677825928,0.22812461853027344,0.13717937469482422,3.6427550315856934
1,23,14.451494216918945,-0.0004000663757324219,0.9998999834060669,0.9998999834060669,9.999999747378752e-05,9.999999747378752e-05,10.028283596038818,3.1281354427337646,4.42309308052063,2.7747128009796143,0.24010539054870605,0.14648747444152832,3.6560230255126953
1,24,13.291691303253174,0.0,0.8999999761581421,0.699999988079071,0.5,0.20000000298023224,7.634301662445068,2.684966802597046,5.657289743423462,0.9118268489837646,0.22962713241577148,0.14169073104858398,3.5906388759613037
1,25,12.046825170516968,0.0,0.8999999761581421,0.699999988079071,0.5,0.20000000298023224,7.661986589431763,2.6427924633026123,4.384753465652466,0.9121341705322266,0.22792291641235352,0.13812875747680664,3.664604663848877
1,26,12.139527082443237,0.0,0.8999999761581421,0.699999988079071,0.5,0.20000000298023224,7.691014528274536,2.6737618446350098,4.448413372039795,0.9122586250305176,0.23052620887756348,0.22418856620788574,3.573729991912842
1,27,14.842722654342651,-0.0004000663757324219,0.9998999834060669,0.9998999834060669,9.999999747378752e-05,0.9998999834060669,10.22432541847229,3.1522204875946045,4.618282794952393,3.0087509155273438,0.2326221466064453,0.14680075645446777,3.597973108291626
1,28,12.995268821716309,-0.0004000663757324219,0.9998999834060669,9.999999747378752e-05,9.999999747378752e-05,0.9998999834060669,8.595683336257935,3.1213324069976807,4.399491548538208,1.4558405876159668,0.22879719734191895,0.14223027229309082,3.566887617111206
1,29,14.723954200744629,-0.0004000663757324219,0.9998999834060669,0.9998999834060669,9.999999747378752e-05,0.9998999834060669,10.320769548416138,3.1335346698760986,4.403082370758057,3.0194895267486572,0.23438334465026855,0.1479794979095459,3.565572738647461
1,30,12.303602457046509,0.0,0.8999999761581421,0.699999988079071,0.5,0.20000000298023224,7.723738670349121,2.6899681091308594,4.57975959777832,0.9320757389068604,0.2284386157989502,0.13906049728393555,3.657154083251953
2,1,8.750143766403198,-4.280237197875977,0.9998999834060669,0.5030261278152466,9.999999747378752e-05,0.8508904576301575,5.405892610549927,1.6455552577972412,3.3442039489746094,2.1367619037628174,0.11461710929870605,0.08182358741760254,1.3839151859283447
2,2,9.79912281036377,-7.689884185791016,0.9998999834060669,0.4760163724422455,0.384560763835907,0.9998999834060669,6.354326248168945,1.6479277610778809,3.444761276245117,3.087448835372925,0.11532783508300781,0.08187174797058105,1.3782446384429932
2,3,10.596241235733032,-7.901359939575196,0.9998999834060669,0.9998999834060669,0.5517045259475708,0.49301451444625854,7.3461244106292725,1.644782304763794,3.2500760555267334,4.0794596672058105,0.11583375930786133,0.08063530921936035,1.3829765319824219
2,4,8.264622449874878,-3.768804693222046,0.9998999834060669,0.25776344537734985,9.999999747378752e-05,0.8795208930969238,4.9920759201049805,1.6423213481903076,3.2725114822387695,1.733457088470459,0.11515259742736816,0.08063673973083496,1.377591848373413
2,5,8.480588436126709,-5.688913726806641,0.9220356345176697,0.57928466796875,9.999999747378752e-05,0.6929426789283752,5.226986885070801,1.6351611614227295,3.25356125831604,1.9885001182556152,0.11267685890197754,0.07964324951171875,1.368760585784912
2,6,7.853915214538574,-7.203016901016236,0.9998999834060669,0.3581062853336334,0.3088306784629822,0.9998999834060669,5.907527923583984,1.6438851356506348,1.946349859237671,2.6451447010040283,0.11458206176757812,0.08169221878051758,1.3797063827514648
2,7,4.841565370559692,0.0,0.8999999761581421,0.699999988079071,0.5,0.20000000298023224,3.4858627319335938,1.271216630935669,1.3556644916534424,0.601917028427124,0.11464571952819824,0.07974410057067871,1.3768126964569092
2,8,7.193950414657593,-3.743497371673584,0.9998999834060669,0.6069072484970093,9.999999747378752e-05,0.6069778203964233,5.77564811706543,1.6496200561523438,1.4182579517364502,2.507131814956665,0.11459732055664062,0.08126997947692871,1.3796637058258057
2,9,6.767502307891846,-3.7933521270751953,0.9998999834060669,0.9998999834060669,9.999999747378752e-05,0.23790578544139862,5.430642604827881,1.636657953262329,1.3368198871612549,2.174994707107544,0.11513257026672363,0.08107900619506836,1.3796260356903076
2,10,5.536820650100708,-0.0004000663757324219,0.9998999834060669,9.999999747378752e-05,9.999999747378752e-05,0.9998999834060669,4.0244927406311035,1.4956917762756348,1.5122935771942139,0.9109313488006592,0.11643075942993164,0.08097219467163086,1.377115249633789
2,11,6.640925407409668,-4.838961124420166,0.9998999834060669,0.5453270673751831,9.999999747378752e-05,0.5452375411987305,5.266815423965454,1.644360065460205,1.3740708827972412,2.0011374950408936,0.1145029067993164,0.08094930648803711,1.3826351165771484
2,12,7.027615308761597,-5.634005546569824,0.5307614803314209,9.999999747378752e-05,0.8342813849449158,0.8342812657356262,5.696393728256226,1.6564977169036865,1.331183910369873,2.422037363052368,0.11517453193664551,0.08142781257629395,1.3774800300598145
2,13,6.244487285614014,-3.5790068387985228,0.9998999834060669,9.999999747378752e-05,0.31994280219078064,0.4099230468273163,4.891918659210205,1.632263422012329,1.3525328636169434,1.6449739933013916,0.11416912078857422,0.08027434349060059,1.3773553371429443
2,14,6.798890829086304,-6.88061375617981,0.9998999834060669,0.3711889982223511,0.32858598232269287,0.35753577947616577,5.460667610168457,1.631227970123291,1.3381764888763428,2.209205150604248,0.11522078514099121,0.08126187324523926,1.3811941146850586
2,15,6.068024635314941,-1.4061633586883544,0.9998999834060669,9.999999747378752e-05,9.999999747378752e-05,0.7043047547340393,4.703279972076416,1.6287493705749512,1.3647043704986572,1.030064582824707,0.11271810531616211,0.07980108261108398,1.8098337650299072
2,16,16.07845664024353,-3.743291139602661,0.9998999834060669,9.999999747378752e-05,0.6061529517173767,0.608924925327301,11.698042869567871,3.4180781841278076,4.380311012268066,4.233503818511963,0.23392248153686523,0.14668536186218262,3.5820393562316895
2,17,14.619584560394287,-0.0004000663757324219,0.9998999834060669,9.999999747378752e-05,0.9998999834060669,9.999999747378752e-05,10.019519329071045,3.1455330848693848,4.599973201751709,2.8130643367767334,0.23287463188171387,0.14414525032043457,3.6020243167877197
2,18,17.614214658737183,-6.923981666564941,0.9998999834060669,0.9998999834060669,0.20623381435871124,0.46002304553985596,12.894333124160767,3.4212214946746826,4.719733953475952,5.409015417098999,0.23816132545471191,0.14780259132385254,3.5952489376068115
2,19,19.338396310806274,-6.334909868240357,0.9998999834060669,0.9998999834060669,0.3961309790611267,0.7267020344734192,14.917643070220947,3.4510626792907715,4.420644044876099,7.33756160736084,0.23796916007995605,0.14880108833312988,3.6575663089752197
2,20,15.875398397445679,-2.916609764099121,0.9998999834060669,0.48191019892692566,9.999999747378752e-05,0.9998999834060669,11.40729832649231,3.444376230239868,4.467905282974243,3.849429130554199,0.23540282249450684,0.1465299129486084,3.646926164627075
2,21,15.95546269416809,-4.43446159362793,0.9998999834060669,9.999999747378752e-05,0.790985107421875,0.594449520111084,11.452436447143555,3.4159939289093018,4.5028650760650635,3.9338879585266113,0.23670196533203125,0.14683246612548828,3.634967803955078
2,22,15.42339277267456,-5.657605409622192,0.9885122179985046,9.999999747378752e-05,0.5658407211303711,0.675983190536499,10.848844051361084,3.3971481323242188,4.574448108673096,3.418139934539795,0.23484420776367188,0.1420891284942627,3.5763204097747803
2,23,15.97929072380066,-3.7440366744995117,0.9998999834060669,9.999999747378752e-05,0.6076464056968689,0.6145831942558289,11.687951564788818,3.4000136852264404,4.291236400604248,4.248236179351807,0.23223423957824707,0.14543747901916504,3.5800535678863525
2,24,14.275292873382568,-4.397666931152344,0.9998999834060669,0.26142942905426025,9.999999747378752e-05,0.5798577666282654,9.832480192184448,3.4228675365448,4.442705869674683,2.3841230869293213,0.2290811538696289,0.1462242603302002,3.567790985107422
2,25,17.026120901107788,-6.958083724975586,0.9998999834060669,0.7001862525939941,0.2225799709558487,0.5849573016166687,12.546728134155273,3.433588981628418,4.479287385940552,4.9783570766448975,0.23329877853393555,0.14665961265563965,3.5703179836273193
2,26,14.680055379867554,-3.456881523132324,0.9998999834060669,0.34621766209602356,9.999999747378752e-05,0.38780370354652405,10.225403785705566,3.40716290473938,4.454540729522705,2.783362865447998,0.23095250129699707,0.1448824405670166,3.5754034519195557
2,27,16.313358068466187,-7.10915584564209,0.9998999834060669,0.2546120882034302,0.3903614282608032,0.9998999834060669,11.841577053070068,3.4781417846679688,4.471650838851929,4.299432039260864,0.23930048942565918,0.15164566040039062,3.5869815349578857
2,28,13.006612777709961,-0.0004000663757324219,0.9998999834060669,9.999999747378752e-05,9.999999747378752e-05,0.9998999834060669,8.60636854171753,3.1277377605438232,4.40014910697937,1.4370043277740479,0.2344648838043213,0.14198517799377441,3.5843427181243896
2,29,17.714786052703857,-6.9229736328125,0.9998999834060669,0.9998999834060669,0.4684787690639496,0.19685767590999603,13.304312944412231,3.406106472015381,4.410368204116821,5.834456443786621,0.2338869571685791,0.14497756958007812,3.603639602661133
2,30,15.967090368270874,-4.437039852142334,0.9998999834060669,0.7728943228721619,9.999999747378752e-05,0.5820773243904114,11.48706865310669,3.465656280517578,4.479895353317261,3.9365572929382324,0.24041318893432617,0.1487581729888916,3.6119518280029297
3,1,7.585715055465698,-14.860457229614259,0.9998999834060669,0.3565416634082794,0.10520512610673904,0.5056225061416626,6.251498222351074,1.7801549434661865,1.3341774940490723,2.8538477420806885,0.1144723892211914,0.08098411560058594,1.3794431686401367
3,2,7.106119394302368,-12.356566619873046,0.9998999834060669,0.05947330221533775,0.20493389666080475,0.7426701188087463,5.748993158340454,1.768409252166748,1.357083797454834,2.3650364875793457,0.1143801212310791,0.08088469505310059,1.377800464630127
3,3,7.693594455718994,-14.96650676727295,0.9998999834060669,0.4338667690753937,0.13853447139263153,0.31855523586273193,6.370882272720337,1.781816005706787,1.3226778507232666,2.9724974632263184,0.11458182334899902,0.08133578300476074,1.377983570098877
3,4,6.731106996536255,-9.073862457275391,0.9998999834060669,0.180015429854393,9.999999747378752e-05,0.7681648135185242,5.359572649002075,1.7817537784576416,1.3715004920959473,1.959620475769043,0.11517882347106934,0.08166241645812988,1.378267526626587
3,5,8.580430269241333,-25.45265007019043,0.9998999834060669,0.49865269660949707,0.23053430020809174,0.6848658323287964,7.229486465454102,1.7851269245147705,1.3509094715118408,3.823888063430786,0.11412692070007324,0.08182692527770996,1.3814499378204346
3,6,8.344512939453125,-25.86393184661865,0.9212477207183838,0.28505730628967285,0.471477746963501,0.6083542704582214,7.015265464782715,1.776414155960083,1.3292145729064941,3.6216907501220703,0.11424493789672852,0.08108925819396973,1.3792486190795898
3,7,7.3047895431518555,-13.587210083007813,0.9998999834060669,0.1095791906118393,0.4605516195297241,0.2776092290878296,5.972024440765381,1.7903006076812744,1.3327298164367676,2.562514543533325,0.1147761344909668,0.08190155029296875,1.3796212673187256
3,8,7.963283538818359,-16.658035659790038,0.8511824011802673,0.49141359329223633,0.014030511491000652,0.8807786107063293,6.565544843673706,1.8049414157867432,1.3976936340332031,3.1388418674468994,0.11500382423400879,0.08299803733825684,1.3803842067718506
3,9,8.938555717468262,-24.751897430419923,0.9998999834060669,0.26555269956588745,0.5043784379959106,0.6004503965377808,7.558180809020996,1.7764801979064941,1.3803260326385498,4.161133766174316,0.11465930938720703,0.08237934112548828,1.3803298473358154
3,10,8.045741081237793,-17.438416290283204,0.9998999834060669,0.431723028421402,0.10986901074647903,0.6010525822639465,6.668418884277344,1.7857716083526611,1.3772871494293213,3.2660582065582275,0.11435914039611816,0.08118081092834473,1.3782308101654053
3,11,7.80557107925415,-9.46267557144165,0.9998999834060669,9.999999747378752e-05,0.5295645594596863,0.3261326253414154,6.467839002609253,1.833876371383667,1.3376855850219727,3.009350061416626,0.11707091331481934,0.08292078971862793,1.3808398246765137
3,12,7.194057941436768,-13.16324291229248,0.9998999834060669,0.2547697424888611,0.13201677799224854,0.43666771054267883,5.810424089431763,1.901301383972168,1.3835995197296143,2.272092819213867,0.11529994010925293,0.08387541770935059,1.394374132156372
3,13,6.924272060394287,-13.811157321929931,0.9998999834060669,0.14382463693618774,0.20153939723968506,0.515792727470398,5.518926620483398,1.7919318675994873,1.4053008556365967,2.10420823097229,0.1161355972290039,0.08214521408081055,1.3813600540161133
3,14,7.545669794082642,-15.236623096466065,0.9998999834060669,0.26995977759361267,0.09693681448698044,0.6558104157447815,6.068617582321167,1.8968820571899414,1.477015733718872,2.534024715423584,0.11491560935974121,0.08348798751831055,1.3957600593566895
3,15,7.580425262451172,-14.339345550537109,0.9998999834060669,0.4670836329460144,9.999999747378752e-05,0.6838338971138,6.203852415084839,1.774592399597168,1.3765311241149902,2.807309150695801,0.11461281776428223,0.0811913013458252,1.383211374282837
3,16,15.708564519882202,-10.758555126190185,0.9998999834060669,9.999999747378752e-05,0.30354806780815125,0.6174902319908142,11.23774242401123,3.6736061573028564,4.470717191696167,3.531754732131958,0.23399114608764648,0.1439049243927002,3.573606252670288
3,17,20.584755897521973,-28.826590919494627,0.9930991530418396,0.7835215926170349,0.5739439725875854,0.25957760214805603,16.1578209400177,3.7041971683502197,4.426819324493408,8.417491674423218,0.23431682586669922,0.1486530303955078,3.5697226524353027
3,18,17.713975191116333,-16.7020320892334,0.9998999834060669,0.27157673239707947,0.10582730174064636,0.8341426253318787,12.470115184783936,3.6636741161346436,5.243749141693115,4.77001166343689,0.22920441627502441,0.1451716423034668,3.579528331756592
3,19,18.379780292510986,-22.552829551696778,0.9998999834060669,0.5188769698143005,0.25363975763320923,0.42074885964393616,13.887041807174683,3.7088723182678223,4.492632150650024,6.138409376144409,0.23154854774475098,0.14769411087036133,3.579023599624634
3,20,17.20260000228882,-17.010813331604005,0.9998999834060669,0.3208862841129303,0.10690748691558838,0.6873244643211365,12.677329063415527,3.7418291568756104,4.5251686573028564,4.634098529815674,0.2365729808807373,0.380842924118042,3.600264549255371
3,21,19.165626764297485,-23.751443672180176,0.9998999834060669,0.3267567455768585,0.4360710084438324,0.49443039298057556,14.658124685287476,3.705655813217163,4.507392406463623,6.881170034408569,0.23140954971313477,0.15073251724243164,3.606804132461548
3,22,17.564435720443726,-18.653178024291993,0.9998999834060669,0.5451368689537048,0.17995980381965637,0.31720784306526184,13.083323955535889,3.681442975997925,4.480989694595337,5.287937641143799,0.2374889850616455,0.1492021083831787,3.6441919803619385
3,23,18.590357542037964,-23.0531587600708,0.9998999834060669,0.28800058364868164,0.31259685754776,0.7176984548568726,14.000804424285889,3.677762031555176,4.589410066604614,6.2231550216674805,0.23401474952697754,0.14622807502746582,3.637178659439087
3,24,16.75495409965515,-12.065617561340332,0.9998999834060669,0.3164925277233124,9.999999747378752e-05,0.8315088748931885,12.175103425979614,3.774754047393799,4.5797131061553955,4.302867412567139,0.2364201545715332,0.150040864944458,3.627850294113159
3,25,18.30551266670227,-17.604449844360353,0.9998999834060669,0.5568780899047852,0.03104998730123043,0.7529115080833435,13.934151649475098,3.6858510971069336,4.371243000030518,6.188868284225464,0.23554635047912598,0.14612197875976562,3.5950608253479004
3,26,19.354614734649658,-21.497720146179198,0.5777106285095215,0.44046488404273987,0.9998999834060669,0.19843585789203644,14.887349367141724,3.795922040939331,4.467163324356079,7.014147996902466,0.23448848724365234,0.15126633644104004,3.6070332527160645
3,27,17.834079265594482,-15.823910331726074,0.9998999834060669,0.3414166271686554,0.14722077548503876,0.5625815987586975,13.31285572052002,3.7165157794952393,4.521116733551025,5.531858205795288,0.23279285430908203,0.14897918701171875,3.5996360778808594
3,28,17.86881971359253,-17.287404441833495,0.9998999834060669,0.4271251857280731,0.09754019975662231,0.5714666247367859,13.214635848999023,3.701470375061035,4.65408182144165,5.4605913162231445,0.2334146499633789,0.1486201286315918,3.587625503540039
3,29,15.719352722167969,-8.467363262176514,0.9998999834060669,9.999999747378752e-05,0.24560947716236115,0.45884278416633606,11.185492038726807,3.7413713932037354,4.533746719360352,3.3904430866241455,0.23252248764038086,0.1488199234008789,3.5894055366516113
3,30,19.152329921722412,-16.46615343093872,0.9998999834060669,0.2598312497138977,0.10587357729673386,0.9998999834060669,12.953286409378052,3.699838161468506,6.1989357471466064,5.136676549911499,0.23232245445251465,0.14800739288330078,3.6530821323394775
4,1,8.437659740447998,-46.42989807128906,0.9998999834060669,0.19879160821437836,0.32192757725715637,0.5126557946205139,7.074304819107056,1.928959608078003,1.3633127212524414,3.526135206222534,0.11401081085205078,0.08194851875305176,1.380361795425415
4,2,8.035313844680786,-42.18941230773926,0.8672195076942444,0.3467026352882385,0.2922059893608093,0.36660268902778625,6.706148624420166,1.9371840953826904,1.3291308879852295,3.1522395610809326,0.11441826820373535,0.08172965049743652,1.3779115676879883
4,3,10.017908811569214,-70.05903091430665,0.9998999834060669,0.490068644285202,0.24553735554218292,0.5711211562156677,8.677205801010132,1.9176688194274902,1.3406693935394287,5.136750936508179,0.11450314521789551,0.0814354419708252,1.384056568145752
4,4,9.201440811157227,-53.33222885131836,0.9998999834060669,0.4723958671092987,0.08448921144008636,0.7056893110275269,7.808950662612915,1.919050931930542,1.3924500942230225,4.268602132797241,0.11527848243713379,0.08150649070739746,1.381314992904663
4,5,9.29716682434082,-60.68002510070801,0.9998999834060669,0.21240173280239105,0.2944483757019043,0.7895973324775696,7.977629899978638,1.9437925815582275,1.3194985389709473,4.40890908241272,0.11556863784790039,0.08220386505126953,1.3833258152008057
4,6,9.216298341751099,-60.454288482666016,0.9998999834060669,0.2968175709247589,0.36050283908843994,0.4964025020599365,7.896594047546387,1.924731969833374,1.3196613788604736,4.352191209793091,0.11452770233154297,0.0818479061126709,1.3805367946624756
4,7,9.336456537246704,-53.328129577636716,0.9998999834060669,0.16643714904785156,0.43698742985725403,0.5171334743499756,7.998080492019653,1.942500114440918,1.3383386135101318,4.430922508239746,0.11489319801330566,0.08260893821716309,1.3839044570922852
4,8,8.347732782363892,-46.3539321899414,0.9998999834060669,0.3386608064174652,0.08827377110719681,0.7309306263923645,7.030942440032959,1.92008376121521,1.316756248474121,3.492149829864502,0.11484527587890625,0.08183813095092773,1.3785817623138428
4,9,8.77227520942688,-59.73727607727051,0.9826179146766663,0.2683168053627014,0.3213958442211151,0.5709121227264404,7.4440717697143555,1.9301033020019531,1.3281657695770264,3.893588066101074,0.11507320404052734,0.08163762092590332,1.3806686401367188
4,10,8.872239351272583,-60.97254753112793,0.9998999834060669,0.2406996637582779,0.2950930893421173,0.7062099575996399,7.472670316696167,1.9250833988189697,1.399533748626709,3.9293503761291504,0.11448001861572266,0.08204174041748047,1.378476619720459
4,11,8.939802408218384,-52.83441696166992,0.9998999834060669,0.20419274270534515,0.30405786633491516,0.6136010885238647,7.529127836227417,1.9304516315460205,1.410639762878418,3.978699207305908,0.11506414413452148,0.08170509338378906,1.3798725605010986
4,12,12.122681140899658,-43.36043701171875,0.9998999834060669,0.1789792776107788,0.3306920826435089,0.4728258550167084,6.696799993515015,1.9514439105987549,5.425843000411987,3.1058390140533447,0.11422848701477051,0.0823814868927002,1.3993964195251465
4,13,10.790585041046143,-46.84501762390137,0.9998999834060669,0.38758793473243713,0.04322056472301483,0.8355547785758972,7.497549057006836,1.9122223854064941,3.2930006980895996,3.969297170639038,0.1142425537109375,0.08096480369567871,1.377476692199707
4,14,11.71567964553833,-59.40664978027344,0.9998999834060669,0.428817480802536,0.20206288993358612,0.6030527353286743,8.453192710876465,1.924248218536377,3.2624473571777344,4.9031970500946045,0.11426234245300293,0.0815432071685791,1.3875055313110352
4,15,11.139301776885986,-63.908721160888675,0.9998999834060669,0.31101149320602417,0.31870049238204956,0.5827229022979736,7.9000489711761475,1.9106171131134033,3.239218235015869,4.388990163803101,0.11188721656799316,0.08026266098022461,1.3664557933807373
4,16,19.858060359954834,-53.819101333618164,0.9998999834060669,0.4041278064250946,0.20037834346294403,0.5010612607002258,15.319836616516113,3.9476871490478516,4.538086175918579,7.31803560256958,0.23319625854492188,0.14995336532592773,3.5890610218048096
4,17,18.548587799072266,-48.07542495727539,0.9998999834060669,0.2916865348815918,0.16606613993644714,0.6370311379432678,13.989048480987549,3.9744114875793457,4.559427976608276,5.962163925170898,0.238020658493042,0.14769649505615234,3.5839900970458984
4,18,19.65635848045349,-58.224874114990236,0.9998999834060669,0.3356574773788452,0.14746683835983276,0.8497379422187805,15.166968584060669,3.9934639930725098,4.489277124404907,7.111070394515991,0.23675227165222168,0.14974617958068848,3.5906167030334473
4,19,19.063741445541382,-44.887121963500974,0.9998999834060669,0.21214374899864197,0.30790308117866516,0.5007051825523376,14.49861216545105,3.993535041809082,4.565024375915527,6.433425664901733,0.23850703239440918,0.14934968948364258,3.600839853286743
4,20,18.07835030555725,-44.82224311828613,0.9998999834060669,0.19282063841819763,0.13296042382717133,0.8571790456771851,13.526247501373291,3.9953198432922363,4.551987409591675,5.465701341629028,0.23610568046569824,0.15042519569396973,3.5950028896331787
4,21,19.749094486236572,-65.79738311767578,0.8351902365684509,0.4131799042224884,0.3757779002189636,0.5046284198760986,15.114622354507446,3.950610399246216,4.634337663650513,7.029886960983276,0.23733997344970703,0.15003752708435059,3.663207530975342
4,22,22.690340280532837,-53.339561462402344,0.9998999834060669,0.1946999430656433,0.4557214677333832,0.4400075674057007,15.478632926940918,4.021981954574585,7.211503028869629,7.253771543502808,0.25110864639282227,0.15949320793151855,3.7031400203704834
4,23,20.112342357635498,-52.01547813415527,0.9998999834060669,0.21275672316551208,0.4636300504207611,0.41289618611335754,15.564582347869873,4.0782153606414795,4.547651767730713,7.383892059326172,0.2435753345489502,0.15610456466674805,3.616070508956909
4,24,18.868775367736816,-45.02371063232422,0.9998999834060669,0.1340155005455017,0.24669018387794495,0.7425990104675293,14.06724739074707,4.01431941986084,4.801417350769043,5.847032785415649,0.23749804496765137,0.2672886848449707,3.6163716316223145
4,25,19.861276865005493,-56.18877601623535,0.9998999834060669,0.3253675401210785,0.20020247995853424,0.6870740652084351,15.305939197540283,4.0135884284973145,4.555213451385498,7.1714863777160645,0.2384474277496338,0.15320467948913574,3.6444625854492188
4,26,18.88675546646118,-56.844384384155276,0.9998999834060669,0.18444585800170898,0.25844207406044006,0.8375381231307983,14.231923580169678,4.01700758934021,4.654659748077393,6.070234060287476,0.24115371704101562,0.15279126167297363,3.6658291816711426
4,27,20.033605337142944,-61.312811279296874,0.9779803156852722,0.3785485625267029,0.3258974850177765,0.458364337682724,14.942439794540405,4.001045227050781,5.091047286987305,6.775108814239502,0.24343085289001465,0.15628814697265625,3.681273937225342
4,28,18.265554189682007,-42.512189102172854,0.9998999834060669,0.06484903395175934,0.35671553015708923,0.6463836431503296,13.68463134765625,3.98928165435791,4.580795764923096,5.615001916885376,0.23662114143371582,0.15149855613708496,3.6068670749664307
4,29,19.01625084877014,-58.402885055541994,0.9998999834060669,0.25969740748405457,0.2108493149280548,0.7936803102493286,14.417205572128296,4.007389783859253,4.5989134311676025,6.3497374057769775,0.23340392112731934,0.15214300155639648,3.5888242721557617
4,30,18.69209337234497,-56.787772750854494,0.9998999834060669,0.2475050985813141,0.26589149236679077,0.6699140667915344,14.073415279388428,3.948352336883545,4.6185572147369385,6.072052955627441,0.2332439422607422,0.14722633361816406,3.5902557373046875
5,1,11.324827432632446,-106.2490447998047,0.9998999834060669,0.10738547146320343,0.2952730059623718,0.6680295467376709,7.999289274215698,2.097046375274658,3.3255035877227783,4.281647205352783,0.1148219108581543,0.08230423927307129,1.3797662258148193
5,2,12.06343674659729,-123.62750854492188,0.9998999834060669,0.26533374190330505,0.2661314606666565,0.520369291305542,8.630093336105347,2.057006597518921,3.433307647705078,4.959557294845581,0.11270713806152344,0.08100581169128418,1.377892017364502
5,3,11.457352876663208,-139.1093719482422,0.9409540295600891,0.2135034054517746,0.3808860778808594,0.5557484030723572,8.163273572921753,2.054434299468994,3.2940452098846436,4.500820159912109,0.11176061630249023,0.08090782165527344,1.3737311363220215
5,4,9.971622943878174,-135.8645767211914,0.9998999834060669,0.16352537274360657,0.3372080624103546,0.6437032222747803,8.594292879104614,2.0526580810546875,1.3772964477539062,4.9344096183776855,0.11228632926940918,0.08060002326965332,1.3719069957733154
5,5,10.763956546783447,-169.85006561279297,0.9998999834060669,0.26056012511253357,0.3802659511566162,0.5605162382125854,9.374141216278076,2.066692590713501,1.3897788524627686,5.684567928314209,0.1144568920135498,0.08218812942504883,1.3829047679901123
5,6,9.976321458816528,-123.44959869384766,0.9998999834060669,0.16125792264938354,0.2813742458820343,0.6584881544113159,8.517041444778442,2.2483301162719727,1.4592366218566895,4.587982654571533,0.11834001541137695,0.09145116806030273,1.4256293773651123
5,7,10.417372465133667,-135.13023834228517,0.9998999834060669,0.12985439598560333,0.37399473786354065,0.6640349626541138,9.028595685958862,2.0864834785461426,1.3887405395507812,5.310939073562622,0.11444234848022461,0.08247017860412598,1.3904962539672852
5,8,9.74496078491211,-134.08984985351563,0.9998999834060669,0.13826227188110352,0.28217506408691406,0.7632929682731628,8.418914556503296,2.062608242034912,1.326002597808838,4.740559101104736,0.1132500171661377,0.0803213119506836,1.3795886039733887
5,9,9.586416244506836,-150.85328216552733,0.9985936284065247,0.2695552706718445,0.24899598956108093,0.6679179668426514,8.229015111923218,2.0628089904785156,1.3573644161224365,4.551745176315308,0.11393451690673828,0.08186936378479004,1.3749115467071533
5,10,10.267980575561523,-157.4751937866211,0.9998999834060669,0.19594188034534454,0.3424205780029297,0.6812663674354553,8.93756890296936,2.059901237487793,1.3303699493408203,5.259276390075684,0.11343216896057129,0.08190393447875977,1.3797783851623535
5,11,9.34507417678833,-123.18481521606445,0.9998999834060669,0.23398424685001373,0.23382338881492615,0.6087466478347778,8.00992488861084,2.0503652095794678,1.3351161479949951,4.344118595123291,0.1136014461517334,0.08130955696105957,1.3777072429656982
5,12,8.528975248336792,-94.8595962524414,0.9266853928565979,0.04642324149608612,0.3755218982696533,0.640457034111023,7.214803695678711,2.056701421737671,1.314131259918213,3.5429513454437256,0.11336541175842285,0.0822451114654541,1.3767528533935547
5,13,9.022640705108643,-104.76757202148437,0.9998999834060669,0.23100511729717255,0.2169656753540039,0.5605312585830688,7.617322206497192,2.0601766109466553,1.4052774906158447,3.9381816387176514,0.11279082298278809,0.0816648006439209,1.3819365501403809
5,14,10.096909284591675,-140.26849975585938,0.9998999834060669,0.3356228768825531,0.22607985138893127,0.5553244948387146,8.745696544647217,2.0657882690429688,1.351172685623169,5.063865900039673,0.11326050758361816,0.08125782012939453,1.3785440921783447
5,15,9.205484628677368,-123.59068222045899,0.9998999834060669,0.25515326857566833,0.24830852448940277,0.552354097366333,7.867156505584717,2.063926935195923,1.3382887840270996,4.1884236335754395,0.11329865455627441,0.08226203918457031,1.3764173984527588
5,16,21.538917541503906,-148.5410125732422,0.9998999834060669,0.2859577238559723,0.29030275344848633,0.5678445100784302,16.693368911743164,4.2931952476501465,4.845434665679932,8.323206424713135,0.2372291088104248,0.1546030044555664,3.600666046142578
5,17,21.68028950691223,-159.97486114501953,0.9998999834060669,0.2798722982406616,0.3076813519001007,0.5940125584602356,17.205424785614014,4.313849210739136,4.4747560024261475,8.754998683929443,0.2425248622894287,0.1523292064666748,3.6548373699188232
5,18,21.749511241912842,-152.6186950683594,0.9998999834060669,0.3332130014896393,0.31436601281166077,0.4935712516307831,17.248529195785522,4.399664402008057,4.50086522102356,8.796573638916016,0.23941349983215332,0.1536262035369873,3.5754473209381104
5,19,20.501814365386963,-120.02376861572266,0.9998999834060669,0.2500482499599457,0.26456260681152344,0.5264155864715576,16.039353847503662,4.317384958267212,4.462333679199219,7.639140844345093,0.2435319423675537,0.15294480323791504,3.601369857788086
5,20,19.346343517303467,-108.44892730712891,0.9998999834060669,0.09799517691135406,0.28311780095100403,0.6924379467964172,14.890252828598022,4.33525276184082,4.455926179885864,6.3941874504089355,0.24612689018249512,0.15561652183532715,3.671095848083496
5,21,21.816035985946655,-136.87399291992188,0.9998999834060669,0.3253008723258972,0.13462787866592407,0.7195001840591431,16.237160444259644,4.264559268951416,5.578753232955933,7.8929338455200195,0.24546098709106445,0.15060806274414062,3.598249673843384
5,22,21.284757137298584,-149.94132385253906,0.9998999834060669,0.3047420084476471,0.3229052722454071,0.5070027709007263,16.929227828979492,4.36201024055481,4.355402231216431,8.482408046722412,0.23956012725830078,0.15526795387268066,3.6060054302215576
5,23,19.090322256088257,-117.24138031005859,0.9996297955513,0.1424616575241089,0.25167009234428406,0.6970115900039673,14.748307228088379,4.2537782192230225,4.341909646987915,6.429995059967041,0.2320117950439453,0.1527702808380127,3.5933897495269775
5,24,22.08050775527954,-162.82379913330078,0.9998999834060669,0.23925374448299408,0.31347501277923584,0.6953046917915344,17.67485737800598,4.259665012359619,4.405531644821167,9.36202096939087,0.23235535621643066,0.14698362350463867,3.5905094146728516
5,25,20.925400257110596,-152.80417175292968,0.9998999834060669,0.22029425203800201,0.27496281266212463,0.7070326805114746,16.55998730659485,4.279521942138672,4.365301847457886,8.168283939361572,0.23388957977294922,0.1451585292816162,3.6473777294158936
5,26,20.064988136291504,-116.69971008300782,0.9998999834060669,0.3494885563850403,0.12831754982471466,0.574877142906189,15.645224571228027,4.248703479766846,4.419630765914917,6.964068174362183,0.2562980651855469,0.4838557243347168,3.608689785003662
5,27,20.547539472579956,-148.7143096923828,0.9998999834060669,0.3210022747516632,0.22755570709705353,0.6123220920562744,16.0287983417511,4.296947956085205,4.518610954284668,7.668690204620361,0.23392558097839355,0.1490955352783203,3.5961551666259766
5,28,20.262412548065186,-125.2952163696289,0.9998999834060669,0.36867788434028625,0.07554292678833008,0.7300654053688049,15.880749464035034,4.255048751831055,4.381556749343872,7.579551696777344,0.23451972007751465,0.1468336582183838,3.582221269607544
5,29,20.390778303146362,-109.58670654296876,0.9998999834060669,0.18164262175559998,0.23075376451015472,0.6387959718704224,15.310888290405273,4.256065130233765,5.079762935638428,6.961317777633667,0.2299940586090088,0.14742136001586914,3.634225606918335
5,30,22.743427991867065,-157.6819091796875,0.9998999834060669,0.2418767511844635,0.41590481996536255,0.5252558588981628,18.346177339553833,4.40521240234375,4.397138595581055,9.846627235412598,0.23842692375183105,0.15452790260314941,3.6165852546691895
6,1,6.203107833862305,-10.106583595275879,0.9998999834060669,0.1847173124551773,9.999999747378752e-05,0.7153862118721008,4.883182048797607,1.7755076885223389,1.3198931217193604,1.4895741939544678,0.1134481430053711,0.08141708374023438,1.380528211593628
6,2,7.163912296295166,-6.481505393981934,0.9998999834060669,0.07799156755208969,9.999999747378752e-05,0.9998999834060669,5.85858154296875,1.7715003490447998,1.3052973747253418,1.3248908519744873,0.11468219757080078,0.08087491989135742,2.523402690887451
6,3,6.092237710952759,-7.420849418640136,0.9998999834060669,0.09161793440580368,9.999999747378752e-05,0.8311530351638794,4.738192319869995,1.7780849933624268,1.3540115356445312,1.3420720100402832,0.1131429672241211,0.08104610443115234,1.3801865577697754
6,4,6.709498167037964,-21.72832336425781,0.9998999834060669,0.13545313477516174,0.08454959839582443,0.4366965591907501,5.37081503868103,1.952880859375,1.3386414051055908,1.8006258010864258,0.11575770378112793,0.08157181739807129,1.3763158321380615
6,5,6.005127668380737,-7.440652084350586,0.9998999834060669,0.08489169925451279,9.999999747378752e-05,0.8386849164962769,4.675617218017578,1.7716567516326904,1.329470157623291,1.2919731140136719,0.11321520805358887,0.08044648170471191,1.375544548034668
6,6,6.01916241645813,-7.452796077728271,0.9998999834060669,0.08901264518499374,9.999999747378752e-05,0.8548040390014648,4.703125,1.780808687210083,1.315995216369629,1.3099536895751953,0.1129922866821289,0.08124184608459473,1.375457525253296
6,7,6.25397253036499,-10.107473373413086,0.9998999834060669,0.18506760895252228,9.999999747378752e-05,0.7102052569389343,4.9271485805511475,1.7753064632415771,1.326784610748291,1.5327486991882324,0.11364936828613281,0.08158302307128906,1.3804948329925537
6,8,6.239658355712891,-10.107725143432617,0.9998999834060669,0.18523909151554108,9.999999747378752e-05,0.7221827507019043,4.919726848602295,1.775245189666748,1.3198959827423096,1.5292069911956787,0.11303949356079102,0.08099198341369629,1.3779728412628174
6,9,6.23434591293335,-11.336050319671632,0.9998999834060669,0.14634206891059875,0.03540271893143654,0.7072016000747681,4.890700817108154,1.780078411102295,1.3436064720153809,1.496931552886963,0.11533808708190918,0.08126258850097656,1.3739044666290283
6,10,6.428752183914185,-17.9591402053833,0.9998999834060669,0.021176621317863464,0.13696306943893433,0.43564096093177795,5.096999406814575,1.9091484546661377,1.3317172527313232,1.5743718147277832,0.11380195617675781,0.08086895942687988,1.376171350479126
6,11,6.3677592277526855,-10.648717212677003,0.9998999834060669,0.1646718680858612,0.032140184193849564,0.7062975168228149,4.897066593170166,1.770160436630249,1.470654010772705,1.5149624347686768,0.11362028121948242,0.08115506172180176,1.373847246170044
6,12,5.970541715621948,-1.503901481628418,0.9998999834060669,9.999999747378752e-05,9.999999747378752e-05,0.9998999834060669,4.577154159545898,1.7750563621520996,1.3933300971984863,1.1895105838775635,0.11316537857055664,0.08083605766296387,1.3747944831848145
6,13,6.163403272628784,-6.481508255004883,0.9998999834060669,9.999999747378752e-05,0.07807372510433197,0.9998999834060669,4.834296703338623,1.7887558937072754,1.3290674686431885,1.4332501888275146,0.11394166946411133,0.08101081848144531,1.3727681636810303
6,14,6.191158294677734,-14.777130126953125,0.9998999834060669,9.999999747378752e-05,0.10978133976459503,0.5382908582687378,4.8550708293914795,1.920727014541626,1.3360486030578613,1.3222625255584717,0.11364507675170898,0.08089971542358398,1.3742358684539795
6,15,6.477977752685547,-16.703713989257814,0.9998999834060669,9.999999747378752e-05,0.18344911932945251,0.4588727653026581,5.162013053894043,1.9090352058410645,1.3159291744232178,1.637819528579712,0.11287426948547363,0.08107852935791016,1.3787763118743896
6,16,14.956743717193604,-9.496195793151855,0.9998999834060669,9.999999747378752e-05,0.2037504017353058,0.748188853263855,10.537861108779907,3.7282018661499023,4.418785572052002,2.7470474243164062,0.23626971244812012,0.14962053298950195,3.5909183025360107
6,17,15.354632139205933,-18.70607280731201,0.9998999834060669,0.1333068460226059,0.06693658977746964,0.4000689685344696,10.886818408966064,3.981804132461548,4.467702388763428,2.828538417816162,0.23534274101257324,0.1478564739227295,3.6090800762176514
6,18,15.048888921737671,-9.551429939270019,0.9998999834060669,9.999999747378752e-05,0.1834757924079895,0.8379011750221252,10.60242486000061,3.73288893699646,4.446371793746948,2.8018901348114014,0.23151421546936035,0.1472330093383789,3.6060538291931152
6,19,13.999624252319336,-1.503901481628418,0.9998999834060669,9.999999747378752e-05,9.999999747378752e-05,0.9998999834060669,9.577427864074707,3.6413774490356445,4.422089099884033,1.868034839630127,0.23203778266906738,0.14429450035095215,3.60711669921875
6,20,14.649019002914429,-10.105873107910156,0.9998999834060669,9.999999747378752e-05,0.18399323523044586,0.7172673940658569,10.37327790260315,3.68617844581604,4.2756311893463135,2.5802578926086426,0.2384645938873291,0.14865398406982422,3.634927988052368
6,21,14.858963966369629,-9.496184539794921,0.9998999834060669,0.17584696412086487,9.999999747378752e-05,0.8184572458267212,10.386266231536865,3.656557083129883,4.472592830657959,2.6720662117004395,0.23328042030334473,0.14499831199645996,3.597606897354126
6,22,14.413339614868164,-7.368850326538086,0.9998999834060669,0.10364886373281479,9.999999747378752e-05,0.7837071418762207,10.009684085845947,3.7162599563598633,4.403543472290039,2.250809669494629,0.23469805717468262,0.14871740341186523,3.5750138759613037
6,23,15.646466493606567,-16.872385025024414,0.9998999834060669,9.999999747378752e-05,0.18420591950416565,0.46124476194381714,11.169070720672607,4.057060480117798,4.477289915084839,2.7719151973724365,0.23565077781677246,0.41411876678466797,3.6063902378082275
6,24,14.581967115402222,-6.476742458343506,0.9998999834060669,0.07615965604782104,9.999999747378752e-05,0.978613018989563,10.061667680740356,3.6687510013580322,4.520198345184326,2.341252088546753,0.23454785346984863,0.14703774452209473,3.587299346923828
6,25,14.776379585266113,-6.481520795822144,0.9998999834060669,0.07437512278556824,9.999999747378752e-05,0.9998999834060669,10.265832901000977,3.8569061756134033,4.510448217391968,2.3480429649353027,0.23393654823303223,0.15091347694396973,3.5893192291259766
6,26,14.54976749420166,-6.433694791793823,0.9998999834060669,0.08125249296426773,9.999999747378752e-05,0.951113760471344,10.075023174285889,3.6678037643432617,4.474636554718018,2.353508949279785,0.23619985580444336,0.14583039283752441,3.5875258445739746
6,27,14.834845066070557,-7.304056406021118,0.9998999834060669,9.999999747378752e-05,0.10707235336303711,0.8011970520019531,9.981773138046265,3.685396909713745,4.852976322174072,2.2321314811706543,0.23425054550170898,0.14633655548095703,3.6011788845062256
6,28,15.437621593475342,-16.792257881164552,0.9998999834060669,9.999999747378752e-05,0.18722014129161835,0.45880287885665894,10.863585233688354,3.991419792175293,4.573922872543335,2.7834432125091553,0.23778057098388672,0.1499948501586914,3.614711046218872
6,29,14.979309558868408,-10.107136726379395,0.9998999834060669,9.999999747378752e-05,0.18843448162078857,0.7161357998847961,10.371936321258545,3.6855838298797607,4.607273101806641,2.632434368133545,0.23466777801513672,0.1475372314453125,3.5878777503967285
6,30,16.179713249206543,-18.4986909866333,0.9924613833427429,0.1812373250722885,0.04593009874224663,0.4440631866455078,11.607606887817383,3.9756851196289062,4.571984767913818,2.8058547973632812,0.27791500091552734,0.8195271492004395,3.6460092067718506
7,1,11.445563077926636,-811.4213500976563,0.9980520606040955,0.26036977767944336,0.2743103802204132,0.5765464305877686,10.113466739654541,2.3529908657073975,1.332059383392334,6.140972375869751,0.11326813697814941,0.08113384246826172,1.3820741176605225
7,2,11.584232330322266,-828.7644592285156,0.9660789370536804,0.30633801221847534,0.2639620304107666,0.5661834478378296,10.245710372924805,2.3601531982421875,1.3384709358215332,6.263457536697388,0.1141352653503418,0.08159494400024414,1.3828082084655762
7,3,10.981977701187134,-755.6970092773438,0.9997009038925171,0.23054075241088867,0.25696370005607605,0.6073940396308899,9.631675243377686,2.3434040546417236,1.3502607345581055,5.671334743499756,0.11360907554626465,0.08138823509216309,1.3785290718078613
7,4,11.7424476146698,-789.7697021484375,0.9998999834060669,0.274396151304245,0.26404979825019836,0.5608986616134644,10.321166276931763,2.358150005340576,1.4212422370910645,6.348137378692627,0.11297965049743652,0.08111453056335449,1.3777687549591064
7,5,11.240562677383423,-747.5891723632812,0.9998999834060669,0.23173820972442627,0.25894930958747864,0.6019929647445679,9.939406871795654,2.3541839122772217,1.3011071681976318,5.965220928192139,0.1136941909790039,0.08101987838745117,1.3820741176605225
7,6,11.222712516784668,-728.31552734375,0.9998999834060669,0.23630057275295258,0.2321808785200119,0.6224271655082703,9.920185089111328,2.3357551097869873,1.3024921417236328,5.9666149616241455,0.11303400993347168,0.0808868408203125,1.3809845447540283
7,7,11.608686208724976,-789.88740234375,0.9998999834060669,0.2404441088438034,0.28240254521369934,0.5741910338401794,10.19820785522461,2.346369743347168,1.4104435443878174,6.233728647232056,0.11329197883605957,0.08147954940795898,1.3800489902496338
7,8,11.172237634658813,-774.1496887207031,0.9998999834060669,0.2405981868505478,0.25627601146698,0.6192213296890259,9.779658079147339,2.3707287311553955,1.3925449848175049,5.789006948471069,0.11339783668518066,0.0817103385925293,1.3818814754486084
7,9,11.841530084609985,-779.5988037109375,0.9921624660491943,0.26678064465522766,0.23326610028743744,0.6144635677337646,10.277722835540771,2.601473093032837,1.5637664794921875,5.9898340702056885,0.1207129955291748,0.08443069458007812,1.433652639389038
7,10,13.324057340621948,-818.0822875976562,0.9652050733566284,0.30582284927368164,0.26228633522987366,0.5744685530662537,10.08703875541687,2.3584389686584473,3.2369778156280518,6.114792585372925,0.11255002021789551,0.0808417797088623,1.37766695022583
7,11,13.332723379135132,-739.8714477539063,0.9998999834060669,0.25744959712028503,0.21549029648303986,0.6182538866996765,10.04704475402832,2.4033987522125244,3.28564453125,6.018512487411499,0.11534476280212402,0.08297467231750488,1.3832292556762695
7,12,13.08023738861084,-753.5756469726563,0.9998999834060669,0.25170573592185974,0.22688423097133636,0.6204981207847595,9.799107551574707,2.3721179962158203,3.2810893058776855,5.806084394454956,0.1144402027130127,0.08168983459472656,1.3811440467834473
7,13,13.57019591331482,-768.2532958984375,0.9998999834060669,0.2996612787246704,0.23334555327892303,0.5701957941055298,10.325081825256348,2.350160598754883,3.245079755783081,6.360170602798462,0.11278915405273438,0.08082294464111328,1.3786530494689941
7,14,13.420249700546265,-803.41884765625,0.9998999834060669,0.282178670167923,0.235188826918602,0.5865951776504517,10.169849634170532,2.3564088344573975,3.250359296798706,6.184617757797241,0.11336731910705566,0.08057689666748047,1.382716417312622
7,15,11.569188594818115,-818.7086242675781,0.9533039927482605,0.3030663728713989,0.2725488543510437,0.5602207779884338,10.153064727783203,2.3529553413391113,1.4160840511322021,6.1770265102386475,0.11398005485534668,0.0818026065826416,1.3840081691741943
7,16,23.46286654472351,-753.6676696777344,0.9998999834060669,0.22629386186599731,0.2245347797870636,0.6512227058410645,18.941954612731934,4.841013193130493,4.520767450332642,9.975849866867065,0.24369215965270996,0.15479707717895508,3.6388278007507324
7,17,24.515837907791138,-826.5831481933594,0.9733349680900574,0.31605368852615356,0.27492329478263855,0.5443862080574036,19.98219347000122,4.842735052108765,4.5335023403167725,11.066463708877563,0.23310160636901855,0.14976859092712402,3.6067893505096436
7,18,23.83150315284729,-759.9396911621094,0.9998999834060669,0.28891029953956604,0.21386852860450745,0.5951892733573914,19.262184619903564,4.8483664989471436,4.56919527053833,10.361894369125366,0.23105144500732422,0.14979839324951172,3.5848608016967773
7,19,24.42795729637146,-835.7447021484375,0.9793409109115601,0.29769593477249146,0.29543352127075195,0.5391289591789246,19.893035173416138,4.814186096191406,4.53480339050293,11.034937381744385,0.23202013969421387,0.14797019958496094,3.5814664363861084
7,20,24.836226224899292,-806.9629699707032,0.9998999834060669,0.25827711820602417,0.30171874165534973,0.5441353917121887,19.97383141517639,4.890584945678711,4.862255573272705,10.899817943572998,0.23667526245117188,0.15976524353027344,3.703331470489502
7,21,24.67407751083374,-817.0801208496093,0.9998999834060669,0.2768860161304474,0.28708064556121826,0.5322720408439636,20.07868981361389,4.879137992858887,4.595284461975098,11.075249671936035,0.23255634307861328,0.14974546432495117,3.658404588699341
7,22,24.01481318473816,-793.6296508789062,0.9998999834060669,0.25668227672576904,0.25317227840423584,0.5985242128372192,19.451146602630615,4.905578374862671,4.563550710678101,10.473666429519653,0.23659181594848633,0.15385651588439941,3.595968723297119
7,23,24.003122806549072,-796.9636596679687,0.9984667897224426,0.2463790774345398,0.28382861614227295,0.5864306092262268,19.37918472290039,4.815276622772217,4.623755216598511,10.42812466621399,0.23756718635559082,0.1512289047241211,3.6614110469818115
7,24,23.98715376853943,-764.94755859375,0.9998999834060669,0.2809896171092987,0.24613013863563538,0.5660967230796814,19.416999578475952,4.882587194442749,4.570032119750977,10.464654684066772,0.23411822319030762,0.15228843688964844,3.596935749053955
7,25,25.134987115859985,-773.9256713867187,0.9998999834060669,0.2639062702655792,0.28610959649086,0.5443254113197327,20.621583461761475,4.91223406791687,4.513293504714966,11.625380277633667,0.24311614036560059,0.15889501571655273,3.5926644802093506
7,26,23.760048866271973,-740.6391723632812,0.9998999834060669,0.2804711163043976,0.21160800755023956,0.5870931148529053,19.373783588409424,4.909732818603516,4.386147737503052,10.382628202438354,0.24435877799987793,0.15507793426513672,3.5971062183380127
7,27,24.847649335861206,-827.3046081542968,0.9758301377296448,0.2919641435146332,0.306376188993454,0.527570366859436,20.08675765991211,4.88642144203186,4.7607741355896,11.04846477508545,0.24497270584106445,0.1571969985961914,3.6613802909851074
7,28,24.021787881851196,-762.6593322753906,0.9998999834060669,0.23870086669921875,0.2707740068435669,0.5921856760978699,19.482051849365234,4.839900493621826,4.539623975753784,10.560431241989136,0.2410268783569336,0.15367650985717773,3.601051092147827
7,29,23.452261209487915,-769.828564453125,0.9998999834060669,0.2696046829223633,0.2261418253183365,0.605693519115448,19.0062198638916,4.84471321105957,4.445923328399658,10.094343185424805,0.24166250228881836,0.15713143348693848,3.5831220149993896
7,30,23.9498233795166,-849.5843200683594,0.9465957283973694,0.32733628153800964,0.2609192430973053,0.5288071632385254,19.526890993118286,4.854647159576416,4.422804594039917,10.593748569488525,0.235490083694458,0.15349388122558594,3.604125738143921
8,1,11.961291074752808,-1904.8047973632813,0.9998999834060669,0.24869030714035034,0.26897555589675903,0.5951666831970215,10.623043298721313,2.506226062774658,1.338202953338623,6.492386817932129,0.114013671875,0.08313274383544922,1.3836233615875244
8,2,12.10253119468689,-1940.131689453125,0.9953008890151978,0.28964394330978394,0.24695129692554474,0.5832192301750183,10.78792119026184,2.5118865966796875,1.3145668506622314,6.6458940505981445,0.11502480506896973,0.08384060859680176,1.3873581886291504
8,3,12.336798191070557,-1939.7686279296875,0.9998999834060669,0.28338485956192017,0.27397769689559937,0.5554924011230469,10.989315509796143,2.5126430988311768,1.3474409580230713,6.859208106994629,0.11292266845703125,0.08253765106201172,1.3790524005889893
8,4,11.672897815704346,-1894.0501953125,0.9967610239982605,0.25792691111564636,0.24201452732086182,0.6152786016464233,10.33580732345581,2.5004165172576904,1.3370554447174072,6.214158296585083,0.11321115493774414,0.08205652236938477,1.3828210830688477
8,5,12.20098614692688,-1994.6314697265625,0.9894667863845825,0.2713469862937927,0.2861851155757904,0.5687341690063477,10.858909130096436,2.5003554821014404,1.3420343399047852,6.729933261871338,0.11396074295043945,0.08294415473937988,1.3883185386657715
8,6,12.024285793304443,-1907.0093383789062,0.9998999834060669,0.2596311569213867,0.2658524215221405,0.6027374267578125,10.631456136703491,2.499762535095215,1.3927867412567139,6.511061668395996,0.11411476135253906,0.08192276954650879,1.3814589977264404
8,7,11.946687936782837,-1996.292138671875,0.9735244512557983,0.2950579822063446,0.2746722400188446,0.5726484060287476,10.608937740325928,2.506380319595337,1.33770751953125,6.478154897689819,0.1140131950378418,0.08213281631469727,1.3850674629211426
8,8,11.925262451171875,-1895.8637451171876,0.9998999834060669,0.258533239364624,0.2439289540052414,0.6002059578895569,10.55420470237732,2.498579740524292,1.3710215091705322,6.432784557342529,0.11429667472839355,0.08278703689575195,1.3822824954986572
8,9,11.578107118606567,-1966.297119140625,0.9541168212890625,0.27900949120521545,0.25154832005500793,0.6277662515640259,10.191458463668823,2.5296239852905273,1.3866093158721924,6.038092613220215,0.1137685775756836,0.08253312110900879,1.3841979503631592
8,10,12.024369716644287,-1875.6978515625,0.9998999834060669,0.2754586935043335,0.24969294667243958,0.5826639533042908,10.68561863899231,2.494239568710327,1.338707447052002,6.566523313522339,0.11396217346191406,0.08237457275390625,1.3851866722106934
8,11,12.10184621810913,-1914.2785522460938,0.9998999834060669,0.25887465476989746,0.2854052782058716,0.5648452639579773,10.7774817943573,2.5079240798950195,1.3243210315704346,6.6468164920806885,0.11382126808166504,0.0828864574432373,1.3827033042907715
8,12,11.926271438598633,-1967.9185180664062,0.9949858784675598,0.28916794061660767,0.2464849352836609,0.6054078340530396,10.530836582183838,2.5150718688964844,1.395392894744873,6.396936893463135,0.11357903480529785,0.08267831802368164,1.379242181777954
8,13,12.080925464630127,-1939.2779174804687,0.9998999834060669,0.2929774224758148,0.23780807852745056,0.5846562385559082,10.725222826004028,2.5240635871887207,1.355661153793335,6.580180406570435,0.11422348022460938,0.08242654800415039,1.3811302185058594
8,14,12.188196659088135,-1920.8661865234376,0.9998999834060669,0.2900676429271698,0.24935510754585266,0.5780835151672363,10.873090267181396,2.5036425590515137,1.3150668144226074,6.746506452560425,0.11434030532836914,0.08207511901855469,1.383378505706787
8,15,12.567086696624756,-1899.6180053710937,0.9998999834060669,0.26154428720474243,0.2952975928783417,0.5559902787208557,11.096014261245728,2.4999048709869385,1.4710347652435303,6.975695610046387,0.11384916305541992,0.08222246170043945,1.3810229301452637
8,16,23.974753856658936,-1963.55087890625,0.9614613056182861,0.27826955914497375,0.2756389081478119,0.5917596817016602,19.534387588500977,5.146939039230347,4.4402313232421875,10.337570190429688,0.23514127731323242,0.15079593658447266,3.579773187637329
8,17,25.590450763702393,-1966.2261108398438,0.9979402422904968,0.2985471785068512,0.2506560981273651,0.5638184547424316,20.04458999633789,5.186468839645386,5.545721769332886,10.723981380462646,0.2390575408935547,0.15184354782104492,3.657742500305176
8,18,24.085224866867065,-1926.7083374023437,0.9998999834060669,0.25608885288238525,0.2650013864040375,0.6008375883102417,19.66143822669983,5.140675067901611,4.42366886138916,10.46537971496582,0.23588871955871582,0.1489734649658203,3.5863609313964844
8,19,24.502063035964966,-1892.6846069335938,0.9998999834060669,0.27329733967781067,0.2703944146633148,0.560295820236206,20.039780139923096,5.223414659500122,4.462139368057251,10.708571195602417,0.24914836883544922,0.1591658592224121,3.6101393699645996
8,20,24.454882383346558,-1921.686279296875,0.9998999834060669,0.2767704427242279,0.26376843452453613,0.5787394046783447,19.854506969451904,5.164416313171387,4.600240468978882,10.600994348526001,0.23822903633117676,0.15503835678100586,3.6104767322540283
8,21,24.616941452026367,-1854.0466186523438,0.9998999834060669,0.25961267948150635,0.2466333657503128,0.5998371243476868,20.015923261642456,5.2149434089660645,4.600893974304199,10.735790729522705,0.23634123802185059,0.15256762504577637,3.5916199684143066
8,22,23.851818084716797,-1987.72431640625,0.9454563856124878,0.283479779958725,0.2686900198459625,0.616051971912384,19.25448179244995,5.109290599822998,4.597214460372925,10.08169674873352,0.23868823051452637,0.15136146545410156,3.588218927383423
8,23,24.693791389465332,-1888.9986938476563,0.9998999834060669,0.26669082045555115,0.26015427708625793,0.5833728909492493,20.14043116569519,5.114841461181641,4.553236484527588,10.974100112915039,0.23299074172973633,0.14865326881408691,3.5861918926239014
8,24,24.72776985168457,-1992.033837890625,0.9998999834060669,0.28249624371528625,0.2846207618713379,0.5537174940109253,20.163928270339966,5.157437562942505,4.5637078285217285,10.866322040557861,0.2417454719543457,0.15250682830810547,3.658595323562622
8,25,24.651809453964233,-1990.6754028320313,0.9860329031944275,0.25573691725730896,0.2730380594730377,0.5701872110366821,19.984645128250122,5.172961711883545,4.666971683502197,10.6522798538208,0.24026250839233398,0.15358471870422363,3.678497791290283
8,26,24.35053563117981,-1927.833642578125,0.9998999834060669,0.2696748375892639,0.2506783604621887,0.5952680110931396,19.773749351501465,5.163487672805786,4.576656103134155,10.54021143913269,0.23382258415222168,0.15128684043884277,3.600320339202881
8,27,24.57063913345337,-1960.4734375,0.9882346987724304,0.26748430728912354,0.2690131664276123,0.5721733570098877,20.01795768737793,5.155358552932739,4.552555561065674,10.762705087661743,0.2396831512451172,0.15342211723327637,3.617567539215088
8,28,24.83658742904663,-1986.5552490234375,0.9873717427253723,0.24315878748893738,0.3387586176395416,0.5561554431915283,20.30106234550476,5.170372486114502,4.535380840301514,11.068206548690796,0.23319005966186523,0.15185832977294922,3.5912177562713623
8,29,24.695648431777954,-1897.6786987304688,0.9998999834060669,0.24478405714035034,0.2778552770614624,0.591492235660553,20.18276309967041,5.199257850646973,4.512699127197266,10.786019802093506,0.24996304512023926,0.15962815284729004,3.6861023902893066
8,30,24.46672511100769,-1923.6831665039062,0.9998999834060669,0.27117350697517395,0.27787530422210693,0.5637651085853577,20.072970390319824,5.135310649871826,4.393627166748047,10.846967220306396,0.24483633041381836,0.1533513069152832,3.607283115386963
9,1,13.457611560821533,-4573.6376953125,0.9998999834060669,0.2793900966644287,0.2560204267501831,0.5740146040916443,12.042375564575195,2.634784460067749,1.415217638015747,7.7791314125061035,0.11420655250549316,0.08246254920959473,1.388092041015625
9,2,13.103850364685059,-4532.755322265625,0.9998999834060669,0.27251529693603516,0.24990059435367584,0.5947901606559753,11.776021003723145,2.643958330154419,1.327810287475586,7.5051329135894775,0.1148221492767334,0.08345961570739746,1.3846971988677979
9,3,13.197271585464478,-4511.407861328125,0.9998999834060669,0.2493058443069458,0.2659640908241272,0.6040947437286377,11.8500816822052,2.707686424255371,1.3471729755401611,7.515976190567017,0.11544036865234375,0.08432984352111816,1.3824236392974854
9,4,13.236438989639282,-4568.982275390625,0.9955618977546692,0.2825172245502472,0.2536039650440216,0.5736772418022156,11.910730123519897,2.6383259296417236,1.325690746307373,7.644798517227173,0.11462020874023438,0.08255910873413086,1.386796236038208
9,5,13.339421272277832,-4542.766259765625,0.9998999834060669,0.24435554444789886,0.273823082447052,0.6000639796257019,11.976535320281982,2.7386481761932373,1.362867832183838,7.603755950927734,0.11534357070922852,0.08371853828430176,1.3914012908935547
9,6,13.07943844795227,-4545.22705078125,0.9998999834060669,0.2674148380756378,0.24980032444000244,0.5966639518737793,11.730347871780396,2.6515259742736816,1.3490734100341797,7.464142322540283,0.11200642585754395,0.0829324722290039,1.3766086101531982
9,7,13.334126710891724,-4605.00693359375,0.9998999834060669,0.2779085338115692,0.2689131200313568,0.5749416351318359,11.979516983032227,2.641646385192871,1.3545897006988525,7.712238073348999,0.11419057846069336,0.08302783966064453,1.3849103450775146
9,8,13.200525045394897,-4525.253515625,0.9998999834060669,0.2568863034248352,0.26867029070854187,0.5974907279014587,11.862444400787354,2.6426451206207275,1.3380563259124756,7.5954430103302,0.11340832710266113,0.08272814750671387,1.3849878311157227
9,9,13.794363498687744,-4491.16484375,0.9998999834060669,0.2555772066116333,0.26514098048210144,0.5985448956489563,12.472093105316162,2.8927245140075684,1.3222508430480957,7.889652729034424,0.1464090347290039,0.08878064155578613,1.388866901397705
9,10,14.977545976638794,-4531.9171875,0.9998999834060669,0.2682282030582428,0.2477789670228958,0.6033060550689697,11.690282106399536,2.6476492881774902,3.287245273590088,7.407475233078003,0.11572051048278809,0.08374428749084473,1.3914248943328857
9,11,15.121249198913574,-4654.420166015625,0.9995733499526978,0.26314297318458557,0.2734396159648895,0.5845304727554321,11.880426168441772,2.6387081146240234,3.24080491065979,7.618163585662842,0.1141965389251709,0.08256888389587402,1.3833532333374023
9,12,15.40538501739502,-4601.83251953125,0.9998999834060669,0.2906702756881714,0.24709999561309814,0.5897629261016846,12.146942138671875,2.660909414291382,3.25842547416687,7.859203338623047,0.11471295356750488,0.08314275741577148,1.3855609893798828
9,13,15.21660852432251,-4696.759765625,0.993985652923584,0.26479223370552063,0.27677175402641296,0.5721158981323242,11.958273649215698,2.6600687503814697,3.258317232131958,7.671461582183838,0.11434340476989746,0.0830237865447998,1.386002540588379
9,14,15.322959423065186,-4656.842724609375,0.9955706000328064,0.2892777621746063,0.25367894768714905,0.587992787361145,11.85033106803894,2.70601224899292,3.472609281539917,7.483819961547852,0.11591219902038574,0.08382487297058105,1.4156804084777832
9,15,13.010766506195068,-4672.464697265625,0.9757677316665649,0.2686632573604584,0.2803841531276703,0.5957037210464478,11.631006240844727,2.688537120819092,1.3797416687011719,7.292332887649536,0.11632061004638672,0.08514857292175293,1.4044313430786133
9,16,26.732374668121338,-4477.421728515625,0.9998999834060669,0.2747111916542053,0.2434539496898651,0.5926614999771118,22.29905652999878,5.416813373565674,4.43325138092041,12.82691502571106,0.23942017555236816,0.15094685554504395,3.5800585746765137
9,17,26.78147315979004,-4642.29013671875,0.9998999834060669,0.27876168489456177,0.279558390378952,0.5580790042877197,22.339409589767456,5.467485427856445,4.441999197006226,12.784623384475708,0.23918414115905762,0.15368175506591797,3.606827974319458
9,18,26.728471040725708,-4522.791162109375,0.9998999834060669,0.26952382922172546,0.25942909717559814,0.5903754234313965,22.33277678489685,5.457881689071655,4.395622491836548,12.81432557106018,0.23637866973876953,0.14940524101257324,3.590379476547241
9,19,26.7418270111084,-4687.60029296875,0.9859801530838013,0.27273011207580566,0.2681264579296112,0.5836637020111084,22.163116931915283,5.6743323802948,4.578633785247803,12.410033941268921,0.23864436149597168,0.15661883354187012,3.595456600189209
9,20,26.175428867340088,-4547.44423828125,0.9998999834060669,0.26798495650291443,0.25207027792930603,0.5943637490272522,21.66294765472412,5.516370534896851,4.5124146938323975,12.092241048812866,0.23172736167907715,0.1483912467956543,3.590610980987549
9,21,26.62167000770569,-4602.404443359375,0.9998999834060669,0.26873746514320374,0.268902987241745,0.5841355323791504,22.293843984603882,5.430160760879517,4.327757358551025,12.691144704818726,0.23695588111877441,0.15526390075683594,3.6921491622924805
9,22,26.420588970184326,-4690.881982421875,0.9875365495681763,0.2733650505542755,0.278759628534317,0.577174723148346,21.855422258377075,5.406021595001221,4.565101861953735,12.358461380004883,0.2357797622680664,0.14890027046203613,3.6208744049072266
9,23,26.210646867752075,-4656.62421875,0.9848476052284241,0.2680871784687042,0.2730918526649475,0.5948846936225891,21.683051347732544,5.460742950439453,4.527525901794434,12.081130266189575,0.24334239959716797,0.15621662139892578,3.653021812438965
9,24,26.392048120498657,-4602.129248046875,0.9998999834060669,0.264873206615448,0.26956942677497864,0.5878943204879761,21.883504629135132,5.426881790161133,4.508484363555908,12.39306092262268,0.233428955078125,0.1465444564819336,3.6004161834716797
9,25,27.117207288742065,-4632.150732421875,0.9998999834060669,0.27756983041763306,0.27724120020866394,0.5595386624336243,22.625345706939697,5.435033321380615,4.491781711578369,13.132177352905273,0.2359163761138916,0.15145134925842285,3.5849246978759766
9,26,26.604751586914062,-4522.028076171875,0.9998999834060669,0.26181334257125854,0.2675851583480835,0.5935685038566589,22.052356481552124,5.445122241973877,4.552324056625366,12.528419494628906,0.23521924018859863,0.15335512161254883,3.606166362762451
9,27,26.71024179458618,-4607.389599609375,0.9998999834060669,0.2680625915527344,0.2623958885669708,0.5918782949447632,22.218353271484375,5.44923210144043,4.491815805435181,12.683725357055664,0.23934507369995117,0.1506519317626953,3.611361503601074
9,28,26.68462085723877,-4554.72021484375,0.9998999834060669,0.25531527400016785,0.2602943480014801,0.6029583215713501,21.963873863220215,5.450526237487793,4.7206525802612305,12.40457558631897,0.23971843719482422,0.15416932106018066,3.6278176307678223
9,29,26.635595083236694,-4586.8193359375,0.9998999834060669,0.2506951093673706,0.2743951082229614,0.5929608345031738,22.060598611831665,5.524384021759033,4.574892520904541,12.456421136856079,0.23688411712646484,0.1557626724243164,3.599728584289551
9,30,26.24865698814392,-4596.1064453125,0.9949854016304016,0.2664110064506531,0.2647894322872162,0.6019904017448425,21.711514234542847,5.461565017700195,4.537066459655762,12.178740501403809,0.2384343147277832,0.15449738502502441,3.592939853668213
10,1,13.11205005645752,-8385.483984375,0.9998999834060669,0.2519074082374573,0.23544500768184662,0.5755689740180969,11.761274337768555,2.784621000289917,1.350728988647461,7.346195220947266,0.1140444278717041,0.08452892303466797,1.388256311416626
10,2,12.942368984222412,-8428.51884765625,0.991757333278656,0.247214213013649,0.24422313272953033,0.5836113095283508,11.528609275817871,2.7923717498779297,1.4137134552001953,7.108814477920532,0.11436319351196289,0.08512687683105469,1.3836379051208496
10,3,13.10775375366211,-8451.44091796875,0.9998999834060669,0.253104567527771,0.25583183765411377,0.5680601596832275,11.77321720123291,2.7985754013061523,1.3344953060150146,7.348543167114258,0.1145625114440918,0.08507895469665527,1.3819849491119385
10,4,13.075652360916138,-8365.58046875,0.9998999834060669,0.25155723094940186,0.24559421837329865,0.5808794498443604,11.744674682617188,2.7861087322235107,1.3309392929077148,7.332473516464233,0.11414432525634766,0.08427882194519043,1.3835880756378174
10,5,12.945088624954224,-8332.4845703125,0.9998999834060669,0.2372070699930191,0.25112417340278625,0.5789067149162292,11.617809057235718,2.7842440605163574,1.3272371292114258,7.205355882644653,0.11476707458496094,0.08434891700744629,1.3853418827056885
10,6,13.378443479537964,-8651.53056640625,0.988659679889679,0.2563246488571167,0.2655700445175171,0.5603821873664856,11.868634700775146,2.8345022201538086,1.5097684860229492,7.410124063491821,0.1136023998260498,0.08467411994934082,1.3819375038146973
10,7,13.118024110794067,-8326.84892578125,0.9998999834060669,0.24336442351341248,0.24328026175498962,0.5777987837791443,11.709377527236938,2.7827088832855225,1.4086036682128906,7.294987678527832,0.11388921737670898,0.08477091789245605,1.3891651630401611
10,8,12.924283981323242,-8462.76953125,0.990535318851471,0.24316906929016113,0.2467338740825653,0.5787572860717773,11.54603385925293,2.791994571685791,1.3782103061676025,7.130628824234009,0.11426305770874023,0.08473348617553711,1.3803658485412598
10,9,13.090518236160278,-8646.83154296875,0.9891535639762878,0.2554137110710144,0.2710486650466919,0.5560232996940613,11.769249439239502,2.783803701400757,1.321227788925171,7.361791372299194,0.11382317543029785,0.0838472843170166,1.3822193145751953
10,10,13.288234949111938,-8513.44853515625,0.9954865574836731,0.25357991456985474,0.2549203038215637,0.56206214427948,11.890730142593384,2.777510404586792,1.3974583148956299,7.4812095165252686,0.11568927764892578,0.08508944511413574,1.3873119354248047
10,11,13.343209743499756,-8419.698828125,0.9998999834060669,0.23692266643047333,0.26690220832824707,0.5658693909645081,11.973379135131836,2.8659799098968506,1.3697857856750488,7.480764865875244,0.11580228805541992,0.08463621139526367,1.3820972442626953
10,12,12.937319040298462,-8532.15439453125,0.9895645380020142,0.2531159222126007,0.24406519532203674,0.5737362504005432,11.619358777999878,2.787609577178955,1.3179059028625488,7.206182479858398,0.11481618881225586,0.08427977561950684,1.3826971054077148
10,13,13.106300592422485,-8395.69853515625,0.9998999834060669,0.2460995614528656,0.24778369069099426,0.5767696499824524,11.74980616569519,2.85119891166687,1.3564472198486328,7.2710490226745605,0.11400890350341797,0.08427715301513672,1.3850092887878418
10,14,13.193567514419556,-8525.6853515625,0.9998999834060669,0.25823265314102173,0.2663063108921051,0.5517899394035339,11.874409675598145,2.7823266983032227,1.3191123008728027,7.46581244468689,0.11408114433288574,0.0852196216583252,1.3826212882995605
10,15,13.163579940795898,-8523.25888671875,0.9878153204917908,0.2491179257631302,0.25946342945098877,0.5732930302619934,11.773962020874023,2.7852423191070557,1.3895690441131592,7.362401723861694,0.11412835121154785,0.08518147468566895,1.3825080394744873
10,16,27.00282883644104,-8436.00927734375,0.9998999834060669,0.26159554719924927,0.24581044912338257,0.5601791739463806,22.37893557548523,5.645822763442993,4.623773097991943,12.679312705993652,0.2342209815979004,0.1534864902496338,3.5807437896728516
10,17,26.469212293624878,-8361.3953125,0.9998999834060669,0.24094849824905396,0.2501392364501953,0.5923701524734497,21.932106256484985,5.728576898574829,4.536957263946533,12.117384433746338,0.24133062362670898,0.15688657760620117,3.599088668823242
10,18,27.12966775894165,-8334.47900390625,0.9998999834060669,0.24384602904319763,0.2548689544200897,0.5677860975265503,22.483325719833374,5.739977836608887,4.64619779586792,12.632612705230713,0.23936080932617188,0.1563551425933838,3.6275382041931152
10,19,26.812564611434937,-8467.995703125,0.9998999834060669,0.25338655710220337,0.2501811683177948,0.5639522671699524,22.140254020690918,5.6623170375823975,4.6721391677856445,12.411019802093506,0.2335350513458252,0.149061918258667,3.599461793899536
10,20,26.757436275482178,-8318.71494140625,0.9998999834060669,0.24861560761928558,0.24422743916511536,0.5834749937057495,22.16923975944519,5.805996656417847,4.5880796909332275,12.254878759384155,0.2321774959564209,0.15325498580932617,3.6372551918029785
10,21,26.561835765838623,-8312.04130859375,0.9998999834060669,0.23841947317123413,0.2406749129295349,0.5821462273597717,22.15442705154419,5.72070050239563,4.407297849655151,12.326522588729858,0.23622775077819824,0.15407037734985352,3.6303303241729736
10,22,26.816192388534546,-8277.2236328125,0.9998999834060669,0.2538236677646637,0.23688852787017822,0.5796359181404114,22.437056064605713,5.744560956954956,4.379023551940918,12.607294797897339,0.2390587329864502,0.15557312965393066,3.6036505699157715
10,23,26.57449197769165,-8474.40830078125,0.995697557926178,0.24077235162258148,0.26038864254951477,0.5780247449874878,22.16116976737976,5.699041366577148,4.4131927490234375,12.385642051696777,0.23156452178955078,0.15420818328857422,3.60361909866333
10,24,27.02411651611328,-8454.8654296875,0.9998999834060669,0.2599010467529297,0.24478159844875336,0.5632321834564209,22.56440758705139,5.720766305923462,4.459590911865234,12.752437114715576,0.23513317108154297,0.15734434127807617,3.6120617389678955
10,25,26.8494873046875,-8379.8529296875,0.9998999834060669,0.2436695545911789,0.24593402445316315,0.5785753130912781,22.384897470474243,5.907969951629639,4.464468479156494,12.40444540977478,0.23408198356628418,0.15221285820007324,3.6008145809173584
10,26,26.589008569717407,-8521.961328125,0.9920356869697571,0.2514704465866089,0.2457190603017807,0.5747937560081482,22.18712306022644,5.733155965805054,4.40175986289978,12.36334753036499,0.23866748809814453,0.15624737739562988,3.6078755855560303
10,27,26.424181938171387,-8309.73818359375,0.9998436570167542,0.24324296414852142,0.2347366064786911,0.5892661213874817,21.9815731048584,5.672620058059692,4.442401647567749,12.141251802444458,0.23726582527160645,0.15430808067321777,3.6880359649658203
10,28,26.67774987220764,-8365.7529296875,0.9998999834060669,0.2477516382932663,0.24645660817623138,0.5721868872642517,22.270620107650757,5.648868083953857,4.406996250152588,12.584689855575562,0.23561549186706543,0.14998888969421387,3.566894292831421
10,29,27.024667024612427,-8502.398828125,0.9998999834060669,0.25248873233795166,0.2570948302745819,0.5596321821212769,22.61544680595398,5.879161357879639,4.409066677093506,12.68169355392456,0.23750567436218262,0.15440058708190918,3.5766806602478027
10,30,26.66939115524292,-8382.58828125,0.9998999834060669,0.24693775177001953,0.24849003553390503,0.5733284950256348,22.262877702713013,5.691500902175903,4.406400680541992,12.476227283477783,0.23830962181091309,0.157181978225708,3.612837791442871
11,1,16.39159846305847,-26282.865234375,0.9687758088111877,0.3041021227836609,0.2945636510848999,0.5551080703735352,14.871516704559326,3.0956063270568848,1.5200200080871582,10.090769529342651,0.13977694511413574,0.0915672779083252,1.3871209621429443
11,2,16.18688178062439,-26431.6404296875,0.9688252210617065,0.3043873608112335,0.3002319633960724,0.5488575100898743,14.646949529647827,2.927633285522461,1.53987717628479,10.088658571243286,0.11449146270751953,0.0859677791595459,1.3855950832366943
11,3,15.970019817352295,-26294.8646484375,0.9694007635116577,0.2991516888141632,0.30167701840400696,0.5555427670478821,14.600494146347046,2.9266412258148193,1.3694677352905273,10.042519330978394,0.11455106735229492,0.08665347099304199,1.3856353759765625
11,4,15.913455963134766,-26567.18984375,0.962462306022644,0.2966037392616272,0.31208518147468567,0.5548788905143738,14.557090759277344,2.9355061054229736,1.356321096420288,9.98851227760315,0.11514616012573242,0.08782315254211426,1.385011911392212
11,5,16.159550428390503,-26457.6212890625,0.9696150422096252,0.30524322390556335,0.3070605397224426,0.5443598031997681,14.779452323913574,3.0083563327789307,1.38004732131958,10.134428977966309,0.1153111457824707,0.0881204605102539,1.3890290260314941
11,6,16.246615171432495,-26543.446875,0.9628607034683228,0.3094877302646637,0.3052592873573303,0.5497968792915344,14.843806982040405,2.971527576446533,1.4027447700500488,10.232237100601196,0.11865711212158203,0.08805131912231445,1.3864789009094238
11,7,17.925637245178223,-26150.6556640625,0.9718425869941711,0.29701918363571167,0.29130494594573975,0.5593081116676331,14.648729085922241,2.925868034362793,3.276860475540161,10.08410906791687,0.11511898040771484,0.08668756484985352,1.3926053047180176
11,8,17.864434957504272,-26389.783984375,0.9664989113807678,0.29955366253852844,0.3040618300437927,0.5641309022903442,14.529336929321289,2.9437503814697266,3.3350443840026855,9.952415227890015,0.11609411239624023,0.0868070125579834,1.3861958980560303
11,9,17.79683828353882,-26471.826953125,0.9664042592048645,0.30756422877311707,0.29839619994163513,0.5526090264320374,14.527748346328735,2.9105207920074463,3.269040107727051,10.002997636795044,0.11215710639953613,0.08483004570007324,1.373718500137329
11,10,17.76711893081665,-26119.49375,0.9738908410072327,0.29571256041526794,0.29135453701019287,0.566493570804596,14.424801349639893,2.927882194519043,3.3422675132751465,9.865715742111206,0.11490797996520996,0.08751773834228516,1.383589744567871
11,11,15.92574167251587,-26265.168359375,0.9709194302558899,0.2938918471336365,0.30155351758003235,0.5588701367378235,14.567312240600586,2.9307734966278076,1.35837721824646,10.003907680511475,0.11468672752380371,0.08676695823669434,1.3856151103973389
11,12,15.890122413635254,-26318.421484375,0.971009373664856,0.2908036410808563,0.30401885509490967,0.5596977472305298,14.535573482513428,2.935331106185913,1.3544971942901611,9.965202569961548,0.11455917358398438,0.08702778816223145,1.3887205123901367
11,13,15.988804578781128,-26251.2076171875,0.9741907119750977,0.3048512935638428,0.3022305369377136,0.554145336151123,14.606971263885498,2.926408529281616,1.3817825317382812,10.047268390655518,0.11494064331054688,0.08739805221557617,1.385887861251831
11,14,15.831206560134888,-26193.9775390625,0.9706651568412781,0.29084205627441406,0.30179524421691895,0.5646466612815857,14.469782829284668,2.933973789215088,1.361370325088501,9.904732704162598,0.1144556999206543,0.087066650390625,1.385190486907959
11,15,15.91192364692688,-26439.534765625,0.9660614132881165,0.30691593885421753,0.29578888416290283,0.5552844405174255,14.527370929718018,2.9278111457824707,1.3845012187957764,9.963101863861084,0.11503839492797852,0.0878591537475586,1.3883321285247803
11,16,32.00340032577515,-26528.498046875,0.9633703827857971,0.30643928050994873,0.30007460713386536,0.5554006695747375,27.52199411392212,5.964036226272583,4.481260776519775,17.48072648048401,0.2328803539276123,0.1564929485321045,3.6026089191436768
11,17,32.59105896949768,-26394.5708984375,0.9729171395301819,0.30347830057144165,0.30657148361206055,0.5443211793899536,28.113136053085327,5.984457492828369,4.477780103683472,18.072513580322266,0.23606348037719727,0.15333795547485352,3.5808959007263184
11,18,31.9297833442688,-26472.84453125,0.9633231163024902,0.30185654759407043,0.3030863404273987,0.557563304901123,27.420749187469482,5.95170521736145,4.508899688720703,17.391818284988403,0.2346806526184082,0.15656399726867676,3.5996010303497314
11,19,32.2270724773407,-26299.2423828125,0.9702218770980835,0.3079981803894043,0.2961399555206299,0.560242772102356,27.5775625705719,5.993846893310547,4.649365425109863,17.498926877975464,0.2361137866973877,0.15737056732177734,3.6032917499542236
11,20,32.03572940826416,-26209.3033203125,0.972375750541687,0.28940561413764954,0.30186793208122253,0.5651829242706299,27.47792959213257,6.007547855377197,4.557670831680298,17.3814377784729,0.23578834533691406,0.15482401847839355,3.610513925552368
11,21,32.90846586227417,-26627.25,0.956330418586731,0.3101234436035156,0.3055804371833801,0.554600715637207,28.3353214263916,5.989124059677124,4.573009014129639,17.386986255645752,0.23549294471740723,1.003354549407959,3.631983518600464
11,22,31.80041813850403,-26447.1091796875,0.9615582823753357,0.30108222365379333,0.30305060744285583,0.5597847700119019,27.243243932724,6.044964551925659,4.557030916213989,17.146880865097046,0.236527681350708,0.15356874465942383,3.573276996612549
11,23,32.36602425575256,-26395.071875,0.9739592671394348,0.2982344925403595,0.3081100285053253,0.552706778049469,27.718035221099854,6.067966938018799,4.647855758666992,17.57198405265808,0.23927950859069824,0.15466547012329102,3.597935438156128
11,24,31.947338581085205,-26474.02890625,0.9616909027099609,0.3063544034957886,0.303031861782074,0.5549789667129517,27.268133401870728,6.02463173866272,4.679068088531494,17.166508436203003,0.23733854293823242,0.15496325492858887,3.597181558609009
11,25,31.924851179122925,-26285.7953125,0.9682554602622986,0.2990815043449402,0.29439619183540344,0.563123345375061,27.32045269012451,5.972559213638306,4.604266881942749,17.229264497756958,0.24227190017700195,0.1538088321685791,3.635124444961548
11,26,32.48363208770752,-26186.674609375,0.9780368208885193,0.2964649200439453,0.2935720980167389,0.5593202114105225,28.00740957260132,6.2016921043396,4.476089000701904,17.625678777694702,0.24254894256591797,0.16022729873657227,3.6888959407806396
11,27,31.89677357673645,-26320.0244140625,0.9613932371139526,0.2961376905441284,0.2971833050251007,0.5692354440689087,27.266151189804077,6.0691139698028564,4.630482196807861,17.067553520202637,0.24790120124816895,0.16363072395324707,3.6268222332000732
11,28,32.52871537208557,-26490.912890625,0.9680858850479126,0.30593711137771606,0.3006076216697693,0.5522327423095703,27.833390951156616,6.005012035369873,4.695144176483154,17.75303840637207,0.2424149513244629,0.16263508796691895,3.582139253616333
11,29,31.989630699157715,-26459.430078125,0.9604036808013916,0.30574244260787964,0.29652658104896545,0.5499639511108398,27.382081508636475,5.9596428871154785,4.6074066162109375,17.356308698654175,0.23731493949890137,0.15670537948608398,3.584690570831299
11,30,31.956432819366455,-26162.9216796875,0.9653817415237427,0.29097414016723633,0.2989881932735443,0.5623395442962646,27.376302003860474,5.977527618408203,4.579987287521362,17.278048992156982,0.24178862571716309,0.1555624008178711,3.6344199180603027
12,1,16.44172430038452,-63168.359375,0.9321194291114807,0.33157292008399963,0.3300487995147705,0.5320939421653748,15.057384252548218,3.0766897201538086,1.3842754364013672,10.354222297668457,0.11375045776367188,0.08966469764709473,1.3787205219268799
12,2,16.533080339431763,-62680.087109375,0.9437484741210938,0.3275754153728485,0.321415513753891,0.5344711542129517,15.14328122138977,3.075028419494629,1.3897356986999512,10.432531118392944,0.11466169357299805,0.09135723114013672,1.3842718601226807
12,3,16.65801739692688,-62471.5609375,0.9455175399780273,0.3238016366958618,0.32310888171195984,0.5339673757553101,15.271785736083984,3.08186674118042,1.3861770629882812,10.55297303199768,0.11530137062072754,0.09068059921264648,1.3855810165405273
12,4,16.825350284576416,-62376.738671875,0.9499063491821289,0.3224319815635681,0.32390832901000977,0.5301939845085144,15.415426254272461,3.1760363578796387,1.4098732471466064,10.61324143409729,0.11468100547790527,0.0903465747833252,1.3764102458953857
12,5,16.66905641555786,-62668.7046875,0.941100537776947,0.3299068808555603,0.3192571997642517,0.5355992913246155,15.243865728378296,3.1515190601348877,1.4251363277435303,10.449041604995728,0.11767983436584473,0.09234738349914551,1.387502908706665
12,6,16.640592098236084,-62553.268359375,0.9428292512893677,0.3256407380104065,0.3241082429885864,0.5340802073478699,15.265669822692871,3.0894412994384766,1.3748607635498047,10.532715797424316,0.1145772933959961,0.09341311454772949,1.3899421691894531
12,7,16.581562519073486,-62659.5375,0.9427110552787781,0.3251318633556366,0.3243376910686493,0.5322548747062683,15.163306951522827,3.094205379486084,1.418203592300415,10.430816173553467,0.11443066596984863,0.09206318855285645,1.3864600658416748
12,8,16.570024490356445,-62367.6375,0.9489378333091736,0.3227905035018921,0.3240955173969269,0.5323432087898254,15.182364702224731,3.064901351928711,1.3875999450683594,10.482062578201294,0.11455965042114258,0.09011435508728027,1.385655164718628
12,9,16.431567192077637,-62629.890234375,0.9424819946289062,0.324180006980896,0.3293793797492981,0.539931058883667,15.0552818775177,3.0898921489715576,1.3762319087982178,10.33143925666809,0.11512136459350586,0.09048175811767578,1.3825125694274902
12,10,16.77589702606201,-62626.793359375,0.9474549889564514,0.32300370931625366,0.33006253838539124,0.5301860570907593,15.358734369277954,3.1071090698242188,1.4171009063720703,10.611828565597534,0.11496472358703613,0.0910341739654541,1.3885889053344727
12,11,16.76522469520569,-62410.796875,0.9474906921386719,0.32702192664146423,0.32383885979652405,0.5373214483261108,15.259380578994751,3.071383237838745,1.5057902336120605,10.550994634628296,0.11494731903076172,0.09091877937316895,1.3853917121887207
12,12,16.813926219940186,-62266.209375,0.9501897692680359,0.3220912516117096,0.3162524998188019,0.5282692313194275,15.371642827987671,3.0910027027130127,1.4422276020050049,10.641250848770142,0.11648869514465332,0.09223604202270508,1.3845508098602295
12,13,16.748019218444824,-62390.02109375,0.9483204483985901,0.3177592158317566,0.3285922110080719,0.5339597463607788,15.345701932907104,3.103759288787842,1.4022533893585205,10.599983215332031,0.11556291580200195,0.09151530265808105,1.3892862796783447
12,14,16.62064814567566,-62307.635546875,0.9491561055183411,0.3218265771865845,0.32254844903945923,0.5340350270271301,15.207012414932251,3.0885958671569824,1.4135780334472656,10.477389574050903,0.11487960815429688,0.09161019325256348,1.3888092041015625
12,15,17.05723237991333,-62687.40546875,0.9446621537208557,0.3277286887168884,0.3298221230506897,0.5242933630943298,15.611682653427124,3.365650177001953,1.4454903602600098,10.598283767700195,0.11969447135925293,0.09481048583984375,1.3862576484680176
12,16,32.40232038497925,-62410.104296875,0.9457870125770569,0.3240734040737152,0.32198917865753174,0.5338188409805298,27.824021577835083,6.297858476638794,4.578142881393433,17.440683841705322,0.2389676570892334,0.1600353717803955,3.5957181453704834
12,17,32.713165044784546,-62877.69140625,0.9403814673423767,0.3278146982192993,0.32637664675712585,0.5299443006515503,28.09813117980957,6.418854475021362,4.614882469177246,17.538995027542114,0.24414920806884766,0.15983080863952637,3.6455600261688232
12,18,32.61145257949829,-62855.496875,0.9400650858879089,0.32781198620796204,0.3270016312599182,0.5327715873718262,27.975175142288208,6.317523717880249,4.636135101318359,17.554221868515015,0.2436819076538086,0.1613016128540039,3.6077489852905273
12,19,32.73577642440796,-62882.59921875,0.9392462372779846,0.3294527530670166,0.32411402463912964,0.5330539345741272,28.019586086273193,6.268994569778442,4.7160422801971436,17.477580547332764,0.24809932708740234,0.15804553031921387,3.7759571075439453
12,20,32.704347133636475,-62867.05,0.9402788281440735,0.326894074678421,0.33257007598876953,0.5273230075836182,27.99959921836853,6.298587799072266,4.704584360122681,17.61127471923828,0.23668861389160156,0.15982890129089355,3.606417655944824
12,21,32.87618947029114,-62570.95703125,0.9431372880935669,0.32045531272888184,0.3287741541862488,0.5366359353065491,27.98029375076294,6.328809022903442,4.8957414627075195,17.5445716381073,0.23662209510803223,0.1596076488494873,3.622358798980713
12,22,32.54426336288452,-62767.119140625,0.9433858394622803,0.32471904158592224,0.32695886492729187,0.5318415760993958,27.89929747581482,6.279855251312256,4.644814491271973,17.51699447631836,0.23503923416137695,0.1566476821899414,3.620715379714966
12,23,32.404404640197754,-63030.90859375,0.9336061477661133,0.33001986145973206,0.32841309905052185,0.5333294868469238,27.782388925552368,6.284940242767334,4.621856212615967,17.390071630477905,0.24774980545043945,0.16581368446350098,3.6022531986236572
12,24,32.69730019569397,-62014.09140625,0.9529775381088257,0.31625035405158997,0.32140475511550903,0.5363389253616333,28.142696619033813,6.349663734436035,4.554414749145508,17.6713650226593,0.23390555381774902,0.1584179401397705,3.6424474716186523
12,25,32.29354906082153,-62733.440625,0.9420313239097595,0.3240673243999481,0.32797130942344666,0.536125659942627,27.770067930221558,6.326730966567993,4.523332118988037,17.344568967819214,0.24658775329589844,0.16388535499572754,3.598592519760132
12,26,32.40961766242981,-62813.99765625,0.9393376708030701,0.3237663805484772,0.328124076128006,0.5362489223480225,27.898731231689453,6.383676052093506,4.510745525360107,17.4028902053833,0.24504303932189941,0.16529464721679688,3.612328290939331
12,27,32.704346895217896,-62369.2265625,0.9482806921005249,0.32014739513397217,0.3227616846561432,0.5366947054862976,28.217518091201782,6.5106282234191895,4.486674785614014,17.56634521484375,0.2452564239501953,0.16654634475708008,3.638918399810791
12,28,32.310972452163696,-62599.91015625,0.9444511532783508,0.3227328062057495,0.32757508754730225,0.5388906598091125,27.79293918609619,6.305906772613525,4.517878293991089,17.347252130508423,0.2503471374511719,0.1640167236328125,3.6352336406707764
12,29,32.226433515548706,-62835.04453125,0.9395380616188049,0.33121296763420105,0.3207815885543823,0.5360049605369568,27.70929193496704,6.266296148300171,4.516988754272461,17.3471941947937,0.24173998832702637,0.16054534912109375,3.6021084785461426
12,30,32.269447565078735,-62348.037890625,0.9456251263618469,0.3204493522644043,0.32263100147247314,0.5395334959030151,27.76290988922119,6.282317638397217,4.506370306015015,17.39594793319702,0.2335667610168457,0.1580979824066162,3.605804920196533
13,1,20.37920308113098,-147230.4734375,0.9190356731414795,0.3494567275047302,0.3503512442111969,0.5084945559501648,16.992714643478394,3.2315518856048584,3.386409044265747,12.014639616012573,0.1156013011932373,0.10059547424316406,1.4844276905059814
13,2,20.318647384643555,-147230.271875,0.9163100123405457,0.3480229377746582,0.3453534245491028,0.512172520160675,16.865172863006592,3.2799723148345947,3.453394889831543,11.844089984893799,0.11530160903930664,0.10143733024597168,1.4785356521606445
13,3,20.462674617767334,-147000.2015625,0.9215056896209717,0.3500973880290985,0.347716748714447,0.514747679233551,16.96785068511963,3.22023606300354,3.4947447776794434,12.01082444190979,0.11414504051208496,0.10020709037780762,1.4766461849212646
13,4,20.350940465927124,-147169.3390625,0.9181736707687378,0.34971722960472107,0.3472229838371277,0.5109854936599731,16.858110189437866,3.264688014984131,3.4927566051483154,11.844805002212524,0.11582493782043457,0.10270094871520996,1.483788251876831
13,5,18.403193950653076,-147586.5359375,0.91700679063797,0.35257601737976074,0.34950122237205505,0.5033848881721497,16.95537519454956,3.1896708011627197,1.447732925415039,12.02414584159851,0.11321163177490234,0.0984346866607666,1.4848191738128662
13,6,18.30253291130066,-147826.625,0.9136303067207336,0.34952312707901,0.3542463481426239,0.5078952312469482,16.865578413009644,3.2218849658966064,1.436875820159912,11.901183128356934,0.11409378051757812,0.1018381118774414,1.480848789215088
13,7,18.49285101890564,-147186.75,0.9186152815818787,0.3507019281387329,0.3482314944267273,0.5067993998527527,16.953837633132935,3.2043848037719727,1.5389328002929688,12.010253667831421,0.11353373527526855,0.10032415390014648,1.4799354076385498
13,8,18.365851402282715,-147104.4796875,0.9178175926208496,0.34743764996528625,0.3491225838661194,0.5084919333457947,16.914827346801758,3.211465835571289,1.4509506225585938,11.96332597732544,0.11410784721374512,0.10075831413269043,1.4796931743621826
13,9,18.404710292816162,-146709.4515625,0.9215323328971863,0.3454055190086365,0.34595581889152527,0.5141079425811768,16.930790662765503,3.2466847896575928,1.4738357067108154,11.943912982940674,0.1140601634979248,0.10140442848205566,1.4786179065704346
13,10,18.529616117477417,-146591.9625,0.9236795902252197,0.3436414301395416,0.34878596663475037,0.5107688903808594,16.96545433998108,3.221165657043457,1.5640828609466553,12.001715660095215,0.11427640914916992,0.10043120384216309,1.482553482055664
13,11,18.459287643432617,-147484.2953125,0.9186463952064514,0.3528379797935486,0.35108286142349243,0.5049453377723694,16.99671983718872,3.2074217796325684,1.462491750717163,12.04843258857727,0.11412501335144043,0.10052204132080078,1.480088710784912
13,12,18.262579441070557,-147533.5328125,0.9141080379486084,0.34927108883857727,0.3505958914756775,0.5138520002365112,16.826492309570312,3.2371304035186768,1.4359996318817139,11.844056606292725,0.1142568588256836,0.1017918586730957,1.4835906028747559
13,13,18.443777799606323,-147306.940625,0.917966365814209,0.3495108485221863,0.34818723797798157,0.5064980387687683,16.978094577789307,3.2271645069122314,1.4656059741973877,12.009327173233032,0.1143949031829834,0.10152983665466309,1.479365348815918
13,14,18.323744773864746,-147458.9015625,0.9160467982292175,0.35178250074386597,0.34834080934524536,0.5093826055526733,16.870022296905518,3.235151767730713,1.4536404609680176,11.892712831497192,0.1143026351928711,0.10077619552612305,1.4811406135559082
13,15,18.378542184829712,-147272.7875,0.9174329042434692,0.3495770990848541,0.3457166850566864,0.5060597658157349,16.895532608032227,3.2110278606414795,1.4829308986663818,11.942517280578613,0.11459708213806152,0.10175848007202148,1.4799113273620605
13,16,36.20875120162964,-147264.7609375,0.9222780466079712,0.3542211353778839,0.34947919845581055,0.5083008408546448,31.54820156097412,6.566950082778931,4.660367012023926,20.63394808769226,0.2444899082183838,0.16745233535766602,3.8449015617370605
13,17,35.89219069480896,-147518.359375,0.9156588315963745,0.3519077003002167,0.34960803389549255,0.5093187689781189,31.252378702163696,6.566522121429443,4.6396143436431885,20.338716983795166,0.23390603065490723,0.16443824768066406,3.8604321479797363
13,18,36.18339276313782,-147032.15,0.9211709499359131,0.3462015986442566,0.350983589887619,0.5051496624946594,31.521914958953857,6.490578889846802,4.66125226020813,20.690065383911133,0.23269128799438477,0.16196656227111816,3.8604495525360107
13,19,36.2445330619812,-147820.159375,0.9164100885391235,0.3537778854370117,0.3545222878456116,0.5077120065689087,31.557270526885986,6.54460597038269,4.68705677986145,20.650333881378174,0.23904633522033691,0.1636979579925537,3.872570037841797
13,20,36.321887254714966,-146869.1359375,0.9207992553710938,0.3478080630302429,0.34544241428375244,0.5111140608787537,31.63480544090271,6.582212209701538,4.686877965927124,20.550856113433838,0.24238824844360352,0.1697063446044922,3.997248649597168
13,21,36.33206129074097,-147334.075,0.9189849495887756,0.34899285435676575,0.35446470975875854,0.5066282153129578,31.69567894935608,6.573931694030762,4.636165380477905,20.646589279174805,0.2416224479675293,0.16753244400024414,3.9744772911071777
13,22,36.245280742645264,-147935.8265625,0.9132603406906128,0.3563147783279419,0.3543999195098877,0.5041769742965698,31.517558813095093,6.645512580871582,4.727500915527344,20.517837285995483,0.23540377616882324,0.16554617881774902,3.8635175228118896
13,23,36.10021901130676,-146920.6375,0.9199025630950928,0.34987881779670715,0.34697967767715454,0.5116414427757263,31.47091317176819,6.63300895690918,4.6290740966796875,20.491864681243896,0.23454833030700684,0.1669149398803711,3.8569092750549316
13,24,36.01284122467041,-146554.0625,0.9239449501037598,0.3460012376308441,0.34452301263809204,0.5127949118614197,31.39641499519348,6.582208156585693,4.616235017776489,20.473421812057495,0.23233914375305176,0.1630394458770752,3.85705828666687
13,25,36.11262893676758,-147417.3953125,0.9175722599029541,0.35171931982040405,0.35284096002578735,0.5061242580413818,31.519508361816406,6.544238090515137,4.592915296554565,20.617494344711304,0.23573517799377441,0.1661379337310791,3.8651700019836426
13,26,36.18786644935608,-147421.690625,0.9180540442466736,0.35369253158569336,0.3495538532733917,0.5038483738899231,31.53226327896118,6.5488059520721436,4.655401706695557,20.66498827934265,0.23160457611083984,0.16354131698608398,3.837124824523926
13,27,36.22404193878174,-146705.5546875,0.9219373464584351,0.348929762840271,0.34441864490509033,0.5079904794692993,31.60057783126831,6.590660333633423,4.623234033584595,20.643003225326538,0.2474348545074463,0.17081093788146973,3.8592562675476074
13,28,37.303398847579956,-146865.5953125,0.9207242727279663,0.34667205810546875,0.3483407199382782,0.5061520934104919,31.626980304718018,6.578288793563843,5.676207542419434,20.661876440048218,0.23958063125610352,0.16611528396606445,3.892209529876709
13,29,36.44352912902832,-147248.75,0.919113278388977,0.349300742149353,0.3498304784297943,0.5098312497138977,31.52373695373535,6.640973091125488,4.9195709228515625,20.437698125839233,0.2492051124572754,0.1705784797668457,3.9323232173919678
13,30,36.282796144485474,-147071.0859375,0.9206757545471191,0.35143181681632996,0.34563666582107544,0.5084637403488159,31.433489561080933,6.601099491119385,4.849061727523804,20.492980241775513,0.241654634475708,0.1652984619140625,3.84291410446167
14,1,20.478975772857666,-342416.9125,0.8981199860572815,0.3757474720478058,0.3758416473865509,0.486288845539093,18.807737350463867,3.3897786140441895,1.6711499691009521,13.707260131835938,0.11493396759033203,0.12263870239257812,1.4268910884857178
14,2,20.749191284179688,-342414.671875,0.894313395023346,0.37212908267974854,0.37449467182159424,0.4858592450618744,19.0853853225708,3.5503153800964355,1.6637167930603027,13.779680728912354,0.136322021484375,0.12749791145324707,1.4220542907714844
14,3,20.5408878326416,-342209.921875,0.8972506523132324,0.3763570785522461,0.37311995029449463,0.4809250831604004,18.886703968048096,3.385467052459717,1.6540946960449219,13.804656744003296,0.11368346214294434,0.12088966369628906,1.4156994819641113
14,4,20.498639822006226,-341458.1,0.8989859223365784,0.3736642301082611,0.36997389793395996,0.4850762188434601,18.811979055404663,3.387892246246338,1.6865673065185547,13.720100164413452,0.1143953800201416,0.12151622772216797,1.4222230911254883
14,5,20.408318996429443,-342461.421875,0.8967899680137634,0.3753332197666168,0.37611156702041626,0.48702219128608704,18.734503746032715,3.3774607181549072,1.6737184524536133,13.652796506881714,0.11396098136901855,0.12153172492980957,1.422673225402832
14,6,20.70378279685974,-342780.259375,0.8929662108421326,0.37518253922462463,0.37352558970451355,0.4850628077983856,19.054668188095093,3.6454718112945557,1.649017095565796,13.653672695159912,0.11660504341125488,0.12331438064575195,1.4678616523742676
14,7,22.591381788253784,-342093.0875,0.8971993327140808,0.3734683096408844,0.3731333911418915,0.48384758830070496,18.99169373512268,3.380131244659424,3.5995869636535645,13.90348768234253,0.1148824691772461,0.12167549133300781,1.4257447719573975
14,8,22.377281427383423,-341668.86875,0.8967112302780151,0.3720490336418152,0.3689339756965637,0.4880942106246948,18.71195960044861,3.3921804428100586,3.6652302742004395,13.621196269989014,0.11416411399841309,0.12188911437988281,1.416816234588623
14,9,22.19660234451294,-342834.384375,0.8927776217460632,0.37327298521995544,0.3746418356895447,0.4870307445526123,18.64185857772827,3.410597801208496,3.5546536445617676,13.531286478042603,0.11456966400146484,0.12143588066101074,1.418276071548462
14,10,20.483402729034424,-342880.7875,0.8932653069496155,0.3732398450374603,0.37525784969329834,0.482224702835083,18.783512353897095,3.3905298709869385,1.6997995376586914,13.689824104309082,0.11477875709533691,0.12238883972167969,1.4199495315551758
14,11,20.311237335205078,-341951.328125,0.8967118263244629,0.37179043889045715,0.37275591492652893,0.48579737544059753,18.63225793838501,3.3719170093536377,1.6788890361785889,13.559850692749023,0.11369061470031738,0.12223458290100098,1.4189698696136475
14,12,20.552715063095093,-342231.125,0.8959400653839111,0.3736342787742615,0.3740289509296417,0.48520541191101074,18.86533260345459,3.4804728031158447,1.6872961521148682,13.686128377914429,0.11459469795227051,0.12260603904724121,1.4158148765563965
14,13,20.421926021575928,-342320.6875,0.895148515701294,0.3733799457550049,0.3726225793361664,0.48424389958381653,18.714810848236084,3.385047435760498,1.7070159912109375,13.627655744552612,0.1145164966583252,0.12304520606994629,1.418332815170288
14,14,20.305797815322876,-342111.640625,0.8967747092247009,0.37382081151008606,0.37088853120803833,0.48817139863967896,18.684300184249878,3.3649892807006836,1.6214065551757812,13.625864505767822,0.11353850364685059,0.12111520767211914,1.4131863117218018
14,15,20.432368993759155,-342370.778125,0.8952855467796326,0.37371593713760376,0.37372809648513794,0.4862276613712311,18.688295125961304,3.3791139125823975,1.7439749240875244,13.613217830657959,0.11292648315429688,0.12103152275085449,1.416292428970337
14,16,41.04687738418579,-341330.49375,0.8961530327796936,0.3677482604980469,0.36891722679138184,0.4852244555950165,35.58910393714905,6.903057336807251,5.457442760467529,24.394697427749634,0.24674153327941895,0.18294525146484375,3.769174098968506
14,17,40.32220506668091,-342427.040625,0.8937108516693115,0.3695535659790039,0.3747490644454956,0.4862687587738037,34.94460916519165,7.0515666007995605,5.3773627281188965,23.654998064041138,0.23902034759521484,0.18214678764343262,3.7231953144073486
14,18,40.62866473197937,-342948.9,0.8934280872344971,0.3765656054019928,0.3732324540615082,0.48470866680145264,35.27976155281067,6.947278738021851,5.348658323287964,24.161579847335815,0.24615740776062012,0.18328070640563965,3.647773504257202
14,19,40.68304252624512,-342459.45625,0.8918059468269348,0.36865144968032837,0.37280160188674927,0.4853071868419647,35.330267906188965,6.96057653427124,5.352526664733887,24.193474531173706,0.2464306354522705,0.1826796531677246,3.6550660133361816
14,20,40.84224724769592,-342364.69375,0.8961111903190613,0.37503156065940857,0.3735237419605255,0.4835914075374603,35.53062319755554,6.98698878288269,5.311312913894653,24.315965175628662,0.24462127685546875,0.18371224403381348,3.705962657928467
14,21,40.938318729400635,-342414.740625,0.8961222171783447,0.37258782982826233,0.37621939182281494,0.488525390625,35.20505881309509,6.886873722076416,5.733004570007324,24.118528366088867,0.24169540405273438,0.17926502227783203,3.6872522830963135
14,22,40.641218185424805,-341531.79375,0.8981326222419739,0.3699987232685089,0.3723457157611847,0.48516204953193665,35.40695858001709,6.843561410903931,5.233999729156494,24.41659712791443,0.23891568183898926,0.17834210395812988,3.638157367706299
14,23,40.4910364151001,-341649.296875,0.8974571824073792,0.37155747413635254,0.36933422088623047,0.48766782879829407,35.20162010192871,6.854021072387695,5.289121866226196,24.03662371635437,0.24952459335327148,0.19301390647888184,3.773008346557617
14,24,40.96162819862366,-342191.878125,0.8950687646865845,0.3715006411075592,0.3713521957397461,0.480551153421402,35.67981719970703,6.954892158508301,5.281555652618408,24.45732092857361,0.25241994857788086,0.18842387199401855,3.7296180725097656
14,25,40.789998054504395,-342665.653125,0.8930273056030273,0.3708944618701935,0.3740590214729309,0.4861219823360443,35.488683223724365,6.888259172439575,5.301072120666504,24.265743494033813,0.25797247886657715,0.18854784965515137,3.7938497066497803
14,26,40.767905950546265,-341702.878125,0.8966189026832581,0.36984607577323914,0.372680127620697,0.48697763681411743,35.561245918273926,6.912214517593384,5.206343412399292,24.382776021957397,0.24886536598205566,0.1861104965209961,3.7381904125213623
14,27,40.73597693443298,-342312.49375,0.8932549357414246,0.37438878417015076,0.3714717626571655,0.4873811900615692,35.53557324409485,7.190441608428955,5.20012354850769,24.130767583847046,0.23833346366882324,0.18276643753051758,3.7006187438964844
14,28,40.70399522781372,-341704.984375,0.8980912566184998,0.3717775344848633,0.3722735047340393,0.48528793454170227,35.55559492111206,6.948199510574341,5.148143768310547,24.437113046646118,0.24055910110473633,0.179901123046875,3.6576268672943115
14,29,40.58896088600159,-342669.090625,0.8951713442802429,0.375115305185318,0.37512993812561035,0.48437264561653137,35.40200686454773,7.00106954574585,5.186718940734863,24.239181995391846,0.2387392520904541,0.18242788314819336,3.648759365081787
14,30,40.523725271224976,-342282.1875,0.8943551778793335,0.37142273783683777,0.3722414970397949,0.4866642653942108,35.411805391311646,6.919390439987183,5.111677646636963,24.34533452987671,0.23395681381225586,0.17899036407470703,3.64481520652771
15,1,23.33710765838623,-788347.975,0.8741719722747803,0.3937452733516693,0.39521217346191406,0.4655799865722656,21.20641040802002,3.642409324645996,2.1305458545684814,15.818121433258057,0.11725544929504395,0.13475680351257324,1.4464755058288574
15,2,23.359185695648193,-787185.2625,0.8756639957427979,0.3926304578781128,0.3926295042037964,0.4644240438938141,21.327467918395996,3.597731351852417,2.031566619873047,15.982131719589233,0.11756038665771484,0.13202857971191406,1.4507880210876465
15,3,23.53108859062195,-787775.025,0.875148594379425,0.3945838212966919,0.3942210078239441,0.46442824602127075,21.442838191986084,3.654205083847046,2.08809232711792,16.017035722732544,0.11736321449279785,0.13889622688293457,1.467423439025879
15,4,23.277693271636963,-787754.775,0.8752073049545288,0.39352649450302124,0.39401179552078247,0.46517980098724365,21.233268976211548,3.5870540142059326,2.0442776679992676,15.88889193534851,0.11822128295898438,0.13336777687072754,1.458843469619751
15,5,23.62617254257202,-788609.11875,0.8732625246047974,0.3954373598098755,0.39384594559669495,0.46605488657951355,21.587945222854614,3.7231123447418213,2.038079023361206,16.082584142684937,0.13128280639648438,0.14069819450378418,1.4533824920654297
15,6,23.344284772872925,-787361.5,0.8740261793136597,0.3910974860191345,0.3901674151420593,0.46200722455978394,21.151480674743652,3.4967520236968994,2.1926519870758057,15.888883113861084,0.1157839298248291,0.12892699241638184,1.4766020774841309
15,7,23.936359405517578,-787832.55,0.875801146030426,0.39344674348831177,0.3938940167427063,0.46488210558891296,21.8148455619812,3.8563172817230225,2.1213645935058594,16.15204882621765,0.12405729293823242,0.14072179794311523,1.4906291961669922
15,8,23.276551485061646,-788516.48125,0.8739749193191528,0.39467716217041016,0.39434921741485596,0.4654896855354309,21.207595586776733,3.617887258529663,2.06880784034729,15.835460424423218,0.1171712875366211,0.13816618919372559,1.451287031173706
15,9,23.345473289489746,-787345.51875,0.876278817653656,0.3912031650543213,0.3948485553264618,0.4658413231372833,21.302228450775146,3.591212034225464,2.0430972576141357,15.953218936920166,0.11796903610229492,0.13663816452026367,1.4560003280639648
15,10,23.71518850326538,-788542.5375,0.8735602498054504,0.3933819532394409,0.394081711769104,0.46503597497940063,21.646642923355103,3.823103666305542,2.068391799926758,16.02082848548889,0.12360739707946777,0.14055371284484863,1.4904537200927734
15,11,23.32121181488037,-788415.78125,0.8738524913787842,0.3951687216758728,0.3957540988922119,0.4636976718902588,21.256144046783447,3.582003355026245,2.0649123191833496,15.911531448364258,0.11924552917480469,0.13731646537780762,1.4581749439239502
15,12,23.368075847625732,-787437.025,0.8760623335838318,0.3946744501590729,0.39245912432670593,0.4640164375305176,21.346356868743896,3.61030912399292,2.0215651988983154,15.970871925354004,0.1200869083404541,0.13748598098754883,1.4595775604248047
15,13,23.206255674362183,-787931.2375,0.874974250793457,0.3939498960971832,0.39302361011505127,0.46686074137687683,21.162209510803223,3.6010987758636475,2.0438997745513916,15.809805631637573,0.11935114860534668,0.1372079849243164,1.4469623565673828
15,14,23.767003297805786,-787725.675,0.8778910040855408,0.3957270681858063,0.39633724093437195,0.46734872460365295,21.740231037139893,3.7656991481781006,2.026615858078003,16.1757071018219,0.1428518295288086,0.13572931289672852,1.4512825012207031
15,15,23.374284029006958,-788297.975,0.8742105960845947,0.3938939869403839,0.3936508893966675,0.4662581980228424,21.358338356018066,3.5901670455932617,2.0157907009124756,15.98942756652832,0.11721992492675781,0.13479948043823242,1.4798839092254639
15,16,46.56779670715332,-788545.1625,0.8736053705215454,0.3946989178657532,0.3954767882823944,0.46439483761787415,40.44142961502075,7.253193378448486,6.1259071826934814,28.916367292404175,0.2512197494506836,0.21819305419921875,3.7094926834106445
15,17,46.52356553077698,-788190.81875,0.8751497864723206,0.39459654688835144,0.3943776488304138,0.46443310379981995,40.16726231575012,7.164162874221802,6.3558313846588135,28.677150011062622,0.2540702819824219,0.21642780303955078,3.7631757259368896
15,18,46.53956437110901,-787989.475,0.8753357529640198,0.39421314001083374,0.3930521011352539,0.46512725949287415,40.37191414833069,7.1923370361328125,6.167154788970947,28.79964017868042,0.2579050064086914,0.21716594696044922,3.8091585636138916
15,19,46.29648995399475,-789267.05625,0.8693172931671143,0.3921354115009308,0.39186742901802063,0.4633253514766693,40.17707967758179,7.261682510375977,6.118937969207764,28.56544065475464,0.25141215324401855,0.2197251319885254,3.7838239669799805
15,20,46.65153622627258,-787493.1125,0.876049280166626,0.3942793011665344,0.3925236463546753,0.4644542634487152,40.326913356781006,7.170794486999512,6.324141502380371,28.861198902130127,0.24591469764709473,0.21544694900512695,3.741729974746704
15,21,46.530614376068115,-788845.91875,0.8736688494682312,0.3973180651664734,0.3959721624851227,0.4628775715827942,40.28376054763794,7.235453844070435,6.24639892578125,28.74723744392395,0.2523837089538574,0.2207949161529541,3.7357370853424072
15,22,46.57171320915222,-788300.1625,0.8772017359733582,0.39554357528686523,0.3970144987106323,0.46720972657203674,40.22201871871948,7.178857803344727,6.349210023880005,28.729092836380005,0.25271034240722656,0.2202131748199463,3.7466673851013184
15,23,46.832276344299316,-788337.875,0.874868631362915,0.3954146206378937,0.3948124051094055,0.46310529112815857,40.50291419029236,7.243579149246216,6.328890562057495,28.967400789260864,0.25284337997436523,0.22684478759765625,3.7165327072143555
15,24,46.6510226726532,-787934.93125,0.8748046159744263,0.39346638321876526,0.3936447501182556,0.46611613035202026,40.23653197288513,7.183440923690796,6.4140379428863525,28.75455641746521,0.2580282688140869,0.2217085361480713,3.7237510681152344
15,25,46.74156141281128,-787816.1125,0.8776751756668091,0.3960115313529968,0.3942875266075134,0.4681403338909149,40.47525978088379,7.259211540222168,6.265822649002075,28.80854058265686,0.26093173027038574,0.2189807891845703,3.8321170806884766
15,26,46.37636756896973,-787533.4875,0.878301203250885,0.39592036604881287,0.3946477174758911,0.4662027657032013,40.39838695526123,7.161185026168823,5.9774816036224365,28.899659872055054,0.2541077136993408,0.2181870937347412,3.770268440246582
15,27,47.05340003967285,-786912.95,0.8773148655891418,0.39379507303237915,0.39326563477516174,0.464206337928772,40.88228702545166,7.238835573196411,6.170657396316528,29.256778955459595,0.25284862518310547,0.21994900703430176,3.8205363750457764
15,28,46.847108364105225,-787792.36875,0.8758140802383423,0.39437657594680786,0.3949310779571533,0.46333205699920654,40.543657302856445,7.183197259902954,6.302993059158325,29.027851581573486,0.25438523292541504,0.21543288230895996,3.7679193019866943
15,29,46.46247363090515,-787459.875,0.8758492469787598,0.3945229649543762,0.39289429783821106,0.46523651480674744,40.326661825180054,7.225286960601807,6.1353466510772705,28.732146739959717,0.26444196701049805,0.2232048511505127,3.7861416339874268
15,30,46.899739027023315,-787126.5375,0.8771513104438782,0.3937792181968689,0.39387014508247375,0.464002400636673,40.656636238098145,7.157615900039673,6.242623329162598,29.22348427772522,0.2547481060028076,0.21826553344726562,3.710620164871216
16,1,26.575817584991455,-1800290.575,0.8549522757530212,0.41103771328926086,0.41128629446029663,0.44526517391204834,23.48490595817566,3.914762020111084,3.090564250946045,17.637847661972046,0.13872432708740234,0.16691040992736816,1.5576658248901367
16,2,26.461408853530884,-1800549.6875,0.8567438721656799,0.4131215810775757,0.41363218426704407,0.44677168130874634,23.37459969520569,3.893474817276001,3.0864593982696533,17.563251972198486,0.13469457626342773,0.1708838939666748,1.5558242797851562
16,3,26.24286150932312,-1800561.95,0.8554977178573608,0.4124835133552551,0.4116991460323334,0.4470674693584442,22.931880950927734,3.675027847290039,3.3106157779693604,17.19737958908081,0.1166236400604248,0.15833353996276855,1.7384824752807617
16,4,26.330641746520996,-1800368.7,0.855898380279541,0.4125610589981079,0.4128688871860504,0.4461776912212372,23.238856077194214,3.799868106842041,3.0914359092712402,17.539894819259644,0.12021493911743164,0.16738128662109375,1.5628862380981445
16,5,26.698346614837646,-1799921.15,0.8566616773605347,0.414072722196579,0.41330820322036743,0.4459967613220215,23.53587818145752,3.926701784133911,3.1620779037475586,17.665552616119385,0.14151310920715332,0.1703042984008789,1.5606706142425537
16,6,25.945215225219727,-1801364.05,0.8546521663665771,0.41373246908187866,0.41239333152770996,0.44634270668029785,22.909242391586304,3.7484076023101807,3.0355145931243896,17.25901222229004,0.11775708198547363,0.17719054222106934,1.560791254043579
16,7,26.148855924606323,-1800578.575,0.8556931018829346,0.41239678859710693,0.4123876690864563,0.4458490014076233,23.10201096534729,3.7914795875549316,3.0464658737182617,17.421924829483032,0.1188802719116211,0.1666276454925537,1.5553536415100098
16,8,26.0911762714386,-1800199.7625,0.8554233312606812,0.41154783964157104,0.41086676716804504,0.44582250714302063,23.069541454315186,3.8783700466156006,3.0213005542755127,17.32322359085083,0.11852288246154785,0.16122841835021973,1.5415034294128418
16,9,26.396554470062256,-1800494.9875,0.8546788096427917,0.41139301657676697,0.4121953547000885,0.4451872706413269,23.275639057159424,3.8529696464538574,3.1205272674560547,17.52924394607544,0.11910510063171387,0.16866731643676758,1.5577001571655273
16,10,26.472543478012085,-1799966.2875,0.8557336926460266,0.41146451234817505,0.41065290570259094,0.4460524916648865,23.391740560531616,3.7804253101348877,3.080443859100342,17.69513988494873,0.11774730682373047,0.16742515563964844,1.583040714263916
16,11,26.401954174041748,-1800409.5125,0.8558967709541321,0.4124455749988556,0.41298675537109375,0.44580626487731934,23.305021286010742,3.85642147064209,3.0965840816497803,17.53427767753601,0.11965131759643555,0.16821575164794922,1.5787594318389893
16,12,26.731288194656372,-1800113.95,0.8551276922225952,0.4110732078552246,0.4110109210014343,0.44448259472846985,23.653460264205933,3.944601058959961,3.0774641036987305,17.75666856765747,0.14352893829345703,0.1705615520477295,1.5676956176757812
16,13,26.340247631072998,-1801143.225,0.8549354672431946,0.41184404492378235,0.41338956356048584,0.44573071599006653,23.23647665977478,3.7905125617980957,3.1034178733825684,17.55487871170044,0.11766862869262695,0.16694307327270508,1.5584535598754883
16,14,26.27511954307556,-1800885.25,0.8556177020072937,0.41279807686805725,0.4147925078868866,0.44582951068878174,23.213454246520996,3.763760566711426,3.061293363571167,17.559072732925415,0.11767768859863281,0.16709661483764648,1.5589773654937744
16,15,26.051337480545044,-1802094.1625,0.853203535079956,0.41172707080841064,0.412077933549881,0.44463273882865906,23.009355068206787,3.788341999053955,3.0415966510772705,17.329315185546875,0.1174001693725586,0.16758513450622559,1.5589189529418945
16,16,49.931262731552124,-1800669.875,0.854627251625061,0.41126546263694763,0.41248607635498047,0.4458523988723755,41.32679486274719,7.5760884284973145,8.603503227233887,29.158185243606567,0.2377946376800537,0.2714369297027588,3.989896535873413
16,17,49.820720911026,-1799834.475,0.8551568984985352,0.4107716381549835,0.41148385405540466,0.44562023878097534,41.2571976184845,7.548465251922607,8.562521934509277,29.104048490524292,0.24815630912780762,0.2734088897705078,3.9852263927459717
16,18,50.52805209159851,-1799270.275,0.8566120266914368,0.41191115975379944,0.4122893214225769,0.4461441934108734,41.48203682899475,7.584699869155884,9.04208779335022,29.276031017303467,0.24877142906188965,0.27787160873413086,3.9960238933563232
16,19,50.355788469314575,-1800322.0,0.8554887175559998,0.41276782751083374,0.41331708431243896,0.4458423852920532,41.15088987350464,7.427152395248413,9.2039475440979,29.270894765853882,0.2323627471923828,0.2711184024810791,3.85979962348938
16,20,49.82310438156128,-1800126.05,0.8553590774536133,0.4116644859313965,0.4127349257469177,0.44693487882614136,41.51404523849487,7.660599708557129,8.307848453521729,29.277226448059082,0.24112939834594727,0.2731301784515381,3.9689254760742188
16,21,50.33532452583313,-1799758.45,0.8563945889472961,0.4124743640422821,0.4124135971069336,0.44692403078079224,41.866121768951416,7.647430419921875,8.468146800994873,29.703057289123535,0.23823904991149902,0.27297258377075195,3.910187244415283
16,22,49.57614994049072,-1799769.475,0.8569162487983704,0.4117407500743866,0.41265174746513367,0.4472528100013733,41.25870060920715,7.536696195602417,8.316402196884155,29.187206745147705,0.23786354064941406,0.27626490592956543,3.927283525466919
16,23,50.063072681427,-1800846.75,0.8554505705833435,0.41207191348075867,0.41398128867149353,0.4471592307090759,41.62063145637512,7.534773826599121,8.441454887390137,29.602075815200806,0.2348785400390625,0.27361512184143066,3.8828039169311523
16,24,50.144115924835205,-1801012.2625,0.8553232550621033,0.41216936707496643,0.41397449374198914,0.4471122920513153,41.5127329826355,7.553323745727539,8.63042140007019,29.474732637405396,0.23607635498046875,0.2713801860809326,3.8843488693237305
16,25,49.28193116188049,-1800939.925,0.8547455072402954,0.4123891294002533,0.41185814142227173,0.44613370299339294,40.920082330703735,7.499799728393555,8.360853672027588,28.93878936767578,0.2369229793548584,0.26694369316101074,3.8852078914642334
16,26,49.56933259963989,-1800070.8625,0.856181263923645,0.4129587411880493,0.4122656285762787,0.4469265341758728,41.3704354763031,7.579970836639404,8.197944641113281,29.233973741531372,0.239363431930542,0.27097010612487793,3.955031394958496
16,27,50.13144659996033,-1801248.8125,0.8551991581916809,0.4129951596260071,0.4140051603317261,0.44638198614120483,41.17634916305542,7.576817274093628,8.954124212265015,29.047326803207397,0.23876261711120605,0.273334264755249,3.9395840167999268
16,28,50.01830458641052,-1801492.5875,0.8536780476570129,0.4123722314834595,0.41139090061187744,0.4444742500782013,41.426137924194336,7.574753522872925,8.591212749481201,29.373825073242188,0.23985719680786133,0.2723400592803955,3.874154567718506
16,29,49.831254959106445,-1798408.2625,0.8578606843948364,0.4125945568084717,0.4114666283130646,0.44693928956985474,41.24379873275757,7.479819297790527,8.586464405059814,29.173912048339844,0.2550191879272461,0.2680187225341797,3.9756901264190674
16,30,49.79138803482056,-1800254.45,0.8565466403961182,0.41252294182777405,0.4128667116165161,0.4464929699897766,41.15054798126221,7.793688058853149,8.639884233474731,28.830403089523315,0.25718021392822266,0.2746107578277588,3.9018659591674805
17,1,31.45156478881836,-4087997.4,0.8387280702590942,0.4303900897502899,0.43105822801589966,0.428661048412323,26.041953086853027,3.92561674118042,5.408849477767944,20.40817379951477,0.11654543876647949,0.2202775478363037,1.3241586685180664
17,2,31.943015336990356,-4087744.45,0.8407204151153564,0.43248501420021057,0.432265967130661,0.43071648478507996,26.616501331329346,3.953206777572632,5.325749635696411,20.927807807922363,0.1195981502532959,0.2264270782470703,1.3420517444610596
17,3,31.796890020370483,-4088316.8,0.8368721604347229,0.42790892720222473,0.4288265109062195,0.42748522758483887,26.369193077087402,3.9374709129333496,5.426913022994995,20.71091389656067,0.11780762672424316,0.22674846649169922,1.3284492492675781
17,4,31.802972078323364,-4087420.575,0.8387078642845154,0.4303740859031677,0.4299619495868683,0.4291875660419464,26.46832513809204,3.968815326690674,5.333860158920288,20.791595935821533,0.11823058128356934,0.22658371925354004,1.3153574466705322
17,5,32.52189564704895,-4087552.8,0.8390101194381714,0.4304645359516144,0.4313511252403259,0.4296659529209137,27.188190698623657,4.0519914627075195,5.332939624786377,21.414313793182373,0.11853313446044922,0.2305901050567627,1.3248677253723145
17,6,31.62238359451294,-4087635.4,0.8375632762908936,0.42938071489334106,0.42957383394241333,0.4281039834022522,26.282635927200317,3.979111433029175,5.338984966278076,20.591817617416382,0.11862325668334961,0.22293424606323242,1.3228561878204346
17,7,32.23114275932312,-4088274.05,0.8388289213180542,0.4305705428123474,0.4312068819999695,0.42930522561073303,26.895782470703125,4.190014123916626,5.334592342376709,20.927178859710693,0.12022638320922852,0.28443241119384766,1.325038194656372
17,8,31.98539638519287,-4088942.175,0.8382538557052612,0.4316479563713074,0.4312802851200104,0.4286876916885376,26.69182276725769,4.064083099365234,5.292792797088623,20.89009141921997,0.1237175464630127,0.23446035385131836,1.3287911415100098
17,9,32.17572999000549,-4087861.45,0.8379988074302673,0.4299499988555908,0.42885076999664307,0.4289316236972809,26.747190237045288,4.0457963943481445,5.4277801513671875,20.962759971618652,0.12240386009216309,0.2276473045349121,1.3397605419158936
17,10,31.986783266067505,-4087062.7,0.8396985530853271,0.43056878447532654,0.43059101700782776,0.42983898520469666,26.507129192352295,3.9644935131073,5.478893995285034,20.815308570861816,0.11856603622436523,0.22683453559875488,1.3343772888183594
17,11,32.213873863220215,-4086321.05,0.8393713235855103,0.43089309334754944,0.4295796751976013,0.42968329787254333,26.78971004486084,4.1203529834747314,5.423384189605713,20.920801162719727,0.12492775917053223,0.23276877403259277,1.3377711772918701
17,12,32.58730506896973,-4090524.075,0.8376958966255188,0.43120211362838745,0.4318103790283203,0.4295200705528259,27.178202390670776,4.4015793800354,5.40834379196167,21.024320602416992,0.12149214744567871,0.23590469360351562,1.346040964126587
17,13,32.02323055267334,-4088347.225,0.8376172184944153,0.4300857186317444,0.42985960841178894,0.42939457297325134,26.668139219284058,4.027148008346558,5.354329347610474,20.921812534332275,0.1180429458618164,0.22745347023010254,1.3260812759399414
17,14,32.82555532455444,-4087673.3,0.8387411832809448,0.4309660494327545,0.4306338429450989,0.42913195490837097,27.349701404571533,4.162693977355957,5.475075960159302,21.386136293411255,0.13471126556396484,0.25199031829833984,1.357818841934204
17,15,32.585492849349976,-4088102.225,0.8385065197944641,0.43099743127822876,0.4297422170639038,0.42983153462409973,26.900877237319946,4.2307658195495605,5.683818101882935,20.90864634513855,0.12509655952453613,0.23256587982177734,1.3544867038726807
17,16,60.59886312484741,-4089605.425,0.8399266600608826,0.43260031938552856,0.4322293698787689,0.43135392665863037,46.843870878219604,7.836023569107056,13.752799034118652,34.840657472610474,0.25139760971069336,0.35982370376586914,3.463475227355957
17,17,61.06880831718445,-4086766.1,0.8389185070991516,0.4301093518733978,0.4302983283996582,0.4288220703601837,47.69151592254639,7.855490684509277,13.37506914138794,35.662076234817505,0.23943853378295898,0.3689279556274414,3.4698503017425537
17,18,59.97228384017944,-4090027.975,0.8406190872192383,0.4341984987258911,0.4334082007408142,0.4313373863697052,46.75491499900818,7.803613185882568,13.215133666992188,34.8020133972168,0.23598480224609375,0.35906553268432617,3.4631314277648926
17,19,59.99405360221863,-4089021.55,0.838110625743866,0.4307667911052704,0.4311140775680542,0.4287523329257965,46.89987826347351,7.826488018035889,13.091986179351807,34.90853691101074,0.2342510223388672,0.368269681930542,3.466590166091919
17,20,60.33092784881592,-4086903.625,0.8395653367042542,0.4312654733657837,0.4301682710647583,0.4306478202342987,46.967153787612915,7.879128932952881,13.361555099487305,34.93782424926758,0.23412728309631348,0.3651912212371826,3.4590864181518555
17,21,59.46070384979248,-4089878.575,0.8371275067329407,0.43029358983039856,0.4304559528827667,0.42873260378837585,46.461419343948364,7.816855192184448,12.997115850448608,34.499237060546875,0.2400195598602295,0.35851287841796875,3.4561262130737305
17,22,60.35779523849487,-4088247.7,0.8382724523544312,0.4308096766471863,0.4304044246673584,0.4292720854282379,47.037997007369995,8.042269229888916,13.31760048866272,34.843241691589355,0.2373669147491455,0.36170387268066406,3.464522123336792
17,23,60.94134068489075,-4086954.4,0.83857262134552,0.43006348609924316,0.42977866530418396,0.42834553122520447,47.16832709312439,7.767333745956421,13.770765542984009,35.24920392036438,0.23444104194641113,0.35668492317199707,3.469120979309082
17,24,60.24372458457947,-4086592.1,0.8396895527839661,0.43028444051742554,0.43055349588394165,0.43018996715545654,47.08569121360779,7.834805250167847,13.155831813812256,35.064762115478516,0.24739432334899902,0.36869335174560547,3.474583864212036
17,25,60.528947591781616,-4088884.6,0.8378705382347107,0.430534303188324,0.42994117736816406,0.4296816289424896,47.17170214653015,7.8676581382751465,13.355051517486572,35.11740469932556,0.25479674339294434,0.36794495582580566,3.4670698642730713
17,26,60.76503014564514,-4087423.05,0.8389118313789368,0.43033790588378906,0.4302850663661957,0.4284859895706177,47.12134313583374,7.886859893798828,13.641460180282593,35.02184319496155,0.257504940032959,0.37203502655029297,3.485954523086548
17,27,59.89966583251953,-4089457.35,0.8379524946212769,0.43133142590522766,0.43046507239341736,0.42998945713043213,46.42884135246277,7.931512832641602,13.468581914901733,34.19874310493469,0.2623593807220459,0.3634459972381592,3.577270030975342
17,28,60.929523229599,-4087234.575,0.8393320441246033,0.4307222068309784,0.43083053827285767,0.4293793737888336,47.49372959136963,7.894218444824219,13.433537006378174,35.353407859802246,0.26917314529418945,0.36739563941955566,3.507383346557617
17,29,60.077378273010254,-4089245.75,0.8365840315818787,0.4293173551559448,0.4293991029262543,0.4278270900249481,46.73825740814209,7.970209360122681,13.336885929107666,34.57505416870117,0.2546420097351074,0.364640474319458,3.478480100631714
17,30,61.25822710990906,-4088833.65,0.8385494947433472,0.4307556450366974,0.4307703375816345,0.4294198453426361,47.685222864151,7.85626745223999,13.570602655410767,35.590333700180054,0.2623722553253174,0.37688446044921875,3.500478506088257
18,1,42.636295795440674,-9237500.2,0.8227035403251648,0.44942641258239746,0.44891732931137085,0.4140888750553131,31.511594772338867,4.617213249206543,11.123139381408691,25.05898094177246,0.12108850479125977,0.34482407569885254,1.3206713199615479
18,2,42.72215986251831,-9240938.8,0.8198745846748352,0.44722455739974976,0.4467077851295471,0.41322609782218933,31.74038863182068,4.2805869579315186,10.980168104171753,25.570957899093628,0.13751626014709473,0.3588991165161133,1.329559087753296
18,3,41.5881290435791,-9239365.9,0.820214569568634,0.44666939973831177,0.4465101361274719,0.4124170243740082,30.79802918434143,4.177947282791138,10.788553476333618,24.777288675308228,0.11879897117614746,0.3423025608062744,1.334080696105957
18,4,41.78368806838989,-9238177.9,0.8187132477760315,0.4447770118713379,0.444530189037323,0.41071605682373047,30.847136974334717,4.144688367843628,10.934996366500854,24.79251742362976,0.12067985534667969,0.4069089889526367,1.3343489170074463
18,5,41.84236407279968,-9237206.0,0.8209996223449707,0.4468769133090973,0.4474664032459259,0.4129820466041565,30.994913816452026,4.165700912475586,10.845898628234863,24.907050848007202,0.12201666831970215,0.4150986671447754,1.3364050388336182
18,6,42.626739740371704,-9239464.1,0.8224945664405823,0.4491274058818817,0.449188768863678,0.41463425755500793,31.798879384994507,4.187021493911743,10.826284885406494,25.759547233581543,0.12128877639770508,0.3450968265533447,1.3377225399017334
18,7,40.44930648803711,-9237635.2,0.821998119354248,0.44781598448753357,0.44818732142448425,0.41370049118995667,29.82428789138794,4.09663462638855,10.6235511302948,23.908047676086426,0.1169126033782959,0.3263239860534668,1.329577922821045
18,8,41.68329477310181,-9238187.7,0.8202347755432129,0.4469483196735382,0.4470360577106476,0.4125185012817383,30.619550228118896,4.128307104110718,11.062213897705078,24.65518021583557,0.11953282356262207,0.3385486602783203,1.3306562900543213
18,9,41.47136569023132,-9238024.2,0.8207995295524597,0.44709575176239014,0.44733941555023193,0.41279682517051697,30.39718770980835,4.3647096157073975,11.072585344314575,24.207415103912354,0.1191408634185791,0.3328695297241211,1.3257224559783936
18,10,41.41318106651306,-9235272.8,0.822470486164093,0.44766613841056824,0.44718796014785767,0.4137822091579437,30.5081205368042,4.142916917800903,10.903549671173096,24.528390884399414,0.12132549285888672,0.33199548721313477,1.3356926441192627
18,11,42.3427619934082,-9238782.9,0.8197464942932129,0.44614532589912415,0.4460175037384033,0.4117850661277771,31.549962759017944,4.134149074554443,10.791250228881836,25.576298713684082,0.11905765533447266,0.3393900394439697,1.3334946632385254
18,12,41.98926043510437,-9238879.6,0.8203833103179932,0.44714391231536865,0.44685301184654236,0.41273826360702515,31.01829695701599,4.175652503967285,10.969402074813843,24.98023748397827,0.12181901931762695,0.3441195487976074,1.3487401008605957
18,13,42.19578695297241,-9237965.4,0.8212320804595947,0.4473772644996643,0.44743677973747253,0.41297540068626404,31.160053968429565,4.1369524002075195,11.034175395965576,25.156116724014282,0.12076163291931152,0.3443775177001953,1.353264570236206
18,14,42.215017557144165,-9237461.4,0.8210525512695312,0.4469144642353058,0.4468032717704773,0.4130938947200775,31.178447723388672,4.194892883300781,11.035019397735596,25.120154857635498,0.12123870849609375,0.3466479778289795,1.3465633392333984
18,15,41.60584759712219,-9238703.0,0.8228499293327332,0.44862931966781616,0.44879448413848877,0.415277898311615,30.493573427200317,4.359798908233643,11.110671520233154,24.29220986366272,0.12082481384277344,0.3333156108856201,1.339205026626587
18,16,77.89219307899475,-9235887.0,0.8209589719772339,0.44715416431427,0.4466419219970703,0.41234472393989563,53.631189823150635,8.18935513496399,24.25595211982727,41.020036458969116,0.2689645290374756,0.5509791374206543,3.505035400390625
18,17,77.34368658065796,-9239647.7,0.8199154734611511,0.4463033080101013,0.4464951157569885,0.41277405619621277,53.01120591163635,8.067038297653198,24.32782793045044,40.50901913642883,0.24648761749267578,0.5473906993865967,3.549204111099243
18,18,78.04410171508789,-9237725.8,0.8209125995635986,0.44732847809791565,0.446946918964386,0.41283437609672546,53.52015686035156,8.228074073791504,24.519239902496338,40.90817093849182,0.25716066360473633,0.5474059581756592,3.4856679439544678
18,19,76.98581624031067,-9238163.8,0.8208692669868469,0.4472174346446991,0.44778236746788025,0.4128035306930542,52.80027198791504,8.174914598464966,24.180828332901,40.278945207595825,0.24028730392456055,0.5514810085296631,3.4611148834228516
18,20,76.52852177619934,-9239504.1,0.8202565312385559,0.44675374031066895,0.44666555523872375,0.41265949606895447,52.17962288856506,8.140174388885498,24.344216346740723,39.713778257369995,0.23653316497802734,0.5383670330047607,3.459428071975708
18,21,77.53450727462769,-9237551.5,0.8210184574127197,0.44716084003448486,0.446384459733963,0.41373807191848755,53.3306667804718,8.170925855636597,24.199105978012085,40.82604098320007,0.2349991798400879,0.5552511215209961,3.4508731365203857
18,22,77.68614840507507,-9238302.2,0.8204026222229004,0.4472692608833313,0.44733670353889465,0.4123014807701111,53.15770077705383,8.312600135803223,24.52371048927307,40.5023877620697,0.23777508735656738,0.5528872013092041,3.459398031234741
18,23,77.27184700965881,-9241362.1,0.8179283738136292,0.44472751021385193,0.44483867287635803,0.4108203053474426,52.82032012939453,8.206770658493042,24.44650650024414,40.21675515174866,0.2460954189300537,0.5567941665649414,3.497586488723755
18,24,76.61380004882812,-9236621.5,0.8209332227706909,0.4463353157043457,0.44645819067955017,0.41292354464530945,52.43310332298279,8.128056049346924,24.176008701324463,39.96580147743225,0.23423480987548828,0.5493736267089844,3.4616076946258545
18,25,76.70395970344543,-9237887.0,0.8205769062042236,0.4467146396636963,0.446939080953598,0.41285887360572815,52.443154096603394,8.202219247817993,24.255699396133423,39.84557223320007,0.2535569667816162,0.5580434799194336,3.484086513519287
18,26,76.59427261352539,-9238369.4,0.8224613666534424,0.4484490156173706,0.4489244520664215,0.41453176736831665,52.55030345916748,8.195304870605469,24.03921365737915,40.00718021392822,0.23464417457580566,0.5545687675476074,3.4637186527252197
18,27,76.47833847999573,-9239136.0,0.8222877383232117,0.44838812947273254,0.44858917593955994,0.4145312011241913,52.38745903968811,8.131677389144897,24.08616065979004,39.91149878501892,0.2391650676727295,0.5451717376708984,3.4678547382354736
18,28,76.93330955505371,-9237796.0,0.8203659057617188,0.4466574788093567,0.4469550848007202,0.4125051498413086,52.52970361709595,8.101797342300415,24.398930311203003,40.102977991104126,0.2310945987701416,0.5474011898040771,3.456854820251465
18,29,78.32495975494385,-9237016.3,0.8214412331581116,0.4475603401660919,0.44704821705818176,0.41310977935791016,53.78744983673096,8.168276071548462,24.532811641693115,41.233765840530396,0.24460434913635254,0.564396858215332,3.479499578475952
18,30,78.70505475997925,-9240507.2,0.819350004196167,0.4462625980377197,0.44651922583580017,0.41136372089385986,53.626654863357544,8.14693808555603,25.07369065284729,41.06824588775635,0.2674257755279541,0.5609803199768066,3.484381675720215
19,1,59.74125003814697,-20802478.6,0.8016754388809204,0.46401044726371765,0.46402451395988464,0.39878568053245544,36.5580735206604,4.300230026245117,23.179720640182495,29.431498527526855,0.12479496002197266,0.4801783561706543,1.3445284366607666
19,2,60.66598963737488,-20803485.6,0.8035057187080383,0.4652552008628845,0.46510013937950134,0.4003045856952667,37.16946506500244,4.311339616775513,23.493040561676025,30.030251264572144,0.12429094314575195,0.49291348457336426,1.3459982872009277
19,3,60.51212239265442,-20798588.4,0.8017211556434631,0.4631625711917877,0.4631894826889038,0.3980429172515869,37.05814838409424,4.288401365280151,23.45045781135559,29.95128059387207,0.12398362159729004,0.49129390716552734,1.3464338779449463
19,4,60.69913196563721,-20800850.2,0.8016444444656372,0.4636533558368683,0.4642508924007416,0.3981473445892334,37.311256885528564,4.312949895858765,23.38434600830078,30.15958285331726,0.12563562393188477,0.4974365234375,1.3504738807678223
19,5,60.60322070121765,-20802570.0,0.8012946844100952,0.4640211760997772,0.4638877213001251,0.39821305871009827,37.31291151046753,4.37650465965271,23.286707878112793,30.153844594955444,0.1259622573852539,0.49790382385253906,1.349360704421997
19,6,60.326510429382324,-20801708.2,0.8019329309463501,0.46420416235923767,0.4644862413406372,0.3986101448535919,36.95790123939514,4.309983491897583,23.36508321762085,29.849476099014282,0.12572550773620605,0.4865572452545166,1.3479900360107422
19,7,71.44793581962585,-20810807.4,0.7989321351051331,0.4618801474571228,0.46188825368881226,0.3965935707092285,44.9134247303009,4.567921876907349,26.528329610824585,37.55438470840454,0.13608503341674805,0.5860342979431152,1.383488655090332
19,8,60.14440298080444,-20800407.0,0.8017986416816711,0.4637084901332855,0.46396803855895996,0.3983772099018097,36.50994253158569,4.422563791275024,23.631015300750732,29.3227698802948,0.1288290023803711,0.5040202140808105,1.349031925201416
19,9,63.04733204841614,-20809245.0,0.8035563826560974,0.4664389491081238,0.46663808822631836,0.400577187538147,38.46289610862732,4.5505194664001465,24.580894708633423,31.24592638015747,0.13425946235656738,0.5222530364990234,1.340527057647705
19,10,59.38773155212402,-20799340.6,0.8018800616264343,0.46394699811935425,0.46414297819137573,0.3980398178100586,36.443541526794434,4.252188444137573,22.94074845314026,29.330040454864502,0.12616562843322754,0.469193696975708,1.3368539810180664
19,11,62.18485689163208,-20801692.6,0.8009718060493469,0.46231621503829956,0.4624411463737488,0.39797186851501465,37.40450692176819,4.264650583267212,24.776869773864746,30.26709222793579,0.12918806076049805,0.49840235710144043,1.347754955291748
19,12,61.098637342453,-20802441.0,0.8040593266487122,0.4662487208843231,0.4657626152038574,0.40052905678749084,37.41063141822815,4.461072206497192,23.684281587600708,30.26228380203247,0.13138890266418457,0.5024173259735107,1.3458490371704102
19,13,60.344653844833374,-20800014.2,0.8018301129341125,0.46377941966056824,0.4632715880870819,0.39838507771492004,37.03638243675232,4.389105796813965,23.30479598045349,29.89944314956665,0.12554693222045898,0.48537707328796387,1.3471994400024414
19,14,59.17075252532959,-20808431.6,0.8029505610466003,0.4659867584705353,0.4660250246524811,0.400199294090271,35.8177604675293,4.282679796218872,23.349660873413086,28.729736804962158,0.12179112434387207,0.464064359664917,1.3353638648986816
19,15,63.08901500701904,-20801548.6,0.8028998970985413,0.46405601501464844,0.464242160320282,0.3995382785797119,37.305785179138184,4.559383153915405,25.779608011245728,30.15583562850952,0.12500357627868652,0.47171616554260254,1.35249924659729
19,16,112.1289792060852,-20799850.0,0.8024879097938538,0.4646519720554352,0.4648410677909851,0.39899131655693054,62.753456354141235,8.477538108825684,49.365214586257935,49.472954750061035,0.2706947326660156,0.925868034362793,3.5051522254943848
19,17,112.86922478675842,-20801745.2,0.801986813545227,0.4645881950855255,0.4647885262966156,0.3985156714916229,64.15755367279053,8.501758813858032,48.70211839675903,50.914623737335205,0.2515523433685303,0.9321839809417725,3.4628100395202637
19,18,109.3237555027008,-20801392.8,0.8038768172264099,0.4656580090522766,0.4652553200721741,0.4004189074039459,60.85066294670105,8.459959506988525,48.462830781936646,47.62274432182312,0.2473609447479248,0.9334137439727783,3.489159345626831
19,19,108.137686252594,-20802200.4,0.8017273545265198,0.4636821448802948,0.4636262357234955,0.398682564496994,59.6835834980011,8.462135791778564,48.44442939758301,46.45001935958862,0.25155162811279297,0.9190404415130615,3.5038483142852783
19,20,108.48526000976562,-20802338.2,0.8011159300804138,0.4638137221336365,0.46394744515419006,0.39810359477996826,59.641098499298096,8.530137062072754,48.83401799201965,46.30040645599365,0.24488043785095215,0.9168181419372559,3.5520005226135254
19,21,107.78541922569275,-20801516.8,0.8014068603515625,0.46384769678115845,0.4639565348625183,0.3980627954006195,59.40280723571777,8.387475490570068,48.373074531555176,46.315242767333984,0.23250412940979004,0.9055287837982178,3.4713363647460938
19,22,109.56052446365356,-20804676.2,0.8019755482673645,0.46412503719329834,0.46434518694877625,0.39896437525749207,61.3787202835083,8.472585678100586,48.1721875667572,48.190327405929565,0.25458192825317383,0.9124336242675781,3.4547483921051025
19,23,110.96600413322449,-20800129.6,0.8021052479743958,0.4636223018169403,0.46363866329193115,0.3985346853733063,62.2281334400177,8.513091564178467,48.72825264930725,48.98144578933716,0.2591848373413086,0.9211704730987549,3.455148220062256
19,24,118.62951374053955,-20801970.4,0.8015322685241699,0.46358808875083923,0.4641396105289459,0.39856189489364624,65.71565437316895,8.680922985076904,52.90430760383606,52.218372106552124,0.26568150520324707,0.9413087368011475,3.5056822299957275
19,25,110.86455392837524,-20806214.8,0.8033016324043274,0.4659357964992523,0.46587875485420227,0.4002806544303894,61.99837899208069,8.609168291091919,48.8565309047699,48.65099883079529,0.255934476852417,0.9187905788421631,3.4677813053131104
19,26,110.12498831748962,-20805119.2,0.8032317757606506,0.4662507474422455,0.4660145044326782,0.3997177183628082,61.441415786743164,8.582892894744873,48.67382454872131,48.1333270072937,0.2495589256286621,0.9197964668273926,3.461864709854126
19,27,110.97589921951294,-20803378.6,0.8039168119430542,0.46595513820648193,0.46578872203826904,0.4003903865814209,61.34029531478882,8.519688129425049,49.6260302066803,48.10971689224243,0.24980616569519043,0.9109320640563965,3.456411838531494
19,28,111.69533205032349,-20802126.2,0.8019344210624695,0.46411556005477905,0.4639301598072052,0.3984881639480591,63.30239963531494,8.531693458557129,48.38333988189697,50.023762226104736,0.24960088729858398,0.9209284782409668,3.4794044494628906
19,29,111.36474657058716,-20806432.8,0.7991748452186584,0.46170398592948914,0.4617699682712555,0.3961341381072998,62.62245750427246,8.610379934310913,48.73182654380798,49.170337200164795,0.2751345634460449,0.9341812133789062,3.5269460678100586
19,30,108.86601114273071,-20800284.0,0.8018418550491333,0.46373438835144043,0.46413126587867737,0.39842164516448975,60.368622064590454,8.474475622177124,48.48772144317627,47.192153215408325,0.23782753944396973,0.9170567989349365,3.4566030502319336
20,1,102.11917996406555,-46744012.4,0.7794473171234131,0.4800255298614502,0.48007065057754517,0.38943374156951904,50.541808128356934,4.334802627563477,51.565611362457275,36.579750776290894,0.13123726844787598,0.7489290237426758,1.3483538627624512
20,2,102.43345332145691,-46743989.2,0.7781123518943787,0.4778561294078827,0.47778159379959106,0.3875291049480438,52.104284048080444,4.4219069480896,50.317227840423584,38.05029034614563,0.1335306167602539,0.8156552314758301,1.3610737323760986
20,3,100.97215414047241,-46741935.2,0.7800211310386658,0.4802613854408264,0.48046568036079407,0.3896923363208771,50.57809495925903,4.513432264328003,50.38245916366577,36.596961975097656,0.13289666175842285,0.753082275390625,1.3496410846710205
20,4,103.6080710887909,-46750549.6,0.7792798280715942,0.47963747382164,0.4795719087123871,0.389108806848526,51.8589985370636,4.3812830448150635,51.73726439476013,37.87678003311157,0.13287138938903809,0.7858047485351562,1.3562722206115723
20,5,102.94189643859863,-46744609.6,0.7790883779525757,0.4797690510749817,0.47953537106513977,0.38909289240837097,51.473554849624634,4.446115255355835,51.45664858818054,37.4596848487854,0.13419270515441895,0.7789978981018066,1.359215497970581
20,6,103.9531946182251,-46745525.2,0.7793464660644531,0.4792833924293518,0.4794427454471588,0.3890697956085205,51.87521958351135,4.374563694000244,52.06654357910156,37.89765977859497,0.13322949409484863,0.7928118705749512,1.3552217483520508
20,7,105.7971510887146,-46753571.6,0.7771861553192139,0.4777347147464752,0.47791415452957153,0.3870706260204315,55.1068377494812,4.709496259689331,50.678545236587524,40.978739738464355,0.1448214054107666,0.8554699420928955,1.352287769317627
20,8,112.59873151779175,-46756400.8,0.7771167755126953,0.47781166434288025,0.47812750935554504,0.38711971044540405,52.180217027664185,4.3916685581207275,60.40659785270691,38.09082531929016,0.13747000694274902,0.8224179744720459,1.365616798400879
20,9,102.42665338516235,-46740954.8,0.7792783975601196,0.4793550670146942,0.4795647859573364,0.3888493776321411,50.8268518447876,4.344093084335327,51.58833026885986,36.842668294906616,0.13068580627441406,0.7576682567596436,1.3570811748504639
20,10,104.04419445991516,-46740474.8,0.7796199321746826,0.47972601652145386,0.4799576699733734,0.38933971524238586,51.92791390419006,4.5073676109313965,52.104451417922974,37.934006214141846,0.13447237014770508,0.7902846336364746,1.3599913120269775
20,11,100.49296593666077,-46744715.6,0.7793862819671631,0.47996872663497925,0.47993138432502747,0.3893758952617645,50.22067332267761,4.403300523757935,50.26059651374817,36.289358615875244,0.13088417053222656,0.7384495735168457,1.3652212619781494
20,12,104.29086208343506,-46744000.0,0.77962327003479,0.4796158969402313,0.47977468371391296,0.3892979621887207,52.19627547264099,4.4059247970581055,52.08258938789368,38.13144516944885,0.13342571258544922,0.8182013034820557,1.3632385730743408
20,13,102.20121836662292,-46749090.4,0.7804621458053589,0.4806140065193176,0.48105907440185547,0.39017602801322937,50.985031843185425,4.405941009521484,51.20461678504944,37.00513458251953,0.13382530212402344,0.7526183128356934,1.3501911163330078
20,14,101.71465063095093,-46749867.6,0.7817105054855347,0.48194122314453125,0.48187148571014404,0.39113855361938477,51.224432706832886,4.4099040031433105,50.47868537902832,37.225804805755615,0.1318655014038086,0.7714080810546875,1.3571629524230957
20,15,103.42316007614136,-46750621.6,0.7795248627662659,0.4804456830024719,0.48061808943748474,0.38980594277381897,51.20043134689331,4.371662139892578,52.21070623397827,37.19409990310669,0.13257503509521484,0.771052360534668,1.3586575984954834
20,16,170.86584305763245,-46746968.8,0.7778135538101196,0.4779561161994934,0.47786495089530945,0.3873729109764099,70.71998929977417,8.65012264251709,100.12592697143555,56.62535619735718,0.25136518478393555,1.610811710357666,3.489515542984009
20,17,175.4880495071411,-46755624.8,0.7815053462982178,0.48219358921051025,0.4820966422557831,0.3913578689098358,74.51157402992249,8.728252172470093,100.9565360546112,60.297807455062866,0.26084089279174805,1.6355054378509521,3.490769624710083
20,18,172.70894360542297,-46747184.0,0.7816144227981567,0.4815407693386078,0.4815973937511444,0.39105424284935,71.93107104301453,8.710347175598145,100.75833988189697,57.753178358078,0.25730204582214355,1.6242740154266357,3.4915378093719482
20,19,177.11408591270447,-46746095.6,0.7789337038993835,0.4797505736351013,0.4795428216457367,0.3889811635017395,76.02533149719238,8.748898029327393,101.06892085075378,61.81575870513916,0.2513887882232666,1.6149587631225586,3.4972333908081055
20,20,183.98482990264893,-46740517.6,0.7792365550994873,0.479580283164978,0.4796525835990906,0.38862526416778564,79.05367159843445,8.82133960723877,104.91108059883118,64.70936799049377,0.2576773166656494,1.6455843448638916,3.5205280780792236
20,21,176.23980689048767,-46748330.0,0.7818333506584167,0.48146307468414307,0.48155948519706726,0.39149120450019836,74.13705539703369,8.679251194000244,102.08298826217651,60.00608849525452,0.2529611587524414,1.608931303024292,3.4929494857788086
20,22,176.92087864875793,-46754012.4,0.7809273600578308,0.48116013407707214,0.48135843873023987,0.39028844237327576,75.1081051826477,8.656137228012085,101.79300212860107,60.99638605117798,0.2511405944824219,1.6170971393585205,3.493846893310547
20,23,176.69125175476074,-46747304.8,0.7791475057601929,0.4794878661632538,0.47950029373168945,0.38925760984420776,74.9893548488617,8.76845097541809,101.68211483955383,60.74842071533203,0.2582836151123047,1.619210958480835,3.500840425491333
20,24,178.62272453308105,-46743412.0,0.779485285282135,0.4799569249153137,0.4797612428665161,0.3888925611972809,75.26168537139893,8.720819234848022,103.3411922454834,61.055349826812744,0.25420308113098145,1.6163060665130615,3.519164800643921
20,25,178.0844283103943,-46743676.4,0.7792320251464844,0.4798869788646698,0.47983071208000183,0.38903069496154785,75.47095537185669,8.653923034667969,102.59345030784607,61.37701869010925,0.24914932250976562,1.6070137023925781,3.485579490661621
20,26,179.53319597244263,-46743998.0,0.7798550128936768,0.48044782876968384,0.4803270101547241,0.38971686363220215,78.11915349960327,8.893985271453857,101.39412045478821,63.74485397338867,0.25089144706726074,1.6304266452789307,3.5024735927581787
20,27,178.28999829292297,-46742324.8,0.7792367935180664,0.4791978895664215,0.4793331027030945,0.3887312710285187,75.48196029663086,8.730747938156128,102.78692078590393,61.263617753982544,0.2645878791809082,1.6241517066955566,3.5007359981536865
20,28,176.32563138008118,-46749474.0,0.7776628136634827,0.4780386686325073,0.4781560003757477,0.38726699352264404,73.54968547821045,8.665369510650635,102.75598955154419,59.44239783287048,0.2513587474822998,1.607039213180542,3.4901068210601807
20,29,177.11150217056274,-46754623.2,0.7787368297576904,0.4794214069843292,0.47912636399269104,0.38862326741218567,75.00236392021179,8.715038776397705,102.08922982215881,60.83658957481384,0.2557950019836426,1.6111488342285156,3.486553907394409
20,30,179.9077537059784,-46744112.0,0.7798130512237549,0.4803321659564972,0.48037105798721313,0.3895845413208008,77.2085633277893,8.726066589355469,102.67944526672363,63.001755714416504,0.2553584575653076,1.6259028911590576,3.4998884201049805
