k,sample,total_time,best_ll,P00,P01,P10,P11,full_fit,gradient_gpu,init_cpu_gpu,mcmc_cpu,optimizer_gpu,transfer_pcie,warm_up_mcmc_cpu
1,1,7.409663438796997,-0.0004000663757324219,0.9998999834060669,9.999999747378752e-05,9.999999747378752e-05,0.9998999834060669,4.076258420944214,1.531944751739502,3.3333704471588135,0.9108865261077881,0.11599969863891602,0.08345651626586914,1.3873951435089111
1,2,7.568593263626099,-0.0004000663757324219,0.9998999834060669,9.999999747378752e-05,9.999999747378752e-05,0.9998999834060669,4.3064866065979,1.640991449356079,3.2620463371276855,1.0123848915100098,0.12990379333496094,0.08547401428222656,1.3793389797210693
1,3,8.266142845153809,-0.0004000663757324219,0.9998999834060669,0.9998999834060669,9.999999747378752e-05,9.999999747378752e-05,4.919694185256958,1.529341697692871,3.3464128971099854,1.7497711181640625,0.11541748046875,0.0838477611541748,1.3952245712280273
1,4,8.542895555496216,-0.0004000663757324219,0.9998999834060669,0.9998999834060669,9.999999747378752e-05,0.9998999834060669,5.1693055629730225,1.617915391921997,3.373552083969116,1.8871629238128662,0.11814188957214355,0.08734321594238281,1.4116597175598145
1,5,7.453732967376709,-0.0004000663757324219,0.9998999834060669,9.999999747378752e-05,9.999999747378752e-05,0.9998999834060669,4.057543039321899,1.5199894905090332,3.3961565494537354,0.9008946418762207,0.11542773246765137,0.08355879783630371,1.3914246559143066
1,6,8.692926406860352,-0.0004000663757324219,0.9998999834060669,0.9998999834060669,9.999999747378752e-05,0.9998999834060669,5.30419397354126,1.652494192123413,3.3886756896972656,1.9784140586853027,0.1342172622680664,0.08760380744934082,1.3918201923370361
1,7,7.732986927032471,-0.0004000663757324219,0.9998999834060669,9.999999747378752e-05,9.999999747378752e-05,0.9998999834060669,4.363608360290527,1.6581449508666992,3.3693184852600098,1.033867359161377,0.12725329399108887,0.08654642105102539,1.394564151763916
1,8,8.605139017105103,-0.0004000663757324219,0.9998999834060669,0.9998999834060669,9.999999747378752e-05,0.9998999834060669,5.205777645111084,1.6060833930969238,3.3993232250213623,1.8684053421020508,0.12274599075317383,0.08649063110351562,1.4744892120361328
1,9,7.787763595581055,-0.0004000663757324219,0.9998999834060669,9.999999747378752e-05,9.999999747378752e-05,0.9998999834060669,4.467156171798706,1.6485669612884521,3.3205573558807373,1.1344900131225586,0.1375112533569336,0.08669900894165039,1.394890546798706
1,10,8.285463094711304,-0.0004000663757324219,0.9998999834060669,0.9998999834060669,9.999999747378752e-05,9.999999747378752e-05,4.946795225143433,1.5338246822357178,3.3386318683624268,1.7659308910369873,0.11600661277770996,0.08371829986572266,1.4017794132232666
1,11,6.873374700546265,0.0,0.8999999761581421,0.699999988079071,0.5,0.20000000298023224,3.5437734127044678,1.3072409629821777,3.329561471939087,0.6011197566986084,0.11589670181274414,0.08316731452941895,1.391819715499878
1,12,6.904243230819702,0.0,0.8999999761581421,0.699999988079071,0.5,0.20000000298023224,3.548781394958496,1.292137861251831,3.355426788330078,0.6008057594299316,0.1170206069946289,0.08356881141662598,1.4109537601470947
1,13,7.45558762550354,-0.0004000663757324219,0.9998999834060669,9.999999747378752e-05,9.999999747378752e-05,0.9998999834060669,4.087242126464844,1.5256760120391846,3.3683102130889893,0.9092350006103516,0.11831808090209961,0.08362722396850586,1.4041328430175781
1,14,8.3704092502594,-0.0004000663757324219,0.9998999834060669,0.9998999834060669,9.999999747378752e-05,0.9998999834060669,5.045409440994263,1.5319323539733887,3.3249568939208984,1.8658638000488281,0.11696052551269531,0.08430624008178711,1.4001331329345703
1,15,8.439882040023804,-0.0004000663757324219,0.9998999834060669,0.9998999834060669,9.999999747378752e-05,0.9998999834060669,5.053637266159058,1.5434062480926514,3.386199951171875,1.8687751293182373,0.11524748802185059,0.0838627815246582,1.3966906070709229
1,16,14.50273847579956,-0.0004000663757324219,0.9998999834060669,9.999999747378752e-05,0.9998999834060669,9.999999747378752e-05,10.090699672698975,3.1188979148864746,4.411923170089722,2.8128044605255127,0.23905539512634277,0.1421501636505127,3.6951026916503906
1,17,15.588310718536377,-0.0004000663757324219,0.9998999834060669,9.999999747378752e-05,0.9998999834060669,9.999999747378752e-05,11.065505504608154,3.089383602142334,4.5227062702178955,2.8061118125915527,0.28441953659057617,1.2139616012573242,3.592238426208496
1,18,13.174846172332764,-0.0004000663757324219,0.9998999834060669,9.999999747378752e-05,9.999999747378752e-05,0.9998999834060669,8.717771768569946,3.12427020072937,4.456968784332275,1.4548120498657227,0.2317185401916504,0.14144349098205566,3.683746814727783
1,19,14.50394892692566,-0.0004000663757324219,0.9998999834060669,9.999999747378752e-05,0.9998999834060669,9.999999747378752e-05,10.036667108535767,3.115787982940674,4.467180490493774,2.85211181640625,0.23080992698669434,0.14533066749572754,3.60914945602417
1,20,13.085798501968384,-0.0004000663757324219,0.9998999834060669,9.999999747378752e-05,9.999999747378752e-05,0.9998999834060669,8.628515720367432,3.1219675540924072,4.457164525985718,1.4553024768829346,0.22895216941833496,0.14286112785339355,3.598226308822632
1,21,12.046887159347534,0.0,0.8999999761581421,0.699999988079071,0.5,0.20000000298023224,7.6404032707214355,2.6859242916107178,4.406388282775879,0.9123857021331787,0.2285614013671875,0.13838744163513184,3.5975723266601562
1,22,13.026354551315308,-0.0004000663757324219,0.9998999834060669,9.999999747378752e-05,9.999999747378752e-05,0.9998999834060669,8.599415302276611,3.1032731533050537,4.426807641983032,1.4367754459381104,0.2328944206237793,0.1434333324432373,3.591010332107544
1,23,13.116538763046265,-0.0004000663757324219,0.9998999834060669,9.999999747378752e-05,9.999999747378752e-05,0.9998999834060669,8.595532894134521,3.1044399738311768,4.520904302597046,1.458580493927002,0.2334742546081543,0.1420273780822754,3.5748982429504395
1,24,13.434469223022461,0.0,0.8999999761581421,0.699999988079071,0.5,0.20000000298023224,7.624430418014526,2.660493850708008,5.809948444366455,0.9438536167144775,0.23157882690429688,0.1366105079650879,3.575428009033203
1,25,14.821338891983032,-0.0004000663757324219,0.9998999834060669,0.9998999834060669,9.999999747378752e-05,0.9998999834060669,10.275944948196411,3.2404625415802,4.545274019241333,3.0086121559143066,0.23327136039733887,0.14343833923339844,3.5701146125793457
1,26,14.640262126922607,-0.0004000663757324219,0.9998999834060669,0.9998999834060669,9.999999747378752e-05,9.999999747378752e-05,10.242000102996826,3.1146979331970215,4.398163080215454,2.775123357772827,0.23468422889709473,0.14374756813049316,3.6206469535827637
1,27,13.330322265625,-0.0004000663757324219,0.9998999834060669,9.999999747378752e-05,9.999999747378752e-05,0.9998999834060669,8.60354232788086,3.1191532611846924,4.726644515991211,1.4323220252990723,0.22759056091308594,0.14271140098571777,3.5973215103149414
1,28,13.090356588363647,-0.0004000663757324219,0.9998999834060669,9.999999747378752e-05,9.999999747378752e-05,0.9998999834060669,8.5429847240448,3.0941579341888428,4.547240495681763,1.4140825271606445,0.22962164878845215,0.14203238487243652,3.5833470821380615
1,29,14.398705959320068,-0.0004000663757324219,0.9998999834060669,0.9998999834060669,9.999999747378752e-05,9.999999747378752e-05,9.940100193023682,3.152827024459839,4.458500146865845,2.770075798034668,0.2289736270904541,0.1412804126739502,3.5680055618286133
1,30,13.210331916809082,-0.0004000663757324219,0.9998999834060669,9.999999747378752e-05,9.999999747378752e-05,0.9998999834060669,8.731247663497925,3.139878988265991,4.47898530960083,1.4574689865112305,0.23086214065551758,0.22833704948425293,3.593200922012329
2,1,10.124489545822144,-7.7881574630737305,0.9998999834060669,0.6557575464248657,0.5146838426589966,0.21027643978595734,6.796756029129028,1.809138536453247,3.327686071395874,3.316133737564087,0.13141965866088867,0.08779692649841309,1.3919823169708252
2,2,9.626018285751343,-8.15347785949707,0.9998999834060669,0.650053858757019,0.24547472596168518,0.5246574878692627,6.309157848358154,1.798792839050293,3.3168110847473145,2.826575756072998,0.13544130325317383,0.08760952949523926,1.3988747596740723
2,3,8.47404146194458,-4.73931188583374,0.9998999834060669,0.1176866739988327,0.22331684827804565,0.23487786948680878,5.1438164710998535,1.8620939254760742,3.3301758766174316,1.5691709518432617,0.1361386775970459,0.0861818790435791,1.429006576538086
2,4,10.506523370742798,-8.80449743270874,0.5686313509941101,0.9998999834060669,0.7879419922828674,0.5282164216041565,7.223636150360107,1.676440954208374,3.282846450805664,3.9052228927612305,0.11638331413269043,0.08478164672851562,1.3954031467437744
2,5,9.025651931762695,-4.397593021392822,0.5807566046714783,9.999999747378752e-05,0.9998999834060669,0.26560094952583313,5.693249702453613,1.834071159362793,3.332352876663208,2.1788086891174316,0.1386256217956543,0.08788895606994629,1.389528751373291
2,6,9.92585563659668,-3.5179170846939085,0.9998999834060669,0.2566731870174408,0.789452314376831,9.999999747378752e-05,6.6473002433776855,1.8395068645477295,3.2785043716430664,3.1331536769866943,0.13176202774047852,0.08747673034667969,1.3950293064117432
2,7,8.401433229446411,-4.397594451904297,0.9998999834060669,0.265735000371933,9.999999747378752e-05,0.5812643766403198,5.034532070159912,1.855774164199829,3.366863489151001,1.4406917095184326,0.1340029239654541,0.08882641792297363,1.4604721069335938
2,8,9.711602449417114,-6.922183990478516,0.9998999834060669,0.9998999834060669,0.19894978404045105,0.45929762721061707,6.40231728553772,1.7061660289764404,3.309248924255371,3.056710720062256,0.11791539192199707,0.08602690696716309,1.3893980979919434
2,9,9.629356861114502,-4.115542411804199,0.9998999834060669,0.9998999834060669,9.999999747378752e-05,0.7420142889022827,6.336839914321899,1.6664931774139404,3.292475700378418,3.0381946563720703,0.11540102958679199,0.08437442779541016,1.386702537536621
2,10,9.093246698379517,-5.450096225738525,0.9998999834060669,0.5099421143531799,0.05261150002479553,0.49671471118927,5.776427507400513,1.6936352252960205,3.316784620285034,2.436187982559204,0.11692953109741211,0.08508062362670898,1.3983540534973145
2,11,11.630902290344238,-6.825147819519043,0.9998999834060669,0.7672466039657593,0.9998999834060669,0.39718911051750183,8.023818492889404,1.6858594417572021,3.6070468425750732,4.683373689651489,0.11708283424377441,0.08669233322143555,1.404538869857788
2,12,8.369409561157227,-3.79335355758667,0.9998999834060669,0.23630425333976746,9.999999747378752e-05,0.9998999834060669,5.055590391159058,1.6747326850891113,3.3137853145599365,1.7377760410308838,0.11634564399719238,0.08402681350708008,1.3964786529541016
2,13,9.373673915863037,-4.115542411804199,0.9998999834060669,9.999999747378752e-05,0.7424144744873047,0.9998999834060669,6.06251072883606,1.6738226413726807,3.311128616333008,2.737884759902954,0.11717891693115234,0.0854349136352539,1.4010009765625
2,14,8.229320049285889,-3.7465408563613893,0.9998999834060669,9.999999747378752e-05,0.25390103459358215,0.894270122051239,4.902315139770508,1.6806347370147705,3.3269708156585693,1.5117099285125732,0.11543464660644531,0.08355093002319336,1.4656741619110107
2,15,8.566329956054688,-0.0004000663757324219,0.9998999834060669,0.9998999834060669,9.999999747378752e-05,9.999999747378752e-05,5.199941158294678,1.660477876663208,3.366338014602661,1.867588996887207,0.13225412368774414,0.08658361434936523,1.3932995796203613
2,16,14.38072919845581,-3.7383749961853026,0.9998999834060669,0.254981130361557,9.999999747378752e-05,0.8691220879554749,10.003832817077637,3.4126412868499756,4.3767924308776855,2.5364253520965576,0.23494338989257812,0.1471881866455078,3.589038133621216
2,17,18.916524648666382,-6.921655654907227,0.9998999834060669,0.9998999834060669,0.20307931303977966,0.44907519221305847,13.19451904296875,3.426133871078491,5.721899032592773,5.724197626113892,0.2345726490020752,0.1487572193145752,3.5789127349853516
2,18,15.997019052505493,-5.530353546142578,0.9998999834060669,0.7420182824134827,9.999999747378752e-05,0.4818405508995056,11.443410634994507,3.3940703868865967,4.55350661277771,3.9909605979919434,0.23328828811645508,0.1428971290588379,3.6004891395568848
2,19,17.52495813369751,-7.0987529277801515,0.9998999834060669,0.9998999834060669,0.17255136370658875,0.8549959063529968,12.925680160522461,3.4380993843078613,4.599164009094238,5.3516247272491455,0.23994922637939453,0.14818572998046875,3.665849208831787
2,20,13.14387845993042,-0.0004000663757324219,0.9998999834060669,9.999999747378752e-05,9.999999747378752e-05,0.9998999834060669,8.558931350708008,3.099597692489624,4.584850788116455,1.4388768672943115,0.23160481452941895,0.14229202270507812,3.565659761428833
2,21,19.108067512512207,-7.331965970993042,0.9998999834060669,0.7463915348052979,0.7262638211250305,0.4152214527130127,14.554534673690796,3.4591338634490967,4.55342698097229,7.042623281478882,0.23567676544189453,0.14956879615783691,3.5834836959838867
2,22,17.244187355041504,-6.115262031555176,0.9998999834060669,0.533682107925415,0.2567504346370697,0.5932773351669312,12.680297613143921,3.4389498233795166,4.563781023025513,5.201320171356201,0.23873090744018555,0.14551520347595215,3.5737874507904053
2,23,18.551002502441406,-6.271475791931152,0.9998999834060669,0.9998999834060669,0.41680195927619934,0.4176572263240814,13.960000038146973,3.4090211391448975,4.590880632400513,6.428596258163452,0.2345287799835205,0.14679360389709473,3.6181843280792236
2,24,15.745944261550903,-5.91174635887146,0.9998999834060669,0.13493070006370544,0.32836419343948364,0.9998999834060669,11.22632122039795,3.402183771133423,4.5195090770721436,3.7887022495269775,0.23106765747070312,0.1437511444091797,3.578749895095825
2,25,15.079400539398193,-3.621301460266113,0.9998999834060669,0.26539552211761475,9.999999747378752e-05,0.7806180119514465,10.637162446975708,3.408151626586914,4.442119359970093,2.831109046936035,0.3124103546142578,0.3994615077972412,3.6022393703460693
2,26,17.451609134674072,-5.62232780456543,0.9998999834060669,0.8905894756317139,0.17664511501789093,0.9998999834060669,13.011882066726685,3.463580369949341,4.439622640609741,5.487558841705322,0.23642182350158691,0.14943933486938477,3.589477777481079
2,27,16.53442072868347,-4.838960647583008,0.9998999834060669,0.5452224016189575,0.5451892018318176,9.999999747378752e-05,12.122061967849731,3.4536943435668945,4.412250518798828,4.5935750007629395,0.23613381385803223,0.1481621265411377,3.60493540763855
2,28,16.512569665908813,-4.115542411804199,0.9998999834060669,9.999999747378752e-05,0.7423602342605591,0.9998999834060669,12.07622742652893,3.410085439682007,4.436236143112183,4.602699279785156,0.2349083423614502,0.14490628242492676,3.6005747318267822
2,29,17.142970085144043,-4.5005998611450195,0.9998999834060669,0.9998999834060669,9.999999747378752e-05,0.9998999834060669,12.61875033378601,3.4576101303100586,4.524109363555908,5.124232530593872,0.23282933235168457,0.15052413940429688,3.567840814590454
2,30,14.56005573272705,-3.732210946083069,0.9998999834060669,9.999999747378752e-05,0.24427123367786407,0.8991085886955261,10.037458658218384,3.520521879196167,4.522494554519653,2.4912705421447754,0.23288249969482422,0.14480376243591309,3.5650742053985596
3,1,10.354387283325195,-18.69646167755127,0.9998999834060669,0.33884280920028687,0.5214499831199646,0.18772442638874054,6.9975175857543945,1.816823959350586,3.3568274974823,3.5359950065612793,0.1160895824432373,0.08504962921142578,1.3979880809783936
3,2,10.932488441467285,-26.954640579223632,0.9998999834060669,0.3908997178077698,0.5110374689102173,0.4803951680660248,7.642946243286133,1.8196897506713867,3.2895071506500244,4.174557685852051,0.11676239967346191,0.08600258827209473,1.3999793529510498
3,3,9.705543994903564,-15.456550407409669,0.9998999834060669,0.20143413543701172,0.19100399315357208,0.5960721373558044,6.400603771209717,1.9473531246185303,3.3048839569091797,2.774928569793701,0.13346600532531738,0.08758234977722168,1.3957066535949707
3,4,10.698960304260254,-22.036492919921876,0.9998999834060669,0.4173688292503357,0.2873471975326538,0.5298558473587036,7.350192546844482,1.9403350353240967,3.34871506690979,3.7322142124176025,0.13478970527648926,0.08950209617614746,1.3976020812988281
3,5,10.454537868499756,-19.86387367248535,0.9998999834060669,0.5368650555610657,0.09307913482189178,0.6397319436073303,7.14980411529541,1.8236849308013916,3.3046927452087402,3.6660497188568115,0.11838674545288086,0.08681249618530273,1.408437967300415
3,6,12.204457998275757,-25.844750213623048,0.9998999834060669,0.7392929792404175,0.22132907807826996,0.6975072622299194,8.856868028640747,1.837986946105957,3.347548007965088,5.3604583740234375,0.11779332160949707,0.08635759353637695,1.4081425666809082
3,7,11.147596597671509,-27.138053703308106,0.9998999834060669,0.27075788378715515,0.6698909997940063,0.4874187707901001,7.819079875946045,1.8229193687438965,3.3284826278686523,4.346311569213867,0.11723017692565918,0.08574795722961426,1.4008734226226807
3,8,11.174712419509888,-21.450878715515138,0.9998999834060669,0.12218813598155975,0.5234023928642273,0.9998999834060669,7.9114439487457275,1.8415873050689697,3.263234853744507,4.418060779571533,0.11693120002746582,0.0859994888305664,1.402355670928955
3,9,9.779422283172607,-16.413309860229493,0.9998999834060669,0.2878600060939789,0.18625251948833466,0.5877042412757874,6.457650899887085,1.8137030601501465,3.3217368125915527,3.0083751678466797,0.11604189872741699,0.08641338348388672,1.3871076107025146
3,10,12.306750297546387,-29.371337127685546,0.9998999834060669,0.791442334651947,0.4833689332008362,0.3692612051963806,8.941220760345459,1.9447455406188965,3.365473747253418,5.316802501678467,0.13373494148254395,0.08708357810974121,1.3976290225982666
3,11,9.63534164428711,-16.201140117645263,0.9998999834060669,0.3744134306907654,0.17641471326351166,0.36581093072891235,6.263966083526611,1.8149363994598389,3.371335983276367,2.799267530441284,0.11627507209777832,0.08590054512023926,1.4021248817443848
3,12,11.007108449935913,-23.465697479248046,0.9998999834060669,0.5800843834877014,0.15649962425231934,0.7517108917236328,7.719307899475098,1.9378862380981445,3.2877516746520996,4.102020025253296,0.12867093086242676,0.08767223358154297,1.402428388595581
3,13,10.388866186141968,-22.415973281860353,0.9998999834060669,0.4494440257549286,0.22698548436164856,0.5674611330032349,7.080433130264282,1.8176281452178955,3.30839204788208,3.6099159717559814,0.1169595718383789,0.08522605895996094,1.404796838760376
3,14,10.503970861434937,-21.266620063781737,0.9998999834060669,0.3284949064254761,0.2769869565963745,0.6736263036727905,7.15946888923645,1.8282201290130615,3.3444511890411377,3.6763923168182373,0.11807751655578613,0.08695125579833984,1.4033048152923584
3,15,11.206298589706421,-21.57523136138916,0.9998999834060669,0.36384332180023193,0.37249499559402466,0.4582267701625824,7.8386993408203125,1.9965503215789795,3.3675456047058105,4.151947498321533,0.1358506679534912,0.0897834300994873,1.406548261642456
3,16,15.639689922332764,-8.399626922607421,0.9998999834060669,0.2833002805709839,9.999999747378752e-05,0.42205384373664856,11.118066310882568,3.7817935943603516,4.521508455276489,3.2895607948303223,0.23271656036376953,0.14861154556274414,3.582979440689087
3,17,18.08476996421814,-14.784134864807129,0.9998999834060669,0.4260595738887787,0.18564675748348236,0.25309568643569946,13.343793153762817,3.7186059951782227,4.7408223152160645,5.574079513549805,0.2330169677734375,0.14997076988220215,3.5854196548461914
3,18,19.76174759864807,-21.677186012268066,0.9998999834060669,0.8158320784568787,0.3031211793422699,0.2222326397895813,15.168254852294922,3.7147252559661865,4.593385457992554,7.3950114250183105,0.23368525505065918,0.14663100242614746,3.596778392791748
3,19,19.986613512039185,-26.967565536499023,0.9998999834060669,0.4247179925441742,0.5321819186210632,0.4099404513835907,15.404032230377197,3.665984630584717,4.582457542419434,7.599470853805542,0.23395681381225586,0.23189640045166016,3.591590642929077
3,20,20.840917825698853,-26.833866310119628,0.9998999834060669,0.6186944246292114,0.5628515481948853,0.25411927700042725,16.44718313217163,3.7184488773345947,4.393624782562256,8.68132209777832,0.23442363739013672,0.1448211669921875,3.586522340774536
3,21,20.059234857559204,-24.3442138671875,0.9998999834060669,0.11611828953027725,0.7301942110061646,0.8106908798217773,15.476560115814209,3.6405253410339355,4.582528591156006,7.777857780456543,0.2329273223876953,0.14509224891662598,3.5977330207824707
3,22,18.55479073524475,-23.235518074035646,0.9051014184951782,0.4174536466598511,0.3461739718914032,0.4556763470172882,14.138489007949829,3.664381504058838,4.4161858558654785,6.446038246154785,0.2327730655670166,0.14560890197753906,3.56750226020813
3,23,19.462692975997925,-22.40507698059082,0.9998999834060669,0.26029351353645325,0.5928738713264465,0.3886272609233856,14.759799242019653,3.7025599479675293,4.702784061431885,6.936203479766846,0.2353060245513916,0.14690518379211426,3.6572811603546143
3,24,19.18039107322693,-20.650336265563965,0.9998999834060669,0.380820095539093,0.4296281337738037,0.34941455721855164,14.751348495483398,3.698789119720459,4.428909063339233,6.994291067123413,0.23202133178710938,0.14778876304626465,3.5966227054595947
3,25,19.49192976951599,-24.670761489868163,0.9998999834060669,0.45730069279670715,0.4195398688316345,0.38173046708106995,15.05103349685669,3.695371389389038,4.440761089324951,7.070689916610718,0.281613826751709,0.3116343021392822,3.6082684993743896
3,26,21.286116123199463,-31.728385162353515,0.613627016544342,0.554982602596283,0.9998999834060669,0.4612509608268738,16.858357191085815,3.7102270126342773,4.427655220031738,9.08889126777649,0.23555493354797363,0.1479787826538086,3.5909547805786133
3,27,19.365987300872803,-25.71731185913086,0.9998999834060669,0.38752856850624084,0.39112725853919983,0.5894989371299744,14.748121738433838,3.697082996368408,4.617738723754883,6.934460878372192,0.23722100257873535,0.19257879257202148,3.6033270359039307
3,28,18.81183433532715,-21.245232391357423,0.9998999834060669,0.7226464152336121,0.07451903820037842,0.6801237463951111,14.296679973602295,3.6889219284057617,4.515040397644043,6.575584173202515,0.23697304725646973,0.14701461791992188,3.563518762588501
3,29,20.40453290939331,-22.952511978149413,0.9998999834060669,0.38133907318115234,0.3677051365375519,0.6120760440826416,15.885354280471802,3.7837870121002197,4.51902961730957,7.833334684371948,0.24023151397705078,0.29169416427612305,3.654527425765991
3,30,20.318449020385742,-28.0279483795166,0.9998999834060669,0.5595728754997253,0.25563791394233704,0.8569177389144897,15.937784194946289,3.6835601329803467,4.3805272579193115,8.14605450630188,0.23838376998901367,0.14879941940307617,3.6341171264648438
4,1,12.892392635345459,-77.1423240661621,0.9998999834060669,0.4935782849788666,0.2551034688949585,0.6243494749069214,9.480558156967163,2.0841667652130127,3.411799430847168,5.743183374404907,0.11937141418457031,0.08893489837646484,1.3978264331817627
4,2,12.930536031723022,-71.73801116943359,0.9998999834060669,0.4565868675708771,0.33297231793403625,0.5316452383995056,9.56526231765747,1.94917893409729,3.365232467651367,5.920459508895874,0.11573338508605957,0.08580374717712402,1.4480714797973633
4,3,12.121654033660889,-61.54918899536133,0.9998999834060669,0.48098263144493103,0.33068522810935974,0.36859989166259766,8.790518522262573,1.9692637920379639,3.33109974861145,5.1652021408081055,0.11723780632019043,0.08653378486633301,1.405885934829712
4,4,11.834763288497925,-64.73653373718261,0.9998999834060669,0.3445492386817932,0.3371063470840454,0.5680112838745117,8.501617908477783,1.9658503532409668,3.333104133605957,4.892810344696045,0.11719822883605957,0.08605766296386719,1.393782377243042
4,5,12.99324893951416,-73.49565734863282,0.9998999834060669,0.5109770894050598,0.19911602139472961,0.640328049659729,9.683062314987183,1.9697916507720947,3.310152530670166,6.063389539718628,0.1169588565826416,0.08742356300354004,1.3991734981536865
4,6,14.58724069595337,-84.53490676879883,0.9998999834060669,0.5331038236618042,0.493133544921875,0.3975018262863159,11.287929058074951,2.2068700790405273,3.2992608547210693,7.3928022384643555,0.14092421531677246,0.08777332305908203,1.3972251415252686
4,7,11.973911762237549,-63.6068717956543,0.9905815720558167,0.5511541366577148,0.3310095965862274,0.32493582367897034,8.601967096328735,1.9747052192687988,3.3719067573547363,4.980916261672974,0.11642646789550781,0.08582830429077148,1.3987946510314941
4,8,13.055771350860596,-79.38864593505859,0.9998999834060669,0.29464349150657654,0.5193482041358948,0.5724031925201416,9.66335678100586,1.9719398021697998,3.3923778533935547,5.972579002380371,0.13930392265319824,0.09334087371826172,1.437300205230713
4,9,12.680885791778564,-73.26550369262695,0.9998999834060669,0.5276495218276978,0.30594316124916077,0.4645537734031677,9.35314393043518,1.9572398662567139,3.327697277069092,5.731290340423584,0.11727452278137207,0.0850837230682373,1.4162147045135498
4,10,12.042595386505127,-71.97521514892578,0.9998999834060669,0.4679352939128876,0.25319239497184753,0.5780163407325745,8.7204430103302,1.960761547088623,3.322117567062378,5.108245611190796,0.11736774444580078,0.08628201484680176,1.4015922546386719
4,11,11.894492387771606,-69.81308288574219,0.9601138234138489,0.5042751431465149,0.268499493598938,0.5259247422218323,8.588545322418213,1.9746348857879639,3.305912494659424,4.962601661682129,0.11667943000793457,0.08623361587524414,1.4024605751037598
4,12,12.567853927612305,-80.26678085327148,0.9998999834060669,0.45512065291404724,0.2828846573829651,0.6831971406936646,9.28267502784729,2.0021004676818848,3.2851433753967285,5.628521919250488,0.11642885208129883,0.08619809150695801,1.4025874137878418
4,13,11.406558513641357,-61.69138031005859,0.9998999834060669,0.36121928691864014,0.23509596288204193,0.6186254620552063,8.045677900314331,1.9724738597869873,3.3608391284942627,4.354219198226929,0.11861443519592285,0.08967328071594238,1.4641048908233643
4,14,12.21016263961792,-67.07423629760743,0.9998999834060669,0.4869683086872101,0.30126261711120605,0.4642157554626465,8.918790102005005,1.9600944519042969,3.2913296222686768,5.308522462844849,0.11556887626647949,0.08524179458618164,1.4040515422821045
4,15,12.137569665908813,-65.409228515625,0.9998999834060669,0.23140360414981842,0.5031223893165588,0.4954005181789398,8.822511434555054,2.1301205158233643,3.3149898052215576,4.98698353767395,0.13817882537841797,0.09067296981811523,1.4133145809173584
4,16,23.442458391189575,-88.0566032409668,0.9998999834060669,0.6351360082626343,0.46652713418006897,0.3421037197113037,18.889829397201538,4.076639652252197,4.5525124073028564,10.755969285964966,0.23568272590637207,0.15606307983398438,3.582146406173706
4,17,20.867594718933105,-65.53595275878907,0.9998999834060669,0.4902377128601074,0.3470905125141144,0.3864855170249939,16.14349603652954,3.9478869438171387,4.723991394042969,8.156193256378174,0.2332901954650879,0.1475849151611328,3.5759148597717285
4,18,20.579412937164307,-59.85389366149902,0.9015480875968933,0.3713940382003784,0.23388676345348358,0.6289505958557129,14.589324474334717,4.008835077285767,5.989983797073364,6.432032823562622,0.23647332191467285,0.14905905723571777,3.680711030960083
4,19,22.223280429840088,-84.863037109375,0.9998999834060669,0.5700260400772095,0.4351978302001953,0.4008294641971588,17.80831480026245,4.032998323440552,4.414842844009399,9.748923063278198,0.23610591888427734,0.14902567863464355,3.5552897453308105
4,20,21.04800772666931,-80.97040252685547,0.7514981627464294,0.5757602453231812,0.6035810112953186,0.32523220777511597,16.513111114501953,3.9822230339050293,4.534765005111694,8.48145341873169,0.23569107055664062,0.14821267127990723,3.5825037956237793
4,21,20.566110610961914,-64.84022178649903,0.9998999834060669,0.5458076000213623,0.2145109325647354,0.4899139702320099,16.254697561264038,3.9864413738250732,4.311302661895752,8.241799116134644,0.23335552215576172,0.14604544639587402,3.5659689903259277
4,22,21.467909574508667,-74.11963577270508,0.9998999834060669,0.35392218828201294,0.37607473134994507,0.6265645623207092,17.1729998588562,4.061980247497559,4.294802665710449,8.970193147659302,0.24106812477111816,0.14998722076416016,3.663552761077881
4,23,21.268191814422607,-80.44870986938477,0.9998999834060669,0.49512410163879395,0.36962559819221497,0.48973003029823303,16.96933150291443,4.005290985107422,4.298727512359619,8.853470802307129,0.24654507637023926,0.1528913974761963,3.624680995941162
4,24,21.330628395080566,-85.55815124511719,0.9998999834060669,0.4872000813484192,0.39471563696861267,0.5045433044433594,16.942018508911133,3.9457390308380127,4.38850212097168,8.94861102104187,0.23963665962219238,0.1460568904876709,3.5780651569366455
4,25,20.083567142486572,-65.01370544433594,0.9998999834060669,0.5275555849075317,0.1833171397447586,0.5681852698326111,15.661025285720825,3.9671552181243896,4.4224302768707275,7.678918361663818,0.23707270622253418,0.1454477310180664,3.5498528480529785
4,26,20.833256006240845,-73.8224494934082,0.9786730408668518,0.5439770221710205,0.327936589717865,0.44113215804100037,16.121276140213013,4.000014781951904,4.711859941482544,8.064495325088501,0.2332305908203125,0.14486122131347656,3.5970914363861084
4,27,22.503417491912842,-82.54542617797851,0.9998999834060669,0.5177533030509949,0.44307538866996765,0.4214949309825897,18.086175203323364,4.134926795959473,4.417090654373169,9.850809812545776,0.24395179748535156,0.15194201469421387,3.6183042526245117
4,28,21.571777820587158,-84.36939926147461,0.9998999834060669,0.42780831456184387,0.30140000581741333,0.7407059073448181,17.12619161605835,3.9724369049072266,4.4454665184021,9.10874629020691,0.23488903045654297,0.14862942695617676,3.5784552097320557
4,29,20.11447238922119,-64.56746978759766,0.9998999834060669,0.2670547664165497,0.411980003118515,0.5382930636405945,15.657661437988281,3.958601236343384,4.456701278686523,7.663252830505371,0.23508119583129883,0.14637231826782227,3.572181463241577
4,30,22.67836856842041,-94.55688095092773,0.9998999834060669,0.40045371651649475,0.526581883430481,0.5766978859901428,18.344591856002808,3.9504754543304443,4.333667278289795,10.342366218566895,0.23371219635009766,0.14701056480407715,3.5867362022399902
5,1,12.893614530563354,-193.4185760498047,0.9427140951156616,0.3541279733181,0.3062269389629364,0.6618779301643372,9.437032699584961,2.1140525341033936,3.4565460681915283,5.673825263977051,0.11792159080505371,0.08690857887268066,1.3982553482055664
5,2,13.936443090438843,-182.96861114501954,0.9998999834060669,0.32984280586242676,0.3801564872264862,0.5436586737632751,10.56446361541748,2.3417134284973145,3.3719260692596436,6.512016773223877,0.14482975006103516,0.09021544456481934,1.4130911827087402
5,3,16.18669581413269,-240.2119934082031,0.9998999834060669,0.41306009888648987,0.5444856882095337,0.4344557225704193,12.811380624771118,2.241460084915161,3.3752596378326416,8.876028299331665,0.13892769813537598,0.08726716041564941,1.4056155681610107
5,4,13.365519046783447,-196.51954040527343,0.945185124874115,0.44562089443206787,0.3664616048336029,0.47396886348724365,10.030511379241943,2.139525890350342,3.334965944290161,6.230453729629517,0.11768913269042969,0.08779144287109375,1.4085838794708252
5,5,15.593023777008057,-223.93167724609376,0.9998999834060669,0.48304837942123413,0.3473184108734131,0.521134078502655,12.253215312957764,2.2418854236602783,3.3397603034973145,8.318918943405151,0.13749480247497559,0.08816361427307129,1.4030427932739258
5,6,14.496406555175781,-203.35157318115233,0.9998999834060669,0.37542271614074707,0.38185951113700867,0.5376437902450562,11.205069541931152,2.2323009967803955,3.291276216506958,7.287795305252075,0.13906168937683105,0.08787751197814941,1.3946800231933594
5,7,14.617873191833496,-215.29066467285156,0.9998999834060669,0.42582207918167114,0.3540944457054138,0.5505978465080261,11.250091552734375,2.130556583404541,3.3677423000335693,7.460748910903931,0.11973452568054199,0.08755850791931152,1.4049313068389893
5,8,13.706688404083252,-198.71615447998047,0.9339905977249146,0.4799894392490387,0.3870178461074829,0.4597429633140564,10.263404607772827,2.1308207511901855,3.443246603012085,6.4474403858184814,0.11598372459411621,0.08370757102966309,1.4412922859191895
5,9,14.490734815597534,-233.30894470214844,0.9998999834060669,0.4443824887275696,0.31346261501312256,0.6328442096710205,11.187541961669922,2.136650800704956,3.3031551837921143,7.379765272140503,0.12087774276733398,0.08751606941223145,1.415729284286499
5,10,13.623302698135376,-199.69637451171874,0.9998999834060669,0.29233378171920776,0.45344439148902893,0.5348023772239685,10.305711269378662,2.0754234790802,3.3175480365753174,6.5836522579193115,0.11423730850219727,0.08319950103759766,1.4043381214141846
5,11,14.910972833633423,-232.9265563964844,0.9919702410697937,0.40818342566490173,0.39041298627853394,0.5835736393928528,11.541807889938354,2.252119541168213,3.3691112995147705,7.599181175231934,0.1373753547668457,0.08654356002807617,1.4035437107086182
5,12,14.477970123291016,-220.09795227050782,0.9998999834060669,0.4841584265232086,0.28045257925987244,0.599484920501709,11.107412338256836,2.1237525939941406,3.3705224990844727,7.321994304656982,0.11889076232910156,0.08692288398742676,1.4086809158325195
5,13,14.063807249069214,-217.26430969238282,0.9998999834060669,0.3175208568572998,0.40599676966667175,0.625930666923523,10.74224042892456,2.1242079734802246,3.3215270042419434,6.955512523651123,0.11954116821289062,0.08723974227905273,1.4082920551300049
5,14,14.664819955825806,-233.17937927246095,0.9504840970039368,0.5452945232391357,0.2588580250740051,0.6333357095718384,11.339092254638672,2.2209889888763428,3.3256914615631104,7.467101335525513,0.11892080307006836,0.08539795875549316,1.4001398086547852
5,15,13.735461235046387,-203.7086608886719,0.9998999834060669,0.4462496042251587,0.27497920393943787,0.5813705921173096,10.257397651672363,2.1275079250335693,3.4780194759368896,6.480297088623047,0.12011075019836426,0.08874630928039551,1.3939111232757568
5,16,24.945481300354004,-213.97015686035155,0.9998999834060669,0.45751482248306274,0.32856982946395874,0.5483549237251282,20.506311178207397,4.2506537437438965,4.439056634902954,12.22742509841919,0.23444128036499023,0.1458289623260498,3.5662505626678467
5,17,25.04074764251709,-241.89205932617188,0.9998999834060669,0.46000197529792786,0.2912805676460266,0.6807634234428406,20.71635365486145,4.248946905136108,4.324269771575928,12.244022130966187,0.39055728912353516,0.14559030532836914,3.6042368412017822
5,18,24.816542863845825,-214.78486022949218,0.9998999834060669,0.4765598773956299,0.3663698434829712,0.4796749949455261,20.264607429504395,4.264434337615967,4.551837921142578,11.94999361038208,0.2288827896118164,0.1495647430419922,3.588897943496704
5,19,26.450251579284668,-219.8061782836914,0.9998999834060669,0.467367947101593,0.3744478225708008,0.5014269351959229,20.928513765335083,4.2876222133636475,5.521602630615234,12.400514364242554,0.23957347869873047,0.14941072463989258,3.7670602798461914
5,20,23.86435317993164,-177.10968170166015,0.9998999834060669,0.49542978405952454,0.28758782148361206,0.4448750913143158,19.349498748779297,4.3009278774261475,4.5147385597229,10.95719289779663,0.24511933326721191,0.15511465072631836,3.6041393280029297
5,21,25.405513525009155,-225.91787567138672,0.9998999834060669,0.47571852803230286,0.3566987216472626,0.5199665427207947,20.43404984474182,4.305828332901001,4.971335172653198,12.050221920013428,0.23675274848937988,0.14663362503051758,3.612300157546997
5,22,24.516727924346924,-230.5438674926758,0.9998999834060669,0.47192302346229553,0.3200298845767975,0.5835376977920532,20.11110281944275,4.316011905670166,4.405506134033203,11.735788345336914,0.23887348175048828,0.15018320083618164,3.5862205028533936
5,23,26.22654891014099,-251.96509552001953,0.9998999834060669,0.5005759596824646,0.3692997097969055,0.5609385967254639,21.488723754882812,4.234557867050171,4.737717390060425,13.12850046157837,0.2328042984008789,0.1467444896697998,3.664639711380005
5,24,23.239246606826782,-185.5933837890625,0.8157048225402832,0.6233260035514832,0.5309471487998962,0.2423788458108902,18.84949517250061,4.300152540206909,4.389634132385254,10.493335247039795,0.24632978439331055,0.15003418922424316,3.5768680572509766
5,25,24.035154342651367,-198.16323852539062,0.9998999834060669,0.4879162013530731,0.31155580282211304,0.4736582338809967,19.290897369384766,4.265522241592407,4.744088649749756,10.890545845031738,0.24118423461914062,0.1498115062713623,3.656445264816284
5,26,25.467652797698975,-228.20481872558594,0.9998999834060669,0.47632983326911926,0.3602302670478821,0.5242429971694946,20.7030508518219,4.367570400238037,4.76447057723999,12.23448920249939,0.24053096771240234,0.14928770065307617,3.6273910999298096
5,27,22.691837072372437,-178.95289306640626,0.9998999834060669,0.44929808378219604,0.2857168912887573,0.49097147583961487,17.961731433868408,4.204068899154663,4.72999119758606,9.66039752960205,0.23183560371398926,0.14468836784362793,3.6397864818573
5,28,23.388994216918945,-181.82486419677736,0.9998999834060669,0.3829081058502197,0.3607098162174225,0.4808272421360016,18.990151405334473,4.230732202529907,4.398717403411865,10.694034099578857,0.23752784729003906,0.14713120460510254,3.598541498184204
5,29,22.706958770751953,-175.3784973144531,0.9998999834060669,0.4967770278453827,0.19320987164974213,0.5667716264724731,18.41284441947937,4.245604038238525,4.294012069702148,10.060771465301514,0.23671674728393555,0.14863944053649902,3.6369149684906006
5,30,24.451680898666382,-213.50298156738282,0.9998999834060669,0.4353065490722656,0.25842779874801636,0.6644382476806641,20.052501678466797,4.230864524841309,4.399069309234619,11.775645017623901,0.23564887046813965,0.1437664031982422,3.583828926086426
6,1,15.905693054199219,-556.7172241210938,0.9998999834060669,0.4267827272415161,0.32274413108825684,0.562820553779602,12.561107397079468,2.2800567150115967,3.344542980194092,8.59665584564209,0.12070083618164062,0.0888669490814209,1.4275658130645752
6,2,15.835007667541504,-510.4527160644531,0.9998999834060669,0.4722333252429962,0.2590649127960205,0.562086820602417,12.487539291381836,2.2584171295166016,3.3474249839782715,8.570849418640137,0.11926674842834473,0.08748054504394531,1.4049460887908936
6,3,8.722474098205566,-18.671983909606933,0.9998999834060669,9.999999747378752e-05,0.24577903747558594,0.41625672578811646,5.402885913848877,1.9908959865570068,3.319550037384033,1.7568037509918213,0.1173543930053711,0.0865938663482666,1.4047212600708008
6,4,8.267181158065796,-14.765004539489746,0.9998999834060669,0.11309748888015747,9.999999747378752e-05,0.5454270243644714,4.934340715408325,1.962343692779541,3.3327996730804443,1.331803798675537,0.11542725563049316,0.08450961112976074,1.3944823741912842
6,5,8.576423406600952,-14.879295349121094,0.9998999834060669,9.999999747378752e-05,0.11004097014665604,0.5317825675010681,5.235509872436523,2.1004385948181152,3.3408472537994385,1.452214241027832,0.13317370414733887,0.08902239799499512,1.3995091915130615
6,6,8.369742393493652,-9.5563175201416,0.9998999834060669,0.17739038169384003,9.999999747378752e-05,0.7808352112770081,5.044382572174072,1.8249318599700928,3.325319528579712,1.5757191181182861,0.11563634872436523,0.08443808555603027,1.397282600402832
6,7,8.2487051486969,-10.106195163726806,0.9998999834060669,0.1847212016582489,9.999999747378752e-05,0.7163958549499512,4.997811794281006,1.8453397750854492,3.2508528232574463,1.5104219913482666,0.11670923233032227,0.0850975513458252,1.3943428993225098
6,8,9.45400071144104,-6.481504678726196,0.9998999834060669,0.07738566398620605,9.999999747378752e-05,0.9998999834060669,6.0487260818481445,1.86909818649292,3.4052329063415527,1.2704076766967773,0.1162726879119873,0.08511590957641602,2.6611108779907227
6,9,15.853170394897461,-543.3761047363281,0.9897854924201965,0.35714733600616455,0.45992332696914673,0.4983523488044739,12.529860734939575,2.2765748500823975,3.3232672214508057,8.609090805053711,0.12020373344421387,0.08693838119506836,1.3903262615203857
6,10,8.444283962249756,-17.51671447753906,0.9998999834060669,0.1688748449087143,9.999999747378752e-05,0.49934208393096924,5.148955345153809,2.0293025970458984,3.2952895164489746,1.4749653339385986,0.11786198616027832,0.0865476131439209,1.3935072422027588
6,11,8.519599437713623,-18.683586502075194,0.9697338938713074,0.08229456096887589,0.10670789331197739,0.4424270987510681,5.151985168457031,1.9382593631744385,3.3675777912139893,1.5653905868530273,0.11627840995788574,0.0843203067779541,1.4028334617614746
6,12,8.240191459655762,-14.978757667541505,0.9998999834060669,0.10769160091876984,9.999999747378752e-05,0.5420241951942444,4.912290811538696,1.9553062915802002,3.3278613090515137,1.3079431056976318,0.11787080764770508,0.08473372459411621,1.4007844924926758
6,13,8.114665985107422,-7.448643207550049,0.9998999834060669,0.0907590314745903,9.999999747378752e-05,0.8440770506858826,4.7995007038116455,1.8513267040252686,3.315121650695801,1.2948317527770996,0.1161339282989502,0.0863335132598877,1.404158353805542
6,14,8.040172815322876,-6.48150601387024,0.9998999834060669,0.07534146308898926,9.999999747378752e-05,0.9998999834060669,4.759286403656006,1.8218836784362793,3.2808516025543213,1.2967329025268555,0.11583757400512695,0.0844430923461914,1.3937268257141113
6,15,8.747432231903076,-21.69080047607422,0.9998999834060669,0.1316293179988861,0.11720926314592361,0.42831626534461975,5.409794569015503,1.9800639152526855,3.3376030921936035,1.7909674644470215,0.11580276489257812,0.08556127548217773,1.3914079666137695
6,16,15.13527250289917,-9.5283052444458,0.9998999834060669,9.999999747378752e-05,0.17170271277427673,0.830514132976532,10.74463963508606,3.8328857421875,4.390514850616455,2.7428486347198486,0.23618602752685547,0.14700961112976074,3.61859130859375
6,17,15.088705062866211,-9.498958683013916,0.9998999834060669,0.17713318765163422,9.999999747378752e-05,0.8304852247238159,10.518007755279541,3.6807100772857666,4.570578575134277,2.7285256385803223,0.22966861724853516,0.22053289413452148,3.5764262676239014
6,18,15.253252983093262,-6.481534767150879,0.9998999834060669,0.07435266673564911,9.999999747378752e-05,0.9998999834060669,9.86976671218872,3.6954314708709717,5.3833770751953125,2.112335205078125,0.2349531650543213,0.14429068565368652,3.601289987564087
6,19,16.165671586990356,-19.282235527038573,0.9998999834060669,0.24966996908187866,9.999999747378752e-05,0.4213777184486389,11.013998985290527,3.9329164028167725,5.151537656784058,2.9562489986419678,0.23266363143920898,0.14521074295043945,3.664595127105713
6,20,15.174304723739624,-16.433809280395508,0.9998999834060669,0.18092314898967743,9.999999747378752e-05,0.4595932364463806,10.656798601150513,3.93487286567688,4.517395973205566,2.6787986755371094,0.238722562789917,0.14608335494995117,3.5752687454223633
6,21,15.673649072647095,-21.853604316711426,0.8209643959999084,9.999999747378752e-05,0.39303573966026306,0.42542704939842224,11.13998007774353,3.9839470386505127,4.533569812774658,3.135206460952759,0.23421168327331543,0.14646100997924805,3.5571162700653076
6,22,14.41917610168457,-7.35755033493042,0.9998999834060669,9.999999747378752e-05,0.09216374903917313,0.8326679468154907,9.91869592666626,3.679288387298584,4.500386953353882,2.210684061050415,0.23096799850463867,0.14266180992126465,3.5726406574249268
6,23,14.89011287689209,-6.481506443023681,0.9998999834060669,9.999999747378752e-05,0.07748331874608994,0.9998999834060669,10.059743165969849,3.6906886100769043,4.830271005630493,2.338792085647583,0.2311992645263672,0.14478135108947754,3.5723633766174316
6,24,15.262684106826782,-9.503741455078124,0.9998999834060669,9.999999747378752e-05,0.19160160422325134,0.7501960396766663,10.753878116607666,3.665635824203491,4.508635759353638,2.771334648132324,0.2376689910888672,0.34063291549682617,3.6560356616973877
6,25,14.840265274047852,-9.4712815284729,0.9998999834060669,0.180171400308609,9.999999747378752e-05,0.7849895358085632,10.419381618499756,3.6606833934783936,4.420792102813721,2.7349331378936768,0.23080062866210938,0.1456894874572754,3.566257953643799
6,26,15.3139488697052,-17.576461791992188,0.9998999834060669,0.19543392956256866,0.03797990083694458,0.43397024273872375,10.86237359046936,4.004297256469727,4.45145845413208,2.815408945083618,0.2378854751586914,0.15117764472961426,3.5729784965515137
6,27,14.895458936691284,-17.292083930969238,0.9998999834060669,0.16692893207073212,9.999999747378752e-05,0.49275273084640503,10.473600149154663,3.9685568809509277,4.4217424392700195,2.458037853240967,0.23262524604797363,0.14508366584777832,3.5866687297821045
6,28,15.008535623550415,-9.551101112365723,0.9998999834060669,9.999999747378752e-05,0.18175683915615082,0.76458740234375,10.477205991744995,3.671740770339966,4.5312323570251465,2.750215768814087,0.22995734214782715,0.14293289184570312,3.601043939590454
6,29,15.375329732894897,-1.503901481628418,0.9998999834060669,9.999999747378752e-05,9.999999747378752e-05,0.9998999834060669,9.570250272750854,3.6727347373962402,5.804954290390015,1.8196818828582764,0.23319339752197266,0.14389848709106445,3.618671178817749
6,30,15.431562900543213,-16.684616470336913,0.9998999834060669,0.17777833342552185,9.999999747378752e-05,0.45537838339805603,10.817439794540405,3.9222097396850586,4.614011287689209,2.714289426803589,0.23298406600952148,0.23190617561340332,3.6364450454711914
7,1,12.713396787643433,-230.4199188232422,0.9998999834060669,0.4664846956729889,0.05489199236035347,0.49643951654434204,9.382493019104004,2.441107988357544,3.330845355987549,5.255619764328003,0.13848400115966797,0.08717679977416992,1.3967092037200928
7,2,12.950459003448486,-268.63019409179685,0.9984598755836487,0.47098833322525024,0.14239606261253357,0.41679906845092773,9.639275312423706,2.2586841583251953,3.3111412525177,5.732003211975098,0.11666393280029297,0.08533406257629395,1.400437831878662
7,3,13.148680448532104,-251.9895477294922,0.9998999834060669,0.4835938811302185,0.10685092210769653,0.423362135887146,9.8348228931427,2.267099380493164,3.3138227462768555,5.911094665527344,0.11851167678833008,0.08594775199890137,1.4052321910858154
7,4,13.313326358795166,-255.52944793701172,0.9998999834060669,0.48376116156578064,0.11929083615541458,0.41493329405784607,9.957727432250977,2.3194572925567627,3.355562925338745,5.987440586090088,0.11766982078552246,0.08578324317932129,1.401348352432251
7,5,12.890480279922485,-261.3098571777344,0.948971688747406,0.534260094165802,0.09427105635404587,0.43571028113365173,9.602783679962158,2.27317214012146,3.2876524925231934,5.676176309585571,0.11697793006896973,0.08573412895202637,1.40476393699646
7,6,13.08376407623291,-241.62423400878907,0.9998999834060669,0.4881918132305145,0.09549634158611298,0.4346882700920105,9.768800258636475,2.256589412689209,3.3149280548095703,5.870437860488892,0.11653280258178711,0.08500552177429199,1.3941903114318848
7,7,13.124509811401367,-256.9541320800781,0.9998999834060669,0.44948920607566833,0.10148701071739197,0.46748727560043335,9.822495222091675,2.525921106338501,3.3019657135009766,5.620494842529297,0.13701438903808594,0.08818221092224121,1.3929760456085205
7,8,12.808404922485352,-241.24742431640624,0.9998999834060669,0.4211481511592865,0.08309334516525269,0.4992211163043976,9.4860680103302,2.256167411804199,3.3222928047180176,5.589568853378296,0.11684489250183105,0.08534383773803711,1.3918871879577637
7,9,13.515592575073242,-271.4460845947266,0.9956228733062744,0.4879786968231201,0.15056779980659485,0.38672906160354614,10.171847581863403,2.258718490600586,3.343700885772705,6.225374698638916,0.1195821762084961,0.0860893726348877,1.4358110427856445
7,10,12.500482559204102,-244.85989379882812,0.9998999834060669,0.4346299171447754,0.11709801107645035,0.43575572967529297,9.184945344924927,2.2479257583618164,3.315497875213623,5.297008752822876,0.11579036712646484,0.08582067489624023,1.3923232555389404
7,11,13.381863355636597,-243.18535766601562,0.9998999834060669,0.4765171706676483,0.07910461723804474,0.4490228593349457,10.030576705932617,2.3900392055511475,3.351231813430786,5.951719284057617,0.14132046699523926,0.08737993240356445,1.394282579421997
7,12,12.912501096725464,-248.9169906616211,0.9998999834060669,0.4860309660434723,0.08347746729850769,0.45398613810539246,9.600889444351196,2.2509937286376953,3.3115625381469727,5.704322099685669,0.11593461036682129,0.08489513397216797,1.3986315727233887
7,13,12.267120122909546,-267.1315460205078,0.9116644263267517,0.5268115401268005,0.11762521415948868,0.4624791741371155,8.956552743911743,2.259104013442993,3.310532331466675,5.051246881484985,0.11632061004638672,0.08531832695007324,1.398749589920044
7,14,13.272551536560059,-243.29453735351564,0.9998999834060669,0.467160165309906,0.09443795680999756,0.4543631076812744,9.986631870269775,2.26039457321167,3.2858800888061523,6.081707239151001,0.11641144752502441,0.08542752265930176,1.3966655731201172
7,15,12.783503770828247,-260.53778076171875,0.9998999834060669,0.5102211236953735,0.09290088713169098,0.4393240213394165,9.470091819763184,2.267916679382324,3.313378095626831,5.557355165481567,0.11700177192687988,0.08662557601928711,1.3950207233428955
7,16,22.341222763061523,-232.13392486572266,0.9998999834060669,0.4239972233772278,0.08659559488296509,0.4901077449321747,17.922078847885132,4.553023338317871,4.4190146923065186,9.328485488891602,0.23665070533752441,0.1482551097869873,3.572753429412842
7,17,22.547154664993286,-244.83731384277343,0.9998999834060669,0.4630977213382721,0.10677795112133026,0.4372386634349823,18.171891927719116,4.581384658813477,4.375131130218506,9.541624784469604,0.23897409439086914,0.1470625400543213,3.578082799911499
7,18,22.041296243667603,-245.32596588134766,0.9998999834060669,0.4653538763523102,0.08531004935503006,0.4652179181575775,17.57519030570984,4.532891273498535,4.46598482131958,8.999089479446411,0.2317640781402588,0.14549469947814941,3.5833871364593506
7,19,23.077449798583984,-267.2722869873047,0.9361655116081238,0.5484291911125183,0.13579191267490387,0.3935307264328003,18.530980587005615,4.596292018890381,4.546343088150024,9.880007982254028,0.23848819732666016,0.15048813819885254,3.5798797607421875
7,20,22.624457597732544,-236.82313690185546,0.9998999834060669,0.4428676664829254,0.08950533717870712,0.4721326529979706,18.208085536956787,4.5806968212127686,4.416253089904785,9.584759712219238,0.23355364799499512,0.14739274978637695,3.580012083053589
7,21,22.332953929901123,-231.8002731323242,0.9998999834060669,0.49580731987953186,0.047573238611221313,0.4671988785266876,17.765614986419678,4.5636491775512695,4.567219257354736,9.102102041244507,0.23835492134094238,0.14789247512817383,3.6274263858795166
7,22,21.96242594718933,-241.24033203125,0.9998999834060669,0.43243688344955444,0.08122098445892334,0.4980764389038086,17.116678714752197,4.559298515319824,4.845633506774902,8.483062505722046,0.23585247993469238,0.15265130996704102,3.6027581691741943
7,23,22.56806993484497,-249.85101013183595,0.9998999834060669,0.46281176805496216,0.09639671444892883,0.4394584894180298,18.026673078536987,4.581712007522583,4.5412914752960205,9.381563901901245,0.23418688774108887,0.14830327033996582,3.597154378890991
7,24,23.335686445236206,-262.4407928466797,0.9998999834060669,0.46270623803138733,0.14487268030643463,0.41016682982444763,18.648539066314697,4.5283074378967285,4.687021970748901,10.060414791107178,0.23340058326721191,0.14551234245300293,3.597557544708252
7,25,22.21739387512207,-252.91736450195313,0.9998999834060669,0.4840781092643738,0.09191100299358368,0.44699275493621826,17.70769715309143,4.492529392242432,4.5095765590667725,9.184655904769897,0.23229503631591797,0.1444082260131836,3.572646141052246
7,26,21.792516231536865,-253.93622589111328,0.9882348775863647,0.4587478041648865,0.10349184274673462,0.47081485390663147,17.42374873161316,4.58941650390625,4.368653297424316,8.694990634918213,0.24241876602172852,0.1541612148284912,3.6551895141601562
7,27,22.22785472869873,-260.0954071044922,0.9984062910079956,0.4339900612831116,0.13142547011375427,0.4507520794868469,17.649292469024658,4.6038830280303955,4.5784618854522705,8.957876682281494,0.23683476448059082,0.14922332763671875,3.6181647777557373
7,28,21.80524730682373,-252.59638061523438,0.9998999834060669,0.4390886425971985,0.11656603217124939,0.46831533312797546,17.393555402755737,4.545175075531006,4.4115378856658936,8.750213146209717,0.23707938194274902,0.1511080265045166,3.622312307357788
7,29,21.61509919166565,-259.7729858398437,0.9998999834060669,0.4407307803630829,0.12280462682247162,0.4531407058238983,17.19047474861145,4.5466907024383545,4.424498081207275,8.624834060668945,0.2344043254852295,0.1456906795501709,3.556480646133423
7,30,22.778196573257446,-268.25018310546875,0.9998999834060669,0.49617597460746765,0.12912268936634064,0.4021469056606293,18.344587087631226,4.544228553771973,4.433506011962891,9.766143798828125,0.23378348350524902,0.14719080924987793,3.5718576908111572
8,1,15.34342908859253,-1750.36455078125,0.9998999834060669,0.4098590612411499,0.24255211651325226,0.42509761452674866,12.001094579696655,2.5551564693450928,3.3422911167144775,7.799274682998657,0.11672472953796387,0.08679056167602539,1.3971681594848633
8,2,15.77629804611206,-1738.9998046875,0.9998999834060669,0.3915708661079407,0.25298330187797546,0.42115873098373413,12.449509382247925,2.5566892623901367,3.3267505168914795,8.251255750656128,0.11768651008605957,0.08675074577331543,1.3910768032073975
8,3,15.631782293319702,-1772.7796630859375,0.9998999834060669,0.3970275819301605,0.27701306343078613,0.41384726762771606,12.32624101638794,2.5920681953430176,3.305499792098999,8.084582090377808,0.11920309066772461,0.08639192581176758,1.3968403339385986
8,4,15.513939619064331,-1750.0344360351562,0.9998999834060669,0.3895893692970276,0.258096843957901,0.42735540866851807,12.176663875579834,2.5614895820617676,3.3372385501861572,7.962423086166382,0.11856842041015625,0.08670186996459961,1.4011015892028809
8,5,15.763537645339966,-1761.2629638671874,0.9998999834060669,0.3811955153942108,0.266704797744751,0.4268798828125,12.4713773727417,2.709090232849121,3.2920961380004883,8.07250428199768,0.13823533058166504,0.08958959579467773,1.3957433700561523
8,6,16.039825201034546,-1736.1211181640624,0.9998999834060669,0.386327862739563,0.2473127692937851,0.4386785626411438,12.743375778198242,2.6920700073242188,3.29638934135437,8.362253427505493,0.13804197311401367,0.08840537071228027,1.3989043235778809
8,7,15.769383907318115,-1793.0734008789063,0.9998999834060669,0.4167865216732025,0.2681501805782318,0.39181897044181824,12.447068452835083,2.585500478744507,3.3222715854644775,8.216522932052612,0.11685705184936523,0.08632946014404297,1.3962969779968262
8,8,15.52841305732727,-1769.8622802734376,0.9998999834060669,0.3962234556674957,0.2702071964740753,0.40282419323921204,12.231365442276001,2.5670852661132812,3.2970051765441895,8.015911102294922,0.11689591407775879,0.08785867691040039,1.397019624710083
8,9,15.303781986236572,-1731.6683837890625,0.9998999834060669,0.3770778477191925,0.25497063994407654,0.4401867687702179,11.995903491973877,2.56772780418396,3.3078408241271973,7.7796361446380615,0.11654496192932129,0.08656692504882812,1.3994784355163574
8,10,16.06136202812195,-1777.3710571289062,0.9998999834060669,0.3981083333492279,0.2911381125450134,0.3840825855731964,12.722601890563965,2.582097291946411,3.338714838027954,8.467531681060791,0.1169588565826416,0.08574748039245605,1.424142599105835
8,11,15.893914222717285,-1766.0357788085937,0.9998999834060669,0.3878757655620575,0.274832546710968,0.4121682047843933,12.605201482772827,2.5826785564422607,3.2886738777160645,8.38184142112732,0.1170809268951416,0.08567595481872559,1.3922111988067627
8,12,15.820300340652466,-1727.3854125976563,0.9998999834060669,0.3915998041629791,0.26130399107933044,0.4176594614982605,12.50093674659729,2.6425533294677734,3.3193202018737793,8.190016269683838,0.1292407512664795,0.09130978584289551,1.4002223014831543
8,13,22.178005933761597,-1719.5422607421874,0.9998999834060669,0.36374762654304504,0.2726919651031494,0.42847707867622375,12.663798570632935,2.767237663269043,9.514139413833618,8.207115650177002,0.1442699432373047,0.0924539566040039,1.3835957050323486
8,14,13.674923419952393,-1749.0947265625,0.9998999834060669,0.40707895159721375,0.26187625527381897,0.4127664268016815,12.30583643913269,2.6050262451171875,1.3690426349639893,8.057373523712158,0.11659455299377441,0.08708572387695312,1.3929343223571777
8,15,13.752655982971191,-1736.1469482421876,0.9998999834060669,0.3803306519985199,0.26759958267211914,0.42158815264701843,12.372457027435303,2.572147846221924,1.3801624774932861,8.159173250198364,0.11579728126525879,0.08647322654724121,1.3930115699768066
8,16,26.024948358535767,-1749.81083984375,0.9998999834060669,0.3897404074668884,0.26063090562820435,0.43097254633903503,21.727299213409424,5.137175798416138,4.297526121139526,12.539154291152954,0.23685383796691895,0.15098237991333008,3.579634428024292
8,17,27.094177961349487,-1784.6047119140626,0.9998999834060669,0.41206350922584534,0.27822351455688477,0.3990785777568817,22.607200622558594,5.164752244949341,4.486854314804077,13.400626182556152,0.23517656326293945,0.1479206085205078,3.5756146907806396
8,18,26.979233980178833,-1764.7156494140625,0.9998999834060669,0.38481661677360535,0.2785351276397705,0.4163561761379242,22.47295880317688,5.2064244747161865,4.506151437759399,13.235985517501831,0.23664379119873047,0.14692902565002441,3.5639047622680664
8,19,26.692511558532715,-1693.1320190429688,0.9998999834060669,0.37245312333106995,0.24773959815502167,0.4401257634162903,22.269540309906006,5.199177503585815,4.422855854034424,13.000054121017456,0.23979783058166504,0.15328407287597656,3.592270612716675
8,20,26.914984941482544,-1765.1696044921875,0.9998999834060669,0.41031110286712646,0.26915842294692993,0.39112305641174316,22.409679651260376,5.189568281173706,4.505158424377441,13.162186622619629,0.2368934154510498,0.1482560634613037,3.5909290313720703
8,21,26.504097938537598,-1734.3072509765625,0.9998999834060669,0.4047759175300598,0.24980215728282928,0.41268837451934814,21.979950428009033,5.171271800994873,4.524004936218262,12.738537073135376,0.2362678050994873,0.15035223960876465,3.598083972930908
8,22,26.959927320480347,-1756.021875,0.9998999834060669,0.3961839973926544,0.28966978192329407,0.3947296142578125,22.474767923355103,5.137928009033203,4.485051155090332,13.295759677886963,0.2364182472229004,0.14749741554260254,3.574643135070801
8,23,27.44432783126831,-1800.377490234375,0.9998999834060669,0.42018377780914307,0.29955625534057617,0.36689117550849915,22.885621309280396,5.19184422492981,4.558567047119141,13.513196229934692,0.24867630004882812,0.20549941062927246,3.632305383682251
8,24,25.981316328048706,-1727.6883544921875,0.9998999834060669,0.3991553485393524,0.2587564289569855,0.4726850390434265,21.482510566711426,5.096311330795288,4.498698472976685,12.347662210464478,0.2340693473815918,0.14551067352294922,3.5756311416625977
8,25,27.008682250976562,-1682.4774169921875,0.9998999834060669,0.3741532266139984,0.253286212682724,0.44921523332595825,22.238845825195312,5.193948984146118,4.769716024398804,12.768746614456177,0.24663066864013672,0.155318021774292,3.787567138671875
8,26,26.307804346084595,-1752.172216796875,0.9998999834060669,0.3779699206352234,0.2575870156288147,0.4258677661418915,21.89782404899597,5.120157480239868,4.409873723983765,12.74449348449707,0.23352432250976562,0.14944839477539062,3.5671043395996094
8,27,26.47459316253662,-1745.1790771484375,0.9998999834060669,0.37599167227745056,0.28364431858062744,0.40970543026924133,22.072752952575684,5.161355495452881,4.401724815368652,12.745790243148804,0.244523286819458,0.17059779167175293,3.6639254093170166
8,28,26.357964277267456,-1746.8270141601563,0.9998999834060669,0.3557513654232025,0.27568042278289795,0.4396741986274719,22.0081627368927,5.186146974563599,4.34968113899231,12.712460279464722,0.24190473556518555,0.1506633758544922,3.6315016746520996
8,29,25.40786600112915,-1708.9967163085937,0.9998999834060669,0.36159318685531616,0.24505047500133514,0.4385211169719696,21.197134256362915,5.118480682373047,4.210616588592529,12.010746479034424,0.23587322235107422,0.14971446990966797,3.5995750427246094
8,30,27.730947732925415,-1748.8439575195312,0.9998999834060669,0.38967999815940857,0.25216203927993774,0.43155401945114136,22.374613285064697,5.155964612960815,5.356202602386475,13.107668161392212,0.23392081260681152,0.1509253978729248,3.6426596641540527
9,1,20.751057624816895,-9672.80673828125,0.9923431873321533,0.4409717619419098,0.34801581501960754,0.5328131318092346,19.126083374023438,2.724931478500366,1.6249363422393799,14.754271745681763,0.11570906639099121,0.08781790733337402,1.396409511566162
9,2,20.83848738670349,-9758.96533203125,0.9809569120407104,0.4433286190032959,0.362053781747818,0.5289437770843506,19.468716382980347,2.852055549621582,1.3697171211242676,14.934171438217163,0.13472557067871094,0.09140229225158691,1.3948843479156494
9,3,20.26808786392212,-9574.226171875,0.9886438846588135,0.43714699149131775,0.3367072343826294,0.5476740598678589,18.8701753616333,2.698963165283203,1.3978662490844727,14.527272939682007,0.11558127403259277,0.08674240112304688,1.3952257633209229
9,4,20.043006658554077,-9598.2740234375,0.98902827501297,0.41533228754997253,0.34183308482170105,0.553698718547821,18.632676124572754,2.7408218383789062,1.4102919101715088,14.24529480934143,0.11490416526794434,0.08707857131958008,1.3977961540222168
9,5,20.47615623474121,-9650.87822265625,0.9825448989868164,0.43748074769973755,0.3426416218280792,0.5371958613395691,19.07500195503235,2.7578160762786865,1.4010992050170898,14.660852909088135,0.12124800682067871,0.08794116973876953,1.3966913223266602
9,6,20.877065420150757,-9743.83779296875,0.9689688086509705,0.461208701133728,0.35171613097190857,0.5292935371398926,18.904414892196655,2.710979700088501,1.972611427307129,14.538187503814697,0.11784601211547852,0.08772850036621094,1.4024715423583984
9,7,20.042461395263672,-9537.14013671875,0.9998999834060669,0.42310231924057007,0.3262147605419159,0.5608031153678894,18.677659273147583,2.715963125228882,1.3647568225860596,14.31443738937378,0.11581730842590332,0.08741259574890137,1.3974595069885254
9,8,20.51723051071167,-9491.36220703125,0.9998999834060669,0.42772454023361206,0.3417268395423889,0.5568194389343262,19.092036247253418,2.7195889949798584,1.4251492023468018,14.723756313323975,0.1171884536743164,0.08660078048706055,1.398625373840332
9,9,20.773420095443726,-9576.37421875,0.9927471280097961,0.4338754713535309,0.33268967270851135,0.5511679649353027,19.445669889450073,2.9383864402770996,1.3276972770690918,14.793298482894897,0.1513500213623047,0.0937490463256836,1.3987441062927246
9,10,20.26494789123535,-9748.6857421875,0.9713847637176514,0.43183302879333496,0.34540316462516785,0.5497114062309265,18.75666570663452,2.72906231880188,1.508234977722168,14.369784116744995,0.11665654182434082,0.08737897872924805,1.4065327644348145
9,11,20.482257604599,-9671.7400390625,0.9925516843795776,0.4333127439022064,0.34712299704551697,0.5468268394470215,19.107301473617554,2.714536190032959,1.374913215637207,14.742463827133179,0.11674952507019043,0.0870656967163086,1.4001812934875488
9,12,20.50578761100769,-9458.87451171875,0.9998999834060669,0.430047869682312,0.321002721786499,0.5512915253639221,19.115728855133057,2.774179458618164,1.390016794204712,14.691514730453491,0.11605095863342285,0.08792734146118164,1.3998079299926758
9,13,20.58527445793152,-9623.36875,0.9998999834060669,0.41830974817276,0.3455198407173157,0.5509936213493347,19.183566331863403,2.719507932662964,1.4016649723052979,14.814876794815063,0.11590147018432617,0.08732771873474121,1.3991615772247314
9,14,20.563514947891235,-9845.847265625,0.974346399307251,0.45060664415359497,0.3624884784221649,0.520433247089386,19.193855047225952,2.7148537635803223,1.3696143627166748,14.832021713256836,0.11574029922485352,0.08725190162658691,1.3974175453186035
9,15,20.47725749015808,-9615.35947265625,0.9898120164871216,0.4328089654445648,0.3420652747154236,0.5450345277786255,19.143140077590942,2.736931085586548,1.3340513706207275,14.752946376800537,0.11876726150512695,0.08781981468200684,1.3982443809509277
9,16,38.9144229888916,-9676.4146484375,0.984830379486084,0.4420221447944641,0.34609898924827576,0.5362153053283691,33.01399803161621,5.522178649902344,5.900299549102783,23.380183219909668,0.24900245666503906,0.16150307655334473,3.6129682064056396
9,17,37.17329168319702,-9709.6556640625,0.98122638463974,0.43627506494522095,0.3490529954433441,0.5403338670730591,32.647650957107544,5.40117073059082,4.525487184524536,23.106485605239868,0.2385241985321045,0.14938092231750488,3.6642978191375732
9,18,37.130653619766235,-9485.46865234375,0.9998999834060669,0.4198519289493561,0.3319768011569977,0.555516242980957,32.62338089942932,5.443225622177124,4.507097482681274,23.02415919303894,0.24361181259155273,0.15047740936279297,3.675081491470337
9,19,37.60961151123047,-9666.8716796875,0.983185887336731,0.4353305399417877,0.341389924287796,0.5515634417533875,32.30765771865845,5.424747943878174,5.301836013793945,22.813363075256348,0.23686599731445312,0.14736294746398926,3.6022377014160156
9,20,37.2580201625824,-9698.075,0.9871124029159546,0.43784230947494507,0.35737207531929016,0.5384072065353394,32.65931272506714,5.380636692047119,4.59857964515686,23.22609305381775,0.23102521896362305,0.14671897888183594,3.5934066772460938
9,21,37.64138054847717,-9712.9498046875,0.9861219525337219,0.45354023575782776,0.34630313515663147,0.5300213694572449,33.101511001586914,5.460388422012329,4.539742946624756,23.569850206375122,0.23868966102600098,0.1492924690246582,3.598259687423706
9,22,38.21638202667236,-9674.694921875,0.9881408214569092,0.4374152719974518,0.3504583239555359,0.5343788266181946,33.22420072555542,5.639341592788696,4.992058992385864,23.50730037689209,0.23868131637573242,0.15285396575927734,3.5979950428009033
9,23,37.82949376106262,-9659.4107421875,0.9869757890701294,0.44360774755477905,0.34312692284584045,0.5430585741996765,33.15336847305298,5.573293685913086,4.6760029792785645,23.27444553375244,0.251542329788208,0.15827584266662598,3.8068463802337646
9,24,36.80994200706482,-9715.5912109375,0.9814980030059814,0.43224993348121643,0.35511666536331177,0.5431078672409058,32.37731957435608,5.468895673751831,4.43249773979187,22.79021453857422,0.2511715888977051,0.15175747871398926,3.6291348934173584
9,25,37.29417371749878,-9669.7939453125,0.9902464747428894,0.4257466793060303,0.34915074706077576,0.5389719605445862,32.82476496696472,5.479605436325073,4.469175100326538,23.175853490829468,0.24915194511413574,0.15046906471252441,3.6835830211639404
9,26,37.64951705932617,-9583.32626953125,0.9989089965820312,0.4433528184890747,0.3297674059867859,0.5387953519821167,33.17976260185242,5.5352582931518555,4.469627618789673,23.51331353187561,0.2579989433288574,0.16295218467712402,3.6210150718688965
9,27,37.75511622428894,-9655.02724609375,0.9937092661857605,0.4301193654537201,0.3397211730480194,0.5418519377708435,33.230177879333496,5.528632164001465,4.524813890457153,23.5884428024292,0.24735522270202637,0.1523754596710205,3.626417875289917
9,28,37.555078744888306,-9466.43486328125,0.9998999834060669,0.42581671476364136,0.3251022696495056,0.5572471618652344,32.94493246078491,5.513728857040405,4.6100263595581055,23.284674406051636,0.25135183334350586,0.15576910972595215,3.651463270187378
9,29,37.04915690422058,-9892.1166015625,0.9566085934638977,0.4410187900066376,0.3641642928123474,0.5498021841049194,32.44579815864563,5.558095932006836,4.603210210800171,22.76912260055542,0.2530238628387451,0.1661989688873291,3.6107099056243896
9,30,37.59930968284607,-9616.01376953125,0.9923642873764038,0.43883273005485535,0.3327389359474182,0.5452814102172852,32.82925081253052,5.497668266296387,4.769859790802002,23.139225244522095,0.2580986022949219,0.15587544441223145,3.6889448165893555
10,1,25.76447868347168,-25057.318359375,0.9678668975830078,0.4655667543411255,0.37007594108581543,0.5126636028289795,22.915018796920776,2.857208490371704,2.8494369983673096,18.39978814125061,0.11597490310668945,0.0888059139251709,1.406708002090454
10,2,23.95285677909851,-24869.170703125,0.9733821153640747,0.4524882435798645,0.3530009388923645,0.5338555574417114,22.616735696792603,2.9365108013153076,1.3361024856567383,18.02688217163086,0.11640667915344238,0.08981013298034668,1.4004147052764893
10,3,24.216121912002563,-24700.8279296875,0.9801660776138306,0.4300146698951721,0.35468223690986633,0.5390256643295288,22.815089225769043,2.9830150604248047,1.4010114669799805,18.163859605789185,0.12479519844055176,0.09126996994018555,1.398834228515625
10,4,23.94382357597351,-24782.13984375,0.9785907864570618,0.4449633061885834,0.3492391109466553,0.5397176146507263,22.555412769317627,2.8978512287139893,1.388390302658081,17.998494148254395,0.116363525390625,0.08955645561218262,1.4054646492004395
10,5,24.01154637336731,-24806.123046875,0.9741860628128052,0.4509759545326233,0.3496939539909363,0.536919891834259,22.635295867919922,2.8879714012145996,1.3762309551239014,18.092210054397583,0.11617445945739746,0.08912086486816406,1.4026050567626953
10,6,24.775182962417603,-24759.7333984375,0.976301372051239,0.45474299788475037,0.3556147515773773,0.5238751173019409,23.42254114151001,3.062704086303711,1.3526208400726318,18.678600311279297,0.13080263137817383,0.0928049087524414,1.4009454250335693
10,7,24.34077787399292,-24614.4650390625,0.9856111407279968,0.4467931389808655,0.34705978631973267,0.5358995795249939,22.935980081558228,2.845703125,1.4047763347625732,18.43014121055603,0.11607551574707031,0.09043741226196289,1.4063313007354736
10,8,24.283023595809937,-24610.76875,0.9884162545204163,0.4338129460811615,0.3518108129501343,0.5387195348739624,22.880308866500854,2.9046387672424316,1.402693748474121,18.318571090698242,0.11733627319335938,0.08934545516967773,1.4031641483306885
10,9,24.244861841201782,-24857.72421875,0.9763780832290649,0.4402293860912323,0.3600785434246063,0.5408986806869507,22.88292622566223,2.9864342212677,1.3619160652160645,18.21268892288208,0.1337602138519287,0.09171724319458008,1.3989059925079346
10,10,24.297231435775757,-24720.17109375,0.9808705449104309,0.4461572766304016,0.3499903082847595,0.5345856547355652,22.82626438140869,2.8600547313690186,1.4709455966949463,18.315085411071777,0.11633992195129395,0.08845043182373047,1.399322271347046
10,11,24.335155487060547,-24469.3859375,0.9939802885055542,0.4309816360473633,0.3486865162849426,0.5387662649154663,22.94086766242981,2.8799188137054443,1.3942680358886719,18.40698790550232,0.11599183082580566,0.08846545219421387,1.40230393409729
10,12,25.82059907913208,-24660.740625,0.9857541918754578,0.44619983434677124,0.3468429446220398,0.5331295728683472,24.412643671035767,3.0209734439849854,1.407935380935669,19.694114208221436,0.13918423652648926,0.09330630302429199,1.4004812240600586
10,13,24.25172996520996,-24914.4232421875,0.973019003868103,0.4576210379600525,0.3581455945968628,0.5207589268684387,22.827115774154663,2.8195693492889404,1.4245915412902832,18.338460206985474,0.11743402481079102,0.08798599243164062,1.4172136783599854
10,14,23.74984335899353,-24816.215625,0.9727467894554138,0.4466265141963959,0.36122795939445496,0.5400869846343994,22.38048005104065,2.873473882675171,1.36934232711792,17.849374771118164,0.11600351333618164,0.08780169486999512,1.4070723056793213
10,15,24.348358869552612,-24638.284765625,0.9833927154541016,0.44524946808815,0.3473947048187256,0.534870445728302,22.94160747528076,2.8523247241973877,1.4067330360412598,18.43779969215393,0.11665534973144531,0.08793830871582031,1.4008078575134277
10,16,44.911171436309814,-25311.9697265625,0.9550211429595947,0.4655870497226715,0.37717118859291077,0.5172066688537598,40.23576259613037,5.870529413223267,4.675263166427612,30.18244194984436,0.25350141525268555,0.16062211990356445,3.6801679134368896
10,17,44.790079832077026,-25003.67265625,0.9695621728897095,0.45471590757369995,0.3637470006942749,0.5279833078384399,40.15115308761597,5.7256550788879395,4.638845443725586,30.32571578025818,0.2500739097595215,0.15990662574768066,3.601004123687744
10,18,44.86852288246155,-25144.3529296875,0.9619957804679871,0.46028581261634827,0.37038901448249817,0.5178614854812622,40.28096795082092,5.672627925872803,4.58746862411499,30.501883029937744,0.2508399486541748,0.156585693359375,3.6079695224761963
10,19,44.82058095932007,-24757.16796875,0.9804849624633789,0.4483812749385834,0.35103827714920044,0.538973867893219,40.01470589637756,5.663808345794678,4.805795907974243,30.259153127670288,0.24876856803894043,0.15454697608947754,3.6008098125457764
10,20,44.707035064697266,-25003.99375,0.9680833220481873,0.45255541801452637,0.3659696877002716,0.5249812006950378,40.13981342315674,5.723509311676025,4.567111968994141,30.286256074905396,0.2513401508331299,0.1580362319946289,3.633110761642456
10,21,44.91071391105652,-24995.7015625,0.9710848927497864,0.44763484597206116,0.3629128634929657,0.5317330956459045,40.31297826766968,5.780691146850586,4.59756875038147,30.350764274597168,0.2574272155761719,0.1648399829864502,3.668750762939453
10,22,44.801286458969116,-24696.14609375,0.9829698801040649,0.44340598583221436,0.3506942689418793,0.5344910025596619,40.199846029281616,5.694955587387085,4.601356029510498,30.407458305358887,0.2366466522216797,0.15668702125549316,3.617187738418579
10,23,45.11728072166443,-24597.714453125,0.9934671521186829,0.44400954246520996,0.35274389386177063,0.5306543707847595,40.69266414642334,5.660972833633423,4.424540281295776,30.981268167495728,0.23265385627746582,0.14933490753173828,3.5847911834716797
10,24,46.256229639053345,-24855.598828125,0.9746959209442139,0.44369277358055115,0.36016780138015747,0.5354136824607849,40.19655799865723,5.779989004135132,6.059539079666138,30.225815773010254,0.24530434608459473,0.15757274627685547,3.699228525161743
10,25,44.694544076919556,-24854.6255859375,0.9759176969528198,0.44960901141166687,0.3524519205093384,0.5333261489868164,40.18870449066162,5.635116338729858,4.505768060684204,30.523043632507324,0.2283008098602295,0.14757728576660156,3.571709632873535
10,26,45.024643421173096,-24983.787890625,0.9706996083259583,0.45434990525245667,0.36733677983283997,0.5197126269340515,40.25647711753845,5.653493165969849,4.768099069595337,30.55110788345337,0.2329411506652832,0.15044260025024414,3.583768844604492
10,27,44.21741032600403,-24824.278125,0.9728872776031494,0.4458017945289612,0.35312920808792114,0.5384512543678284,39.786885261535645,5.705426216125488,4.430448770523071,30.044321060180664,0.23110318183898926,0.14966607093811035,3.572800397872925
10,28,44.57285237312317,-24688.37578125,0.9810481667518616,0.4425126016139984,0.3505249321460724,0.5304696559906006,40.135194540023804,5.593862295150757,4.437577724456787,30.451892375946045,0.23598718643188477,0.1480417251586914,3.623415231704712
10,29,44.89818835258484,-24980.18828125,0.9674891233444214,0.4615442752838135,0.3596244752407074,0.525549054145813,40.41279363632202,5.743786811828613,4.48532247543335,30.5858416557312,0.23639273643493652,0.1572129726409912,3.6018145084381104
10,30,44.68670129776001,-24884.8626953125,0.9710498452186584,0.45602288842201233,0.35403698682785034,0.5286837816238403,40.1955783367157,5.7214226722717285,4.4910500049591064,30.29555106163025,0.2532947063446045,0.15144085884094238,3.6877336502075195
11,1,28.133815050125122,-60320.316015625,0.9617925882339478,0.4699692726135254,0.36594992876052856,0.5045430660247803,26.72899866104126,3.0051732063293457,1.40476655960083,22.062413692474365,0.1156454086303711,0.09174680709838867,1.4059960842132568
11,2,29.42643976211548,-59802.594921875,0.9711156487464905,0.45369645953178406,0.3594430685043335,0.5179448127746582,27.992676496505737,3.045790672302246,1.4336912631988525,23.268118143081665,0.12341070175170898,0.0926363468170166,1.4100346565246582
11,3,28.271105766296387,-60358.857421875,0.9614594578742981,0.46828922629356384,0.37386247515678406,0.4982479214668274,26.802409410476685,2.965815544128418,1.4686474800109863,22.161171197891235,0.11610126495361328,0.0915064811706543,1.4209694862365723
11,4,28.689457654953003,-59929.005859375,0.9672403335571289,0.4603700339794159,0.35998204350471497,0.5146171450614929,27.28815984725952,3.0619900226593018,1.4012470245361328,22.55655837059021,0.11844635009765625,0.09192872047424316,1.4107916355133057
11,5,28.559095859527588,-60129.088671875,0.9651255011558533,0.464542955160141,0.3634820580482483,0.5053065419197083,27.082036018371582,3.204740524291992,1.4769999980926514,22.168261766433716,0.13885855674743652,0.09620189666748047,1.4074182510375977
11,6,28.05654740333557,-60239.56796875,0.9653359055519104,0.4675167202949524,0.3694225251674652,0.509013295173645,26.64865255355835,3.0183939933776855,1.4078516960144043,21.96404218673706,0.11741018295288086,0.09218931198120117,1.4085311889648438
11,7,28.243860960006714,-60272.549609375,0.9639964699745178,0.4611220061779022,0.36770927906036377,0.5103302597999573,26.844699144363403,3.060662269592285,1.3990905284881592,22.107906341552734,0.12322282791137695,0.09406423568725586,1.4062576293945312
11,8,28.21805429458618,-60072.1515625,0.9691967368125916,0.45456406474113464,0.37260282039642334,0.5074571371078491,26.804596424102783,3.015410900115967,1.4134063720703125,22.119566440582275,0.11641764640808105,0.0916128158569336,1.413719654083252
11,9,28.01872205734253,-60259.866796875,0.9636679887771606,0.46062609553337097,0.37323257327079773,0.503089427947998,26.615842580795288,3.031485080718994,1.4028208255767822,21.92585778236389,0.1154031753540039,0.0913858413696289,1.404268503189087
11,10,28.504045248031616,-60367.335546875,0.9597721099853516,0.4621572196483612,0.37109848856925964,0.5079107880592346,27.110240697860718,3.1829328536987305,1.3937432765960693,22.217700719833374,0.1433429718017578,0.09724807739257812,1.4031212329864502
11,11,27.787866830825806,-60204.630078125,0.9619649648666382,0.46230658888816833,0.3679017722606659,0.5085374712944031,26.36119771003723,3.0301513671875,1.4266235828399658,21.665438890457153,0.1161959171295166,0.09062814712524414,1.4114601612091064
11,12,27.938892126083374,-60161.490625,0.9647020697593689,0.45846349000930786,0.3708113431930542,0.5092975497245789,26.48647379875183,3.035675287246704,1.4523684978485107,21.793924808502197,0.1154329776763916,0.09056973457336426,1.4035046100616455
11,13,29.11934494972229,-60374.196875,0.958530068397522,0.4631766080856323,0.3692472279071808,0.5038139820098877,26.670777559280396,2.9624977111816406,2.448514699935913,22.019399881362915,0.11720442771911621,0.08980917930603027,1.4354922771453857
11,14,27.921652793884277,-60584.509765625,0.9548040628433228,0.4688226580619812,0.37278419733047485,0.5042089819908142,26.51939558982849,2.9946341514587402,1.4022128582000732,21.868072748184204,0.1150054931640625,0.0900735855102539,1.4048793315887451
11,15,28.45486307144165,-60191.662890625,0.9631339907646179,0.4594305157661438,0.3690635561943054,0.5053040981292725,27.00624108314514,3.0241641998291016,1.4485728740692139,22.322543621063232,0.11719131469726562,0.08980226516723633,1.4059927463531494
11,16,52.16956806182861,-60391.144921875,0.9564700126647949,0.46160274744033813,0.3665766417980194,0.5072739720344543,47.69327664375305,6.046512126922607,4.4761598110198975,37.42282700538635,0.25038576126098633,0.16297292709350586,3.6298978328704834
11,17,52.681406021118164,-60315.353125,0.9637507200241089,0.46773234009742737,0.369620144367218,0.5021952986717224,47.94435238838196,6.020370721817017,4.73691201210022,37.76942753791809,0.25339698791503906,0.16746068000793457,3.641056537628174
11,18,51.76473379135132,-60642.31484375,0.9527496099472046,0.4675462245941162,0.37520694732666016,0.5048768520355225,47.22705817222595,6.044127941131592,4.537534475326538,37.04144334793091,0.2537858486175537,0.15990710258483887,3.640620708465576
11,19,52.16366934776306,-60095.21015625,0.9636511206626892,0.46050992608070374,0.36457568407058716,0.5084719657897949,47.47569251060486,5.999143123626709,4.687825918197632,37.35005974769592,0.25017881393432617,0.1566917896270752,3.631113052368164
11,20,52.63976573944092,-60420.808984375,0.962199866771698,0.4662307798862457,0.37745779752731323,0.5018491148948669,47.874855518341064,6.073042869567871,4.764785528182983,37.660425901412964,0.2500264644622803,0.16453242301940918,3.636798620223999
11,21,52.542139291763306,-60197.81171875,0.9631779789924622,0.4547787606716156,0.37060248851776123,0.5072388648986816,47.9278347492218,6.069188356399536,4.614076852798462,37.59526968002319,0.2594478130340576,0.1658186912536621,3.7469682693481445
11,22,52.37991452217102,-60090.677734375,0.9664690494537354,0.46238207817077637,0.3628804385662079,0.5124450325965881,47.645363092422485,6.1063268184661865,4.734406232833862,37.35857081413269,0.2522273063659668,0.1732344627380371,3.6629109382629395
11,23,52.22893476486206,-60091.0109375,0.9647940397262573,0.4593829810619354,0.3670889437198639,0.5025500059127808,47.68576431274414,5.9845404624938965,4.543026685714722,37.583057165145874,0.25112152099609375,0.15785956382751465,3.6193039417266846
11,24,52.238972187042236,-60402.58125,0.9599795341491699,0.46564167737960815,0.3737267553806305,0.5031074285507202,47.77327561378479,5.985529899597168,4.465541839599609,37.495240926742554,0.2515254020690918,0.1533501148223877,3.6146388053894043
11,25,51.89183282852173,-60334.2,0.956319272518158,0.46359577775001526,0.3645491898059845,0.5128777623176575,47.24069094657898,6.104876518249512,4.650927543640137,36.90918040275574,0.2628343105316162,0.16200971603393555,3.7083208560943604
11,26,52.68117618560791,-60231.04453125,0.9640923738479614,0.4633873403072357,0.37087804079055786,0.5038118958473206,48.1084041595459,6.076557159423828,4.572610139846802,37.83818578720093,0.257220983505249,0.16942787170410156,3.674715042114258
11,27,52.808345317840576,-60103.84140625,0.9659701585769653,0.45927345752716064,0.36820945143699646,0.5077981352806091,47.93879318237305,6.101696968078613,4.869413614273071,37.68714261054993,0.2547423839569092,0.1795055866241455,3.6222715377807617
11,28,52.68214392662048,-60140.0421875,0.9656973481178284,0.46433407068252563,0.3664625287055969,0.5058838129043579,48.016883850097656,6.049583435058594,4.665090799331665,37.83583664894104,0.2566859722137451,0.16405510902404785,3.620950222015381
11,29,52.50353503227234,-60163.4765625,0.9621257781982422,0.4613119661808014,0.35981422662734985,0.5065900683403015,47.879544258117676,6.071132183074951,4.62379789352417,37.60310935974121,0.25227975845336914,0.1605210304260254,3.702040910720825
11,30,52.21572709083557,-60319.039453125,0.9624460935592651,0.4627325236797333,0.3703628480434418,0.5062528848648071,47.536787033081055,5.959375619888306,4.678807258605957,37.49906659126282,0.23992514610290527,0.1519756317138672,3.6002161502838135
12,1,31.64001703262329,-160953.7078125,0.9381110668182373,0.48957347869873047,0.3936322331428528,0.4915337562561035,30.179638862609863,3.1789097785949707,1.46034574508667,25.32797408103943,0.1156473159790039,0.09702849388122559,1.4122357368469238
12,2,31.665161848068237,-160960.85625,0.9377341270446777,0.48537546396255493,0.39756858348846436,0.4906741678714752,30.122265100479126,3.166020393371582,1.5428645610809326,25.289167642593384,0.11522746086120605,0.09644961357116699,1.4079034328460693
12,3,32.49910569190979,-160424.309375,0.9413064122200012,0.4892566204071045,0.3868121802806854,0.48990824818611145,30.967504262924194,3.4004087448120117,1.531567096710205,25.849411964416504,0.13616371154785156,0.1043844223022461,1.4115417003631592
12,4,31.772420167922974,-160974.7578125,0.9395289421081543,0.48759156465530396,0.3949233293533325,0.4894319772720337,30.2691068649292,3.127943515777588,1.5032811164855957,25.45603632926941,0.11623382568359375,0.09672665596008301,1.4248054027557373
12,5,31.742634773254395,-160868.371875,0.9407427310943604,0.49048224091529846,0.39726001024246216,0.48864662647247314,30.27151918411255,3.1876988410949707,1.4710814952850342,25.4069185256958,0.11627864837646484,0.09865593910217285,1.413675308227539
12,6,31.605947732925415,-160662.215625,0.9411278963088989,0.4858364760875702,0.3950427174568176,0.4933154284954071,30.145451307296753,3.168177843093872,1.4604628086090088,25.306484699249268,0.11588597297668457,0.09790158271789551,1.4085397720336914
12,7,31.73246693611145,-160808.0203125,0.9401047825813293,0.48853597044944763,0.3962840735912323,0.4914794862270355,30.224655151367188,3.166093349456787,1.5077807903289795,25.38775396347046,0.11518597602844238,0.09752035140991211,1.4105756282806396
12,8,32.260268211364746,-160715.5,0.9412721395492554,0.487730473279953,0.39294373989105225,0.49254846572875977,30.772892713546753,3.394918918609619,1.4873378276824951,25.640660524368286,0.14989304542541504,0.10417437553405762,1.4110851287841797
12,9,31.714766263961792,-160829.7265625,0.9404420852661133,0.4861082434654236,0.3940727114677429,0.49186089634895325,30.212842226028442,3.165060043334961,1.5018913745880127,25.362842321395874,0.11633038520812988,0.09818434715270996,1.4232208728790283
12,10,31.597212076187134,-161049.0546875,0.9396344423294067,0.48344194889068604,0.396475613117218,0.4938991367816925,30.12507438659668,3.156412363052368,1.4721055030822754,25.302812337875366,0.11527180671691895,0.09575390815734863,1.4072980880737305
12,11,31.604154586791992,-161106.7546875,0.9369592666625977,0.488894522190094,0.3938063383102417,0.49118590354919434,30.096107244491577,3.1664371490478516,1.5080137252807617,25.257182836532593,0.11627578735351562,0.09698867797851562,1.4116134643554688
12,12,31.992798328399658,-160917.128125,0.9404575228691101,0.48684370517730713,0.39642947912216187,0.49198588728904724,30.282949924468994,3.1843414306640625,1.7098162174224854,25.43318486213684,0.11537957191467285,0.09719300270080566,1.4049139022827148
12,13,37.126152992248535,-160847.9671875,0.9401708245277405,0.4870452582836151,0.39483562111854553,0.4934358298778534,30.2651948928833,3.159060001373291,6.860920667648315,25.408194541931152,0.11673212051391602,0.09612226486206055,1.438096046447754
12,14,31.731773853302002,-161006.240625,0.9391165375709534,0.48668989539146423,0.39677694439888,0.49189871549606323,30.223642110824585,3.20888614654541,1.5080962181091309,25.334173917770386,0.11758017539978027,0.09820961952209473,1.417078971862793
12,15,32.175867319107056,-161137.4078125,0.9369542598724365,0.4905487895011902,0.3963187634944916,0.4902622103691101,30.730515718460083,3.1751997470855713,1.4453184604644775,25.886845111846924,0.1152949333190918,0.09737086296081543,1.4082820415496826
12,16,55.7495059967041,-160514.4421875,0.942956805229187,0.4853087067604065,0.3894480764865875,0.4917812943458557,50.95718741416931,6.413043022155762,4.792221784591675,40.351502656936646,0.25590062141418457,0.16732335090637207,3.6767425537109375
12,17,55.650068521499634,-160822.2640625,0.9415510296821594,0.48907026648521423,0.3925797641277313,0.49161094427108765,50.54547595977783,6.237954616546631,5.104417562484741,40.140316009521484,0.23809194564819336,0.1576082706451416,3.684591293334961
12,18,55.00053548812866,-161164.209375,0.9370376467704773,0.49047163128852844,0.3971917927265167,0.4890303909778595,50.3047878742218,6.321402311325073,4.6956353187561035,39.87840533256531,0.23456263542175293,0.15817737579345703,3.625650405883789
12,19,55.554086446762085,-160354.1765625,0.9459950923919678,0.48426565527915955,0.3940807580947876,0.4919983446598053,50.83835792541504,6.3735949993133545,4.715613603591919,40.34532284736633,0.24269962310791016,0.158128023147583,3.6295154094696045
12,20,56.53597283363342,-160544.3828125,0.9426663517951965,0.4849099814891815,0.3911284804344177,0.49425938725471497,51.90480661392212,6.684751749038696,4.631042957305908,41.06974506378174,0.24385356903076172,0.16832232475280762,3.6478095054626465
12,21,55.317240715026855,-160801.68125,0.9414396286010742,0.48472684621810913,0.39480313658714294,0.4930082857608795,50.51250696182251,6.312834978103638,4.804600238800049,40.05810904502869,0.23432540893554688,0.15934228897094727,3.6575491428375244
12,22,55.018139123916626,-161197.3390625,0.9355824589729309,0.4891625940799713,0.39892303943634033,0.4891572594642639,50.51743221282959,6.421536207199097,4.500603675842285,39.88603925704956,0.24482107162475586,0.16081023216247559,3.7141671180725098
12,23,55.60583186149597,-160603.4484375,0.9428077936172485,0.4865732789039612,0.3909951150417328,0.49298295378685,50.90169668197632,6.403732061386108,4.703980207443237,40.29666543006897,0.24646854400634766,0.16656160354614258,3.6951420307159424
12,24,56.305256843566895,-160756.459375,0.9410041570663452,0.4850526750087738,0.3928872048854828,0.4943002760410309,51.406354665756226,6.3815882205963135,4.898765563964844,39.92869162559509,0.2422807216644287,1.1188032627105713,3.6459150314331055
12,25,55.663036584854126,-160619.059375,0.942992627620697,0.4847487211227417,0.3947061598300934,0.49160850048065186,50.70278334617615,6.371323585510254,4.960158824920654,40.157143354415894,0.23829936981201172,0.15992498397827148,3.686904191970825
12,26,56.373528718948364,-160673.5609375,0.9393766522407532,0.4837065041065216,0.39295145869255066,0.489587664604187,50.62984228134155,6.3673765659332275,5.7435691356658936,40.16833710670471,0.2392594814300537,0.15826678276062012,3.608344078063965
12,27,55.84925889968872,-160699.0171875,0.9401075839996338,0.4883146286010742,0.39352184534072876,0.4889507293701172,51.056713819503784,6.488664150238037,4.7924275398254395,40.44746232032776,0.24852395057678223,0.16380906105041504,3.617025136947632
12,28,55.78309154510498,-160038.1359375,0.9457327723503113,0.48612314462661743,0.3916197121143341,0.4891522526741028,50.986260652542114,6.359716892242432,4.796667814254761,40.473190784454346,0.24187707901000977,0.16076159477233887,3.661188840866089
12,29,55.521162033081055,-160579.3515625,0.9429503083229065,0.48575910925865173,0.3946581482887268,0.49096596240997314,50.81370973587036,6.388689279556274,4.707340478897095,40.26940941810608,0.25049471855163574,0.16414737701416016,3.650700092315674
12,30,55.654850244522095,-161222.8390625,0.9364445805549622,0.4893280565738678,0.3985570967197418,0.48910725116729736,50.636961936950684,6.317827463150024,5.017784118652344,40.186861753463745,0.2517080307006836,0.1671464443206787,3.624228000640869
13,1,38.47745680809021,-403997.359375,0.9222975373268127,0.5030503273010254,0.4120820164680481,0.47388991713523865,36.71934509277344,3.3364510536193848,1.758056879043579,31.658970594406128,0.11577868461608887,0.11384248733520508,1.4457495212554932
13,2,38.609426975250244,-404138.721875,0.9207085967063904,0.5051345825195312,0.41044145822525024,0.4750363528728485,36.85567808151245,3.4743940830230713,1.753695011138916,31.633870363235474,0.12864112854003906,0.11714386940002441,1.4418954849243164
13,3,40.80292463302612,-403214.253125,0.9262451529502869,0.5047457814216614,0.4106571674346924,0.4725286066532135,37.05077147483826,3.328918695449829,3.7520949840545654,31.99349808692932,0.11606907844543457,0.11215806007385254,1.4512743949890137
13,4,38.65255880355835,-403621.990625,0.9239717125892639,0.5059454441070557,0.4122052490711212,0.4725179374217987,36.93480825424194,3.322385311126709,1.717696189880371,31.893601894378662,0.11548495292663574,0.11253714561462402,1.4421565532684326
13,5,38.56132435798645,-403671.575,0.9264691472053528,0.5067201256752014,0.4149872362613678,0.47451895475387573,36.863231897354126,3.3096437454223633,1.6980366706848145,31.840569019317627,0.11467480659484863,0.11093807220458984,1.4393024444580078
13,6,38.32552409172058,-404457.046875,0.9209566116333008,0.5065195560455322,0.4147343039512634,0.4747646152973175,36.64005994796753,3.3298451900482178,1.6854112148284912,31.592155933380127,0.11626768112182617,0.11381077766418457,1.4393479824066162
13,7,40.557841777801514,-403355.259375,0.9259757995605469,0.5048107504844666,0.4119831323623657,0.47300150990486145,36.85485053062439,3.3402187824249268,3.702937364578247,31.784817695617676,0.11664366722106934,0.11501812934875488,1.449263334274292
13,8,38.257582902908325,-404664.44375,0.9203993082046509,0.5069549083709717,0.4150487780570984,0.47258588671684265,36.54177713394165,3.324803590774536,1.715747594833374,31.49359369277954,0.11694622039794922,0.11392641067504883,1.4431073665618896
13,9,38.5112624168396,-403618.8875,0.9245067834854126,0.5052487850189209,0.4132152497768402,0.47346118092536926,36.77565240859985,3.3259263038635254,1.7355561256408691,31.72647452354431,0.11674714088439941,0.11487364768981934,1.4425477981567383
13,10,38.79447674751282,-403902.009375,0.9236456751823425,0.506017804145813,0.41473543643951416,0.4728044867515564,36.96596050262451,3.421154022216797,1.8284592628479004,31.80085062980652,0.1251373291015625,0.11704730987548828,1.4453506469726562
13,11,40.35162591934204,-403483.8,0.9263324737548828,0.5071373581886292,0.412637323141098,0.4764559864997864,36.68044114112854,3.2416279315948486,3.6711347103118896,31.71557307243347,0.11412167549133301,0.1095890998840332,1.4523730278015137
13,12,38.526225328445435,-404424.63125,0.9210406541824341,0.5061833262443542,0.4146181046962738,0.47237586975097656,36.805100440979004,3.307807683944702,1.7210702896118164,31.77496027946472,0.11640644073486328,0.11536288261413574,1.4412388801574707
13,13,38.37272930145264,-403707.575,0.9247851371765137,0.5075728893280029,0.4124334156513214,0.4738999605178833,36.68065857887268,3.3374171257019043,1.6920135021209717,31.62134027481079,0.11557435989379883,0.11462569236755371,1.4428510665893555
13,14,38.692110538482666,-403888.640625,0.9240056872367859,0.50450199842453,0.4141068756580353,0.47504478693008423,37.004924058914185,3.42050838470459,1.6871278285980225,31.840158700942993,0.1270151138305664,0.11725401878356934,1.4422974586486816
13,15,40.59093689918518,-404057.384375,0.9232648611068726,0.5042046308517456,0.4130758047103882,0.4751032590866089,36.85713458061218,3.3760006427764893,3.7337472438812256,31.746087312698364,0.11643433570861816,0.11417388916015625,1.4558727741241455
13,16,69.3527319431305,-403447.15625,0.9255586862564087,0.5068788528442383,0.41118788719177246,0.4749956727027893,64.0305688381195,6.84077000617981,5.322017669677734,52.72034025192261,0.27603983879089355,0.18923735618591309,3.904751777648926
13,17,68.41175413131714,-404346.68125,0.9211139678955078,0.5031993389129639,0.4140576720237732,0.476047545671463,62.847944021224976,6.621175289154053,5.563668251037598,52.0747172832489,0.23865294456481934,0.16840076446533203,3.655858278274536
13,18,68.28246879577637,-403976.70625,0.922330379486084,0.5056987404823303,0.4110119640827179,0.47681525349617004,63.00242209434509,6.633254051208496,5.27987813949585,52.184879541397095,0.23636746406555176,0.1700420379638672,3.6889610290527344
13,19,68.67029070854187,-403579.009375,0.9214017391204834,0.5040767788887024,0.40958982706069946,0.4712223708629608,63.25989747047424,6.720482349395752,5.4102561473846436,52.36826944351196,0.23878931999206543,0.17012763023376465,3.6711530685424805
13,20,69.0451648235321,-403815.0625,0.9225597381591797,0.5053175091743469,0.41108646988868713,0.47416922450065613,63.382100105285645,6.599023103713989,5.662929058074951,52.546995878219604,0.2338581085205078,0.16876220703125,3.7435126304626465
13,21,68.43108987808228,-403902.603125,0.9232215881347656,0.506135106086731,0.4125683009624481,0.47390925884246826,63.17061948776245,6.584401607513428,5.260319948196411,52.42200684547424,0.23718595504760742,0.1715526580810547,3.6642515659332275
13,22,68.56243896484375,-404723.521875,0.9179363250732422,0.5089660286903381,0.41231369972229004,0.4742838144302368,63.17442607879639,6.7234108448028564,5.387855529785156,52.27475166320801,0.24178290367126465,0.17315340042114258,3.671111822128296
13,23,69.14936065673828,-403601.621875,0.9253914952278137,0.5059821605682373,0.41502222418785095,0.473868727684021,63.67527151107788,6.602934837341309,5.47394061088562,52.84628415107727,0.25119471549987793,0.1784965991973877,3.7044522762298584
13,24,68.84375047683716,-403688.253125,0.9233734607696533,0.5051949620246887,0.4116227328777313,0.4726043939590454,63.591408014297485,6.759906053543091,5.25215220451355,52.619091272354126,0.257526159286499,0.17715048789978027,3.6823151111602783
13,25,68.38625812530518,-403943.5375,0.921409010887146,0.5073684453964233,0.41111868619918823,0.47497624158859253,63.09986186027527,6.594277381896973,5.2862396240234375,52.298094034194946,0.25212907791137695,0.17054128646850586,3.6927621364593506
13,26,69.04009056091309,-403676.746875,0.9239923357963562,0.5045894980430603,0.41224607825279236,0.4723634421825409,63.78172492980957,6.631415605545044,5.258224725723267,52.72673583030701,0.36053967475891113,0.31690502166748047,3.654576301574707
13,27,68.65797662734985,-403739.9375,0.9229913353919983,0.5061849355697632,0.4125303030014038,0.4743404686450958,63.40548062324524,6.7017505168914795,5.252334356307983,52.48387312889099,0.2563920021057129,0.17730188369750977,3.6897833347320557
13,28,68.47743010520935,-403685.45,0.925591766834259,0.5048660635948181,0.4138709008693695,0.4769325256347656,63.22501516342163,6.577053546905518,5.252242803573608,52.44849896430969,0.251300573348999,0.17270779609680176,3.6823084354400635
13,29,68.49747920036316,-404104.6875,0.9218146204948425,0.5074780583381653,0.41366633772850037,0.47295066714286804,63.27447032928467,6.651008367538452,5.222867965698242,52.42331862449646,0.2531774044036865,0.17457342147827148,3.678746461868286
13,30,68.31529092788696,-404632.6125,0.9184640645980835,0.5056670308113098,0.41457897424697876,0.4705078899860382,63.115999698638916,6.6032445430755615,5.199136734008789,52.327983140945435,0.25182175636291504,0.17626166343688965,3.663255214691162
14,1,49.95731592178345,-1007361.125,0.9057570099830627,0.5221790671348572,0.429160475730896,0.45890292525291443,47.45375967025757,3.5655765533447266,2.503469705581665,42.09994578361511,0.1156458854675293,0.133087158203125,1.4896533489227295
14,2,48.43801665306091,-1005438.35,0.9089549779891968,0.5214149951934814,0.4270944595336914,0.45674630999565125,46.1421058177948,3.5166776180267334,2.295816659927368,40.83945655822754,0.11609029769897461,0.13137340545654297,1.4886858463287354
14,3,48.74962639808655,-1006904.85625,0.9068096280097961,0.5227798223495483,0.4287891387939453,0.45779484510421753,46.475672006607056,3.7708845138549805,2.2738659381866455,40.85674571990967,0.14780449867248535,0.13868308067321777,1.4869298934936523
14,4,47.968994140625,-1006272.78125,0.9071469306945801,0.5210139751434326,0.4284259080886841,0.45536670088768005,45.641971588134766,3.4637351036071777,2.3269333839416504,40.363412380218506,0.11536002159118652,0.12932157516479492,1.520573377609253
14,5,47.919129610061646,-1006643.56875,0.9069858193397522,0.5211752653121948,0.4277636408805847,0.4581103026866913,45.626309633255005,3.4687511920928955,2.292728900909424,40.35208797454834,0.11641860008239746,0.13387155532836914,1.5054817199707031
14,6,48.55030131340027,-1005974.78125,0.9075212478637695,0.521791934967041,0.4280654489994049,0.45648813247680664,46.25640869140625,3.7206592559814453,2.2937984466552734,40.703760385513306,0.13817167282104492,0.13456177711486816,1.4927268028259277
14,7,47.78913736343384,-1007325.88125,0.905376136302948,0.5225372314453125,0.4296516478061676,0.45655640959739685,45.498183727264404,3.4995481967926025,2.2908620834350586,40.171324014663696,0.11580824851989746,0.1309680938720703,1.5310165882110596
14,8,47.78322672843933,-1006358.2125,0.9069045186042786,0.5219600796699524,0.4281765818595886,0.4575327932834625,45.52320098876953,3.4927756786346436,2.259934663772583,40.25290870666504,0.11517548561096191,0.1292409896850586,1.48378586769104
14,9,48.41336441040039,-1006734.24375,0.9086651802062988,0.5216904878616333,0.42979758977890015,0.4572411775588989,46.07264709472656,3.6324217319488525,2.3406238555908203,40.63383889198303,0.12556886672973633,0.13422536849975586,1.4893836975097656
14,10,49.952702045440674,-1006529.6,0.9058045148849487,0.521095871925354,0.42760220170021057,0.4565283954143524,45.62810468673706,3.5252022743225098,4.324505805969238,40.307027101516724,0.11662840843200684,0.126068115234375,1.5049967765808105
14,11,48.192760705947876,-1006028.03125,0.9077308177947998,0.5211437344551086,0.4282585084438324,0.45678606629371643,45.83535861968994,3.5711007118225098,2.357308864593506,40.40120816230774,0.11699557304382324,0.1313774585723877,1.5643987655639648
14,12,47.838523864746094,-1006010.6625,0.907793402671814,0.5220243334770203,0.4279226064682007,0.45624876022338867,45.6024112701416,3.5002691745758057,2.2360334396362305,40.32411742210388,0.11503267288208008,0.13174057006835938,1.4812042713165283
14,13,54.417344093322754,-1007087.6625,0.904565155506134,0.5206554532051086,0.427668035030365,0.45469823479652405,45.44040632247925,3.437753438949585,8.976835489273071,40.168734312057495,0.11744403839111328,0.12937068939208984,1.5380651950836182
14,14,48.162227392196655,-1006160.19375,0.9071016311645508,0.5210865139961243,0.42802685499191284,0.4568580090999603,45.84539484977722,3.458667755126953,2.316737651824951,40.586143255233765,0.11657094955444336,0.13129544258117676,1.5040302276611328
14,15,48.12905287742615,-1005963.86875,0.9080115556716919,0.5216063261032104,0.42820510268211365,0.4561551809310913,45.843170404434204,3.5274503231048584,2.285792350769043,40.526177644729614,0.11589694023132324,0.13055205345153809,1.4932928085327148
14,16,87.81474804878235,-1005846.825,0.9079210758209229,0.5211102366447449,0.4278932809829712,0.4559375047683716,81.01871657371521,7.008881330490112,6.795778512954712,68.61635136604309,0.25804734230041504,1.252065658569336,3.7897233963012695
14,17,86.71582198143005,-1006288.075,0.9082386493682861,0.5226858258247375,0.4293198585510254,0.4572373032569885,80.11613440513611,7.23535680770874,6.599420547485352,68.60320401191711,0.2423996925354004,0.20092225074768066,3.7401487827301025
14,18,86.38926291465759,-1005755.175,0.9077354669570923,0.5216131806373596,0.42963629961013794,0.45497947931289673,79.97839498519897,6.982776641845703,6.410633087158203,68.67246413230896,0.23537063598632812,0.1947612762451172,3.803387403488159
14,19,86.48415350914001,-1006848.35625,0.9069138765335083,0.5232499241828918,0.42998266220092773,0.45612046122550964,80.03316450119019,6.885972738265991,6.4507434368133545,68.80466222763062,0.23832416534423828,0.19263982772827148,3.822310209274292
14,20,85.88014960289001,-1005908.0125,0.9090269804000854,0.5200767517089844,0.4283730685710907,0.4585496783256531,79.45092988014221,6.900405645370483,6.428987264633179,68.19352006912231,0.24010515213012695,0.19930696487426758,3.826451063156128
14,21,86.19132947921753,-1006415.95,0.9073299765586853,0.5221059918403625,0.4277244210243225,0.45594125986099243,79.8708610534668,6.882148027420044,6.3202064037323,68.67531251907349,0.23604249954223633,0.20035600662231445,3.7832627296447754
14,22,85.67786717414856,-1006737.70625,0.9066998362541199,0.5220384001731873,0.429487407207489,0.45783567428588867,79.21870827674866,7.025851011276245,6.458911180496216,67.9014401435852,0.23732614517211914,0.19779419898986816,3.762965440750122
14,23,86.18404412269592,-1006883.0125,0.9089133739471436,0.5235000848770142,0.43148234486579895,0.45862647891044617,79.51657438278198,6.888765573501587,6.667222261428833,68.35734868049622,0.24067473411560059,0.19652676582336426,3.743825674057007
14,24,86.16355204582214,-1006954.68125,0.9067767262458801,0.522215723991394,0.42986419796943665,0.45668116211891174,79.51552820205688,6.916988372802734,6.6477882862091064,68.2798523902893,0.2340848445892334,0.19351911544799805,3.8031198978424072
14,25,86.36170363426208,-1006659.66875,0.9076672792434692,0.5224196314811707,0.42997726798057556,0.4561486840248108,79.75524497032166,6.935741186141968,6.606228590011597,68.49184393882751,0.23672270774841309,0.19989013671875,3.7993340492248535
14,26,85.74429297447205,-1007335.14375,0.9058573246002197,0.5222468972206116,0.4293726682662964,0.45797163248062134,79.18050026893616,6.939218997955322,6.563554525375366,67.89502167701721,0.2364978790283203,0.1963663101196289,3.8245484828948975
14,27,86.22566771507263,-1006480.49375,0.9070038795471191,0.5209406018257141,0.428090900182724,0.4581334590911865,79.72324013710022,6.9977288246154785,6.502182483673096,68.37404918670654,0.24125337600708008,0.19853830337524414,3.820035934448242
14,28,86.2910258769989,-1007002.075,0.9064032435417175,0.5216494202613831,0.42910218238830566,0.45686179399490356,79.8440043926239,7.052639961242676,6.446787118911743,68.32791018486023,0.24280738830566406,0.20257902145385742,3.925405740737915
14,29,85.93870997428894,-1006679.06875,0.9070841073989868,0.5206345915794373,0.42766010761260986,0.4588906764984131,79.54903221130371,7.0321409702301025,6.3894360065460205,68.0431694984436,0.2473146915435791,0.20230388641357422,3.9296083450317383
14,30,85.5975751876831,-1006757.25,0.9070048928260803,0.521619439125061,0.4274310767650604,0.4582785367965698,79.19662857055664,6.881871938705444,6.400706052780151,67.98501300811768,0.23852324485778809,0.19597816467285156,3.8059186935424805
15,1,63.976645946502686,-2492523.1,0.8934183716773987,0.535875141620636,0.44322627782821655,0.4427926242351532,58.26806449890137,3.742572069168091,5.7084314823150635,52.56773805618286,0.14013051986694336,0.1597912311553955,1.6030738353729248
15,2,62.89338994026184,-2492597.45,0.8933036923408508,0.5355532765388489,0.44353440403938293,0.4432162344455719,57.323222160339355,3.5944273471832275,5.570016860961914,51.81236791610718,0.13244080543518066,0.13553357124328613,1.600296974182129
15,3,63.24597907066345,-2492883.225,0.8935108780860901,0.5347960591316223,0.44366997480392456,0.44372498989105225,57.41542458534241,3.589874267578125,5.830408334732056,51.8999662399292,0.1345522403717041,0.14081835746765137,1.6005396842956543
15,4,62.53202533721924,-2491992.85,0.8931847810745239,0.5360258221626282,0.4429462254047394,0.4422002136707306,57.01977872848511,3.5612895488739014,5.5121009349823,51.54895067214966,0.1307523250579834,0.13453912734985352,1.596724033355713
15,5,62.6738715171814,-2492811.25,0.8934506773948669,0.5354405045509338,0.44255900382995605,0.44448140263557434,57.13189959526062,3.580353260040283,5.5418291091918945,51.64182806015015,0.12984704971313477,0.13676071166992188,1.5951268672943115
15,6,63.7337281703949,-2492034.65,0.8942879438400269,0.5353299975395203,0.4437897503376007,0.4426860511302948,58.11256694793701,3.621170997619629,5.6210036277771,52.5429527759552,0.13425111770629883,0.15232157707214355,1.611462116241455
15,7,62.824957609176636,-2492453.85,0.8930778503417969,0.5373150110244751,0.4428958296775818,0.4429445266723633,57.27458643913269,3.5648038387298584,5.550216913223267,51.792102575302124,0.13027381896972656,0.13634920120239258,1.6029222011566162
15,8,63.61151695251465,-2492677.5,0.8932146430015564,0.5360381603240967,0.44283613562583923,0.44353631138801575,57.98396873474121,3.5833423137664795,5.627389430999756,52.45650935173035,0.13228154182434082,0.1420605182647705,1.6207168102264404
15,9,62.6009840965271,-2493338.225,0.8927986025810242,0.5364391207695007,0.44323551654815674,0.4434281587600708,56.96142268180847,3.6650798320770264,5.639405965805054,51.39790153503418,0.1302783489227295,0.1365203857421875,1.5840725898742676
15,10,62.96980023384094,-2493630.175,0.8904844522476196,0.5351622104644775,0.44149789214134216,0.4403423070907593,57.309884548187256,3.5798652172088623,5.659757375717163,51.814703702926636,0.12847375869750977,0.13526058197021484,1.6034111976623535
15,11,63.27672457695007,-2492388.175,0.8926059603691101,0.5362321138381958,0.4432457685470581,0.4415684938430786,57.694008588790894,3.82369327545166,5.58256196975708,51.915990114212036,0.1489713191986084,0.14550995826721191,1.593557357788086
15,12,63.439053535461426,-2492397.0,0.8933380246162415,0.5364209413528442,0.44313281774520874,0.44289249181747437,57.78177809715271,3.5831425189971924,5.6571197509765625,52.264445543289185,0.131011962890625,0.14269256591796875,1.6112875938415527
15,13,63.10536527633667,-2492838.175,0.8922291398048401,0.5356131196022034,0.4426417350769043,0.44150176644325256,57.494351387023926,3.758249521255493,5.610861301422119,51.77688765525818,0.14836692810058594,0.1401515007019043,1.6034815311431885
15,14,63.363879919052124,-2491709.475,0.8943709135055542,0.5369411706924438,0.44386664032936096,0.44283589720726013,57.65562319755554,3.6370327472686768,5.70810866355896,52.062966108322144,0.13988876342773438,0.14121150970458984,1.6197800636291504
15,15,63.16996169090271,-2492081.95,0.8935653567314148,0.5350899696350098,0.4424281120300293,0.44344469904899597,57.530203342437744,3.627408266067505,5.63960337638855,51.956217527389526,0.1371142864227295,0.14087319374084473,1.6153721809387207
15,16,110.31031370162964,-2493045.825,0.893285870552063,0.5357259511947632,0.44394707679748535,0.4434034526348114,100.77493071556091,7.250326871871948,9.534937620162964,88.795569896698,0.25431060791015625,0.3702826499938965,4.011212348937988
15,17,113.56705069541931,-2491985.825,0.8936622142791748,0.5363001823425293,0.44295167922973633,0.4428115785121918,103.66337370872498,7.256492376327515,9.90321946144104,91.92189717292786,0.24945878982543945,0.23556971549987793,3.90639591217041
15,18,113.0376455783844,-2492776.175,0.8930297493934631,0.5359398722648621,0.44348976016044617,0.4424695670604706,103.40396332740784,7.183874845504761,9.633215188980103,91.49278712272644,0.2938823699951172,0.23491263389587402,3.993788242340088
15,19,114.19070386886597,-2492908.3,0.8926295638084412,0.5359166860580444,0.44266778230667114,0.4431498646736145,104.02983665466309,7.405026197433472,10.160401344299316,91.81197166442871,0.2466721534729004,0.5179839134216309,3.9562084674835205
15,20,113.25850319862366,-2492611.325,0.8932794332504272,0.5366304516792297,0.44302886724472046,0.4428848922252655,103.50335502624512,7.3491199016571045,9.75455117225647,91.60979342460632,0.2514066696166992,0.24171781539916992,3.9548470973968506
15,21,113.74722456932068,-2491212.55,0.8942644000053406,0.5358456373214722,0.44221192598342896,0.44325509667396545,104.20412969589233,7.3647894859313965,9.54263186454773,92.19642806053162,0.3179643154144287,0.2396564483642578,3.989236354827881
15,22,114.11601948738098,-2492152.725,0.8932084441184998,0.5354822874069214,0.44288793206214905,0.44231653213500977,103.40508842468262,7.387604236602783,10.710443496704102,91.36558055877686,0.3047771453857422,0.24126267433166504,4.011141538619995
15,23,110.7239875793457,-2491263.95,0.8944156765937805,0.5354605317115784,0.4427505433559418,0.44287875294685364,101.11141920089722,7.575745582580566,9.612117290496826,88.85589480400085,0.27190589904785156,0.24428963661193848,3.912348747253418
15,24,114.12966394424438,-2492197.8,0.8939028382301331,0.5352492928504944,0.4426405131816864,0.44393622875213623,104.15132021903992,7.362990140914917,9.977832555770874,92.1738874912262,0.2642953395843506,0.23758459091186523,4.017756223678589
15,25,110.44551253318787,-2492619.0,0.8933005928993225,0.535864531993866,0.4433478116989136,0.4430590569972992,100.73201274871826,7.284151315689087,9.71305513381958,88.89618968963623,0.24290776252746582,0.22410225868225098,3.992098093032837
15,26,113.34117364883423,-2491183.975,0.8946741223335266,0.5346729159355164,0.44236963987350464,0.44409945607185364,103.60584688186646,7.282320022583008,9.734883308410645,91.7540295124054,0.2553544044494629,0.24205780029296875,3.975231885910034
15,27,112.91717052459717,-2492473.625,0.8923175930976868,0.5347741842269897,0.4416642487049103,0.4420223832130432,103.33297896385193,7.269804954528809,9.5837242603302,91.49440217018127,0.24900364875793457,0.23214983940124512,3.9927566051483154
15,28,113.40679478645325,-2493016.0,0.8912850618362427,0.5348684787750244,0.44098976254463196,0.4416443109512329,103.58905363082886,7.261330842971802,9.81729769706726,91.80985236167908,0.25670385360717773,0.2452688217163086,3.9225118160247803
15,29,113.5675675868988,-2492372.85,0.893805980682373,0.5357223749160767,0.44270649552345276,0.44352152943611145,103.93259954452515,7.342992067337036,9.63448715209961,92.00944590568542,0.2456521987915039,0.23891496658325195,4.001035928726196
15,30,110.35693097114563,-2491339.15,0.8950037956237793,0.5362768173217773,0.44316649436950684,0.44341424107551575,100.83190321922302,7.267683029174805,9.524557113647461,89.07268357276917,0.24263238906860352,0.22963929176330566,3.926316499710083
16,1,75.30070066452026,-6137887.3,0.8815763592720032,0.5478659272193909,0.4546864330768585,0.43077197670936584,68.31097269058228,4.2158684730529785,6.989330768585205,61.829594373703,0.14389419555664062,0.18513703346252441,1.860666275024414
16,2,73.9917197227478,-6138904.95,0.8812524676322937,0.5485832691192627,0.4556419253349304,0.43030261993408203,67.00770235061646,4.118033409118652,6.983627796173096,60.62589502334595,0.1451427936553955,0.1824800968170166,1.858865737915039
16,3,75.91160607337952,-6138544.0,0.8809460401535034,0.5486387610435486,0.4548177421092987,0.4301755428314209,66.27831888198853,3.8003711700439453,9.632922887802124,60.09642696380615,0.11856293678283691,0.1756131649017334,2.033036231994629
16,4,73.94331574440002,-6141258.45,0.8804209232330322,0.5479906797409058,0.4558526873588562,0.4306155741214752,66.94062662124634,4.065074920654297,7.002302646636963,60.61189079284668,0.14119958877563477,0.18321657180786133,1.8545544147491455
16,5,73.62967586517334,-6140939.4,0.880428671836853,0.5481259822845459,0.45515623688697815,0.43124616146087646,66.48629593849182,3.826181411743164,7.142988920211792,60.3922336101532,0.1204369068145752,0.19564056396484375,1.8780877590179443
16,6,75.97646689414978,-6138790.4,0.881095290184021,0.5480464696884155,0.45558637380599976,0.4301985800266266,66.32171106338501,3.8501110076904297,9.654387712478638,60.10495209693909,0.12149715423583984,0.1765446662902832,2.016728401184082
16,7,74.68110966682434,-6140688.7,0.8787343502044678,0.5469182729721069,0.4542480409145355,0.42845502495765686,67.49375605583191,4.0556395053863525,7.186968803405762,61.01599144935608,0.1232302188873291,0.1808788776397705,2.0653953552246094
16,8,73.99465918540955,-6140333.55,0.8802953958511353,0.5487282872200012,0.45580413937568665,0.4298180043697357,66.81702303886414,4.063334941864014,7.177261829376221,60.52941274642944,0.1216440200805664,0.1809062957763672,1.8689265251159668
16,9,74.18688201904297,-6139018.3,0.880823016166687,0.5476426482200623,0.4549637734889984,0.4299522638320923,67.09867811203003,4.126302480697632,7.087807893753052,60.69471096992493,0.14625024795532227,0.1840684413909912,1.8703365325927734
16,10,74.02247166633606,-6140951.7,0.8795615434646606,0.5480117201805115,0.4548235833644867,0.4299210011959076,66.9450147151947,3.981227397918701,7.077066659927368,60.68983244895935,0.13098406791687012,0.18123340606689453,1.861149787902832
16,11,74.09185695648193,-6141072.8,0.8802021741867065,0.547813355922699,0.45562779903411865,0.43023648858070374,66.87320899963379,3.861851453781128,7.218254327774048,60.7814507484436,0.12055635452270508,0.1805434226989746,1.876128911972046
16,12,74.8653461933136,-6139207.2,0.8804457187652588,0.5487039685249329,0.455444872379303,0.4302081763744354,67.65426826477051,4.10246467590332,7.210696220397949,61.294816732406616,0.1328880786895752,0.18167448043823242,1.8681135177612305
16,13,74.02887606620789,-6141288.65,0.8801083564758301,0.5488775968551636,0.45531991124153137,0.43053603172302246,66.98915076255798,4.039289951324463,7.039333820343018,60.69605851173401,0.1388416290283203,0.18196511268615723,1.8586125373840332
16,14,74.2472653388977,-6142774.3,0.8786616921424866,0.5470187664031982,0.45440366864204407,0.4296828508377075,66.99814486503601,4.059047222137451,7.24871826171875,60.53308916091919,0.1219947338104248,0.18034124374389648,2.0506975650787354
16,15,74.99151754379272,-6137172.2,0.8811783790588379,0.5479617714881897,0.45493271946907043,0.429304838180542,67.90244698524475,4.117787599563599,7.088680028915405,61.518250942230225,0.13964366912841797,0.1824815273284912,1.8599350452423096
16,16,126.542977809906,-6139901.65,0.881110668182373,0.5484066009521484,0.45554864406585693,0.43014389276504517,109.3035581111908,7.66366171836853,17.23841381072998,96.66948962211609,0.25547146797180176,0.2824070453643799,4.336951732635498
16,17,130.43260145187378,-6138800.6,0.8809664845466614,0.5480399131774902,0.4549064040184021,0.43039074540138245,113.18677139282227,7.720995903015137,17.244832515716553,100.450368642807,0.2622661590576172,0.31325268745422363,4.338791847229004
16,18,128.51239132881165,-6141354.3,0.8800633549690247,0.5485518574714661,0.45559030771255493,0.4304533302783966,111.50044870376587,7.634333610534668,17.010952472686768,98.87720608711243,0.2520439624786377,0.2897627353668213,4.350747108459473
16,19,129.77232789993286,-6140532.95,0.880407989025116,0.548621416091919,0.45511847734451294,0.43053096532821655,112.79590559005737,7.9762585163116455,16.975425481796265,99.7606611251831,0.2611265182495117,0.31722378730773926,4.379283666610718
16,20,125.97863554954529,-6141143.5,0.8808628916740417,0.5489441752433777,0.4560791254043579,0.4311223328113556,108.78121066093445,7.8062522411346436,17.19644045829773,95.96035170555115,0.25783634185791016,0.3224313259124756,4.334070444107056
16,21,127.48950219154358,-6137118.9,0.8817692995071411,0.5477373003959656,0.4549393653869629,0.43039560317993164,110.56201004981995,7.6060755252838135,16.926494598388672,97.99620771408081,0.2603294849395752,0.2880418300628662,4.314903497695923
16,22,125.52530980110168,-6138715.95,0.8811461925506592,0.5474798083305359,0.4549078941345215,0.4306126832962036,108.3925986289978,7.626896619796753,17.13164520263672,95.80160164833069,0.25609803199768066,0.290987491607666,4.319810390472412
16,23,129.25547814369202,-6141579.1,0.8801416754722595,0.5485442876815796,0.455591082572937,0.4306507408618927,112.35803508758545,7.674078464508057,16.896356344223022,99.65889883041382,0.26715731620788574,0.3167099952697754,4.340435028076172
16,24,126.4503698348999,-6139318.0,0.880664587020874,0.5485970377922058,0.4555065333843231,0.43000710010528564,109.09250235557556,7.703471422195435,17.35682463645935,96.3893551826477,0.2613968849182129,0.29454827308654785,4.346055269241333
16,25,124.80245733261108,-6138718.5,0.8810821175575256,0.5480161905288696,0.4547978341579437,0.4305809438228607,107.796959400177,7.674533367156982,17.004512071609497,95.13252997398376,0.25907158851623535,0.29283785820007324,4.340343952178955
16,26,126.12112259864807,-6141445.4,0.8801738023757935,0.5484132170677185,0.4552067220211029,0.43078088760375977,109.20270252227783,7.856771230697632,16.917420864105225,96.3253858089447,0.26407742500305176,0.31383681297302246,4.338329315185547
16,27,128.13270092010498,-6140059.2,0.8808038234710693,0.5482921004295349,0.45513445138931274,0.4306979477405548,111.3351047039032,7.512449026107788,16.796619176864624,98.86873960494995,0.2591969966888428,0.2763354778289795,4.323755502700806
16,28,127.39879441261292,-6139742.6,0.880698561668396,0.5485281348228455,0.4554058313369751,0.4303518533706665,110.11338448524475,7.674055337905884,17.28437089920044,97.35833930969238,0.26005125045776367,0.3004763126373291,4.417620420455933
16,29,129.99446654319763,-6139084.25,0.8817582726478577,0.548876941204071,0.45579805970191956,0.4312157928943634,112.43422675132751,7.869823455810547,17.55924129486084,99.61041474342346,0.2588334083557129,0.2930586338043213,4.305560827255249
16,30,127.49646997451782,-6142496.55,0.8785932064056396,0.5470967292785645,0.4547540545463562,0.42910975217819214,110.23989963531494,7.686716556549072,17.255581378936768,97.55782961845398,0.2603471279144287,0.2950308322906494,4.342963695526123
17,1,107.6844437122345,-15061492.2,0.8674873113632202,0.5587452054023743,0.4654199779033661,0.41777849197387695,88.97378206253052,4.011545658111572,18.709909439086914,79.33856630325317,0.13380050659179688,0.26366114616394043,2.4695894718170166
17,2,108.2471673488617,-15061956.8,0.8671722412109375,0.5586627125740051,0.46535077691078186,0.4171622693538666,90.04250431060791,4.053984642028809,18.203920125961304,80.3495774269104,0.13477683067321777,0.293903112411499,2.496428966522217
17,3,106.24420857429504,-15062509.5,0.8704652190208435,0.5613852739334106,0.46862903237342834,0.4208090901374817,88.31429624557495,4.14607310295105,17.929161071777344,78.65764951705933,0.13406109809875488,0.26639699935913086,2.449268341064453
17,4,107.91744589805603,-15064225.0,0.8673932552337646,0.558762788772583,0.46590179204940796,0.4179152548313141,89.5054817199707,3.987863540649414,18.41120934486389,79.90249156951904,0.13220834732055664,0.26586461067199707,2.4805006980895996
17,5,107.74011850357056,-15059897.2,0.8705469369888306,0.5606986284255981,0.46797803044319153,0.4206185042858124,89.62543249130249,3.9975216388702393,18.113921403884888,79.95663356781006,0.1364915370941162,0.27869200706481934,2.483936309814453
17,6,106.08940982818604,-15064479.3,0.8667420744895935,0.5585286617279053,0.465702086687088,0.41738763451576233,88.05044984817505,4.114105224609375,18.038211822509766,78.41686654090881,0.13381075859069824,0.26210737228393555,2.4537057876586914
17,7,108.07181191444397,-15060821.5,0.8708125948905945,0.5611799955368042,0.4685761332511902,0.4207850992679596,89.83277726173401,4.142467737197876,18.23825454711914,80.19597053527832,0.13535761833190918,0.27535176277160645,2.502450466156006
17,8,107.6473639011383,-15064015.6,0.8704039454460144,0.561521053314209,0.46875596046447754,0.421030193567276,89.52899503707886,4.051440715789795,18.11762571334839,79.90048289299011,0.13413214683532715,0.2704603672027588,2.4626569747924805
17,9,110.86186456680298,-15061974.7,0.8677298426628113,0.5587391257286072,0.46635445952415466,0.41783085465431213,92.4512550830841,4.145418882369995,18.409841775894165,82.71759605407715,0.13688373565673828,0.2973206043243408,2.494131565093994
17,10,106.84101295471191,-15063361.2,0.8672072291374207,0.5589000582695007,0.46562519669532776,0.41767144203186035,88.99611139297485,4.199450254440308,17.844170331954956,79.32482695579529,0.13813042640686035,0.2617502212524414,2.498516082763672
17,11,107.74284744262695,-15059485.8,0.8676565885543823,0.5585459470748901,0.46558070182800293,0.41717785596847534,89.66393399238586,4.026333808898926,18.078153133392334,80.0409026145935,0.13415956497192383,0.2691032886505127,2.4908194541931152
17,12,107.90467143058777,-15062103.3,0.8673811554908752,0.5585545301437378,0.46548494696617126,0.41759273409843445,89.8062047958374,3.959423303604126,18.097711324691772,80.18600845336914,0.13420891761779785,0.2658088207244873,2.5044326782226562
17,13,107.73530507087708,-15062579.4,0.8672528862953186,0.5581008791923523,0.4652366042137146,0.4175429344177246,89.52085065841675,4.012897491455078,18.213684797286987,79.8785789012909,0.13400936126708984,0.27283406257629395,2.479412794113159
17,14,106.6023862361908,-15062491.8,0.8698824048042297,0.5608164668083191,0.4676787257194519,0.42043372988700867,88.65094184875488,4.029895305633545,17.950736045837402,79.09302687644958,0.13275694847106934,0.26435065269470215,2.4408528804779053
17,15,110.03001189231873,-15059055.9,0.8692113161087036,0.5594905018806458,0.4665718376636505,0.41912350058555603,91.43542551994324,4.139526844024658,18.593832969665527,81.76152920722961,0.14079546928405762,0.29299449920654297,2.4908111095428467
17,16,259.8882074356079,-15060903.8,0.8675372004508972,0.5585866570472717,0.46560510993003845,0.4175214171409607,161.65824246406555,12.063528537750244,98.22789120674133,123.09602928161621,1.4502999782562256,0.5878772735595703,24.36530065536499
17,17,172.32235312461853,-15061835.0,0.8673611283302307,0.5578533411026001,0.4653184711933136,0.4176042377948761,137.85446166992188,8.048565864562988,34.465842723846436,123.57558488845825,0.23920893669128418,0.3688979148864746,5.527575731277466
17,18,172.84818124771118,-15061698.3,0.8672344088554382,0.5589169263839722,0.4655908942222595,0.41739621758461,137.96531987190247,8.035749912261963,34.88071131706238,123.70665240287781,0.23879194259643555,0.370358943939209,5.5187764167785645
17,19,179.3618803024292,-15062647.9,0.8698603510856628,0.5608024001121521,0.46862542629241943,0.4199385643005371,144.9035840034485,7.986419439315796,34.456239223480225,130.7651584148407,0.23554396629333496,0.3686380386352539,5.455199241638184
17,20,172.60799551010132,-15062470.6,0.8672168254852295,0.5584282875061035,0.4653172492980957,0.41749876737594604,138.6515552997589,7.930470943450928,33.95435667037964,124.64063596725464,0.2349393367767334,0.3685166835784912,5.384258508682251
17,21,171.5800929069519,-15062697.4,0.8674569129943848,0.5582502484321594,0.46554315090179443,0.41793617606163025,137.54534530639648,7.997134685516357,34.032676458358765,123.41450023651123,0.2384324073791504,0.3660457134246826,5.4356653690338135
17,22,181.57062578201294,-15061960.9,0.8668642044067383,0.5587016344070435,0.46561184525489807,0.41677603125572205,147.00528264045715,8.036488771438599,34.5632586479187,132.96956086158752,0.23720192909240723,0.3748741149902344,5.293573379516602
17,23,171.10557007789612,-15062751.0,0.8670431971549988,0.5586016774177551,0.4654960334300995,0.41722774505615234,137.41768860816956,8.226384401321411,33.68584203720093,122.96074557304382,0.23140978813171387,0.37113189697265625,5.532954216003418
17,24,170.88252091407776,-15061491.3,0.8689160346984863,0.5596349239349365,0.46654462814331055,0.41947147250175476,137.0372850894928,8.052484512329102,33.84317660331726,122.88058948516846,0.23700237274169922,0.3672456741333008,5.405742645263672
17,25,171.32577776908875,-15061550.3,0.8670792579650879,0.558632493019104,0.46545135974884033,0.41707512736320496,137.50320386886597,8.021817684173584,33.820544719696045,123.236989736557,0.23858261108398438,0.3692960739135742,5.542762994766235
17,26,170.81481957435608,-15062731.0,0.8695574402809143,0.560640275478363,0.4677496552467346,0.4200172424316406,137.11448884010315,8.192378044128418,33.69828510284424,122.69078302383423,0.23418903350830078,0.36951112747192383,5.534449577331543
17,27,171.8088252544403,-15060540.1,0.8674703240394592,0.5584844946861267,0.46561914682388306,0.4171984791755676,138.12164330482483,7.937495470046997,33.68512511253357,123.72840452194214,0.2608323097229004,0.3810844421386719,5.714702129364014
17,28,179.79476237297058,-15062452.6,0.8698235154151917,0.5613519549369812,0.46828994154930115,0.4199149012565613,145.94239783287048,7.963327646255493,33.85032629966736,131.973534822464,0.2365872859954834,0.36896491050720215,5.304961919784546
17,29,178.98133373260498,-15064915.5,0.8669405579566956,0.5588338375091553,0.4656294286251068,0.4176429808139801,144.31185865402222,8.072464227676392,34.667450189590454,130.2382733821869,0.2407677173614502,0.38013577461242676,5.2872490882873535
17,30,171.83566188812256,-15061399.3,0.8672626614570618,0.5585216879844666,0.4650759696960449,0.4174841642379761,137.2960605621338,7.957599878311157,34.537527322769165,123.34685206413269,0.23991012573242188,0.37023377418518066,5.287391901016235
18,1,166.89181852340698,-36814700.0,0.8570243120193481,0.5714844465255737,0.4783177673816681,0.4088001251220703,122.31025552749634,4.377373456954956,44.580015420913696,105.57844686508179,0.14195990562438965,0.40937185287475586,1.4689464569091797
18,2,162.0850932598114,-36820833.2,0.856792688369751,0.5714700222015381,0.47826817631721497,0.4091373085975647,123.42955923080444,4.386388778686523,38.65405774116516,106.64154577255249,0.14101409912109375,0.4154388904571533,1.4511470794677734
18,3,160.8571960926056,-36815791.2,0.8570998907089233,0.5712245106697083,0.4783340096473694,0.40900659561157227,122.63192749023438,4.445034027099609,38.22382402420044,105.8787932395935,0.14086174964904785,0.410891056060791,1.443284273147583
18,4,162.99135375022888,-36816424.0,0.8569852113723755,0.571312665939331,0.4783611595630646,0.4088916480541229,122.89690923690796,4.3970983028411865,40.09290814399719,106.14252161979675,0.14676380157470703,0.41646432876586914,1.479217767715454
18,5,164.66442942619324,-36819262.0,0.8568827509880066,0.5714498162269592,0.4782688319683075,0.4090695083141327,121.60928773880005,4.130872964859009,43.053605794906616,104.89523243904114,0.14064574241638184,0.4054861068725586,1.4590702056884766
18,6,161.43287014961243,-36815454.4,0.8571907877922058,0.5710462927818298,0.4784422814846039,0.40899020433425903,121.40811228752136,4.164111375808716,40.0232310295105,104.72305083274841,0.13814687728881836,0.4080357551574707,1.4536528587341309
18,7,160.01739072799683,-36817050.8,0.8569695949554443,0.571453869342804,0.4784412980079651,0.4088054597377777,121.54636120796204,4.406075954437256,38.46951222419739,104.82461357116699,0.14176416397094727,0.4114217758178711,1.4532325267791748
18,8,161.08140683174133,-36813312.8,0.8572108745574951,0.5713629722595215,0.4781566560268402,0.40896251797676086,123.01277017593384,4.469466209411621,38.06719088554382,106.27786993980408,0.14418292045593262,0.41857409477233887,1.4488472938537598
18,9,158.5476770401001,-36818584.8,0.8568769693374634,0.5713887810707092,0.47847291827201843,0.4088823199272156,120.53879475593567,4.110701322555542,38.007431745529175,103.82602882385254,0.13762664794921875,0.39965343475341797,1.4431147575378418
18,10,162.35338354110718,-36815710.4,0.8570603132247925,0.5714247226715088,0.47829481959342957,0.40892302989959717,122.82153797149658,4.405592441558838,39.53031945228577,106.08427262306213,0.14106154441833496,0.41536760330200195,1.4702131748199463
18,11,164.0516607761383,-36817924.8,0.8569848537445068,0.5712067484855652,0.4785192012786865,0.4089440107345581,125.68591475486755,4.38866662979126,38.36423397064209,108.89466190338135,0.14265155792236328,0.41701698303222656,1.450094223022461
18,12,160.48086071014404,-36819154.0,0.8568230867385864,0.5714225172996521,0.47849491238594055,0.4089291989803314,121.82909679412842,4.292758464813232,38.650306224823,105.1461615562439,0.13982224464416504,0.4033052921295166,1.45068359375
18,13,165.00746655464172,-36811975.2,0.8573048114776611,0.5712153911590576,0.4782465100288391,0.40886354446411133,122.34965109825134,4.162944793701172,42.65627670288086,105.6021032333374,0.1403205394744873,0.39659619331359863,1.4610323905944824
18,14,165.07303094863892,-36817148.4,0.8569188117980957,0.5714144706726074,0.4783953130245209,0.4088740944862366,121.89575624465942,4.300740003585815,43.17576313018799,105.12116932868958,0.14078092575073242,0.4212045669555664,1.4618492126464844
18,15,161.37381052970886,-36814998.4,0.8570950627326965,0.5712830424308777,0.47843584418296814,0.4088025391101837,122.83666896820068,4.508192300796509,38.53569555282593,106.03549575805664,0.1441793441772461,0.4207589626312256,1.4455082416534424
18,16,269.4694013595581,-36813409.2,0.8571465015411377,0.5713308453559875,0.4784314036369324,0.40869832038879395,190.6968150138855,8.221933841705322,78.76846599578857,177.92481899261475,0.24837327003479004,0.5772149562835693,3.6277596950531006
18,17,278.4770038127899,-36814270.0,0.8570485711097717,0.5714167356491089,0.47840824723243713,0.4087730050086975,199.00463247299194,8.35198450088501,79.46824979782104,186.00914192199707,0.2788054943084717,0.6045196056365967,3.6551833152770996
18,18,323.9808487892151,-36815764.4,0.8568281531333923,0.5717180967330933,0.47852522134780884,0.40859416127204895,245.69937205314636,8.436894655227661,78.27735090255737,232.46382021903992,0.29689502716064453,0.6212749481201172,3.711731195449829
18,19,276.25685119628906,-36819073.2,0.8569127917289734,0.571261465549469,0.47837164998054504,0.40910181403160095,198.10611200332642,8.4312002658844,78.14625930786133,184.97387790679932,0.311276912689209,0.6029775142669678,3.677905797958374
18,20,277.25447940826416,-36816651.6,0.857061505317688,0.5711803436279297,0.4784642457962036,0.40895628929138184,198.59541487693787,8.388718605041504,78.65478777885437,185.46417951583862,0.28839635848999023,0.6087212562561035,3.6418282985687256
18,21,277.73976254463196,-36815072.0,0.8571587204933167,0.5712363123893738,0.4783370792865753,0.4089667797088623,199.4965033531189,8.311344146728516,78.23911643028259,186.57934522628784,0.26807475090026855,0.6036243438720703,3.6329123973846436
18,22,275.9031720161438,-36815011.2,0.8571495413780212,0.571296215057373,0.47832366824150085,0.4089321494102478,197.8187816143036,8.28737735748291,78.08023381233215,184.94685697555542,0.25217533111572266,0.5945632457733154,3.6403825283050537
18,23,276.04834032058716,-36814587.2,0.856995165348053,0.5715150237083435,0.4784106910228729,0.4087536931037903,197.65364146232605,8.357380867004395,78.39055109024048,184.726628780365,0.2557659149169922,0.5918107032775879,3.6209394931793213
18,24,270.03607964515686,-36817842.4,0.8569811582565308,0.5713891386985779,0.47823676466941833,0.4090602397918701,191.9884307384491,8.300897121429443,78.0435152053833,179.11092615127563,0.2655026912689209,0.579791784286499,3.633222818374634
18,25,264.58161544799805,-36819104.8,0.8567970395088196,0.5715410709381104,0.4785660207271576,0.40879300236701965,186.98458003997803,8.199333429336548,77.59286904335022,174.26027083396912,0.2487020492553711,0.5649042129516602,3.6144025325775146
18,26,265.4049406051636,-36815334.8,0.857077419757843,0.5713725090026855,0.47835177183151245,0.4088636040687561,187.35815906524658,8.152206182479858,78.0426516532898,174.55244040489197,0.26862239837646484,0.5709805488586426,3.7143635749816895
18,27,267.97247195243835,-36821583.2,0.856800377368927,0.5713328123092651,0.47834911942481995,0.40914803743362427,191.13082265853882,8.2901029586792,76.8374559879303,178.27487993240356,0.26112818717956543,0.5759069919586182,3.6294443607330322
18,28,264.9231858253479,-36818560.0,0.8569404482841492,0.5713943243026733,0.4783669114112854,0.40898337960243225,188.00376343727112,8.267274618148804,76.91490030288696,173.9994876384735,0.2862112522125244,1.6093578338623047,3.73533034324646
18,29,272.1482262611389,-36819222.0,0.8568909764289856,0.5712651610374451,0.47848206758499146,0.40903034806251526,193.4510154724121,8.35070013999939,78.69303917884827,180.4586145877838,0.28368139266967773,0.5897278785705566,3.663301706314087
18,30,271.1607346534729,-36816898.8,0.8569906949996948,0.5713576674461365,0.478377103805542,0.4089388847351074,193.20834636688232,8.342078685760498,77.9482536315918,180.15439081192017,0.28513050079345703,0.5928812026977539,3.7278783321380615
19,1,296.4338059425354,-89824079.2,0.8426445722579956,0.5818247199058533,0.4891088604927063,0.4001481831073761,195.77974462509155,4.645082712173462,100.65029978752136,163.01598262786865,0.14200925827026367,0.6918728351593018,1.507157802581787
19,2,293.0548369884491,-89827363.2,0.8424459099769592,0.5816571712493896,0.48895448446273804,0.4000646471977234,192.91812181472778,4.80294942855835,100.13306093215942,160.2493724822998,0.1409914493560791,0.661374568939209,1.4880397319793701
19,3,289.7706768512726,-89815316.8,0.8425571322441101,0.581490695476532,0.48873618245124817,0.3997424840927124,191.71479153633118,4.735486745834351,98.05216979980469,158.99930500984192,0.13976240158081055,0.6497201919555664,1.4975800514221191
19,4,293.4527666568756,-89818753.6,0.8423131108283997,0.5814163684844971,0.4886046051979065,0.39960241317749023,193.39041996002197,4.603101968765259,100.05850529670715,160.6877634525299,0.14149785041809082,0.6708602905273438,1.4997360706329346
19,5,287.993581533432,-89824124.8,0.8423811197280884,0.5813884735107422,0.48871394991874695,0.3998682200908661,189.94714093208313,4.6098082065582275,98.042644739151,157.23603057861328,0.13884544372558594,0.6535477638244629,1.4954700469970703
19,6,336.01063680648804,-89827625.6,0.8422126173973083,0.5813706517219543,0.48859837651252747,0.39985036849975586,188.4538700580597,4.855081081390381,147.5524981021881,147.114009141922,0.14974641799926758,0.7966611385345459,9.66034722328186
19,7,295.31849670410156,-89815792.0,0.8431295156478882,0.5819277167320251,0.48930105566978455,0.40030115842819214,194.81323409080505,4.641148567199707,100.50146341323853,161.98320388793945,0.1480114459991455,0.7096037864685059,1.504246473312378
19,8,302.5221722126007,-89820536.8,0.8424103856086731,0.5813888907432556,0.4887032210826874,0.3998001217842102,194.348552942276,4.976822376251221,108.16996812820435,161.55249094963074,0.14357423782348633,0.6990902423858643,1.5081260204315186
19,9,291.0434949398041,-89820655.2,0.8429370522499084,0.5820665955543518,0.4891422688961029,0.40038979053497314,189.65510082244873,4.604107856750488,101.38449478149414,156.9363808631897,0.13802623748779297,0.6504015922546387,1.495455026626587
19,10,293.69910502433777,-89824548.8,0.8420351147651672,0.5811530351638794,0.4884086847305298,0.39948350191116333,192.5102710723877,4.532003402709961,101.18519973754883,159.79672574996948,0.1401987075805664,0.6571516990661621,1.4996700286865234
19,11,297.4387800693512,-89819577.6,0.8428719639778137,0.5820361971855164,0.4891875982284546,0.40024513006210327,197.5224769115448,4.761446475982666,99.9114670753479,164.81230545043945,0.14043569564819336,0.6667475700378418,1.5130951404571533
19,12,289.0612258911133,-89813880.0,0.8425042033195496,0.5812950730323792,0.4884989261627197,0.39971211552619934,190.27070379257202,4.574129819869995,98.78610301017761,157.53493404388428,0.14025115966796875,0.6572189331054688,1.4994831085205078
19,13,295.91514682769775,-89826848.8,0.8427925705909729,0.5820066928863525,0.48916956782341003,0.40045633912086487,194.4288365840912,4.583484888076782,101.48186755180359,161.6431839466095,0.13960576057434082,0.69075608253479,1.5044677257537842
19,14,294.3249599933624,-89815333.6,0.8425576090812683,0.5813401341438293,0.48857545852661133,0.39977574348449707,193.285071849823,4.566844940185547,101.03604865074158,160.53282928466797,0.14006805419921875,0.6725575923919678,1.5007226467132568
19,15,305.40609216690063,-89814421.6,0.8427168130874634,0.5815064311027527,0.48876523971557617,0.39987486600875854,205.22547960281372,4.996210098266602,100.17699837684631,172.45017218589783,0.15198159217834473,0.7033910751342773,1.497962236404419
19,16,445.7094531059265,-89818144.8,0.8431613445281982,0.581994891166687,0.48938846588134766,0.4005095660686493,259.87482047080994,8.816248178482056,185.82611298561096,240.8347771167755,0.2642650604248047,0.991370677947998,3.6712846755981445
19,17,449.49890327453613,-89821910.4,0.8425966501235962,0.5816789269447327,0.48893699049949646,0.3999996781349182,260.2069728374481,9.059839725494385,189.28247261047363,241.0080051422119,0.29512834548950195,1.020892858505249,3.765882730484009
19,18,451.0056185722351,-89821526.4,0.8429423570632935,0.5818911194801331,0.4892609417438507,0.4004092514514923,259.8064157962799,9.032010316848755,191.19053387641907,240.71874237060547,0.2804241180419922,1.0042638778686523,3.7053415775299072
19,19,449.0624010562897,-89825441.6,0.8424618244171143,0.5816787481307983,0.48886510729789734,0.4000488817691803,257.97614192962646,8.890509605407715,191.0777518749237,238.9656994342804,0.26386189460754395,0.9972655773162842,3.6798150539398193
19,20,450.97288632392883,-89814502.4,0.843123197555542,0.5823167562484741,0.48928624391555786,0.40036049485206604,259.8048257827759,8.89120364189148,191.15948343276978,240.7891194820404,0.26395487785339355,1.002279281616211,3.6836297512054443
19,21,448.54702711105347,-89824675.2,0.8427668809890747,0.5818135738372803,0.48911428451538086,0.40036848187446594,260.8203434944153,8.8052237033844,187.71816754341125,241.8389618396759,0.2635626792907715,0.9920213222503662,3.6728320121765137
19,22,438.3827564716339,-89817302.4,0.8429678678512573,0.5817822217941284,0.4890815019607544,0.4003196954727173,253.96188235282898,9.030182123184204,184.41144824028015,234.82651233673096,0.2855367660522461,0.990713357925415,3.741426706314087
19,23,442.5827543735504,-89823256.8,0.8424936532974243,0.5817168951034546,0.48890459537506104,0.40002813935279846,257.0843563079834,8.8308424949646,185.4899139404297,238.08567333221436,0.2622385025024414,0.9790809154510498,3.688119649887085
19,24,513.4400522708893,-89821636.0,0.842285692691803,0.581184446811676,0.48852479457855225,0.39973363280296326,276.71635460853577,8.951963424682617,236.7151370048523,246.5048656463623,0.2860109806060791,1.0423007011413574,14.759850978851318
19,25,446.11346340179443,-89824596.0,0.8424527049064636,0.581318199634552,0.4887402355670929,0.4000498056411743,255.3806130886078,8.807723045349121,190.7242875099182,236.3996546268463,0.2654280662536621,0.9735963344573975,3.6851646900177
19,26,445.8679413795471,-89819780.8,0.8427750468254089,0.5820227265357971,0.4890975058078766,0.4002155363559723,260.74897384643555,8.947632312774658,185.1104302406311,241.63257217407227,0.2630634307861328,1.008448839187622,3.6902782917022705
19,27,450.40938210487366,-89827228.0,0.8423160314559937,0.5814909338951111,0.48869481682777405,0.3998808264732361,262.8323287963867,8.943881511688232,187.56851530075073,243.78662824630737,0.2657740116119385,1.0104742050170898,3.6837801933288574
19,28,450.7992808818817,-89818745.6,0.8426357507705688,0.5816086530685425,0.48884740471839905,0.4000124931335449,262.11638355255127,8.924264669418335,188.67437744140625,243.04122924804688,0.2755289077758789,1.0016376972198486,3.6733665466308594
19,29,443.6536877155304,-89821445.6,0.8429630994796753,0.5818387866020203,0.489309161901474,0.400362491607666,256.30680537223816,8.925962924957275,187.33834195137024,237.23352599143982,0.2646822929382324,0.9940671920776367,3.688669443130493
19,30,448.16611671447754,-89824793.6,0.8425607085227966,0.5818113684654236,0.4889673590660095,0.40012797713279724,258.49702072143555,8.863103866577148,189.66028022766113,239.38170766830444,0.2904837131500244,1.003239631652832,3.695974588394165
20,1,516.5158858299255,-219007632.0,0.8268105387687683,0.5907310843467712,0.4992098808288574,0.3991236388683319,279.0429971218109,4.842149257659912,237.46108675003052,205.8585832118988,0.14153814315795898,0.9252181053161621,1.6387288570404053
20,2,531.6348216533661,-219002556.8,0.8268435001373291,0.590724766254425,0.4992486238479614,0.3990398645401001,280.87181425094604,4.8527679443359375,250.75104403495789,209.1828327178955,0.14668750762939453,0.9628734588623047,1.5612075328826904
20,3,534.6696898937225,-219010902.4,0.826806366443634,0.5907405018806458,0.49921542406082153,0.3991308808326721,274.73157715797424,5.070589542388916,259.9262521266937,203.19917607307434,0.14051604270935059,0.8902685642242432,1.5459997653961182
20,4,518.5540680885315,-219008470.4,0.8267937898635864,0.5907091498374939,0.4993504285812378,0.39904269576072693,280.7912588119507,4.734609127044678,237.75114631652832,208.91347432136536,0.14107918739318848,1.1365725994110107,1.5527212619781494
20,5,529.637124300003,-219014868.8,0.8267271518707275,0.5907419323921204,0.49929097294807434,0.39905476570129395,280.87082505226135,4.737197637557983,248.7544810771942,209.1388156414032,0.14024972915649414,0.9310519695281982,1.563645839691162
20,6,527.0957915782928,-219014286.4,0.8267118334770203,0.5908317565917969,0.49929800629615784,0.39906835556030273,280.9742784500122,4.751022100448608,246.10963988304138,209.2091338634491,0.13886404037475586,0.9228196144104004,1.5570003986358643
20,7,512.2686121463776,-218999603.2,0.8268378973007202,0.5907744765281677,0.49925071001052856,0.3989733159542084,276.8073060512543,4.735651969909668,235.4495062828064,205.02418541908264,0.14001202583312988,0.9043245315551758,1.5541338920593262
20,8,516.7855515480042,-218997147.2,0.8268011212348938,0.590732216835022,0.49927639961242676,0.39889317750930786,279.92518067359924,4.928696393966675,236.84842681884766,208.1401481628418,0.14450621604919434,0.9290895462036133,1.5511834621429443
20,9,509.52342081069946,-219001211.2,0.8268281817436218,0.5907024145126343,0.4992449879646301,0.39900779724121094,276.56191301345825,4.729692697525024,232.9497470855713,204.93601083755493,0.13584041595458984,0.8839194774627686,1.5417976379394531
20,10,543.8056712150574,-219004120.0,0.8267390131950378,0.5907691717147827,0.49918124079704285,0.3990107774734497,285.12715244293213,4.739908695220947,258.66664838790894,208.43971347808838,0.13848209381103516,0.906451940536499,6.609147548675537
20,11,515.603666305542,-218992907.2,0.826907217502594,0.5908371210098267,0.4991018772125244,0.3989863991737366,279.57982444763184,4.762245178222656,236.01197862625122,207.98406720161438,0.13693499565124512,0.9121575355529785,1.553607702255249
20,12,517.9661750793457,-219006865.6,0.8268401622772217,0.5907444357872009,0.49918702244758606,0.3991280198097229,279.07770323753357,4.725761890411377,238.87667059898376,207.25375652313232,0.1363823413848877,0.9076476097106934,1.5484659671783447
20,13,517.644659280777,-218996171.2,0.8269032835960388,0.5907573699951172,0.4991881847381592,0.3989960849285126,280.12851190567017,4.778390407562256,237.5043363571167,208.3776125907898,0.1383349895477295,0.9153823852539062,1.5550527572631836
20,14,535.5774693489075,-218991355.2,0.8268722295761108,0.5907561182975769,0.4991036653518677,0.39896151423454285,276.6642677783966,4.761161804199219,258.89959716796875,205.00916242599487,0.1473712921142578,0.9343335628509521,1.5579359531402588
20,15,517.0547063350677,-219017742.4,0.8267301321029663,0.5908133387565613,0.49920734763145447,0.3991627097129822,280.09933519363403,4.863115072250366,236.9433708190918,208.46183967590332,0.14215922355651855,0.9278311729431152,1.552964210510254
20,16,797.1387851238251,-219007361.6,0.8268461227416992,0.5907073616981506,0.4992079734802246,0.39911484718322754,332.44344782829285,9.099130630493164,464.67637634277344,295.9039981365204,0.2626819610595703,1.6807289123535156,3.809824228286743
20,17,798.133941411972,-218997385.6,0.8268577456474304,0.5906801819801331,0.49917423725128174,0.39902472496032715,331.4304213523865,9.426697492599487,466.6851453781128,294.9047167301178,0.26650333404541016,1.6984238624572754,3.763796806335449
20,18,795.4785888195038,-219004824.0,0.8267797827720642,0.5908310413360596,0.49925029277801514,0.3989853858947754,331.2368812561035,9.089977025985718,464.22340202331543,294.6771469116211,0.271054744720459,1.6768248081207275,3.7607645988464355
20,19,795.8209443092346,-218993188.8,0.8269582390785217,0.5907400846481323,0.49923521280288696,0.39897847175598145,334.4552173614502,9.32705807685852,461.3473250865936,297.8494322299957,0.2630131244659424,1.7051172256469727,3.7629504203796387
20,20,797.5258872509003,-219002691.2,0.8269032835960388,0.5907183885574341,0.49922746419906616,0.3990778923034668,331.9805839061737,9.079500198364258,465.52648282051086,295.23139572143555,0.2864241600036621,1.6973052024841309,3.918842077255249
20,21,795.595053434372,-219000793.6,0.8268588781356812,0.5908002257347107,0.4991924464702606,0.39903712272644043,336.35504055023193,9.275771379470825,459.22167706489563,299.6920084953308,0.2903578281402588,1.721144437789917,3.8286843299865723
20,22,792.622656583786,-219001915.2,0.8268412351608276,0.590630829334259,0.49919605255126953,0.3990256190299988,334.13588666915894,9.266685009002686,458.46646666526794,297.43164682388306,0.29308199882507324,1.7070255279541016,3.879887580871582
20,23,789.3048741817474,-219002291.2,0.8268427848815918,0.5907372236251831,0.49924221634864807,0.39907094836235046,332.27864027023315,9.069022417068481,457.007714509964,295.7483217716217,0.2672414779663086,1.677894115447998,3.7919137477874756
20,24,790.0976710319519,-219004724.8,0.8268175721168518,0.5907852649688721,0.49917757511138916,0.39905810356140137,327.7830729484558,9.021612882614136,462.2962794303894,291.30097484588623,0.2719845771789551,1.6793110370635986,3.7602882385253906
20,25,788.29780626297,-219010841.6,0.8267361521720886,0.5907137393951416,0.49923229217529297,0.3990625739097595,333.626745223999,9.054320573806763,454.652428150177,297.0815575122833,0.2680685520172119,1.6878278255462646,3.748135566711426
20,26,785.4702327251434,-219013006.4,0.8266723155975342,0.5909166932106018,0.4992716610431671,0.39904874563217163,334.6132860183716,9.160021543502808,450.838427066803,298.0026743412018,0.26560282707214355,1.7171294689178467,3.815725803375244
20,27,785.0673279762268,-218992688.0,0.8269256949424744,0.5906732082366943,0.49923765659332275,0.3989689350128174,330.89646553993225,9.401691436767578,454.15270495414734,294.1329402923584,0.3122401237487793,1.7192962169647217,3.8613059520721436
20,28,787.8820011615753,-219003814.4,0.8268300294876099,0.5906997919082642,0.49924322962760925,0.3990267515182495,333.35596919059753,9.243597030639648,454.50725531578064,296.76975536346436,0.26601481437683105,1.7211177349090576,3.773681402206421
20,29,789.5103824138641,-219007132.8,0.8267426490783691,0.5907548666000366,0.49925288558006287,0.39901602268218994,334.759658575058,9.196320533752441,454.73040437698364,291.07076716423035,0.2807323932647705,1.6936254501342773,10.83096694946289
20,30,776.6768009662628,-218998683.2,0.8267786502838135,0.590884804725647,0.49918022751808167,0.398948609828949,326.66536808013916,9.170294761657715,449.99326491355896,290.1433231830597,0.27118372917175293,1.6731910705566406,3.7465484142303467
