k,sample,total_time,best_ll,P00,P01,P10,P11,full_fit,gradient_gpu,init_cpu_gpu,mcmc_cpu,optimizer_gpu,transfer_pcie,warm_up_mcmc_cpu
1,1,66.46197891235352,-0.0004000663757324219,0.9998999834060669,0.9998999834060669,9.999999747378752e-05,9.999999747378752e-05,18.51930546760559,3.414844036102295,47.94263792037964,1.7797038555145264,0.9003555774688721,0.18422746658325195,12.196164608001709
1,2,6.712670087814331,0.0,0.8999999761581421,0.699999988079071,0.5,0.20000000298023224,3.465081214904785,1.2592768669128418,3.2475523948669434,0.6051945686340332,0.11080813407897949,0.07985401153564453,1.367504596710205
1,3,6.708022117614746,0.0,0.8999999761581421,0.699999988079071,0.5,0.20000000298023224,3.48140287399292,1.2656948566436768,3.2265865802764893,0.6099157333374023,0.11106133460998535,0.07982444763183594,1.3723297119140625
1,4,8.11590313911438,-0.0004000663757324219,0.9998999834060669,9.999999747378752e-05,0.9998999834060669,9.999999747378752e-05,4.856712818145752,1.4896671772003174,3.2591562271118164,1.7568933963775635,0.11248087882995605,0.08119845390319824,1.3719816207885742
1,5,8.239749670028687,-0.0004000663757324219,0.9998999834060669,0.9998999834060669,9.999999747378752e-05,0.9998999834060669,4.996617555618286,1.5108025074005127,3.2430977821350098,1.868957757949829,0.11311697959899902,0.0822916030883789,1.3767175674438477
1,6,8.213313341140747,-0.0004000663757324219,0.9998999834060669,0.9998999834060669,9.999999747378752e-05,0.9998999834060669,4.978462219238281,1.4982061386108398,3.234816074371338,1.8665435314178467,0.11304116249084473,0.0815279483795166,1.374575138092041
1,7,8.108546495437622,-0.0004000663757324219,0.9998999834060669,9.999999747378752e-05,0.9998999834060669,9.999999747378752e-05,4.8579301834106445,1.494441270828247,3.2505807876586914,1.756007194519043,0.11306452751159668,0.08127021789550781,1.369260311126709
1,8,8.125924587249756,-0.0004000663757324219,0.9998999834060669,0.9998999834060669,9.999999747378752e-05,9.999999747378752e-05,4.886608362197876,1.5229823589324951,3.239276647567749,1.75443696975708,0.11265802383422852,0.08164811134338379,1.3711109161376953
1,9,6.724344491958618,0.0,0.8999999761581421,0.699999988079071,0.5,0.20000000298023224,3.4810128211975098,1.2675528526306152,3.243297815322876,0.5985913276672363,0.1115427017211914,0.0811929702758789,1.37965989112854
1,10,5.399084806442261,-0.0004000663757324219,0.9998999834060669,9.999999747378752e-05,9.999999747378752e-05,0.9998999834060669,4.004488706588745,1.497300148010254,1.3945636749267578,0.9045534133911133,0.11194777488708496,0.08190083503723145,1.3639593124389648
1,11,4.930391550064087,0.0,0.8999999761581421,0.699999988079071,0.5,0.20000000298023224,3.474433660507202,1.268812656402588,1.455925703048706,0.6015825271606445,0.11149382591247559,0.08019328117370605,1.3696753978729248
1,12,4.8169732093811035,0.0,0.8999999761581421,0.699999988079071,0.5,0.20000000298023224,3.4741127490997314,1.2723281383514404,1.3428287506103516,0.6010377407073975,0.11064863204956055,0.08096432685852051,1.3663063049316406
1,13,4.985797643661499,0.0,0.8999999761581421,0.699999988079071,0.5,0.20000000298023224,3.4821934700012207,1.2715330123901367,1.5035712718963623,0.5983729362487793,0.11191225051879883,0.08094930648803711,1.3762824535369873
1,14,6.271453857421875,-0.0004000663757324219,0.9998999834060669,0.9998999834060669,9.999999747378752e-05,9.999999747378752e-05,4.928995609283447,1.5020511150360107,1.3424246311187744,1.811988353729248,0.11254429817199707,0.08224868774414062,1.375624656677246
1,15,4.807013511657715,0.0,0.8999999761581421,0.699999988079071,0.5,0.20000000298023224,3.485445499420166,1.2715280055999756,1.3215360641479492,0.6017208099365234,0.11221170425415039,0.08197140693664551,1.374582290649414
1,16,12.343321800231934,-0.0004000663757324219,0.9998999834060669,9.999999747378752e-05,9.999999747378752e-05,0.9998999834060669,8.655405759811401,3.1469709873199463,3.687817335128784,1.46486234664917,0.2349534034729004,0.14635801315307617,3.5797066688537598
1,17,13.861601829528809,-0.0004000663757324219,0.9998999834060669,9.999999747378752e-05,0.9998999834060669,9.999999747378752e-05,10.118109941482544,3.1671347618103027,3.74336314201355,2.817326784133911,0.23437738418579102,0.14485692977905273,3.6717607975006104
1,18,13.923667192459106,-0.0004000663757324219,0.9998999834060669,0.9998999834060669,9.999999747378752e-05,0.9998999834060669,10.28415846824646,3.1620566844940186,3.639408826828003,3.0348997116088867,0.23595166206359863,0.14809370040893555,3.620656728744507
1,19,11.57015347480774,0.0,0.8999999761581421,0.699999988079071,0.5,0.20000000298023224,7.8555498123168945,2.7415356636047363,3.7145025730133057,0.9078547954559326,0.23416376113891602,0.14718389511108398,3.7406108379364014
1,20,13.809604406356812,-0.0004000663757324219,0.9998999834060669,9.999999747378752e-05,0.9998999834060669,9.999999747378752e-05,10.027249813079834,3.1627049446105957,3.7822067737579346,2.819967031478882,0.2335817813873291,0.14430713653564453,3.585085391998291
1,21,11.362995386123657,0.0,0.8999999761581421,0.699999988079071,0.5,0.20000000298023224,7.647573232650757,2.7085869312286377,3.7153172492980957,0.914010763168335,0.23360824584960938,0.13955259323120117,3.575744867324829
1,22,13.938847780227661,-0.0004000663757324219,0.9998999834060669,0.9998999834060669,9.999999747378752e-05,0.9998999834060669,10.256229639053345,3.1889936923980713,3.6824939250946045,3.024898052215576,0.23433732986450195,0.14801979064941406,3.5769622325897217
1,23,11.31882929801941,0.0,0.8999999761581421,0.699999988079071,0.5,0.20000000298023224,7.657812595367432,2.7093191146850586,3.660900354385376,0.9149553775787354,0.23370075225830078,0.1420426368713379,3.5812301635742188
1,24,13.778260469436646,-0.0004000663757324219,0.9998999834060669,0.9998999834060669,9.999999747378752e-05,9.999999747378752e-05,10.034954309463501,3.2034049034118652,3.743204116821289,2.78442120552063,0.23684334754943848,0.14494538307189941,3.5839548110961914
1,25,13.742793321609497,-0.0004000663757324219,0.9998999834060669,9.999999747378752e-05,0.9998999834060669,9.999999747378752e-05,10.069422006607056,3.2065396308898926,3.6732699871063232,2.8236184120178223,0.23477816581726074,0.14668536186218262,3.5764122009277344
1,26,13.720609664916992,-0.0004000663757324219,0.9998999834060669,0.9998999834060669,9.999999747378752e-05,9.999999747378752e-05,10.014435768127441,3.167987585067749,3.706052303314209,2.7814435958862305,0.23882198333740234,0.14580082893371582,3.598616361618042
1,27,13.93934178352356,-0.0004000663757324219,0.9998999834060669,0.9998999834060669,9.999999747378752e-05,0.9998999834060669,10.28793478012085,3.18394136428833,3.6512911319732666,3.0441272258758545,0.23408770561218262,0.1468193531036377,3.596640110015869
1,28,13.969022274017334,-0.0004000663757324219,0.9998999834060669,0.9998999834060669,9.999999747378752e-05,0.9998999834060669,10.249524593353271,3.1736221313476562,3.7193944454193115,3.039138078689575,0.23668456077575684,0.14755916595458984,3.5697946548461914
1,29,14.072664022445679,-0.0004000663757324219,0.9998999834060669,0.9998999834060669,9.999999747378752e-05,0.9998999834060669,10.288084745407104,3.150089979171753,3.784475564956665,3.037554979324341,0.23780250549316406,0.14487528800964355,3.636916160583496
1,30,12.414815902709961,-0.0004000663757324219,0.9998999834060669,9.999999747378752e-05,9.999999747378752e-05,0.9998999834060669,8.733214139938354,3.2384114265441895,3.6814990043640137,1.4612329006195068,0.2348790168762207,0.14650297164916992,3.569992780685425
2,1,5.7282874584198,-1.3433851242065429,0.9998999834060669,9.999999747378752e-05,9.999999747378752e-05,0.8324410915374756,4.336694002151489,1.6482493877410889,1.3915603160858154,1.072352647781372,0.11343550682067871,0.0819404125213623,1.3755989074707031
2,2,5.958318471908569,-4.39760160446167,0.9998999834060669,0.26547643542289734,9.999999747378752e-05,0.5788818001747131,4.614043235778809,1.6393465995788574,1.3442349433898926,1.3610470294952393,0.11304521560668945,0.08215904235839844,1.373377799987793
2,3,8.014312505722046,-6.845438480377197,0.9998999834060669,0.5184921622276306,0.7909913063049316,0.22571203112602234,6.692052364349365,1.6358628273010254,1.3222246170043945,3.439063310623169,0.11284518241882324,0.08275508880615234,1.3772027492523193
2,4,6.861631155014038,-6.855438899993897,0.9998999834060669,0.31983041763305664,0.3880886435508728,0.3395959138870239,5.4856812953948975,1.6638364791870117,1.3759162425994873,2.2013988494873047,0.11405658721923828,0.0833885669708252,1.3787288665771484
2,5,7.776052713394165,-6.276472330093384,0.9998999834060669,0.24047820270061493,0.5484579205513,0.6043422222137451,6.313259124755859,1.6408493518829346,1.462752342224121,3.053034782409668,0.11330866813659668,0.08355975151062012,1.3775136470794678
2,6,6.853518486022949,-4.397591590881348,0.9998999834060669,0.26531150937080383,0.5810823440551758,9.999999747378752e-05,5.503387928009033,1.635329008102417,1.3500888347625732,2.250901222229004,0.11310029029846191,0.08237528800964355,1.37605619430542
2,7,7.610177040100098,-3.5128829002380373,0.9998999834060669,0.2838488519191742,0.788254976272583,9.999999747378752e-05,6.2829413414001465,1.6407454013824463,1.3272018432617188,3.02282977104187,0.11362433433532715,0.08256006240844727,1.3777596950531006
2,8,8.564681053161621,-6.78956937789917,0.9998999834060669,0.9998999834060669,0.6667526960372925,0.20365215837955475,7.207829713821411,1.6516222953796387,1.3568129539489746,3.936702251434326,0.11402702331542969,0.08283042907714844,1.3779637813568115
2,9,6.419808387756348,-3.669108176231384,0.9998999834060669,0.26893866062164307,9.999999747378752e-05,0.8159473538398743,5.012543201446533,1.6612951755523682,1.4072253704071045,1.7326295375823975,0.11509490013122559,0.08383750915527344,1.3742928504943848
2,10,8.52962064743042,-5.42317008972168,0.9998999834060669,0.9998999834060669,0.4518349766731262,0.19596727192401886,7.076034307479858,1.6499614715576172,1.4535470008850098,3.8080286979675293,0.11290144920349121,0.08200860023498535,1.3786680698394775
2,11,7.4043684005737305,-4.500598907470703,0.9998999834060669,0.9998999834060669,9.999999747378752e-05,0.9998999834060669,6.016326189041138,1.6376621723175049,1.3880078792572021,2.758293628692627,0.11328387260437012,0.0828104019165039,1.3774218559265137
2,12,6.89954948425293,-5.634628772735596,0.5325701236724854,0.8337622880935669,9.999999747378752e-05,0.8250942230224609,5.645164728164673,1.6335618495941162,1.2543463706970215,2.393972158432007,0.11330437660217285,0.08196663856506348,1.3770086765289307
2,13,6.154723167419434,-3.7353208303451537,0.9998999834060669,9.999999747378752e-05,0.24240395426750183,0.9170754551887512,4.796398401260376,1.6474592685699463,1.358281135559082,1.5326404571533203,0.11301422119140625,0.08247923851013184,1.374887466430664
2,14,8.078995704650879,-4.692692756652832,0.9998999834060669,0.2146778702735901,0.9998999834060669,0.22103701531887054,6.73105263710022,1.6589939594268799,1.3479106426239014,3.451493263244629,0.11342763900756836,0.08294057846069336,1.379539966583252
2,15,8.162975549697876,-1.38968505859375,0.9998999834060669,9.999999747378752e-05,0.8236272931098938,9.999999747378752e-05,6.826220512390137,1.6708407402038574,1.3367204666137695,2.5251059532165527,0.11376357078552246,0.08388710021972656,2.387082576751709
2,16,15.507290601730347,-3.581559252738953,0.9998999834060669,0.369080513715744,0.37049561738967896,9.999999747378752e-05,11.743987560272217,3.4969234466552734,3.7631516456604004,4.187241315841675,0.2365407943725586,0.1500835418701172,3.58925724029541
2,17,14.079293727874756,-3.663498878479004,0.9998999834060669,0.25815582275390625,9.999999747378752e-05,0.8461897969245911,10.397032976150513,3.4559731483459473,3.6821441650390625,2.8549458980560303,0.23705840110778809,0.1440107822418213,3.6239328384399414
2,18,16.316434621810913,-3.494928503036499,0.9998999834060669,0.2723841667175293,0.7496611475944519,9.999999747378752e-05,12.492276668548584,3.4705722332000732,3.8240344524383545,4.950959205627441,0.23528289794921875,0.1507124900817871,3.599915027618408
2,19,14.95966649055481,-5.634329319000244,0.8490270972251892,0.8207812905311584,9.999999747378752e-05,0.5315737724304199,11.259819984436035,3.4522101879119873,3.6997389793395996,3.7689168453216553,0.23299670219421387,0.14600157737731934,3.576227903366089
2,20,16.648784399032593,-7.798178672790527,0.9998999834060669,0.7107546329498291,0.47993937134742737,0.23117950558662415,12.988752603530884,3.4613521099090576,3.6599137783050537,5.475379228591919,0.23549461364746094,0.1500401496887207,3.5828940868377686
2,21,13.644672393798828,-0.0004000663757324219,0.9998999834060669,0.9998999834060669,9.999999747378752e-05,9.999999747378752e-05,9.963340044021606,3.1522741317749023,3.6812264919281006,2.77871036529541,0.23334336280822754,0.1465303897857666,3.5697407722473145
2,22,17.43475651741028,-7.632473134994507,0.9998999834060669,0.6102131009101868,0.5495719909667969,0.5134682655334473,13.773082971572876,3.4680631160736084,3.661564826965332,6.16374659538269,0.23558759689331055,0.15062975883483887,3.6731786727905273
2,23,16.871434450149536,-4.693994998931885,0.9998999834060669,0.9998999834060669,0.21662917733192444,0.22403265535831451,13.113354206085205,3.482126235961914,3.7579681873321533,5.584905624389648,0.23450207710266113,0.1470811367034912,3.581847906112671
2,24,15.68346881866455,-3.7156949043273926,0.2452429234981537,0.9998999834060669,9.999999747378752e-05,0.8786561489105225,11.97273874282837,3.4597384929656982,3.7105894088745117,4.447443008422852,0.23403310775756836,0.14852166175842285,3.5981783866882324
2,25,15.5577871799469,-3.5754350900650023,0.9998999834060669,0.3697527050971985,0.33961203694343567,9.999999747378752e-05,11.753637313842773,3.4560444355010986,3.8040313720703125,4.198230504989624,0.23176193237304688,0.146040678024292,3.6407437324523926
2,26,15.343074321746826,-1.4846531867980957,0.9998999834060669,0.9730680584907532,9.999999747378752e-05,9.999999747378752e-05,11.596781253814697,3.4862029552459717,3.7461745738983154,4.051245450973511,0.23810362815856934,0.14804744720458984,3.5891969203948975
2,27,16.949228763580322,-7.710497808456421,0.9998999834060669,0.7407025694847107,0.44054481387138367,0.21791332960128784,13.274061679840088,3.5290865898132324,3.6750524044036865,5.689532518386841,0.2359011173248291,0.151702880859375,3.5821290016174316
2,28,15.995475769042969,-7.151538848876953,0.9998999834060669,0.48780757188796997,0.2712753713130951,0.5276992321014404,12.2451331615448,3.452988386154175,3.7502052783966064,4.666420221328735,0.23480701446533203,0.1487562656402588,3.659355878829956
2,29,14.192544937133789,-3.582359957695007,0.9998999834060669,9.999999747378752e-05,0.3204617202281952,0.40360715985298157,10.414623498916626,3.510563611984253,3.777799606323242,2.8255422115325928,0.23500680923461914,0.15467119216918945,3.600891351699829
2,30,15.008394479751587,-5.634006977081299,0.8343712091445923,0.8345390558242798,9.999999747378752e-05,0.5300663709640503,11.354466438293457,3.434641122817993,3.653815269470215,3.775432586669922,0.2387561798095703,0.14450812339782715,3.6777782440185547
3,1,9.80643367767334,-27.408014678955077,0.9998999834060669,0.5933355689048767,0.4232597351074219,0.49100494384765625,8.476702213287354,1.7935140132904053,1.3296875953674316,5.061260938644409,0.11356759071350098,0.08334827423095703,1.3806777000427246
3,2,7.474666595458984,-17.690578651428222,0.9998999834060669,0.10097356140613556,0.5106704235076904,0.42929598689079285,6.136089563369751,1.794023036956787,1.3385379314422607,2.7204501628875732,0.11457276344299316,0.08315348625183105,1.379035234451294
3,3,7.673192977905273,-19.916593933105467,0.8209336996078491,0.469198614358902,0.3839908242225647,0.27076297998428345,6.320725202560425,1.7879786491394043,1.3524343967437744,2.911224365234375,0.11534237861633301,0.08419227600097656,1.3773620128631592
3,4,8.014764308929443,-19.6489049911499,0.9998999834060669,0.3261452317237854,0.3021208941936493,0.4084240198135376,6.650550127029419,1.7801437377929688,1.364180326461792,3.2550270557403564,0.11364316940307617,0.08242249488830566,1.3746037483215332
3,5,7.707356691360474,-18.575499725341796,0.9463585019111633,0.6244773864746094,0.1389448493719101,0.34815940260887146,6.339435577392578,1.7918238639831543,1.3678836822509766,2.9307868480682373,0.11304783821105957,0.08297157287597656,1.376685619354248
3,6,7.09965705871582,-5.638150405883789,0.9998999834060669,0.13244280219078064,0.4708716869354248,0.4191044569015503,5.714060306549072,1.6464416980743408,1.3855617046356201,2.443174362182617,0.11499238014221191,0.08285212516784668,1.3817930221557617
3,7,7.8581695556640625,-16.861800575256346,0.9998999834060669,0.2618708610534668,0.3061704635620117,0.40927794575691223,6.471060276031494,1.7800045013427734,1.387075662612915,3.0740764141082764,0.11294937133789062,0.0825510025024414,1.3769054412841797
3,8,7.033853054046631,-13.347769451141357,0.9998999834060669,0.06828544288873672,0.26651281118392944,0.5221866965293884,5.681358337402344,1.7837464809417725,1.352452278137207,2.2768115997314453,0.11301064491271973,0.08247256278991699,1.3806886672973633
3,9,7.816101312637329,-15.276295948028565,0.9998999834060669,9.999999747378752e-05,0.5590791702270508,0.5889983773231506,6.482628583908081,1.78139066696167,1.333430528640747,3.0809309482574463,0.11372542381286621,0.08368563652038574,1.3773598670959473
3,10,7.817421197891235,-18.65254135131836,0.8887700438499451,0.589266300201416,0.2414701133966446,0.24578942358493805,6.447435140609741,1.8002188205718994,1.3699440956115723,3.027647018432617,0.11390566825866699,0.08340883255004883,1.3781287670135498
3,11,7.084655523300171,-14.551516151428222,0.9998999834060669,0.03631523996591568,0.3162539303302765,0.6951910853385925,5.7418859004974365,1.7968640327453613,1.3427362442016602,2.3224973678588867,0.11374616622924805,0.08382344245910645,1.3798177242279053
3,12,7.835792541503906,-15.709134292602538,0.9998999834060669,0.2540449798107147,0.2814827561378479,0.4085005521774292,6.529162406921387,1.7784228324890137,1.3065972328186035,3.133941173553467,0.11359310150146484,0.08397459983825684,1.3741562366485596
3,13,8.223371982574463,-15.126690864562988,0.5331372022628784,0.9998999834060669,0.6271877288818359,9.999999747378752e-05,6.897621393203735,1.7835156917572021,1.325709581375122,3.495640516281128,0.11304259300231934,0.08329081535339355,1.3772778511047363
3,14,8.072616338729858,-16.18861961364746,0.9998999834060669,0.0923788994550705,0.5618591904640198,0.3661636412143707,6.6837451457977295,1.7910618782043457,1.3888375759124756,3.2691383361816406,0.11387062072753906,0.08318853378295898,1.3819043636322021
3,15,7.2877607345581055,-13.518676376342773,0.9998999834060669,0.45957493782043457,0.07110527157783508,0.31017327308654785,5.972497224807739,1.78001070022583,1.3152215480804443,2.5739920139312744,0.11324429512023926,0.08322739601135254,1.3767004013061523
3,16,18.569096326828003,-19.410895156860352,0.9998999834060669,0.5776329636573792,0.2260562628507614,0.33403247594833374,14.881305694580078,3.732532262802124,3.687671422958374,7.107159376144409,0.23457646369934082,0.15029025077819824,3.573300838470459
3,17,18.6788489818573,-20.332633209228515,0.9998999834060669,0.2749229371547699,0.6434949040412903,0.24672766029834747,14.973261833190918,3.736203670501709,3.7054803371429443,7.199467658996582,0.23488616943359375,0.15096235275268555,3.5686261653900146
3,18,17.02182912826538,-11.924962425231934,0.9998999834060669,0.15961198508739471,0.37217557430267334,0.23288165032863617,13.302014112472534,3.7757532596588135,3.7196898460388184,5.471846580505371,0.2350168228149414,0.1508653163909912,3.5836753845214844
3,19,16.12665367126465,-15.135832214355469,0.8253716230392456,0.24335896968841553,0.43928709626197815,0.2400059551000595,12.407339334487915,3.776106834411621,3.7191662788391113,4.520848512649536,0.23669075965881348,0.14902901649475098,3.642622470855713
3,20,16.657492637634277,-14.382753944396972,0.9998999834060669,0.21835444867610931,0.22312432527542114,0.4878120422363281,12.917627096176147,3.7179248332977295,3.739760160446167,5.155350923538208,0.237900972366333,0.14737415313720703,3.5765888690948486
3,21,13.826776266098022,-4.397593975067139,0.9998999834060669,9.999999747378752e-05,0.2649485468864441,0.5800510048866272,10.050465106964111,3.4362807273864746,3.776198148727417,2.4327876567840576,0.23610615730285645,0.1479179859161377,3.7118213176727295
3,22,17.076864004135132,-16.244305229187013,0.9998999834060669,0.16026313602924347,0.4303508996963501,0.38982057571411133,13.399743795394897,3.7422866821289062,3.6770126819610596,5.609905481338501,0.23722553253173828,0.14834070205688477,3.5802996158599854
3,23,17.992729663848877,-15.574862098693847,0.9998999834060669,0.13949185609817505,0.56554114818573,0.32992273569107056,14.27133822441101,3.721310615539551,3.721282958984375,6.522604942321777,0.23463940620422363,0.14645862579345703,3.56498384475708
3,24,16.691068172454834,-12.483912658691406,0.9998999834060669,0.3552864193916321,9.999999747378752e-05,0.9998999834060669,12.937479496002197,3.86029314994812,3.7534637451171875,5.024620532989502,0.23659205436706543,0.15158581733703613,3.580385684967041
3,25,20.201448678970337,-11.161155509948731,0.9998999834060669,0.6880033016204834,0.3670833110809326,9.999999747378752e-05,16.539374113082886,3.79777193069458,3.66194224357605,8.6871178150177,0.23711061477661133,0.151839017868042,3.579124689102173
3,26,16.466343879699707,-12.931556034088135,0.9998999834060669,0.15380528569221497,0.4105011522769928,0.24673527479171753,12.801194429397583,3.7714250087738037,3.6650190353393555,4.86114764213562,0.236588716506958,0.14900565147399902,3.698436737060547
3,27,15.67411208152771,-11.732464790344238,0.9998999834060669,9.999999747378752e-05,0.43118593096733093,0.5087910890579224,11.996289014816284,3.7181828022003174,3.677694082260132,4.230591535568237,0.2333543300628662,0.1470646858215332,3.584446668624878
3,28,17.440727949142456,-20.599861907958985,0.9998999834060669,0.10718250274658203,0.5467854142189026,0.5566076636314392,13.787419080734253,3.732396364212036,3.653184413909912,5.991015672683716,0.2343883514404297,0.15111184120178223,3.5935990810394287
3,29,18.337579488754272,-15.750951862335205,0.9998999834060669,0.6290006637573242,0.1327710747718811,0.3001335561275482,14.59716796875,3.7454886436462402,3.7402985095977783,6.8033835887908936,0.2329108715057373,0.1521162986755371,3.5789668560028076
3,30,16.47036361694336,-7.169912338256836,0.5127097964286804,0.9998999834060669,0.29738062620162964,0.4877709150314331,12.79621934890747,3.4583377838134766,3.673994779586792,5.28602933883667,0.23485493659973145,0.14745497703552246,3.5860395431518555
4,1,8.495579957962036,-45.96737289428711,0.9998999834060669,0.2510899007320404,0.37508341670036316,0.3541152775287628,7.1794562339782715,1.9299554824829102,1.3160829544067383,3.6282405853271484,0.11490774154663086,0.0842132568359375,1.3770320415496826
4,2,9.088621854782104,-36.149121856689455,0.9998999834060669,0.39896345138549805,0.21547596156597137,0.24329620599746704,7.713841676712036,1.9237043857574463,1.3747453689575195,4.167315721511841,0.11304330825805664,0.08325839042663574,1.381910800933838
4,3,9.350404977798462,-44.10861358642578,0.9998999834060669,0.1424665004014969,0.3642260432243347,0.5335917472839355,7.969906806945801,1.9455664157867432,1.3804574012756348,4.404162645339966,0.11408662796020508,0.08348584175109863,1.3774194717407227
4,4,12.777415990829468,-53.46158142089844,0.935876727104187,0.2672882080078125,0.3828677833080292,0.4683709740638733,7.4520039558410645,1.9507534503936768,5.32537317276001,3.8634402751922607,0.11356878280639648,0.08318686485290527,1.39593505859375
4,5,11.684634685516357,-58.464766311645505,0.9998999834060669,0.36492085456848145,0.320186585187912,0.45250651240348816,8.36132526397705,1.9467709064483643,3.323272466659546,4.797674179077148,0.11439800262451172,0.08350920677185059,1.3749797344207764
4,6,10.87737250328064,-42.79471206665039,0.9998999834060669,0.468195378780365,0.09038292616605759,0.5002317428588867,7.635837554931641,1.9287002086639404,3.2414963245391846,4.095308303833008,0.11291694641113281,0.08249020576477051,1.371779203414917
4,7,10.61686086654663,-48.3632926940918,0.9998999834060669,0.14670459926128387,0.39959195256233215,0.5310398936271667,7.389165639877319,1.9307761192321777,3.227661609649658,3.8329243659973145,0.11346244812011719,0.08305072784423828,1.3841590881347656
4,8,11.376373052597046,-44.317021179199216,0.9998999834060669,0.4136901795864105,0.341185063123703,0.18812449276447296,8.104943990707397,1.9302589893341064,3.271395444869995,4.5603861808776855,0.11224746704101562,0.08356189727783203,1.374345064163208
4,9,11.949679851531982,-60.82643775939941,0.9998999834060669,0.16756482422351837,0.6212068200111389,0.4651854336261749,8.638960838317871,1.9314937591552734,3.3106846809387207,5.08694314956665,0.11387872695922852,0.08493542671203613,1.376465082168579
4,10,12.3245108127594,-68.39337158203125,0.9998999834060669,0.44444921612739563,0.34973978996276855,0.4644221067428589,9.03400707244873,1.920064926147461,3.290464401245117,5.501903533935547,0.1127164363861084,0.08336234092712402,1.3715767860412598
4,11,11.882160663604736,-44.877982711791994,0.9998999834060669,0.47591981291770935,0.3314485251903534,0.18554310500621796,8.621599197387695,1.9070441722869873,3.2605206966400146,5.107961654663086,0.11159849166870117,0.08227920532226562,1.3686978816986084
4,12,11.958992719650269,-59.63393936157227,0.9998999834060669,0.24537576735019684,0.5722010135650635,0.34688663482666016,8.6837899684906,1.918752908706665,3.2751615047454834,5.147140026092529,0.11346888542175293,0.08342242240905762,1.3760309219360352
4,13,11.223580598831177,-55.06365280151367,0.8557771444320679,0.4808797240257263,0.49207803606987,0.21305373311042786,7.90143609046936,1.9189977645874023,3.322108507156372,4.369102478027344,0.11240696907043457,0.08266258239746094,1.3744325637817383
4,14,11.920888423919678,-50.512281799316405,0.9998999834060669,0.46437931060791016,0.30572065711021423,0.3008423149585724,8.671385288238525,1.9169421195983887,3.2494680881500244,5.1371519565582275,0.11280512809753418,0.08333134651184082,1.3770520687103271
4,15,9.952239513397217,-57.56489639282226,0.9998999834060669,0.36795130372047424,0.5993943214416504,0.1978609710931778,8.637585163116455,1.930126428604126,1.31461763381958,5.080475091934204,0.11361336708068848,0.08381891250610352,1.3848686218261719
4,16,20.569026708602905,-76.01355285644532,0.9416887760162354,0.4784458577632904,0.5395690202713013,0.326419472694397,16.91996169090271,4.0398266315460205,3.6489408016204834,8.814717292785645,0.23843121528625488,0.15063905715942383,3.5915770530700684
4,17,18.844093561172485,-20.67189292907715,0.9998999834060669,0.30779847502708435,0.4569661021232605,0.4046645164489746,15.183922290802002,3.7058539390563965,3.6600594520568848,7.4309163093566895,0.23385834693908691,0.14810395240783691,3.5831198692321777
4,18,18.637748956680298,-56.5093448638916,0.9998999834060669,0.3120248019695282,0.2849764823913574,0.5365997552871704,14.98689079284668,4.038337707519531,3.650693416595459,6.905711650848389,0.23452091217041016,0.15210437774658203,3.569779872894287
4,19,18.37009859085083,-51.43687438964844,0.8202066421508789,0.08546067774295807,0.6281144618988037,0.5497021675109863,14.671839952468872,4.041828632354736,3.6981348991394043,6.439923048019409,0.23960065841674805,0.15061330795288086,3.7139854431152344
4,20,19.566673278808594,-45.97644119262695,0.9998999834060669,0.2691231667995453,0.4151625335216522,0.32548922300338745,15.903862237930298,4.009356737136841,3.6627037525177,7.856455564498901,0.23421049118041992,0.15069866180419922,3.5697596073150635
4,21,20.56390690803528,-60.79215927124024,0.9998999834060669,0.4132589101791382,0.40072882175445557,0.3518240749835968,16.85988211631775,4.1447882652282715,3.703913450241089,8.529293298721313,0.24949026107788086,0.15432167053222656,3.69746470451355
4,22,17.440370798110962,-42.75354919433594,0.9998999834060669,0.20326536893844604,0.39643803238868713,0.3424483835697174,13.791107416152954,4.013011693954468,3.649132013320923,5.755822420120239,0.23441004753112793,0.14923501014709473,3.5544159412384033
4,23,19.374264001846313,-61.27822647094727,0.9998999834060669,0.39088085293769836,0.3828071355819702,0.3868330121040344,15.544140577316284,4.068368911743164,3.829993486404419,7.407843112945557,0.2371511459350586,0.15570569038391113,3.5884454250335693
4,24,18.974980354309082,-52.841363525390626,0.9998999834060669,0.3979882001876831,0.2406233251094818,0.4460601210594177,15.268219709396362,4.086673736572266,3.7066547870635986,7.130216836929321,0.23775506019592285,0.15917515754699707,3.565948009490967
4,25,18.10746145248413,-39.98749961853027,0.9998999834060669,0.14658236503601074,0.2948824167251587,0.5502761006355286,14.225523948669434,4.031357288360596,3.8817648887634277,6.090575933456421,0.23971939086914062,0.15328121185302734,3.6254329681396484
4,26,19.08967423439026,-55.71537284851074,0.9998999834060669,0.4805245101451874,0.23588038980960846,0.39146652817726135,15.411866903305054,4.018069744110107,3.677701950073242,7.334967613220215,0.2362534999847412,0.15073609352111816,3.5879905223846436
4,27,17.71257996559143,-44.63362121582031,0.9998999834060669,0.2760370969772339,0.26004862785339355,0.43492594361305237,13.957165718078613,4.072629451751709,3.7552924156188965,5.810847520828247,0.23459482192993164,0.15305519104003906,3.6018459796905518
4,28,20.968307733535767,-55.674247360229494,0.9998999834060669,0.29813075065612793,0.33051082491874695,0.5176300406455994,17.273632526397705,4.085528135299683,3.694575309753418,8.967318534851074,0.23994231224060059,0.15120387077331543,3.7449758052825928
4,29,19.56762957572937,-63.66552734375,0.9998999834060669,0.3081589639186859,0.44439637660980225,0.4351508915424347,15.923417568206787,4.05369758605957,3.644082546234131,7.822608470916748,0.23326563835144043,0.1497640609741211,3.5808768272399902
4,30,18.755122184753418,-59.389181518554686,0.9998999834060669,0.2624349296092987,0.3535718321800232,0.548086941242218,15.049023389816284,4.006638526916504,3.7059991359710693,6.881241321563721,0.23912262916564941,0.15181994438171387,3.68599534034729
5,1,9.917969465255737,-135.64927978515624,0.9998999834060669,0.2611912488937378,0.34711065888404846,0.4726477861404419,8.620908260345459,2.0621962547302246,1.2970201969146729,4.945653676986694,0.11265945434570312,0.08251714706420898,1.3736252784729004
5,2,10.434475660324097,-139.05619201660156,0.9998999834060669,0.2844635248184204,0.34303703904151917,0.4747021198272705,9.037604808807373,2.0689265727996826,1.3968312740325928,5.3479838371276855,0.11275339126586914,0.0834808349609375,1.3795578479766846
5,3,8.675236701965332,-103.12199020385742,0.9297884702682495,0.281110942363739,0.20785751938819885,0.5349022150039673,7.343913555145264,2.063127279281616,1.3312900066375732,3.6615326404571533,0.11306166648864746,0.08360838890075684,1.377901315689087
5,4,9.915180683135986,-116.96232299804687,0.9998999834060669,0.35562464594841003,0.3323650062084198,0.3123875558376312,8.584008693695068,2.0615103244781494,1.3311314582824707,4.903341293334961,0.11288905143737793,0.08332467079162598,1.3785037994384766
5,5,10.15507197380066,-120.03975067138671,0.9998999834060669,0.2617568075656891,0.34184545278549194,0.4158134162425995,8.79775857925415,2.0631699562072754,1.3572781085968018,5.1156628131866455,0.11314725875854492,0.08327651023864746,1.3777942657470703
5,6,10.133253574371338,-108.85577697753907,0.9998999834060669,0.400334894657135,0.24073605239391327,0.3255798816680908,8.743335723876953,2.074852228164673,1.3898823261260986,5.043195486068726,0.11627745628356934,0.08399701118469238,1.3799159526824951
5,7,9.981537818908691,-113.19396438598633,0.9998999834060669,0.5006826519966125,0.13649772107601166,0.3924177587032318,8.65201473236084,2.0933315753936768,1.3294892311096191,4.935688018798828,0.11474132537841797,0.0842750072479248,1.3794050216674805
5,8,10.90938663482666,-145.29136505126954,0.901090681552887,0.476877361536026,0.44170695543289185,0.2586836516857147,9.515156269073486,2.0655412673950195,1.3941972255706787,5.824503183364868,0.1144566535949707,0.08327937126159668,1.3833239078521729
5,9,11.206828117370605,-141.7779525756836,0.9998999834060669,0.27720168232917786,0.43266525864601135,0.400378942489624,9.794950485229492,2.0674338340759277,1.4118444919586182,6.0984227657318115,0.11456513404846191,0.08413982391357422,1.3850784301757812
5,10,10.81501579284668,-143.57669372558593,0.9998999834060669,0.33689790964126587,0.33029603958129883,0.4244593679904938,9.472107887268066,2.072155475616455,1.342864751815796,5.775796413421631,0.1146085262298584,0.08372950553894043,1.3808128833770752
5,11,9.761080503463745,-118.40926208496094,0.9998999834060669,0.3318982720375061,0.22402749955654144,0.46640706062316895,8.373694896697998,2.107607841491699,1.3873486518859863,4.637328386306763,0.11558914184570312,0.08497262001037598,1.3830556869506836
5,12,11.794782876968384,-160.56965179443358,0.9998999834060669,0.296111524105072,0.5120286345481873,0.35725322365760803,10.372129678726196,2.0676753520965576,1.4226183891296387,6.677728176116943,0.1138911247253418,0.08324718475341797,1.3847603797912598
5,13,9.944465160369873,-119.31917266845703,0.9998999834060669,0.3646855056285858,0.2362106889486313,0.4289622902870178,8.587035417556763,2.0629730224609375,1.3573904037475586,4.910389184951782,0.11359739303588867,0.08344721794128418,1.3721723556518555
5,14,9.2052583694458,-121.80995864868164,0.8155266642570496,0.16423627734184265,0.5218955874443054,0.4887494444847107,7.8622987270355225,2.093230724334717,1.3429222106933594,4.14777946472168,0.1153104305267334,0.08347058296203613,1.377441644668579
5,15,9.096166610717773,-110.6412368774414,0.9998999834060669,0.3079613745212555,0.2211119383573532,0.45495283603668213,7.779191970825195,2.0590102672576904,1.3169329166412354,4.097633600234985,0.11394357681274414,0.08331823348999023,1.3807878494262695
5,16,20.307693481445312,-116.74315567016602,0.9998999834060669,0.29256343841552734,0.24358394742012024,0.5003990530967712,16.574831247329712,4.397162437438965,3.732700824737549,8.053051471710205,0.23904156684875488,0.1545853614807129,3.642904043197632
5,17,20.249842643737793,-143.10665893554688,0.9998999834060669,0.2931206226348877,0.2967928946018219,0.5309712886810303,16.56850838661194,4.300149917602539,3.6812236309051514,8.16034746170044,0.23679852485656738,0.15051627159118652,3.6372623443603516
5,18,20.062646627426147,-136.8130111694336,0.7374399900436401,0.5624533295631409,0.4874666631221771,0.22498665750026703,16.330716848373413,4.557521104812622,3.7318012714385986,7.695831298828125,0.23715782165527344,0.15328335762023926,3.602771520614624
5,19,19.501790285110474,-102.41644439697265,0.9998999834060669,0.3000729978084564,0.24496589601039886,0.4090026617050171,15.806981325149536,4.28337836265564,3.694660186767578,7.468471050262451,0.23546457290649414,0.15090227127075195,3.5858206748962402
5,20,20.294483423233032,-144.5848403930664,0.8836902976036072,0.2786058783531189,0.45171085000038147,0.4658956229686737,16.617695808410645,4.352458238601685,3.6766574382781982,8.2115318775177,0.23620176315307617,0.1528606414794922,3.5796971321105957
5,21,21.345375299453735,-145.09685974121095,0.9998999834060669,0.3076820969581604,0.3827945590019226,0.4186569154262543,17.65381169319153,4.300342798233032,3.691462516784668,9.232611894607544,0.2386000156402588,0.1503298282623291,3.64835524559021
5,22,20.338343620300293,-125.4927001953125,0.9998999834060669,0.29303106665611267,0.35148173570632935,0.38609540462493896,16.688106298446655,4.291082143783569,3.6501169204711914,8.342493772506714,0.2352433204650879,0.15035629272460938,3.5853018760681152
5,23,20.239771842956543,-128.5127052307129,0.9998999834060669,0.28990939259529114,0.29917213320732117,0.47847485542297363,16.60081195831299,4.30607795715332,3.6388051509857178,8.234773635864258,0.2382044792175293,0.15078115463256836,3.5866849422454834
5,24,19.484658002853394,-112.93398895263672,0.7493360042572021,0.5700767040252686,0.524106502532959,0.16343888640403748,15.81836724281311,4.342036485671997,3.6661620140075684,7.359859466552734,0.23736166954040527,0.15212583541870117,3.643779754638672
5,25,20.58427596092224,-108.35041809082031,0.9998999834060669,0.34639596939086914,0.3299328088760376,0.29604998230934143,16.859196424484253,4.31591534614563,3.7249531745910645,8.461991548538208,0.24254226684570312,0.1517505645751953,3.600759506225586
5,26,21.05511164665222,-149.50570068359374,0.9705252051353455,0.329990029335022,0.4142324924468994,0.39433786273002625,17.275976419448853,4.336950778961182,3.779017925262451,8.789613962173462,0.24060630798339844,0.15148591995239258,3.6744418144226074
5,27,19.5611515045166,-90.82235107421874,0.9998999834060669,0.18592193722724915,0.3912104070186615,0.3321376144886017,15.71442699432373,4.335681915283203,3.8466129302978516,7.3248820304870605,0.2378244400024414,0.14880943298339844,3.5850276947021484
5,28,20.639874935150146,-117.8321746826172,0.9998999834060669,0.341955304145813,0.3429136872291565,0.3184361457824707,16.987197875976562,4.323503017425537,3.6525754928588867,8.516618013381958,0.23844146728515625,0.152557373046875,3.671396017074585
5,29,20.671154737472534,-120.13531036376953,0.9998999834060669,0.20404334366321564,0.43832287192344666,0.3882127106189728,16.896726608276367,4.2940239906311035,3.7743070125579834,8.560006856918335,0.23780584335327148,0.15126633644104004,3.5708107948303223
5,30,21.117703914642334,-145.3455017089844,0.9998999834060669,0.39199620485305786,0.3257012367248535,0.38791772723197937,17.458258390426636,4.43006157875061,3.659318208694458,8.95888876914978,0.23723626136779785,0.1520528793334961,3.596234083175659
6,1,6.257457733154297,-0.0004000663757324219,0.9998999834060669,0.9998999834060669,9.999999747378752e-05,9.999999747378752e-05,4.889697074890137,1.4989562034606934,1.367722749710083,1.7860372066497803,0.11282539367675781,0.08121132850646973,1.3667948246002197
6,2,5.412389278411865,-0.0004000663757324219,0.9998999834060669,9.999999747378752e-05,9.999999747378752e-05,0.9998999834060669,4.036546468734741,1.5061633586883545,1.375807523727417,0.9085283279418945,0.11400008201599121,0.08220458030700684,1.3797492980957031
6,3,5.461132764816284,-0.0004000663757324219,0.9998999834060669,9.999999747378752e-05,9.999999747378752e-05,0.9998999834060669,4.031027555465698,1.4998977184295654,1.430070161819458,0.9059364795684814,0.11487960815429688,0.08179688453674316,1.3830821514129639
6,4,5.408083915710449,-0.0004000663757324219,0.9998999834060669,9.999999747378752e-05,9.999999747378752e-05,0.9998999834060669,4.065275430679321,1.5168869495391846,1.3427700996398926,0.9282016754150391,0.11513757705688477,0.08247494697570801,1.3767662048339844
6,5,5.953780889511108,-0.0004000663757324219,9.999999747378752e-05,0.9998999834060669,9.999999747378752e-05,9.999999747378752e-05,4.622558116912842,1.4911813735961914,1.3311882019042969,1.5085375308990479,0.11471748352050781,0.08272695541381836,1.379951000213623
6,6,6.256466388702393,-0.0004000663757324219,0.9998999834060669,9.999999747378752e-05,0.9998999834060669,9.999999747378752e-05,4.900933504104614,1.5042695999145508,1.3554985523223877,1.776932716369629,0.1140902042388916,0.08175086975097656,1.3788416385650635
6,7,5.355942249298096,-0.0004000663757324219,0.9998999834060669,9.999999747378752e-05,9.999999747378752e-05,0.9998999834060669,4.025792598724365,1.4989898204803467,1.3301165103912354,0.9068677425384521,0.11401224136352539,0.08208751678466797,1.3782782554626465
6,8,5.359292507171631,-0.0004000663757324219,0.9998999834060669,9.999999747378752e-05,9.999999747378752e-05,0.9998999834060669,4.03169846534729,1.5080056190490723,1.327559232711792,0.9056925773620605,0.1134939193725586,0.08220648765563965,1.3767764568328857
6,9,5.5039331912994385,-0.0004000663757324219,0.9998999834060669,9.999999747378752e-05,9.999999747378752e-05,0.9998999834060669,4.028900384902954,1.5033366680145264,1.4749934673309326,0.907135009765625,0.11353278160095215,0.0824427604675293,1.37687349319458
6,10,5.408726453781128,-0.0004000663757324219,0.9998999834060669,9.999999747378752e-05,9.999999747378752e-05,0.9998999834060669,4.024499177932739,1.5022051334381104,1.3841938972473145,0.9061377048492432,0.11402225494384766,0.08250212669372559,1.3743362426757812
6,11,5.38112735748291,-0.0004000663757324219,0.9998999834060669,9.999999747378752e-05,9.999999747378752e-05,0.9998999834060669,4.016284942626953,1.493812084197998,1.3648076057434082,0.9061267375946045,0.11401033401489258,0.08185529708862305,1.3749489784240723
6,12,6.2530601024627686,-0.0004000663757324219,0.9998999834060669,9.999999747378752e-05,0.9998999834060669,9.999999747378752e-05,4.89630126953125,1.5070111751556396,1.3567266464233398,1.771249532699585,0.11352372169494629,0.08165454864501953,1.3777966499328613
6,13,6.235352516174316,-0.0004000663757324219,0.9998999834060669,0.9998999834060669,9.999999747378752e-05,9.999999747378752e-05,4.867097616195679,1.5003187656402588,1.368208408355713,1.7525622844696045,0.11400294303894043,0.08229541778564453,1.3732590675354004
6,14,4.879359245300293,0.0,0.8999999761581421,0.699999988079071,0.5,0.20000000298023224,3.488333225250244,1.2738490104675293,1.3909931182861328,0.600527286529541,0.11316084861755371,0.081756591796875,1.3755214214324951
6,15,4.8756654262542725,0.0,0.8999999761581421,0.699999988079071,0.5,0.20000000298023224,3.50752592086792,1.2800545692443848,1.3681013584136963,0.6121165752410889,0.11378264427185059,0.08313488960266113,1.3745379447937012
6,16,11.318304300308228,0.0,0.8999999761581421,0.699999988079071,0.5,0.20000000298023224,7.627909898757935,2.680685520172119,3.6903014183044434,0.9372093677520752,0.23210501670837402,0.14111661911010742,3.559689998626709
6,17,11.358880519866943,0.0,0.8999999761581421,0.699999988079071,0.5,0.20000000298023224,7.689509868621826,2.694779872894287,3.6692683696746826,0.957181453704834,0.23480916023254395,0.1429126262664795,3.5824832916259766
6,18,12.500203609466553,-0.0004000663757324219,0.9998999834060669,9.999999747378752e-05,9.999999747378752e-05,0.9998999834060669,8.841466665267944,3.2944672107696533,3.6586177349090576,1.4712660312652588,0.23836469650268555,0.15399551391601562,3.5963246822357178
6,19,11.529654741287231,0.0,0.8999999761581421,0.699999988079071,0.5,0.20000000298023224,7.774214506149292,2.7351696491241455,3.7553083896636963,0.9567000865936279,0.23253321647644043,0.14388799667358398,3.629098892211914
6,20,13.809163570404053,-0.0004000663757324219,0.9998999834060669,0.9998999834060669,9.999999747378752e-05,9.999999747378752e-05,10.123927593231201,3.151888608932495,3.685136318206787,2.9450695514678955,0.23507952690124512,0.1436159610748291,3.5681161880493164
6,21,13.704513311386108,-0.0004000663757324219,0.9998999834060669,0.9998999834060669,9.999999747378752e-05,9.999999747378752e-05,9.98643684387207,3.159982442855835,3.717965602874756,2.772901773452759,0.23657917976379395,0.14612150192260742,3.589052677154541
6,22,13.864890098571777,-0.0004000663757324219,0.9998999834060669,9.999999747378752e-05,0.9998999834060669,9.999999747378752e-05,10.119316339492798,3.253321886062622,3.74545955657959,2.8273301124572754,0.2391655445098877,0.1486680507659912,3.5698883533477783
6,23,13.79734992980957,-0.0004000663757324219,0.9998999834060669,9.999999747378752e-05,0.9998999834060669,9.999999747378752e-05,10.089533805847168,3.157794952392578,3.707698106765747,2.8261332511901855,0.24182629585266113,0.1430492401123047,3.6400368213653564
6,24,13.660338640213013,-0.0004000663757324219,0.9998999834060669,0.9998999834060669,9.999999747378752e-05,9.999999747378752e-05,9.949161767959595,3.14237380027771,3.711042642593384,2.7843384742736816,0.23154807090759277,0.1434473991394043,3.5673272609710693
6,25,13.813154935836792,-0.0004000663757324219,0.9998999834060669,0.9998999834060669,9.999999747378752e-05,9.999999747378752e-05,10.135164976119995,3.187411069869995,3.6778597831726074,2.7784674167633057,0.23518800735473633,0.14569401741027832,3.7062795162200928
6,26,11.317877769470215,0.0,0.8999999761581421,0.699999988079071,0.5,0.20000000298023224,7.659365653991699,2.692154884338379,3.658405065536499,0.9380335807800293,0.23165321350097656,0.14235186576843262,3.5773632526397705
6,27,13.856679439544678,-0.0004000663757324219,0.9998999834060669,9.999999747378752e-05,0.9998999834060669,9.999999747378752e-05,10.13813829421997,3.199216365814209,3.7183563709259033,2.8348214626312256,0.23337602615356445,0.14594006538391113,3.642483949661255
6,28,11.532988548278809,0.0,0.8999999761581421,0.699999988079071,0.5,0.20000000298023224,7.831514835357666,2.7019290924072266,3.7013561725616455,0.9112329483032227,0.2355048656463623,0.14157509803771973,3.7637972831726074
6,29,12.474570512771606,-0.0004000663757324219,0.9998999834060669,9.999999747378752e-05,9.999999747378752e-05,0.9998999834060669,8.753034114837646,3.1931498050689697,3.721421957015991,1.4641990661621094,0.23684453964233398,0.14554786682128906,3.632594108581543
6,30,11.372405767440796,0.0,0.8999999761581421,0.699999988079071,0.5,0.20000000298023224,7.692046165466309,2.7230536937713623,3.680262565612793,0.954627513885498,0.23540043830871582,0.1407473087310791,3.562605142593384
7,1,9.016690015792847,-63.90918807983398,0.9998999834060669,0.30694475769996643,0.20925968885421753,0.24258054792881012,7.6839940547943115,2.067634105682373,1.3326618671417236,3.9908502101898193,0.11483073234558105,0.08398151397705078,1.381485939025879
7,2,9.205193042755127,-66.01907196044922,0.9998999834060669,0.26841890811920166,0.22989201545715332,0.2805316746234894,7.795989513397217,2.067610502243042,1.4091696739196777,4.10541844367981,0.11407208442687988,0.08365964889526367,1.380237340927124
7,3,9.310413599014282,-62.59288635253906,0.6829797029495239,0.490950345993042,0.5665462613105774,0.3076910972595215,7.93523097038269,1.93825101852417,1.3751490116119385,4.371656894683838,0.11513018608093262,0.0834951400756836,1.382197618484497
7,4,8.785458326339722,-55.9015453338623,0.9166967272758484,0.21356461942195892,0.45810016989707947,0.49428439140319824,7.423977613449097,1.9425406455993652,1.3614468574523926,3.856797933578491,0.11513090133666992,0.08395648002624512,1.3802766799926758
7,5,9.220377922058105,-57.579040145874025,0.9998999834060669,0.30478593707084656,0.38596516847610474,0.4190959930419922,7.870815277099609,1.928267002105713,1.3495216369628906,4.315702438354492,0.11530280113220215,0.08429956436157227,1.3820536136627197
7,6,10.068471193313599,-55.610966491699216,0.9998999834060669,0.37573978304862976,0.45545342564582825,0.2595764696598053,8.684068202972412,1.9213545322418213,1.3843607902526855,5.1332478523254395,0.11457991600036621,0.0841054916381836,1.3857743740081787
7,7,14.079822778701782,-65.32863502502441,0.9998999834060669,0.24858807027339935,0.23042406141757965,0.3003608286380768,7.190092086791992,2.087378740310669,6.889695644378662,3.463993787765503,0.11398649215698242,0.08453035354614258,1.3949930667877197
7,8,11.403818845748901,-53.48670616149902,0.9998999834060669,0.24153748154640198,0.42966416478157043,0.4116996228694916,7.9131104946136475,2.0052144527435303,3.490673542022705,4.2732086181640625,0.11557698249816895,0.08733177185058594,1.3847682476043701
7,9,10.93644404411316,-50.63749771118164,0.9998999834060669,0.2999662756919861,0.26807716488838196,0.5132573843002319,7.641005277633667,1.9242832660675049,3.295400857925415,4.091683864593506,0.11392569541931152,0.08329105377197266,1.3832483291625977
7,10,10.670385837554932,-51.95261650085449,0.9998999834060669,0.3506163954734802,0.19281774759292603,0.5316570401191711,7.405627727508545,1.9304587841033936,3.2647171020507812,3.8590657711029053,0.11404895782470703,0.08328676223754883,1.3739042282104492
7,11,10.771896839141846,-50.79580917358398,0.9998999834060669,0.36376410722732544,0.2408701479434967,0.4262600839138031,7.396865606307983,1.9240901470184326,3.3749947547912598,3.855332374572754,0.1124725341796875,0.08346295356750488,1.376966953277588
7,12,10.828721284866333,-52.12801322937012,0.9998999834060669,0.19856806099414825,0.3644777238368988,0.5192393064498901,7.5373570919036865,1.9285612106323242,3.291332244873047,3.996156930923462,0.11296749114990234,0.08388018608093262,1.3710899353027344
7,13,11.257002115249634,-66.36544303894043,0.9998999834060669,0.23605214059352875,0.28019270300865173,0.2578238844871521,7.964842796325684,2.077965497970581,3.2921242713928223,4.268874168395996,0.11362314224243164,0.08350467681884766,1.3760182857513428
7,14,10.687145471572876,-61.73481788635254,0.9998999834060669,0.27061018347740173,0.20105157792568207,0.2716619372367859,7.42445182800293,2.0662691593170166,3.2626585960388184,3.746958017349243,0.11253523826599121,0.08329582214355469,1.3710920810699463
7,15,11.888258218765259,-52.43745040893555,0.9998999834060669,0.37496012449264526,0.307047575712204,0.3764878511428833,8.1811683177948,1.9124517440795898,3.7070512771606445,4.664021015167236,0.11117076873779297,0.08223652839660645,1.3674755096435547
7,16,19.127025604248047,-78.0468032836914,0.9119754433631897,0.3261067271232605,0.3333342969417572,0.22753898799419403,15.378090143203735,4.314943313598633,3.7488210201263428,7.003095865249634,0.23938202857971191,0.15163969993591309,3.5844998359680176
7,17,17.924025297164917,-67.55666961669922,0.9998999834060669,0.2630836069583893,0.1971205323934555,0.3072406053543091,14.181309938430786,4.363528251647949,3.7426040172576904,5.7357261180877686,0.23974275588989258,0.15216994285583496,3.605693817138672
7,18,18.932576894760132,-56.21643409729004,0.9998999834060669,0.3217521607875824,0.3523470163345337,0.43597039580345154,15.298973798751831,4.065148830413818,3.633490800857544,7.0976786613464355,0.2397167682647705,0.15187668800354004,3.659902334213257
7,19,18.036824464797974,-67.9719612121582,0.9998999834060669,0.21897552907466888,0.21321536600589752,0.34103548526763916,14.354546070098877,4.293111562728882,3.6821632385253906,6.017284154891968,0.23563241958618164,0.15161800384521484,3.573298692703247
7,20,19.35078477859497,-68.27099075317383,0.9998999834060669,0.30377012491226196,0.2228173315525055,0.253345251083374,15.670748233795166,4.298057556152344,3.679910659790039,7.329315662384033,0.23706912994384766,0.152116060256958,3.5685555934906006
7,21,18.72622275352478,-66.56734809875488,0.9998999834060669,0.27620434761047363,0.26506200432777405,0.21862325072288513,15.070515871047974,4.30499529838562,3.6555821895599365,6.721980571746826,0.23522520065307617,0.1514451503753662,3.5738883018493652
7,22,18.775479555130005,-58.30391273498535,0.9998999834060669,0.37233635783195496,0.35527196526527405,0.38573554158210754,15.066569089889526,4.084725856781006,3.7087855339050293,6.938712120056152,0.23579072952270508,0.1502988338470459,3.5733513832092285
7,23,19.480022192001343,-73.31702728271485,0.9563325643539429,0.3613554835319519,0.3110438883304596,0.19048720598220825,15.76100778579712,4.300705432891846,3.718888998031616,7.416150093078613,0.23288965225219727,0.15096306800842285,3.5753610134124756
7,24,18.92046332359314,-59.179501342773435,0.9998999834060669,0.4292293190956116,0.07425973564386368,0.2714479863643646,15.208365440368652,4.419535160064697,3.7119805812835693,6.726043701171875,0.23696184158325195,0.15299606323242188,3.5882411003112793
7,25,18.773748874664307,-67.67351760864258,0.9998999834060669,0.30180394649505615,0.2529136836528778,0.22756165266036987,15.14858078956604,4.272794485092163,3.6250386238098145,6.816990613937378,0.23995590209960938,0.15012669563293457,3.5855205059051514
7,26,17.98463463783264,-52.40915145874023,0.9998999834060669,0.20284545421600342,0.3604204058647156,0.5325072407722473,14.304607391357422,3.9906563758850098,3.6798923015594482,6.253964185714722,0.23545193672180176,0.15033411979675293,3.5904340744018555
7,27,18.21990442276001,-67.4271011352539,0.9998999834060669,0.29183757305145264,0.19468872249126434,0.2905043363571167,14.455954551696777,4.32979154586792,3.7638235092163086,6.0831568241119385,0.23571491241455078,0.1512291431427002,3.5735390186309814
7,28,19.004004955291748,-70.12170944213867,0.9998999834060669,0.2746397852897644,0.2567916810512543,0.2613987922668457,15.331385374069214,4.349294424057007,3.672457218170166,6.80961799621582,0.2381916046142578,0.15265774726867676,3.6962544918060303
7,29,18.71199083328247,-67.06733779907226,0.9998999834060669,0.3006972074508667,0.22513504326343536,0.2397489845752716,15.058484315872192,4.32163143157959,3.653390884399414,6.694062232971191,0.23456501960754395,0.1523878574371338,3.5717012882232666
7,30,18.213793992996216,-49.283302307128906,0.9998999834060669,0.2634485960006714,0.2532009184360504,0.5279861688613892,14.499699592590332,4.168292999267578,3.7139172554016113,6.2350544929504395,0.2378065586090088,0.16290044784545898,3.6019346714019775
8,1,12.937906742095947,-491.1698516845703,0.9998999834060669,0.23079299926757812,0.32050684094429016,0.3850364089012146,9.67677927017212,2.36472225189209,3.26108455657959,5.690744400024414,0.1135866641998291,0.08404231071472168,1.378464937210083
8,2,12.82521677017212,-505.0696746826172,0.9998999834060669,0.19441592693328857,0.34830132126808167,0.4052714705467224,9.590245962142944,2.368464231491089,3.234936237335205,5.601265907287598,0.1133577823638916,0.08344817161560059,1.37876558303833
8,3,12.94636869430542,-530.5925903320312,0.975390613079071,0.22450529038906097,0.3643531799316406,0.39111870527267456,9.666958808898926,2.385014772415161,3.2793760299682617,5.419297933578491,0.11316180229187012,0.0842587947845459,1.6198391914367676
8,4,11.308280229568481,-483.7728668212891,0.9998999834060669,0.20339053869247437,0.3441619277000427,0.3910355269908905,9.883144617080688,2.3586652278900146,1.425095558166504,5.903778791427612,0.11317944526672363,0.08355355262756348,1.3788037300109863
8,5,11.210893392562866,-508.5770233154297,0.9998999834060669,0.22083574533462524,0.37667378783226013,0.3424763083457947,9.917346000671387,2.3343007564544678,1.2935123443603516,5.97379732131958,0.11129236221313477,0.081634521484375,1.3722202777862549
8,6,11.061202764511108,-490.0857177734375,0.9998999834060669,0.2037706971168518,0.3515101969242096,0.3831636309623718,9.742623090744019,2.344343423843384,1.3185393810272217,5.775769948959351,0.11359930038452148,0.08321952819824219,1.3802666664123535
8,7,10.75133228302002,-467.8740234375,0.9998999834060669,0.1803216189146042,0.3034398853778839,0.4256618916988373,9.441474437713623,2.343322515487671,1.3098220825195312,5.478837966918945,0.11351132392883301,0.08397722244262695,1.3765068054199219
8,8,10.612239360809326,-486.66977844238284,0.9998999834060669,0.236405611038208,0.2607634365558624,0.4344615042209625,9.159504413604736,2.364407777786255,1.452700138092041,5.174050807952881,0.1136176586151123,0.08422589302062988,1.3776507377624512
8,9,11.195083618164062,-485.17734680175784,0.9998999834060669,0.19666461646556854,0.3521334230899811,0.387368768453598,9.895477533340454,2.358316421508789,1.2995681762695312,5.915979623794556,0.11322808265686035,0.08407855033874512,1.3786556720733643
8,10,10.79330825805664,-511.701123046875,0.9998999834060669,0.24195434153079987,0.34327462315559387,0.35698872804641724,9.446609020233154,2.336810827255249,1.3466589450836182,5.495183229446411,0.1123051643371582,0.08284115791320801,1.375305414199829
8,11,10.860767364501953,-486.09215087890624,0.9998999834060669,0.20015598833560944,0.3072921633720398,0.42465904355049133,9.542710542678833,2.360565423965454,1.318021535873413,5.563152074813843,0.11324405670166016,0.0833590030670166,1.3772716522216797
8,12,10.887154340744019,-508.0107482910156,0.9998999834060669,0.20180998742580414,0.3358753025531769,0.4121555984020233,9.537869215011597,2.356658697128296,1.3492498397827148,5.560379981994629,0.11329412460327148,0.08375287055969238,1.378119707107544
8,13,10.627061367034912,-502.7688049316406,0.9998999834060669,0.19689208269119263,0.32971835136413574,0.4121919572353363,9.15753436088562,2.359658718109131,1.4694900512695312,5.17896580696106,0.11334967613220215,0.08345341682434082,1.377168893814087
8,14,11.199820041656494,-558.2589477539062,0.9135144352912903,0.3182009756565094,0.3894300162792206,0.32576289772987366,9.86995005607605,2.3728883266448975,1.329834222793579,5.875441551208496,0.11306452751159668,0.08440351486206055,1.3791253566741943
8,15,10.602774858474731,-534.4556213378906,0.9551711678504944,0.23940016329288483,0.35640832781791687,0.3944755494594574,9.156109809875488,2.3418047428131104,1.446617841720581,5.195531129837036,0.11332082748413086,0.08323907852172852,1.3768908977508545
8,16,22.81833815574646,-520.44990234375,0.9998999834060669,0.23432345688343048,0.35393184423446655,0.3619821071624756,19.041120290756226,4.940326452255249,3.777017593383789,9.942822933197021,0.24264883995056152,0.15328264236450195,3.675300359725952
8,17,22.821732997894287,-495.4236633300781,0.9998999834060669,0.21857702732086182,0.3597501814365387,0.3642237186431885,19.050390481948853,4.9212965965271,3.77121901512146,9.897635459899902,0.2426929473876953,0.15407204627990723,3.7457315921783447
8,18,23.263702869415283,-518.5671478271485,0.9796538352966309,0.25477150082588196,0.38563820719718933,0.3307257294654846,19.498459339141846,4.883172035217285,3.7650883197784424,10.478647947311401,0.2408759593963623,0.14974737167358398,3.661681890487671
8,19,21.94848918914795,-495.33970031738284,0.9998999834060669,0.22750821709632874,0.32261040806770325,0.38671427965164185,18.245312690734863,4.893640995025635,3.703019857406616,9.199119806289673,0.23688173294067383,0.15325641632080078,3.6764914989471436
8,20,22.560224533081055,-495.28069458007815,0.9998999834060669,0.16094259917736053,0.40575751662254333,0.380182683467865,18.900227308273315,4.8573057651519775,3.659877061843872,9.992860794067383,0.2335987091064453,0.14824986457824707,3.585805654525757
8,21,23.01559805870056,-493.37774353027345,0.9998999834060669,0.26698246598243713,0.3359105587005615,0.33696481585502625,19.383044719696045,4.879356384277344,3.6324450969696045,10.450962781906128,0.2327439785003662,0.15183758735656738,3.5841610431671143
8,22,22.257718086242676,-497.0068664550781,0.9998999834060669,0.20170651376247406,0.34113436937332153,0.40088826417922974,18.600188970565796,4.9375693798065186,3.657409191131592,9.592836380004883,0.23906803131103516,0.15352725982666016,3.591625452041626
8,23,22.580559253692627,-523.1320098876953,0.9998999834060669,0.25098562240600586,0.3440554141998291,0.3655729591846466,18.92504620552063,4.86959433555603,3.6553754806518555,10.005028009414673,0.23548507690429688,0.15088129043579102,3.579542398452759
8,24,23.34767770767212,-524.7207763671875,0.9879822731018066,0.24081726372241974,0.35780128836631775,0.36673030257225037,19.685201168060303,4.881442070007324,3.662365674972534,10.761580228805542,0.2336268424987793,0.14909076690673828,3.576978921890259
8,25,22.45589280128479,-528.3971069335937,0.9672197699546814,0.2715838849544525,0.3842935562133789,0.32373046875,18.741044282913208,4.908401250839233,3.714728832244873,9.696120500564575,0.2375798225402832,0.150848388671875,3.6646370887756348
8,26,22.45689606666565,-516.3378814697265,0.9998999834060669,0.26188960671424866,0.34327617287635803,0.33948561549186707,18.761895418167114,4.870879888534546,3.6948862075805664,9.833030700683594,0.23601436614990234,0.15153813362121582,3.5858614444732666
8,27,22.718387126922607,-503.4871337890625,0.9998999834060669,0.2352798581123352,0.32661548256874084,0.38046520948410034,19.021338939666748,4.892333269119263,3.6969311237335205,10.069677114486694,0.2371981143951416,0.15263795852661133,3.5846588611602783
8,28,22.813374996185303,-514.7798858642578,0.9998999834060669,0.24621641635894775,0.3446144461631775,0.3550175428390503,19.05670189857483,4.923541307449341,3.756556510925293,10.051339387893677,0.24109196662902832,0.15217971801757812,3.602461814880371
8,29,22.46706461906433,-506.99973449707034,0.9998999834060669,0.21926386654376984,0.3445781469345093,0.37907302379608154,18.83756136894226,4.877238750457764,3.6293554306030273,9.91456413269043,0.23540782928466797,0.14881587028503418,3.5772459506988525
8,30,21.730703115463257,-525.8899169921875,0.9519947171211243,0.23866824805736542,0.34038782119750977,0.40529173612594604,18.077754020690918,4.9329071044921875,3.6528255939483643,9.075855255126953,0.2406330108642578,0.15280365943908691,3.589682102203369
9,1,12.365476846694946,-1498.38349609375,0.9998999834060669,0.2939273715019226,0.33689284324645996,0.3906175494194031,11.03686237335205,2.5356662273406982,1.3285744190216064,6.875286817550659,0.11365771293640137,0.08528828620910645,1.381664514541626
9,2,12.256893873214722,-1486.7445922851562,0.9998999834060669,0.2772047817707062,0.3542790710926056,0.39247143268585205,10.90527081489563,2.5048561096191406,1.35158371925354,6.772991180419922,0.1150968074798584,0.08483695983886719,1.3821516036987305
9,3,13.103950500488281,-1512.1383911132812,0.9998999834060669,0.3487931191921234,0.3677493631839752,0.3217849135398865,11.773079633712769,2.5218398571014404,1.33082914352417,7.626606225967407,0.11359286308288574,0.08547329902648926,1.3798365592956543
9,4,12.676108837127686,-1443.131884765625,0.9998999834060669,0.2783704996109009,0.32292836904525757,0.42214590311050415,11.337872505187988,2.498713254928589,1.3381941318511963,7.211263418197632,0.11345934867858887,0.08472394943237305,1.3843178749084473
9,5,12.761294841766357,-1482.1158935546875,0.9998999834060669,0.2949792742729187,0.34228432178497314,0.38173770904541016,11.439963102340698,2.520885467529297,1.321289300918579,7.295109510421753,0.11358451843261719,0.08460164070129395,1.3802711963653564
9,6,12.464799880981445,-1496.2597900390624,0.9998999834060669,0.2866203784942627,0.32976871728897095,0.40856704115867615,11.105853796005249,2.5159173011779785,1.3589048385620117,6.965600490570068,0.11408424377441406,0.0844724178314209,1.3807694911956787
9,7,12.872680187225342,-1472.63701171875,0.9998999834060669,0.3085947632789612,0.3597954213619232,0.3600105941295624,11.539713382720947,2.5324201583862305,1.3329310417175293,7.377134323120117,0.11548304557800293,0.08415818214416504,1.3850245475769043
9,8,12.447930097579956,-1541.1068359375,0.9766049981117249,0.3225158154964447,0.37369441986083984,0.3612543046474457,11.128294467926025,2.516674041748047,1.3195927143096924,6.987979888916016,0.11353445053100586,0.08443307876586914,1.3804945945739746
9,9,12.266950368881226,-1464.3789184570312,0.9998999834060669,0.2861325740814209,0.3247382640838623,0.4072636365890503,10.877463579177856,2.4977731704711914,1.3894460201263428,6.758028030395508,0.11316466331481934,0.08394241333007812,1.3793928623199463
9,10,12.62690806388855,-1465.9261840820313,0.9998999834060669,0.30268338322639465,0.3323889672756195,0.39267995953559875,11.266846418380737,2.5026676654815674,1.3600199222564697,7.145427703857422,0.11316347122192383,0.08384394645690918,1.3767242431640625
9,11,12.863502740859985,-1544.0840209960938,0.9690649509429932,0.3149884343147278,0.397403359413147,0.34534645080566406,11.521565914154053,2.5095489025115967,1.3418924808502197,7.388031959533691,0.11304354667663574,0.08478260040283203,1.3810818195343018
9,12,12.697143077850342,-1488.475830078125,0.9998999834060669,0.3111216425895691,0.3281629681587219,0.38001352548599243,11.382404804229736,2.5000643730163574,1.3146979808807373,7.260136127471924,0.11355853080749512,0.08376955986022949,1.3799114227294922
9,13,12.80121111869812,-1524.9834716796875,0.982501208782196,0.3059379756450653,0.3792753219604492,0.3447522819042206,11.459355592727661,2.4953596591949463,1.3418207168579102,7.34011435508728,0.11292123794555664,0.08422064781188965,1.3813695907592773
9,14,13.107231616973877,-1512.340576171875,0.9968554973602295,0.3084813058376312,0.3746991455554962,0.3446827530860901,11.669368743896484,2.5024755001068115,1.4378178119659424,7.544152498245239,0.11342811584472656,0.08484983444213867,1.3786582946777344
9,15,12.404778480529785,-1506.134423828125,0.9998999834060669,0.3027034103870392,0.3356134295463562,0.38472381234169006,11.094702005386353,2.5136263370513916,1.31003999710083,6.956993579864502,0.11438512802124023,0.08528995513916016,1.3792519569396973
9,16,24.56100368499756,-1498.3761474609375,0.9998999834060669,0.2683805525302887,0.36907926201820374,0.38459035754203796,20.816707849502563,5.189642667770386,3.744173288345337,11.563602447509766,0.23635268211364746,0.15222382545471191,3.5915470123291016
9,17,25.1907958984375,-1456.7841064453125,0.9998999834060669,0.2956153452396393,0.35808616876602173,0.3651205599308014,21.488193035125732,5.201184272766113,3.702479124069214,12.10420536994934,0.2411339282989502,0.1555166244506836,3.700932025909424
9,18,24.115009784698486,-1501.949169921875,0.9967621564865112,0.2831594944000244,0.3490237891674042,0.3900570571422577,20.461291313171387,5.201461553573608,3.6536099910736084,11.188560485839844,0.23645877838134766,0.15395045280456543,3.5949528217315674
9,19,24.26950240135193,-1480.7299926757812,0.9998999834060669,0.3028225004673004,0.3245658576488495,0.39085474610328674,20.52035093307495,5.208876848220825,3.7490034103393555,11.25058913230896,0.23571157455444336,0.15235137939453125,3.589118242263794
9,20,24.713452577590942,-1476.4383911132813,0.9998999834060669,0.31610995531082153,0.31987419724464417,0.38319727778434753,21.00351595878601,5.425798177719116,3.709817886352539,11.429187059402466,0.23985075950622559,0.15872931480407715,3.660332441329956
9,21,24.52854323387146,-1476.2384887695312,0.9998999834060669,0.2871459722518921,0.3235775828361511,0.4041580855846405,20.844990968704224,5.600338697433472,3.6834442615509033,11.005272388458252,0.24813032150268555,0.16976547241210938,3.7276792526245117
9,22,25.76128888130188,-1454.46455078125,0.9998999834060669,0.29543906450271606,0.34750601649284363,0.37797534465789795,22.10213041305542,5.247907876968384,3.6590404510498047,12.785719871520996,0.23865389823913574,0.1564466953277588,3.5870842933654785
9,23,24.76055335998535,-1493.2392456054688,0.9933615922927856,0.28490227460861206,0.36911067366600037,0.3728717863559723,21.09413194656372,5.253624200820923,3.666300058364868,11.758632898330688,0.24294781684875488,0.15609145164489746,3.596614360809326
9,24,25.35108995437622,-1495.598486328125,0.9998999834060669,0.2963670492172241,0.35222479701042175,0.37083718180656433,21.570489168167114,5.314988374710083,3.780463695526123,12.200715065002441,0.23794174194335938,0.1547243595123291,3.5773017406463623
9,25,24.54040241241455,-1482.6978393554687,0.9998999834060669,0.3019564747810364,0.3170635998249054,0.40686196088790894,20.851102113723755,5.28225564956665,3.6891822814941406,11.501812934875488,0.24327707290649414,0.15549063682556152,3.5803487300872803
9,26,24.917046308517456,-1474.3521484375,0.9998999834060669,0.3352181315422058,0.30687159299850464,0.3761894702911377,21.216370582580566,5.217298984527588,3.700562000274658,11.924267292022705,0.2400522232055664,0.1532125473022461,3.5957019329071045
9,27,23.944162607192993,-1450.9214599609375,0.9998999834060669,0.2987218201160431,0.3022019863128662,0.4209302067756653,20.282961130142212,5.19073224067688,3.6610934734344482,10.957785606384277,0.23788809776306152,0.15285420417785645,3.6571192741394043
9,28,24.311297178268433,-1471.946240234375,0.9998999834060669,0.2764776647090912,0.3304769694805145,0.4158706068992615,20.537402629852295,5.223183870315552,3.773777484893799,11.255534887313843,0.23403477668762207,0.15485835075378418,3.5836896896362305
9,29,25.012230396270752,-1474.2891723632813,0.9998999834060669,0.2845659554004669,0.3493700623512268,0.38842451572418213,21.25979208946228,5.192022323608398,3.752321720123291,12.018412828445435,0.2387235164642334,0.1519303321838379,3.5737361907958984
9,30,25.000957489013672,-1503.9724853515625,0.9998999834060669,0.3119167387485504,0.34388741850852966,0.3644396960735321,21.337812185287476,5.246979236602783,3.663031816482544,12.025791645050049,0.24004220962524414,0.15381550788879395,3.5866854190826416
10,1,16.58354949951172,-5653.7396484375,0.9998999834060669,0.3270876705646515,0.33392688632011414,0.3050171732902527,13.29398798942566,2.799185037612915,3.2895219326019287,8.858468294143677,0.11476635932922363,0.08787941932678223,1.3880751132965088
10,2,16.67283844947815,-5694.235205078125,0.9998999834060669,0.3270445764064789,0.34251511096954346,0.29982808232307434,13.31178879737854,2.7920496463775635,3.3610031604766846,8.883756160736084,0.11406540870666504,0.08779716491699219,1.3886480331420898
10,3,16.97648572921753,-5695.53662109375,0.9998999834060669,0.3262445330619812,0.35111305117607117,0.29074689745903015,13.710694789886475,2.787055253982544,3.265749454498291,9.286957263946533,0.11397838592529297,0.08756089210510254,1.3898828029632568
10,4,16.809274435043335,-5650.2025390625,0.9998999834060669,0.32968631386756897,0.33292198181152344,0.30173563957214355,13.471548080444336,2.7918508052825928,3.337679147720337,9.049794673919678,0.1151268482208252,0.0874936580657959,1.3817353248596191
10,5,16.77023434638977,-5648.394775390625,0.9998999834060669,0.3323681652545929,0.33490076661109924,0.3004411458969116,13.440786838531494,2.7944114208221436,3.3294084072113037,9.0234854221344,0.1132969856262207,0.08658719062805176,1.3780221939086914
10,6,16.139644622802734,-5809.3376953125,0.9998999834060669,0.33675143122673035,0.3472204804420471,0.28618523478507996,12.855026960372925,2.802175998687744,3.284579038619995,8.428360223770142,0.11369013786315918,0.08718371391296387,1.3783559799194336
10,7,16.53724217414856,-5653.72607421875,0.9998999834060669,0.32553985714912415,0.3414386212825775,0.31439799070358276,13.219037294387817,2.8031253814697266,3.318159580230713,8.786632537841797,0.11462974548339844,0.08773922920227051,1.3818507194519043
10,8,16.37907338142395,-5710.423876953125,0.9998999834060669,0.3199765682220459,0.33502301573753357,0.30854520201683044,13.099650859832764,2.8535454273223877,3.2793757915496826,8.607518196105957,0.11440515518188477,0.08690690994262695,1.3924193382263184
10,9,14.812083721160889,-5683.64990234375,0.9998999834060669,0.33636605739593506,0.34856143593788147,0.283918172121048,13.48850417137146,2.8219149112701416,1.3235349655151367,9.041057586669922,0.11394071578979492,0.0867166519165039,1.3798129558563232
10,10,14.98904538154602,-5650.76298828125,0.9998999834060669,0.33516132831573486,0.34140944480895996,0.30118319392204285,13.625889539718628,2.8038108348846436,1.3631081581115723,9.194034576416016,0.11356759071350098,0.08698773384094238,1.382580041885376
10,11,15.416389465332031,-5721.65654296875,0.9998999834060669,0.33006787300109863,0.35502785444259644,0.28675493597984314,14.0829176902771,2.797664165496826,1.3334314823150635,9.655250310897827,0.11356449127197266,0.08694028854370117,1.3843390941619873
10,12,14.585355520248413,-5762.0998046875,0.9998999834060669,0.3327057361602783,0.3514062762260437,0.2838810086250305,13.272089719772339,2.795529842376709,1.3132233619689941,8.855559587478638,0.11336016654968262,0.08682537078857422,1.375640630722046
10,13,14.95730185508728,-5717.3935546875,0.9998999834060669,0.33268657326698303,0.34885215759277344,0.29390376806259155,13.645774126052856,2.8336050510406494,1.3114826679229736,9.178508758544922,0.1137540340423584,0.08651375770568848,1.388453722000122
10,14,14.703691244125366,-5672.785791015625,0.9998999834060669,0.3251909613609314,0.3552500605583191,0.2905053198337555,13.368480443954468,2.8042449951171875,1.3351666927337646,8.94217300415039,0.11316084861755371,0.08672213554382324,1.377148151397705
10,15,14.875256776809692,-5698.551708984375,0.9998999834060669,0.3367805480957031,0.352835476398468,0.30057257413864136,13.528800249099731,2.7988898754119873,1.346409559249878,9.10051155090332,0.11379265785217285,0.0864713191986084,1.38462495803833
10,16,28.801628828048706,-5728.0650390625,0.9998999834060669,0.33433496952056885,0.34918662905693054,0.2875290513038635,25.059839963912964,5.81252646446228,3.7416274547576904,15.141700267791748,0.23840951919555664,0.1546633243560791,3.6282341480255127
10,17,28.941200017929077,-5690.37216796875,0.9998999834060669,0.33270034193992615,0.34993529319763184,0.28356993198394775,25.278240203857422,5.756606578826904,3.6628236770629883,15.428015232086182,0.23804688453674316,0.15555310249328613,3.6132924556732178
10,18,28.681326866149902,-5654.548388671875,0.9998999834060669,0.3259296715259552,0.346233606338501,0.30194395780563354,25.002570867538452,5.734079122543335,3.6786396503448486,15.116121053695679,0.23956632614135742,0.15529775619506836,3.670804023742676
10,19,29.201618671417236,-5650.24609375,0.9998999834060669,0.3314874470233917,0.3452546000480652,0.298900306224823,25.36448645591736,5.771509170532227,3.837003231048584,15.545839309692383,0.23824119567871094,0.15372848510742188,3.5709919929504395
10,20,28.639893054962158,-5648.889501953125,0.9998999834060669,0.319907546043396,0.35144150257110596,0.3002399504184723,24.985761642456055,5.839158773422241,3.654000997543335,15.065780878067017,0.24001431465148926,0.15967750549316406,3.593583822250366
10,21,28.10211420059204,-5746.65302734375,0.9998999834060669,0.33115386962890625,0.3348793387413025,0.30407899618148804,24.401540279388428,5.77666163444519,3.7004339694976807,14.426117658615112,0.24475479125976562,0.15787172317504883,3.7081730365753174
10,22,28.59141969680786,-5722.22939453125,0.9998999834060669,0.33898234367370605,0.3462809920310974,0.28395435214042664,24.896343231201172,5.759573221206665,3.6949548721313477,15.06795883178711,0.2390275001525879,0.15512704849243164,3.590054988861084
10,23,28.85135817527771,-5685.2484375,0.9998999834060669,0.34145408868789673,0.32885098457336426,0.29316839575767517,25.098650693893433,5.799214124679565,3.752589464187622,15.098222494125366,0.24208736419677734,0.15574097633361816,3.7176246643066406
10,24,28.531813859939575,-5657.26630859375,0.9998999834060669,0.3260706663131714,0.3422205150127411,0.3057468831539154,24.85398030281067,5.8673906326293945,3.677701950073242,14.89905595779419,0.24018025398254395,0.16450238227844238,3.5912985801696777
10,25,28.988669872283936,-5665.287646484375,0.9998999834060669,0.3249239921569824,0.33543694019317627,0.3078148066997528,25.243227243423462,5.759746074676514,3.7453255653381348,15.329334259033203,0.24122071266174316,0.1557447910308838,3.6712281703948975
10,26,28.334475994110107,-5744.414404296875,0.9998999834060669,0.32168030738830566,0.35528793931007385,0.2997744083404541,24.63036274909973,5.720581531524658,3.7039990425109863,14.764881372451782,0.2369840145111084,0.15311312675476074,3.669902801513672
10,27,28.24470353126526,-5712.930224609375,0.9998999834060669,0.3288605809211731,0.3348289728164673,0.3068378269672394,24.565720081329346,5.807837009429932,3.678851366043091,14.629613161087036,0.23808050155639648,0.15533685684204102,3.6484174728393555
10,28,28.67995858192444,-5690.818310546875,0.9998999834060669,0.34171944856643677,0.34165069460868835,0.31221848726272583,24.643110513687134,5.755724191665649,4.0367372035980225,14.812569618225098,0.23800086975097656,0.15647363662719727,3.5933024883270264
10,29,28.656636238098145,-5753.021044921875,0.9998999834060669,0.3334207832813263,0.34270042181015015,0.2956230938434601,24.890746593475342,5.930104732513428,3.765760898590088,14.764763593673706,0.24294376373291016,0.16103386878967285,3.7046618461608887
10,30,28.14985179901123,-5711.972998046875,0.9998999834060669,0.33094823360443115,0.33995968103408813,0.29838114976882935,24.447804927825928,5.77377462387085,3.701911687850952,14.599767684936523,0.23920917510986328,0.15517163276672363,3.594326972961426
11,1,16.67662477493286,-17139.908984375,0.9998999834060669,0.32079824805259705,0.3495253622531891,0.3693704605102539,15.279005527496338,2.965684652328491,1.3975701332092285,10.678415298461914,0.11376547813415527,0.08904409408569336,1.3858757019042969
11,2,16.21234154701233,-17198.2025390625,0.989318311214447,0.32547277212142944,0.3480186462402344,0.3695606291294098,14.852929592132568,2.9426941871643066,1.3593623638153076,10.277433633804321,0.11395120620727539,0.08852553367614746,1.3843803405761719
11,3,16.545440196990967,-17158.909375,0.9998999834060669,0.3227601945400238,0.3427482843399048,0.37131989002227783,15.19474983215332,2.955287218093872,1.350637674331665,10.604642629623413,0.11397433280944824,0.08854985237121582,1.3864495754241943
11,4,16.52101492881775,-17076.8125,0.9998999834060669,0.31305617094039917,0.3452722430229187,0.37160274386405945,15.1784029006958,2.939563751220703,1.3425638675689697,10.613443851470947,0.11297464370727539,0.08805251121520996,1.3778903484344482
11,5,16.28789758682251,-17140.2763671875,0.9998999834060669,0.3224736750125885,0.34864571690559387,0.3717229664325714,14.951732397079468,2.938974142074585,1.336118459701538,10.38086986541748,0.11272072792053223,0.08854365348815918,1.3845913410186768
11,6,16.312146425247192,-17257.232421875,0.9911162853240967,0.327788382768631,0.3473234176635742,0.36645206809043884,14.963508129119873,2.9360477924346924,1.3485934734344482,10.396934032440186,0.11311674118041992,0.08880066871643066,1.3828110694885254
11,7,16.310724020004272,-17175.6630859375,0.9963616728782654,0.3210671842098236,0.3470207750797272,0.36867666244506836,14.968910932540894,2.9431166648864746,1.3417580127716064,10.395763635635376,0.11305880546569824,0.08822965621948242,1.382535457611084
11,8,16.58973264694214,-17189.14765625,0.9998999834060669,0.32148876786231995,0.3486499488353729,0.36286696791648865,15.257036685943604,2.9391849040985107,1.332641839981079,10.680514335632324,0.11412453651428223,0.08948564529418945,1.387411117553711
11,9,16.452551126480103,-17214.285546875,0.9948351383209229,0.3252289593219757,0.34751537442207336,0.36644190549850464,15.037858963012695,2.957301378250122,1.4146456718444824,10.452075004577637,0.11312079429626465,0.08874201774597168,1.3804113864898682
11,10,16.598479986190796,-17179.4984375,0.9976751208305359,0.32496610283851624,0.35004284977912903,0.36291924118995667,15.018328189849854,2.9506895542144775,1.580101728439331,10.435168981552124,0.11402463912963867,0.08786678314208984,1.3841288089752197
11,11,16.410946130752563,-17213.653515625,0.9998999834060669,0.3203578293323517,0.3608410358428955,0.363638311624527,15.051819324493408,2.933605194091797,1.3590748310089111,10.486523389816284,0.11324214935302734,0.08777093887329102,1.385019063949585
11,12,16.970360279083252,-17028.36328125,0.9998999834060669,0.3208337128162384,0.35471028089523315,0.35923758149147034,15.601196050643921,2.947145700454712,1.369114875793457,11.020451068878174,0.11336517333984375,0.08960080146789551,1.3846044540405273
11,13,16.616321086883545,-17006.926171875,0.9998999834060669,0.3132704794406891,0.339570552110672,0.38098272681236267,15.24164891242981,2.942004919052124,1.3746211528778076,10.665555477142334,0.11378955841064453,0.08874034881591797,1.3855111598968506
11,14,17.206486225128174,-17226.26171875,0.9947835803031921,0.3262218236923218,0.35304203629493713,0.36137157678604126,15.827411413192749,3.203261375427246,1.3790013790130615,10.934452295303345,0.13953304290771484,0.096038818359375,1.387037754058838
11,15,18.586405754089355,-17031.319921875,0.9998999834060669,0.3171985149383545,0.3428674340248108,0.37274008989334106,15.271947145462036,2.9518086910247803,3.3144116401672363,10.680838346481323,0.11329245567321777,0.09017443656921387,1.3890957832336426
11,16,32.47625136375427,-17062.143359375,0.9998999834060669,0.3210196793079376,0.34706389904022217,0.36547529697418213,28.602019548416138,5.992759704589844,3.8740713596343994,18.55265974998474,0.23548221588134766,0.1580827236175537,3.578213930130005
11,17,32.25830316543579,-17122.5384765625,0.9998999834060669,0.3151063919067383,0.3465840816497803,0.37460577487945557,28.56334662437439,6.051242113113403,3.6948184967041016,18.261621475219727,0.24506235122680664,0.16016459465026855,3.7543601989746094
11,18,32.33955192565918,-17205.4234375,0.9998999834060669,0.32903751730918884,0.3472074866294861,0.36183154582977295,28.67487144470215,6.047335863113403,3.66452956199646,18.547662258148193,0.23885321617126465,0.15637922286987305,3.5978283882141113
11,19,32.73830842971802,-17258.3638671875,0.9998476505279541,0.33466216921806335,0.35574576258659363,0.34949570894241333,29.018682956695557,6.069322109222412,3.719479560852051,18.873677492141724,0.23959136009216309,0.1603984832763672,3.587916135787964
11,20,32.71318578720093,-17056.5419921875,0.9998999834060669,0.3286552429199219,0.34974175691604614,0.35943925380706787,28.98723340034485,6.029551029205322,3.7258028984069824,18.89388418197632,0.24019694328308105,0.15536737442016602,3.5829837322235107
11,21,32.48128032684326,-17098.98203125,0.9998999834060669,0.31961768865585327,0.3444121181964874,0.3700394928455353,28.704823970794678,6.088918447494507,3.776322603225708,18.464841604232788,0.24109148979187012,0.15950798988342285,3.6603105068206787
11,22,32.37783741950989,-17071.0404296875,0.9998999834060669,0.31788507103919983,0.3451215624809265,0.3699999451637268,28.654483556747437,6.092377662658691,3.7232062816619873,18.426795482635498,0.24347591400146484,0.1602153778076172,3.6431620121002197
11,23,32.476590394973755,-16978.4576171875,0.9998999834060669,0.3112478256225586,0.3493836224079132,0.37076887488365173,28.76684546470642,6.056361436843872,3.7095983028411865,18.6379234790802,0.2354745864868164,0.1560826301574707,3.593794107437134
11,24,32.38198685646057,-17241.721484375,0.9967622756958008,0.32541999220848083,0.34621307253837585,0.36552900075912476,28.66330361366272,6.135617971420288,3.7185466289520264,18.36936926841736,0.24514341354370117,0.16185331344604492,3.659526824951172
11,25,33.08454179763794,-17092.4095703125,0.9998999834060669,0.3256242275238037,0.3504539132118225,0.35672426223754883,29.358694076538086,6.462456464767456,3.7257027626037598,18.66776990890503,0.24678683280944824,0.16591763496398926,3.7226290702819824
11,26,32.525675773620605,-17138.0494140625,0.9998999834060669,0.3164597153663635,0.3503526747226715,0.3674200773239136,28.76885437965393,6.118499040603638,3.7566840648651123,18.560383319854736,0.2412104606628418,0.16022467613220215,3.601222515106201
11,27,32.655086040496826,-17048.7087890625,0.9998999834060669,0.32088378071784973,0.34501320123672485,0.368386834859848,28.903127670288086,6.118351697921753,3.7517995834350586,18.68148112297058,0.23817801475524902,0.16112422943115234,3.6143882274627686
11,28,32.37608790397644,-17048.4236328125,0.9998999834060669,0.32078707218170166,0.3434324860572815,0.36819612979888916,28.640557765960693,6.0780909061431885,3.735391855239868,18.4833402633667,0.23957061767578125,0.15703916549682617,3.5963759422302246
11,29,31.73262310028076,-17115.737109375,0.9998999834060669,0.3163057565689087,0.3462311029434204,0.37889784574508667,28.053060293197632,6.034023761749268,3.679414987564087,17.948262214660645,0.23629283905029297,0.15627622604370117,3.5917720794677734
11,30,32.77183151245117,-17074.04375,0.9998999834060669,0.32654210925102234,0.3468191921710968,0.35953813791275024,29.026539087295532,6.052251577377319,3.7451393604278564,18.87398886680603,0.23693466186523438,0.15813469886779785,3.6171233654022217
12,1,19.412709951400757,-40669.020703125,0.9967324137687683,0.32917365431785583,0.35472995042800903,0.3672909736633301,16.08055543899536,3.0825536251068115,3.332101821899414,11.361755847930908,0.11313867568969727,0.0922391414642334,1.3842501640319824
12,2,20.483715295791626,-40533.204296875,0.9991317391395569,0.329613596200943,0.34893491864204407,0.36821791529655457,17.153193473815918,3.119354486465454,3.3304646015167236,11.605331420898438,0.11362576484680176,0.09391045570373535,2.173412799835205
12,3,19.50104856491089,-40867.01484375,0.9884682893753052,0.33539527654647827,0.359687477350235,0.3619609773159027,16.153513431549072,3.0840229988098145,3.347476005554199,11.42842411994934,0.11360716819763184,0.09207367897033691,1.3886442184448242
12,4,19.39094614982605,-40926.898046875,0.9882556200027466,0.3307434916496277,0.362739235162735,0.3630789816379547,16.110402584075928,3.0940611362457275,3.280484437942505,11.382520914077759,0.1128089427947998,0.09189081192016602,1.3827500343322754
12,5,19.41547703742981,-40509.186328125,0.9986805319786072,0.32608041167259216,0.35070791840553284,0.37108859419822693,16.097221851348877,3.1680374145507812,3.3182013034820557,11.282367467880249,0.11682939529418945,0.09422922134399414,1.387556552886963
12,6,19.952474355697632,-40824.383203125,0.9890187382698059,0.3356829583644867,0.35454654693603516,0.3616533577442169,16.66230297088623,3.087061882019043,3.2901175022125244,11.939197301864624,0.11303257942199707,0.09200000762939453,1.384361743927002
12,7,17.715052604675293,-40638.859765625,0.9979121088981628,0.3346836566925049,0.35208097100257874,0.3627234101295471,16.33332133293152,3.0870258808135986,1.3816709518432617,11.607240438461304,0.11382770538330078,0.09285235404968262,1.3858270645141602
12,8,17.618444204330444,-40342.076171875,0.9998999834060669,0.3215620815753937,0.34830987453460693,0.3775424659252167,16.222960710525513,3.085421085357666,1.3954248428344727,11.497400522232056,0.11312007904052734,0.09337234497070312,1.3869290351867676
12,9,17.876190423965454,-40480.30703125,0.9998999834060669,0.33564838767051697,0.3481607139110565,0.36374950408935547,16.46722674369812,3.0863749980926514,1.4089093208312988,11.743669986724854,0.11303400993347168,0.09200501441955566,1.3857576847076416
12,10,17.603883743286133,-40607.70625,0.9949573874473572,0.33183741569519043,0.3531777858734131,0.3641960620880127,16.219095945358276,3.093874454498291,1.3847367763519287,11.47964596748352,0.11393523216247559,0.0934138298034668,1.3917734622955322
12,11,17.62170386314392,-40371.794921875,0.9998999834060669,0.32978010177612305,0.34986165165901184,0.3677700161933899,16.232325315475464,3.092146396636963,1.3893201351165771,11.493278741836548,0.1147165298461914,0.09253239631652832,1.3925096988677979
12,12,17.61733865737915,-40659.759765625,0.9938935041427612,0.33277708292007446,0.3540133535861969,0.3678629696369171,16.254908084869385,3.1539885997772217,1.362372636795044,11.465427875518799,0.11448001861572266,0.09180569648742676,1.3825814723968506
12,13,17.440881490707397,-40927.025,0.9889909029006958,0.3383620083332062,0.36233577132225037,0.3593607544898987,16.04005527496338,3.0842301845550537,1.4007678031921387,11.318894147872925,0.11320066452026367,0.0924673080444336,1.3847947120666504
12,14,17.71842885017395,-40605.30546875,0.9995574355125427,0.3318544030189514,0.35289672017097473,0.37047359347343445,16.250270128250122,3.0837900638580322,1.468099594116211,11.531135559082031,0.11320853233337402,0.0915982723236084,1.3839080333709717
12,15,17.44539499282837,-40658.819140625,0.9952961802482605,0.3311716616153717,0.3553788661956787,0.36426904797554016,16.085026502609253,3.087178945541382,1.3603107929229736,11.363872528076172,0.11304783821105957,0.09159064292907715,1.38291597366333
12,16,33.280473709106445,-40758.3921875,0.9932204484939575,0.33423343300819397,0.348974347114563,0.3688862919807434,29.33341670036316,6.347342014312744,3.9468770027160645,18.894731044769287,0.23938870429992676,0.158768892288208,3.604444742202759
12,17,32.98023986816406,-40914.190625,0.9874221682548523,0.3341413736343384,0.3588517904281616,0.3661978542804718,29.164705514907837,6.338328838348389,3.8153645992279053,18.73867964744568,0.2368791103363037,0.1595020294189453,3.60459041595459
12,18,32.924394369125366,-40322.725,0.9998999834060669,0.3213290274143219,0.3397825360298157,0.3866042494773865,29.148061513900757,6.341806173324585,3.7761740684509277,18.57305598258972,0.24213337898254395,0.16172385215759277,3.7387962341308594
12,19,32.99869728088379,-40819.403125,0.9900960326194763,0.33616384863853455,0.3556787371635437,0.36595505475997925,29.257126092910767,6.4329774379730225,3.7414190769195557,18.660492181777954,0.23874807357788086,0.1638338565826416,3.672361373901367
12,20,33.09082794189453,-40792.22109375,0.9916223287582397,0.3364661931991577,0.35689032077789307,0.3628658950328827,29.309365272521973,6.348528623580933,3.781304359436035,18.8760027885437,0.2385251522064209,0.16241240501403809,3.5954642295837402
12,21,32.77417850494385,-40648.24921875,0.995136022567749,0.324065238237381,0.35196012258529663,0.37599483132362366,28.928436756134033,6.327925205230713,3.845491409301758,18.43429684638977,0.2359025478363037,0.16053533554077148,3.6817047595977783
12,22,33.499330043792725,-40421.51875,0.9998999834060669,0.3315260410308838,0.3467636704444885,0.3750167787075043,29.73444175720215,6.513566255569458,3.7647171020507812,18.95171356201172,0.24538683891296387,0.163771390914917,3.7690861225128174
12,23,32.96588397026062,-40798.55234375,0.994024932384491,0.33942368626594543,0.3553721606731415,0.3676607310771942,29.210286855697632,6.417788028717041,3.755418300628662,18.71150779724121,0.24088621139526367,0.16321992874145508,3.5874671936035156
12,24,33.03835582733154,-40489.032421875,0.9998999834060669,0.3242393136024475,0.34920817613601685,0.381985068321228,29.091493844985962,6.408386707305908,3.946704864501953,18.5160231590271,0.2387709617614746,0.16491007804870605,3.6710727214813232
12,25,32.67517566680908,-40631.6171875,0.9975885152816772,0.32929888367652893,0.3456864356994629,0.37451380491256714,28.951392650604248,6.350579500198364,3.7236275672912598,18.531012296676636,0.2388160228729248,0.16021156311035156,3.582307815551758
12,26,32.90043258666992,-41001.93125,0.9832993745803833,0.3407716751098633,0.3612843453884125,0.361050546169281,29.119108200073242,6.424347877502441,3.781172037124634,18.590800046920776,0.2421278953552246,0.1653594970703125,3.604626178741455
12,27,33.17555785179138,-40717.875,0.9937408566474915,0.3281954526901245,0.35929372906684875,0.36796292662620544,29.41839861869812,6.402272939682007,3.75699520111084,18.920464277267456,0.24047589302062988,0.1626288890838623,3.6026902198791504
12,28,32.942209243774414,-40926.821875,0.9874034523963928,0.33597537875175476,0.358102411031723,0.36335474252700806,29.177167177200317,6.392017841339111,3.7648885250091553,18.642317533493042,0.23853707313537598,0.15961003303527832,3.6573915481567383
12,29,32.92034459114075,-40623.833203125,0.996677577495575,0.3300747275352478,0.3497147262096405,0.3712420165538788,29.168556690216064,6.358729124069214,3.751624345779419,18.730340719223022,0.23975610733032227,0.16129159927368164,3.590925455093384
12,30,32.98752808570862,-40552.22734375,0.9975140690803528,0.3317584693431854,0.34999191761016846,0.3695763647556305,29.210471630096436,6.330812692642212,3.77690052986145,18.743133306503296,0.23780155181884766,0.16054725646972656,3.650845766067505
13,1,19.684088945388794,-96410.6984375,0.9740431308746338,0.3519040048122406,0.37598609924316406,0.35632577538490295,18.20733904838562,3.212599039077759,1.4766979217529297,13.349560499191284,0.11307811737060547,0.10051083564758301,1.385010004043579
13,2,19.526716232299805,-96650.92890625,0.9701230525970459,0.35259971022605896,0.37229686975479126,0.36222711205482483,18.061574459075928,3.2252426147460938,1.4650630950927734,13.095072269439697,0.11380505561828613,0.10169315338134766,1.4785797595977783
13,3,19.681020259857178,-95811.071875,0.9806427359580994,0.34381669759750366,0.36563682556152344,0.36529219150543213,18.231550455093384,3.226478338241577,1.4493896961212158,13.270294427871704,0.11259579658508301,0.10137009620666504,1.4731340408325195
13,4,19.49316906929016,-96351.25859375,0.9731143712997437,0.3469216525554657,0.36847734451293945,0.36036384105682373,18.01991891860962,3.2103023529052734,1.4731948375701904,13.157070398330688,0.11367011070251465,0.09938931465148926,1.3925936222076416
13,5,19.51918125152588,-96184.5484375,0.9764337539672852,0.3477116525173187,0.37070953845977783,0.3635999262332916,18.065929651260376,3.233607769012451,1.4531993865966797,13.188652515411377,0.11273384094238281,0.09915018081665039,1.3850059509277344
13,6,19.95146083831787,-95934.42890625,0.9800768494606018,0.34658509492874146,0.3704279065132141,0.36080241203308105,18.53547239303589,3.238618850708008,1.4159326553344727,13.647878885269165,0.11244893074035645,0.10028648376464844,1.3891334533691406
13,7,19.732841968536377,-96024.9125,0.9791470170021057,0.3439520597457886,0.36974218487739563,0.36567580699920654,18.091158151626587,3.237635612487793,1.6416339874267578,13.20833706855774,0.11277198791503906,0.09931612014770508,1.3858635425567627
13,8,19.855672359466553,-96326.8953125,0.9766482710838318,0.35241734981536865,0.37011903524398804,0.36165252327919006,18.449127912521362,3.2225394248962402,1.40647292137146,13.493107557296753,0.11262941360473633,0.1006019115447998,1.4724621772766113
13,9,19.830407857894897,-96365.8890625,0.9742610454559326,0.34875988960266113,0.3686819076538086,0.36495763063430786,18.43522047996521,3.2584431171417236,1.3951072692871094,13.439720153808594,0.1144254207611084,0.10164332389831543,1.4733991622924805
13,10,21.744861364364624,-96429.67265625,0.97409987449646,0.3562394678592682,0.37359631061553955,0.360954612493515,18.344640016555786,3.2281620502471924,3.40014910697937,13.378896951675415,0.11360001564025879,0.1007235050201416,1.4764394760131836
13,11,21.468007802963257,-96775.9171875,0.9701598286628723,0.3546033799648285,0.372200608253479,0.3629692494869232,18.08865714073181,3.2404801845550537,3.3792624473571777,13.104031085968018,0.11445021629333496,0.10184001922607422,1.480473279953003
13,12,21.947537422180176,-96368.36171875,0.9727951884269714,0.3516753017902374,0.3741666078567505,0.3583306074142456,18.47647738456726,3.3102927207946777,3.4709954261779785,13.456090688705444,0.11508750915527344,0.10963249206542969,1.4369516372680664
13,13,21.69084858894348,-96065.5015625,0.9770876169204712,0.34636300802230835,0.3687458634376526,0.3606017529964447,18.316352128982544,3.2166213989257812,3.3744406700134277,13.4561026096344,0.11366438865661621,0.10018682479858398,1.3824572563171387
13,14,21.52054214477539,-96709.796875,0.9686676263809204,0.35326409339904785,0.3739175498485565,0.35939526557922363,18.152323722839355,3.2718043327331543,3.3681347370147705,13.131822347640991,0.11411070823669434,0.10165810585021973,1.4852802753448486
13,15,21.45057511329651,-96504.44140625,0.9736149907112122,0.3485974669456482,0.37169936299324036,0.3660849630832672,18.10474419593811,3.2312920093536377,3.345759630203247,13.138439893722534,0.11349296569824219,0.10080981254577637,1.4735093116760254
13,16,37.550142765045166,-95806.85390625,0.9817258715629578,0.34799885749816895,0.36962616443634033,0.36191296577453613,33.67077398300171,6.632896184921265,3.8792243003845215,22.93363070487976,0.23662400245666504,0.16518712043762207,3.613480806350708
13,17,36.906211376190186,-96509.5,0.9715245962142944,0.35434427857398987,0.36972102522850037,0.361995130777359,32.96457839012146,6.650689363479614,3.9414877891540527,22.197632551193237,0.2365565299987793,0.1674039363861084,3.622403383255005
13,18,37.38870167732239,-96287.8453125,0.9768576622009277,0.3542776107788086,0.36946728825569153,0.3577738404273987,33.48178148269653,6.568490743637085,3.9067678451538086,22.755120754241943,0.23685860633850098,0.16584992408752441,3.664494276046753
13,19,37.87786102294922,-96453.971875,0.9721630811691284,0.3521279990673065,0.37408140301704407,0.3555956184864044,33.92609691619873,6.758909463882446,3.9515931606292725,22.998223066329956,0.24506664276123047,0.16805267333984375,3.6672637462615967
13,20,37.3160457611084,-96909.103125,0.9680586457252502,0.35849860310554504,0.37758681178092957,0.3532511293888092,33.42103576660156,6.710806846618652,3.8948636054992676,22.615911960601807,0.24069881439208984,0.16747713088989258,3.595728874206543
13,21,37.35572147369385,-96105.8015625,0.978561282157898,0.35142505168914795,0.36963707208633423,0.3609813153743744,33.448729276657104,6.652663469314575,3.906841516494751,22.631970405578613,0.2383713722229004,0.16660618782043457,3.669235944747925
13,22,37.03909516334534,-96891.646875,0.9679458737373352,0.3553864359855652,0.3800126910209656,0.3544265329837799,33.13145160675049,6.641485691070557,3.907499313354492,22.4010910987854,0.23868250846862793,0.16485834121704102,3.5973994731903076
13,23,37.40842628479004,-96083.40546875,0.9767823815345764,0.3468749225139618,0.3689718246459961,0.36170336604118347,33.51715064048767,6.624859571456909,3.8911197185516357,22.800167322158813,0.23874592781066895,0.16507577896118164,3.5979604721069336
13,24,37.416646003723145,-96206.621875,0.9753785133361816,0.3504372835159302,0.36881229281425476,0.36112919449806213,33.47745990753174,6.7128684520721436,3.939033269882202,22.669091939926147,0.23920655250549316,0.16726255416870117,3.600412130355835
13,25,37.52669906616211,-96090.0171875,0.9761362671852112,0.34608355164527893,0.37088316679000854,0.3640122413635254,33.68486714363098,6.892428874969482,3.8416197299957275,22.448657989501953,0.2401103973388672,0.17977476119995117,3.8292572498321533
13,26,37.30065321922302,-96133.15703125,0.9779558777809143,0.3518947958946228,0.36689749360084534,0.36253586411476135,33.415037870407104,6.614233732223511,3.8854615688323975,22.691150188446045,0.23653936386108398,0.16743922233581543,3.6158854961395264
13,27,37.59696054458618,-96441.14609375,0.9737604260444641,0.3495590388774872,0.3740503191947937,0.3617570698261261,33.590163469314575,6.606703281402588,4.006562948226929,22.63680148124695,0.23735404014587402,0.16848278045654297,3.8509347438812256
13,28,37.5042245388031,-96268.08984375,0.9757550358772278,0.34994155168533325,0.36835911870002747,0.36223316192626953,33.61775302886963,6.605529069900513,3.886270046234131,22.622746229171753,0.23535728454589844,0.1668541431427002,3.898667097091675
13,29,37.14596199989319,-96016.2578125,0.9775430560112,0.3422677516937256,0.36459434032440186,0.3698802590370178,33.27302289009094,6.667529821395874,3.8727450370788574,22.135584115982056,0.2418506145477295,0.1708850860595703,3.965909004211426
13,30,37.14646100997925,-96159.37109375,0.9776853322982788,0.34670713543891907,0.366242378950119,0.3665209412574768,33.14949989318848,6.579088449478149,3.9968063831329346,22.470823287963867,0.23920345306396484,0.16553282737731934,3.6059823036193848
14,1,24.007784843444824,-219588.41875,0.9578482508659363,0.3621942400932312,0.38894277811050415,0.3487027883529663,20.48901605606079,3.3913662433624268,3.518669366836548,15.393361330032349,0.11518049240112305,0.12061238288879395,1.4200963973999023
14,2,22.102442502975464,-219517.9453125,0.9615296125411987,0.366050660610199,0.38610565662384033,0.3521926701068878,20.4574031829834,3.3881032466888428,1.6449460983276367,15.38257622718811,0.11408233642578125,0.11841511726379395,1.4062180519104004
14,3,22.083537578582764,-219284.53125,0.9609296321868896,0.366706907749176,0.3866988718509674,0.35005050897598267,20.48464870452881,3.3720293045043945,1.5987906455993652,15.428638458251953,0.1134030818939209,0.11792469024658203,1.4056382179260254
14,4,21.96461510658264,-219804.2921875,0.957626223564148,0.36605963110923767,0.3861493766307831,0.3514682948589325,20.39578342437744,3.3684868812561035,1.568744421005249,15.340687274932861,0.11329317092895508,0.11842536926269531,1.406757116317749
14,5,22.045679092407227,-219732.4984375,0.9579542875289917,0.36675602197647095,0.3861706852912903,0.35006552934646606,20.385953903198242,3.3766469955444336,1.6596393585205078,15.320308446884155,0.11348342895507812,0.11775588989257812,1.4104514122009277
14,6,22.155669689178467,-219887.5984375,0.9563146233558655,0.36623987555503845,0.3893042504787445,0.3487923741340637,20.484015464782715,3.3590824604034424,1.6715624332427979,15.428083896636963,0.11425304412841797,0.11820435523986816,1.4165852069854736
14,7,22.177613496780396,-219302.1703125,0.9607487320899963,0.3641423285007477,0.388217955827713,0.3489352762699127,20.57440447807312,3.366750717163086,1.6031146049499512,15.512218475341797,0.11430788040161133,0.12021923065185547,1.413374900817871
14,8,22.061800718307495,-219230.8359375,0.9623396992683411,0.3637835681438446,0.38553500175476074,0.35367351770401,20.486982583999634,3.3917508125305176,1.5747308731079102,15.40570068359375,0.11371159553527832,0.11922144889831543,1.4085450172424316
14,9,21.939074993133545,-219544.3984375,0.957798957824707,0.3645923435688019,0.38462334871292114,0.34980309009552,20.366504907608032,3.3833887577056885,1.5724737644195557,15.295487880706787,0.11308097839355469,0.11822915077209473,1.408186435699463
14,10,22.052394151687622,-219105.021875,0.9616562724113464,0.3656737506389618,0.38490983843803406,0.3499443233013153,20.469616651535034,3.3756983280181885,1.582688331604004,15.404155731201172,0.11374020576477051,0.11743593215942383,1.4108164310455322
14,11,22.18991184234619,-219144.4046875,0.9616444110870361,0.3657274544239044,0.3862541913986206,0.34773796796798706,20.5815532207489,3.3749518394470215,1.608266830444336,15.520019054412842,0.11304426193237305,0.11862707138061523,1.4076569080352783
14,12,22.07305932044983,-219412.0765625,0.9613608121871948,0.36657196283340454,0.3865608870983124,0.351146936416626,20.486604690551758,3.419039726257324,1.5863680839538574,15.376651763916016,0.11398983001708984,0.11895871162414551,1.409888505935669
14,13,21.95147967338562,-219530.10625,0.9593451023101807,0.3643530607223511,0.3850363790988922,0.3525271713733673,20.345197916030884,3.3529629707336426,1.6061882972717285,15.305877208709717,0.11358880996704102,0.11709761619567871,1.4079277515411377
14,14,22.18169140815735,-219372.428125,0.9600493311882019,0.3647450804710388,0.38400059938430786,0.35211196541786194,20.546985149383545,3.518343925476074,1.6346149444580078,15.339728593826294,0.11303091049194336,0.11889266967773438,1.4097075462341309
14,15,21.864179372787476,-219740.7375,0.9561256170272827,0.36644047498703003,0.3874170780181885,0.34790387749671936,20.27303910255432,3.367572546005249,1.591050148010254,15.217869281768799,0.11323070526123047,0.11819911003112793,1.4081611633300781
14,16,43.31708002090454,-219002.50625,0.9620128273963928,0.36637082695961,0.3840768337249756,0.34904879331588745,39.04980540275574,6.972975969314575,4.267052888870239,27.79467749595642,0.24506831169128418,0.1832282543182373,3.762430191040039
14,17,42.33998370170593,-219586.2703125,0.9589552283287048,0.3666336238384247,0.3877604603767395,0.3513578474521637,38.079381227493286,6.993624925613403,4.2603535652160645,26.922990322113037,0.2406148910522461,0.18159008026123047,3.648648500442505
14,18,42.618268966674805,-219524.64375,0.9595927000045776,0.3664393723011017,0.38813522458076477,0.34830448031425476,38.342411279678345,7.000131130218506,4.275585889816284,27.17081379890442,0.2398974895477295,0.18023347854614258,3.660252809524536
14,19,42.85165500640869,-219626.7765625,0.9578201770782471,0.3683193624019623,0.3892817795276642,0.34505921602249146,38.54374694824219,6.967821359634399,4.30764627456665,27.429376363754272,0.2384657859802246,0.17884254455566406,3.6381728649139404
14,20,42.7098753452301,-219225.8953125,0.9607030153274536,0.3665705919265747,0.39147040247917175,0.34420445561408997,38.46692609786987,6.891852855682373,4.2427239418029785,27.415830612182617,0.2358260154724121,0.17914962768554688,3.654538631439209
14,21,42.69298529624939,-219055.796875,0.9610797762870789,0.36173707246780396,0.3831961154937744,0.3507922887802124,38.37816596031189,6.988760948181152,4.314558506011963,27.232691764831543,0.23883605003356934,0.17980146408081055,3.6476967334747314
14,22,42.021790981292725,-219347.0921875,0.9600206613540649,0.3635881841182709,0.3875020146369934,0.35283008217811584,37.768842458724976,6.8697144985198975,4.252708911895752,26.738813638687134,0.24084138870239258,0.17911601066589355,3.648589849472046
14,23,42.46083402633667,-220184.8765625,0.9549385905265808,0.36687490344047546,0.3888813257217407,0.35027003288269043,38.21864891052246,7.116624116897583,4.2419493198394775,26.85487723350525,0.24363994598388672,0.192549467086792,3.7138125896453857
14,24,42.445884227752686,-219059.59375,0.9617845416069031,0.36337810754776,0.38356471061706543,0.35301175713539124,38.05972099304199,6.992293357849121,4.385915040969849,26.886301279067993,0.2376701831817627,0.18370532989501953,3.6678707599639893
14,25,42.78565239906311,-219642.934375,0.958118200302124,0.36601534485816956,0.3885520100593567,0.34935832023620605,38.26963567733765,6.956785440444946,4.515762567520142,27.1235089302063,0.24142909049987793,0.1803593635559082,3.6769156455993652
14,26,42.735148906707764,-218619.01875,0.9677647352218628,0.3620632588863373,0.3835431933403015,0.3555300235748291,38.42894244194031,6.956162929534912,4.305962324142456,27.323144674301147,0.23942971229553223,0.18185973167419434,3.636835813522339
14,27,42.45373821258545,-219842.18125,0.9559897184371948,0.36839011311531067,0.38917645812034607,0.3458028733730316,38.21115303039551,6.956547975540161,4.24234676361084,27.098647832870483,0.23975372314453125,0.17937803268432617,3.644749164581299
14,28,42.25344371795654,-219850.15625,0.9573416113853455,0.36674052476882935,0.3863721787929535,0.35175618529319763,37.992483615875244,7.009897232055664,4.260709762573242,26.68122935295105,0.24696803092956543,0.1830461025238037,3.7785778045654297
14,29,42.28364586830139,-219164.634375,0.961106538772583,0.3624550700187683,0.3839874863624573,0.35394927859306335,37.97895336151123,6.920294523239136,4.304459810256958,26.89698886871338,0.23889875411987305,0.1781759262084961,3.653761625289917
14,30,42.113649129867554,-219916.3109375,0.9549494385719299,0.36598414182662964,0.3858143389225006,0.34592899680137634,37.78617215156555,6.891761302947998,4.327229261398315,26.759106397628784,0.23812198638916016,0.17876505851745605,3.6277120113372803
15,1,25.806334257125854,-491690.48125,0.9453567266464233,0.3801898658275604,0.40250179171562195,0.3368985950946808,23.90744376182556,3.833343982696533,1.8987107276916504,18.253763914108276,0.14028644561767578,0.1516561508178711,1.461766004562378
15,2,27.10307550430298,-491934.75625,0.9455733299255371,0.3795180320739746,0.40131163597106934,0.34020671248435974,23.2178692817688,3.6294519901275635,3.885037422180176,17.816526174545288,0.11635661125183105,0.1391758918762207,1.466587781906128
15,3,25.08991813659668,-492125.875,0.9443907141685486,0.37974512577056885,0.40180471539497375,0.3384163975715637,23.18545436859131,3.6041834354400635,1.904292345046997,17.81834363937378,0.1155235767364502,0.13878631591796875,1.4595797061920166
15,4,25.08566689491272,-492819.09375,0.9424355626106262,0.38090935349464417,0.40369248390197754,0.3356572389602661,23.17051672935486,3.6330223083496094,1.914980411529541,17.76304006576538,0.11753296852111816,0.1412668228149414,1.4662458896636963
15,5,25.399216890335083,-490842.675,0.9481627941131592,0.37667298316955566,0.397614061832428,0.34281113743782043,23.200193166732788,3.6907904148101807,2.1988542079925537,17.743183374404907,0.11707758903503418,0.139359712600708,1.4599275588989258
15,6,25.112696886062622,-492157.9875,0.943419873714447,0.3813588321208954,0.4010656774044037,0.33587566018104553,23.1957049369812,3.6143009662628174,1.9168107509613037,17.81636071205139,0.11538815498352051,0.13890814781188965,1.4616737365722656
15,7,25.691328048706055,-491396.384375,0.9464051723480225,0.38097816705703735,0.40031811594963074,0.3366125226020813,23.734572887420654,3.781005382537842,1.956566333770752,18.156405925750732,0.13444089889526367,0.1446213722229004,1.454035758972168
15,8,27.11401629447937,-491825.646875,0.9453093409538269,0.3794957399368286,0.4008236229419708,0.33836013078689575,23.25636339187622,3.6593291759490967,3.8574771881103516,17.830493927001953,0.11632943153381348,0.13921332359313965,1.4617905616760254
15,9,25.151944637298584,-491683.525,0.9467334151268005,0.37588006258010864,0.3986606001853943,0.3425438106060028,23.089114904403687,3.5898585319519043,2.062654495239258,17.737250566482544,0.11476826667785645,0.13886451721191406,1.4589228630065918
15,10,25.324326515197754,-492303.0375,0.9437358379364014,0.37904486060142517,0.4015018939971924,0.33880117535591125,23.193677186965942,3.6346161365509033,2.1304807662963867,17.790393352508545,0.11683225631713867,0.13984203338623047,1.4627079963684082
15,11,25.21964168548584,-492243.83125,0.9436873197555542,0.3799748420715332,0.40174397826194763,0.33893099427223206,23.29370093345642,3.720510721206665,1.925776720046997,17.804857969284058,0.11714696884155273,0.14190983772277832,1.459789752960205
15,12,25.37010431289673,-491424.56875,0.9466471076011658,0.3776010274887085,0.40089380741119385,0.3380995988845825,23.399281978607178,3.620821952819824,1.9706470966339111,18.010295152664185,0.11535787582397461,0.14497923851013184,1.458493709564209
15,13,25.581440448760986,-491325.96875,0.9462599754333496,0.3777630031108856,0.40028685331344604,0.3375931978225708,23.691612005233765,3.7764384746551514,1.8896400928497314,18.11245369911194,0.1338036060333252,0.14215326309204102,1.4624581336975098
15,14,27.1833393573761,-492065.25625,0.9451594948768616,0.38124698400497437,0.40244972705841064,0.3377348482608795,23.26698064804077,3.587015390396118,3.916177988052368,17.893367290496826,0.1161947250366211,0.13861465454101562,1.4832518100738525
15,15,25.83362102508545,-491649.1375,0.9453700184822083,0.3796093463897705,0.4013952910900116,0.33752551674842834,23.52744746208191,3.590907335281372,2.306001663208008,18.168565273284912,0.11515665054321289,0.13939166069030762,1.4644153118133545
15,16,50.81921696662903,-491068.2875,0.9475710391998291,0.38026872277259827,0.3982997536659241,0.3382939398288727,43.91911697387695,7.185877084732056,6.89959716796875,32.35949110984802,0.2409348487854004,0.2073376178741455,3.832700252532959
15,17,50.0541787147522,-491985.484375,0.9433718919754028,0.38130709528923035,0.40334978699684143,0.3340495228767395,43.928589820861816,7.1266188621521,6.125062465667725,32.40004253387451,0.2449791431427002,0.20540666580200195,3.860816240310669
15,18,49.873111963272095,-492506.2875,0.9428393244743347,0.3812343180179596,0.40088003873825073,0.3379147946834564,43.89291787147522,7.218873739242554,5.979658603668213,32.314961433410645,0.24656295776367188,0.21149849891662598,3.8087034225463867
15,19,49.854337215423584,-490966.546875,0.9476642608642578,0.3763677477836609,0.3982638716697693,0.33926671743392944,43.95035648345947,7.168245792388916,5.903466463088989,32.466877937316895,0.236466646194458,0.20529627799987793,3.784935712814331
15,20,49.41597056388855,-492027.740625,0.9456684589385986,0.3809903562068939,0.40085867047309875,0.34056341648101807,43.784812211990356,7.109643459320068,5.630697727203369,32.33505201339722,0.24548006057739258,0.20544838905334473,3.799492120742798
15,21,49.64921855926514,-492119.696875,0.9448416233062744,0.3809451162815094,0.4010755717754364,0.3394356071949005,43.98821949958801,7.412057876586914,5.660533905029297,32.255290508270264,0.24202585220336914,0.2058091163635254,3.782386302947998
15,22,49.78482174873352,-491493.23125,0.9464423060417175,0.3788723051548004,0.40018293261528015,0.33992430567741394,43.76664757728577,7.174644708633423,6.01767373085022,32.28203201293945,0.23979711532592773,0.21090984344482422,3.768367290496826
15,23,50.02350401878357,-491288.115625,0.946039080619812,0.37996628880500793,0.40137097239494324,0.3360600471496582,44.20187544822693,7.346821546554565,5.821122646331787,32.528613328933716,0.2392711639404297,0.21055817604064941,3.7858052253723145
15,24,49.72425031661987,-491788.815625,0.945499837398529,0.38015496730804443,0.4000168740749359,0.3392105996608734,43.97104072570801,7.214656352996826,5.752706050872803,32.42330861091614,0.23313093185424805,0.2071535587310791,3.802663564682007
15,25,49.54808306694031,-491665.10625,0.946294903755188,0.38030746579170227,0.3988717198371887,0.34049540758132935,43.826820850372314,7.253183364868164,5.7207605838775635,32.255499839782715,0.2343909740447998,0.21068596839904785,3.7822582721710205
15,26,49.94284987449646,-492331.0125,0.9433466792106628,0.3809235990047455,0.40253838896751404,0.33679911494255066,43.64890670776367,7.120800495147705,6.2934486865997314,32.15037178993225,0.24515581130981445,0.20810198783874512,3.8328230381011963
15,27,49.18385457992554,-492190.45625,0.9434149265289307,0.37786439061164856,0.40154004096984863,0.3397834002971649,43.456658601760864,7.174175977706909,5.726703882217407,31.94324517250061,0.24341320991516113,0.20888257026672363,3.794011116027832
15,28,49.694586515426636,-491796.10625,0.9450556039810181,0.3801960349082947,0.39976978302001953,0.3394825756549835,44.00834822654724,7.307582855224609,5.685732126235962,32.291725397109985,0.25162529945373535,0.21650171279907227,3.7888846397399902
15,29,50.16198420524597,-490987.878125,0.9463416337966919,0.37667277455329895,0.3978138864040375,0.33632349967956543,44.30306339263916,7.526684522628784,5.858388423919678,32.34603023529053,0.2519829273223877,0.21941113471984863,3.862964630126953
15,30,49.9758985042572,-491776.071875,0.9452239274978638,0.37924081087112427,0.3994603455066681,0.33857977390289307,43.76922154426575,7.196978807449341,6.206141948699951,32.242263078689575,0.23436689376831055,0.20626282691955566,3.7994959354400635
16,1,27.82251763343811,-1092773.9375,0.9331920742988586,0.39329439401626587,0.41380178928375244,0.3263304531574249,25.33946418762207,3.7897093296051025,2.4827158451080322,19.70299482345581,0.1159970760345459,0.17242169380187988,1.5079193115234375
16,2,27.691985607147217,-1092799.3,0.9334129691123962,0.3928365409374237,0.4142686724662781,0.3267727494239807,25.1769962310791,3.7867910861968994,2.5146515369415283,19.54499363899231,0.1150667667388916,0.17238593101501465,1.5071721076965332
16,3,27.664045810699463,-1093782.3,0.9323360323905945,0.39229434728622437,0.41392257809638977,0.3281962275505066,25.070432901382446,3.8026700019836426,2.593276262283325,19.42676019668579,0.11523246765136719,0.17173123359680176,1.5036654472351074
16,4,33.966219902038574,-1092905.1375,0.9327832460403442,0.3939651846885681,0.4147941470146179,0.3252081274986267,25.08139991760254,3.793728828430176,8.884492635726929,19.428656339645386,0.11607980728149414,0.17018985748291016,1.522977590560913
16,5,28.289057970046997,-1092986.4875,0.9329285621643066,0.3915332555770874,0.4119741916656494,0.3272603452205658,25.76887273788452,4.051268815994263,2.519843578338623,19.804418802261353,0.14476895332336426,0.18071556091308594,1.5153021812438965
16,6,27.957606554031372,-1092723.1625,0.9345477223396301,0.3941558599472046,0.4151309132575989,0.3270081579685211,25.386425733566284,3.7707650661468506,2.5708351135253906,19.743088483810425,0.11652016639709473,0.17426133155822754,1.531106948852539
16,7,27.951821327209473,-1093611.8,0.9319818615913391,0.39350199699401855,0.41381627321243286,0.32655683159828186,25.43733835220337,3.9023489952087402,2.5141501426696777,19.661810398101807,0.12671995162963867,0.1748661994934082,1.5121190547943115
16,8,27.601107835769653,-1093775.8125,0.9315245151519775,0.3928245007991791,0.4145139753818512,0.32637232542037964,25.042864084243774,3.8102385997772217,2.557910203933716,19.378225326538086,0.11640119552612305,0.17219114303588867,1.5152628421783447
16,9,27.660571336746216,-1093490.7,0.9294610023498535,0.3896782398223877,0.4119345247745514,0.32341206073760986,25.161938667297363,3.8015124797821045,2.498298406600952,19.512112379074097,0.11699724197387695,0.1737048625946045,1.5068793296813965
16,10,28.178533792495728,-1093724.575,0.9309754371643066,0.39222145080566406,0.4159562289714813,0.3245117962360382,25.59385633468628,4.069194078445435,2.5843489170074463,19.655272483825684,0.12060379981994629,0.17762494087219238,1.5204801559448242
16,11,28.558833122253418,-1093042.9,0.935294508934021,0.39358195662498474,0.4150160253047943,0.32938888669013977,26.018776416778564,4.069035053253174,2.5397214889526367,20.042397260665894,0.1410973072052002,0.18047165870666504,1.5149085521697998
16,12,27.618351936340332,-1094802.7,0.9303476214408875,0.3942306935787201,0.41573622822761536,0.32630303502082825,25.06904363632202,3.801271438598633,2.5489730834960938,19.407768964767456,0.11745405197143555,0.17540526390075684,1.516728162765503
16,13,27.805388689041138,-1093051.875,0.9326829314231873,0.39240676164627075,0.414321631193161,0.3267713189125061,25.275935888290405,3.8318138122558594,2.5291128158569336,19.592771291732788,0.11736226081848145,0.17435050010681152,1.5090503692626953
16,14,27.71766972541809,-1092325.0125,0.9342700839042664,0.3927799165248871,0.4131089448928833,0.32750219106674194,25.183501958847046,3.820106029510498,2.5338294506073,19.51130223274231,0.11765336990356445,0.1749870777130127,1.5085642337799072
16,15,27.794052362442017,-1093986.05,0.9322497844696045,0.39320096373558044,0.41493913531303406,0.3280200958251953,25.250629663467407,3.8172688484191895,2.543088912963867,19.572521209716797,0.11868834495544434,0.1738731861114502,1.517566204071045
16,16,51.966508865356445,-1093511.075,0.9301618337631226,0.3912641108036041,0.4132813811302185,0.3244582414627075,44.617645502090454,7.480637073516846,7.347897291183472,32.749866247177124,0.2421112060546875,0.2651815414428711,3.78873610496521
16,17,52.668893337249756,-1091961.275,0.9333370923995972,0.392264723777771,0.41334208846092224,0.3254879117012024,45.30715560913086,7.575117349624634,7.3608317375183105,33.31265568733215,0.23978519439697266,0.2749946117401123,3.8080711364746094
16,18,51.824466943740845,-1092973.85,0.9342698454856873,0.3929818272590637,0.41389021277427673,0.3281539976596832,44.46139144897461,7.402323007583618,7.362158536911011,32.686774492263794,0.2356560230255127,0.26123666763305664,3.785348415374756
16,19,52.63487100601196,-1093951.3875,0.9311392307281494,0.39215409755706787,0.414787232875824,0.32664021849632263,44.42853307723999,7.466106653213501,8.204895496368408,32.383848667144775,0.24450397491455078,0.2645092010498047,3.9767165184020996
16,20,52.265764236450195,-1093152.475,0.9315275549888611,0.39277181029319763,0.41408348083496094,0.3253304362297058,44.70737314224243,7.6942384243011475,7.557447671890259,32.595778465270996,0.24052786827087402,0.26840925216674805,3.816596746444702
16,21,52.758079290390015,-1092556.75,0.9332023859024048,0.3929941952228546,0.41207870841026306,0.32612061500549316,45.66436266899109,7.6220924854278564,7.092769622802734,33.36030340194702,0.2484734058380127,0.2707192897796631,3.995563507080078
16,22,52.823819160461426,-1092113.6,0.9326072931289673,0.38952600955963135,0.4120354950428009,0.32521581649780273,45.378809452056885,7.578744411468506,7.444121837615967,33.333540201187134,0.25624799728393555,0.27091479301452637,3.843371629714966
16,23,51.89275670051575,-1092927.35,0.9324381947517395,0.3932056427001953,0.41158396005630493,0.3261967599391937,44.661041498184204,7.475427627563477,7.230776071548462,32.771276235580444,0.24716472625732422,0.2696356773376465,3.805412530899048
16,24,52.175365686416626,-1094386.0,0.9289667010307312,0.3916915953159332,0.41135072708129883,0.32481685280799866,44.98792505264282,7.546946048736572,7.186491012573242,32.82779288291931,0.26307201385498047,0.4358031749725342,3.816671848297119
16,25,52.23764634132385,-1093036.7375,0.9328336715698242,0.3936465084552765,0.41462770104408264,0.3265237510204315,45.044575929641724,7.508347511291504,7.1921093463897705,33.071763038635254,0.25336551666259766,0.270000696182251,3.8458001613616943
16,26,51.77161002159119,-1093789.575,0.9319823384284973,0.3914828300476074,0.41258183121681213,0.3278450071811676,44.73714256286621,7.473897695541382,7.033514976501465,32.88437271118164,0.2421116828918457,0.2647883892059326,3.7800676822662354
16,27,52.176274061203,-1092900.7375,0.9332602620124817,0.3915134072303772,0.4115765392780304,0.32778722047805786,45.11839509010315,7.5540382862091064,7.056983709335327,32.903647899627686,0.25698256492614746,0.2918546199798584,4.014618158340454
16,28,52.164186000823975,-1092761.65,0.9325529932975769,0.3914257884025574,0.4135676324367523,0.32649344205856323,44.89534831047058,7.629722595214844,7.267907381057739,32.838549852371216,0.25114011764526367,0.27474427223205566,3.8078229427337646
16,29,51.73593497276306,-1093868.625,0.9310626983642578,0.3926585614681244,0.41352641582489014,0.32669797539711,44.6120126247406,7.56969141960144,7.122981786727905,32.61534762382507,0.24130868911743164,0.2631702423095703,3.830782890319824
16,30,51.957650899887085,-1092293.425,0.9328801035881042,0.39278313517570496,0.41297557950019836,0.3257611095905304,44.90623927116394,7.695478916168213,7.050447463989258,32.80891489982605,0.2414093017578125,0.26642704010009766,3.8029396533966064
17,1,33.79815101623535,-2399382.65,0.9188076853752136,0.4048437178134918,0.42650115489959717,0.31362277269363403,29.771509885787964,4.006742715835571,4.02588963508606,23.693938732147217,0.11829423904418945,0.23812007904052734,1.6631839275360107
17,2,33.658419370651245,-2397277.625,0.9210174679756165,0.40459245443344116,0.4249560534954071,0.31522858142852783,29.698341131210327,3.8983352184295654,3.9593865871429443,23.74449396133423,0.11687970161437988,0.23897099494934082,1.6495685577392578
17,3,33.97750377655029,-2400301.675,0.9188566207885742,0.40554752945899963,0.4269021451473236,0.3145529627799988,30.031986474990845,4.1178083419799805,3.9447882175445557,23.81680393218994,0.13730263710021973,0.24533629417419434,1.6496310234069824
17,4,35.078280448913574,-2398854.375,0.9196019172668457,0.40465855598449707,0.4261525273323059,0.314258337020874,31.086565732955933,4.201415777206421,3.990976572036743,24.76479482650757,0.1430213451385498,0.24754095077514648,1.65818190574646
17,5,36.41522169113159,-2398465.45,0.9192221164703369,0.405719518661499,0.426034539937973,0.3133763372898102,29.477310180664062,4.05073356628418,6.937206506729126,23.360277891159058,0.11745476722717285,0.23393940925598145,1.664916753768921
17,6,33.84850716590881,-2397835.075,0.9190724492073059,0.40240731835365295,0.4241209328174591,0.3134492337703705,29.89657497406006,3.982876777648926,3.9511921405792236,23.839699029922485,0.12428641319274902,0.24067950248718262,1.6528851985931396
17,7,33.459412574768066,-2397334.725,0.920016348361969,0.40378695726394653,0.4256373643875122,0.31310316920280457,29.45054054260254,4.0207438468933105,4.008177042007446,23.64166283607483,0.127793550491333,0.2661104202270508,1.334958553314209
17,8,33.8431601524353,-2399706.225,0.9205762147903442,0.4055841863155365,0.4268956184387207,0.31598129868507385,29.818455457687378,3.976966619491577,4.023945093154907,23.751214742660522,0.1179046630859375,0.24321794509887695,1.6783430576324463
17,9,34.08890247344971,-2397894.05,0.9199721813201904,0.4043012857437134,0.42620399594306946,0.3136999011039734,29.962324619293213,3.958935022354126,4.1258299350738525,23.913732290267944,0.11816883087158203,0.24367332458496094,1.6760361194610596
17,10,37.54560089111328,-2400734.125,0.9181768894195557,0.4049455523490906,0.4266693890094757,0.31415846943855286,30.602367162704468,4.028358697891235,6.942509412765503,24.39427614212036,0.12546157836914062,0.23859357833862305,1.7577159404754639
17,11,34.694865226745605,-2397301.525,0.9207180142402649,0.4051731526851654,0.4264282286167145,0.3136729300022125,29.699989080429077,3.8537399768829346,4.994156837463379,23.795225858688354,0.11614394187927246,0.235093355178833,1.650416374206543
17,12,33.78070950508118,-2397772.325,0.9197496175765991,0.40389391779899597,0.4258364737033844,0.3140891194343567,29.817312479019165,3.9930367469787598,3.962658166885376,23.745702266693115,0.1282820701599121,0.23963046073913574,1.6517927646636963
17,13,33.390849351882935,-2400186.725,0.9185917377471924,0.40638887882232666,0.4268534481525421,0.3134633004665375,29.363924503326416,3.8896517753601074,4.02620005607605,23.41397261619568,0.11555910110473633,0.23712778091430664,1.658224105834961
17,14,34.39039087295532,-2398447.275,0.9202511310577393,0.404531329870224,0.4262889623641968,0.31485113501548767,30.434231281280518,4.155468702316284,3.9554214477539062,24.164835691452026,0.140059232711792,0.2539637088775635,1.6527099609375
17,15,33.36174273490906,-2399666.55,0.9180152416229248,0.40448063611984253,0.42558401823043823,0.31327545642852783,29.377851486206055,3.9016878604888916,3.9826040267944336,23.408057928085327,0.11661601066589355,0.23581480979919434,1.6658668518066406
17,16,63.380555391311646,-2398829.125,0.9195829629898071,0.4049796164035797,0.4267273545265198,0.31419897079467773,53.070985555648804,7.916283130645752,10.307563066482544,40.32971262931824,0.2562720775604248,0.3752870559692383,4.097254037857056
17,17,63.9626841545105,-2397014.65,0.92231285572052,0.4060923755168915,0.4280760884284973,0.31488195061683655,53.432918548583984,7.83268404006958,10.527652978897095,40.610169410705566,0.23155784606933594,0.5075230598449707,4.159059047698975
17,18,62.6080276966095,-2398532.9,0.9186844825744629,0.40450048446655273,0.42431706190109253,0.31333422660827637,52.500306129455566,7.91615629196167,10.10573673248291,39.8358736038208,0.23946261405944824,0.37023377418518066,4.044344425201416
17,19,61.64510536193848,-2399616.5,0.918511688709259,0.4043506681919098,0.4255151152610779,0.31394749879837036,51.486533403396606,7.756673574447632,10.15659785270691,38.947187662124634,0.22916436195373535,0.3589155673980713,4.101894378662109
17,20,62.620906829833984,-2399520.9,0.9194664359092712,0.4071892499923706,0.42737242579460144,0.3137318789958954,52.39929008483887,7.89154314994812,10.219645738601685,39.76742219924927,0.2346971035003662,0.3658156394958496,4.047121524810791
17,21,63.1701295375824,-2399128.825,0.9191069006919861,0.40554046630859375,0.42722460627555847,0.31386810541152954,52.73904466629028,7.877416372299194,10.428908824920654,40.04976487159729,0.23403310775756836,0.36339616775512695,4.122312784194946
17,22,61.866714000701904,-2398146.65,0.9202819466590881,0.40493521094322205,0.425881564617157,0.3149820566177368,51.66725039482117,7.93229079246521,10.197468996047974,38.97124004364014,0.23340773582458496,0.36074042320251465,4.075565338134766
17,23,62.91251850128174,-2399187.0,0.9180325865745544,0.4037596881389618,0.42469117045402527,0.31256765127182007,52.737040758132935,7.8967437744140625,10.173474788665771,40.0359628200531,0.23631668090820312,0.37152671813964844,4.102203130722046
17,24,63.07933473587036,-2397835.6,0.9199603796005249,0.4043929874897003,0.4245373606681824,0.3143060505390167,52.91034555435181,7.910799741744995,10.166925430297852,40.19466686248779,0.23511695861816406,0.3730788230895996,4.100904941558838
17,25,62.730555057525635,-2398286.525,0.9179636240005493,0.40317440032958984,0.42413216829299927,0.31147632002830505,52.61090397834778,7.846835374832153,10.114586353302002,39.932048320770264,0.24570727348327637,0.36842942237854004,4.11907696723938
17,26,62.80594515800476,-2400723.55,0.9205628037452698,0.4077749252319336,0.4279085397720337,0.3161263167858124,52.58839297294617,7.880919933319092,10.215521812438965,39.91740107536316,0.23478412628173828,0.37078118324279785,4.090668439865112
17,27,63.41066002845764,-2398741.5,0.9194363951683044,0.4053328335285187,0.4258001744747162,0.314240425825119,53.12169933319092,8.06166934967041,10.286391496658325,40.107447147369385,0.3216395378112793,0.3660862445831299,4.164613723754883
17,28,62.34433841705322,-2398523.0,0.920642614364624,0.4062668979167938,0.4264757037162781,0.3144724369049072,51.947359800338745,7.764037609100342,10.394936800003052,39.382426738739014,0.25202345848083496,0.36439085006713867,4.090472936630249
17,29,62.33852291107178,-2398801.1,0.9207059741020203,0.4052868187427521,0.42729055881500244,0.31503134965896606,52.08066701889038,7.765194416046143,10.255699157714844,40.12318730354309,0.25020360946655273,0.36110520362854004,3.489197254180908
17,30,63.290958404541016,-2397439.625,0.9202790856361389,0.4048546254634857,0.4267923831939697,0.31380367279052734,52.741443395614624,7.7484166622161865,10.547515392303467,39.970011711120605,0.26097750663757324,0.365339994430542,4.300230026245117
18,1,66.48486709594727,-5248384.9,0.9033248424530029,0.418578565120697,0.4400285482406616,0.2997428774833679,39.49226188659668,4.265588045120239,26.990855932235718,28.15631103515625,0.1455090045928955,0.3325037956237793,6.52142333984375
18,2,42.29598355293274,-5250180.1,0.9046489000320435,0.4219299852848053,0.4422561228275299,0.30141279101371765,35.16137647628784,4.120293855667114,7.133113145828247,28.538883447647095,0.1213679313659668,0.3454725742340088,1.9869332313537598
18,3,42.60249328613281,-5249705.75,0.9015290141105652,0.4176819622516632,0.43872761726379395,0.29791808128356934,35.47946786880493,4.143497705459595,7.121560335159302,28.827167510986328,0.1214747428894043,0.34699487686157227,1.991448163986206
18,4,42.51841616630554,-5247657.15,0.9036030769348145,0.4181831479072571,0.4395780563354492,0.2999739944934845,35.405842781066895,4.119965553283691,7.111098766326904,28.789650678634644,0.12119054794311523,0.34606099128723145,1.9797885417938232
18,5,42.35150694847107,-5250008.6,0.9032967686653137,0.4186708927154541,0.43976661562919617,0.2994885742664337,35.28748798370361,4.136399507522583,7.062538385391235,28.66071605682373,0.12388205528259277,0.3453042507171631,1.9727985858917236
18,6,42.38320875167847,-5248954.6,0.9033932685852051,0.420110285282135,0.441096693277359,0.299973726272583,35.281166553497314,4.091606855392456,7.100600481033325,28.62885594367981,0.12100863456726074,0.3441329002380371,2.047037124633789
18,7,42.35804271697998,-5246201.2,0.9044910669326782,0.4182751476764679,0.43937814235687256,0.3002960979938507,35.29760503768921,4.195308446884155,7.058937311172485,28.620210886001587,0.12272834777832031,0.34502530097961426,1.9661805629730225
18,8,42.517184257507324,-5248492.55,0.9043550491333008,0.41939496994018555,0.4404962360858917,0.30106091499328613,35.37074279785156,4.1698009967803955,7.144974946975708,28.714603662490845,0.12244629859924316,0.34746289253234863,1.9659278392791748
18,9,42.38908338546753,-5247656.7,0.9047505855560303,0.41963431239128113,0.44107407331466675,0.3007552921772003,35.282371044158936,4.096039295196533,7.105389833450317,28.751765489578247,0.12088704109191895,0.34340500831604004,1.9218220710754395
18,10,42.19706344604492,-5247891.8,0.9036630392074585,0.41812044382095337,0.4398997128009796,0.300015389919281,35.148200035095215,4.168541669845581,7.047391891479492,28.51038646697998,0.1218712329864502,0.34701085090637207,1.9523258209228516
18,11,42.74474334716797,-5247486.8,0.9034912586212158,0.4191191792488098,0.4403349757194519,0.2993357479572296,35.62581014633179,4.312157869338989,7.117486953735352,28.812472581863403,0.14438343048095703,0.3478727340698242,1.938131332397461
18,12,43.113440990448,-5245994.1,0.9050983190536499,0.419396311044693,0.4402817189693451,0.3007350265979767,35.7646689414978,4.250714302062988,7.347300291061401,29.026756286621094,0.12354040145874023,0.3523390293121338,1.9620590209960938
18,13,42.472238063812256,-5248449.0,0.903313159942627,0.4184524416923523,0.440049409866333,0.2995730936527252,35.335076570510864,4.090947389602661,7.13570761680603,28.769120454788208,0.12076020240783691,0.34230995178222656,1.963369607925415
18,14,42.32752084732056,-5247960.65,0.9044395685195923,0.41872695088386536,0.4400823414325714,0.30067285895347595,35.23770332336426,4.123778343200684,7.0882697105407715,28.6486656665802,0.1212151050567627,0.34192705154418945,1.9538676738739014
18,15,42.39266228675842,-5252245.65,0.9049148559570312,0.4225189983844757,0.4434814751148224,0.30198729038238525,35.28998422622681,4.1175010204315186,7.101201772689819,28.690433740615845,0.12276840209960938,0.3475477695465088,1.9629786014556885
18,16,77.65755701065063,-5248315.7,0.9035732746124268,0.4185433089733124,0.4405336380004883,0.2997997999191284,60.85001039505005,8.118378400802612,16.803340196609497,47.24119329452515,0.258847713470459,0.5506281852722168,4.585223197937012
18,17,78.78656053543091,-5249490.45,0.9033750295639038,0.42002055048942566,0.4404834806919098,0.30027493834495544,61.448413610458374,8.502267599105835,17.333794593811035,47.47697734832764,0.2650179862976074,0.5614616870880127,4.544928312301636
18,18,77.62155938148499,-5248826.3,0.9040248394012451,0.4200478196144104,0.440374493598938,0.3005913496017456,60.83613634109497,8.177854061126709,16.781083345413208,47.13463568687439,0.2530536651611328,0.5615026950836182,4.6102964878082275
18,19,79.51216197013855,-5248457.0,0.9036251902580261,0.4185630977153778,0.44026410579681396,0.29992249608039856,62.15424966812134,8.140468120574951,17.35352373123169,48.48269772529602,0.2549927234649658,0.5652947425842285,4.611058712005615
18,20,78.07579588890076,-5248047.5,0.9043693542480469,0.4191838204860687,0.4400102198123932,0.301033616065979,61.23198342323303,8.10769534111023,16.839601755142212,47.22853446006775,0.2669334411621094,0.5495505332946777,4.980253458023071
18,21,78.01894283294678,-5248054.95,0.9039889574050903,0.4195999801158905,0.44140514731407166,0.300001859664917,61.08853340148926,8.13816785812378,16.925803661346436,47.27989053726196,0.2650468349456787,0.5537700653076172,4.750248432159424
18,22,79.109055519104,-5249757.8,0.9043731093406677,0.4191332757472992,0.440463662147522,0.301358163356781,62.05098366737366,8.403071880340576,17.053860187530518,48.0808002948761,0.24991273880004883,0.5488593578338623,4.672908067703247
18,23,78.08288955688477,-5248688.6,0.9041944742202759,0.4192820191383362,0.4404769241809845,0.3005872964859009,61.33782601356506,8.271460771560669,16.74079442024231,47.33954906463623,0.2693617343902588,0.5646944046020508,4.791497707366943
18,24,78.46299171447754,-5247643.6,0.902743935585022,0.41644397377967834,0.43784523010253906,0.29895082116127014,61.59510254859924,8.141090154647827,16.863423824310303,47.75162386894226,0.2666149139404297,0.5764336585998535,4.756299734115601
18,25,77.97678351402283,-5247081.4,0.904087483882904,0.42009347677230835,0.4407547116279602,0.2996619641780853,61.11821246147156,8.056010723114014,16.85435676574707,47.48438739776611,0.2582516670227051,0.5488626956939697,4.6733362674713135
18,26,77.67308688163757,-5251005.15,0.9034669399261475,0.4197773337364197,0.4406329095363617,0.30101996660232544,60.93002724647522,8.179572820663452,16.73883080482483,47.219980239868164,0.252943754196167,0.5476927757263184,4.633179664611816
18,27,78.54898500442505,-5250007.5,0.9033411145210266,0.42009222507476807,0.44116589426994324,0.29986780881881714,61.48195838928223,8.265807390213013,17.062807083129883,47.69826698303223,0.2571451663970947,0.5654270648956299,4.596242427825928
18,28,79.08191967010498,-5247200.5,0.9042399525642395,0.4202426075935364,0.4409101605415344,0.3000594973564148,62.26641654968262,8.327045917510986,16.811081171035767,48.39006471633911,0.25257277488708496,0.5618588924407959,4.638589382171631
18,29,78.84872841835022,-5246619.25,0.9047597646713257,0.41873231530189514,0.43954867124557495,0.3007124960422516,61.79085445404053,8.10651683807373,17.053623914718628,48.151957750320435,0.25313758850097656,0.5659587383270264,4.6159656047821045
18,30,77.73707270622253,-5247915.1,0.9043134450912476,0.419576495885849,0.44139987230300903,0.300241082906723,60.90931177139282,8.201637983322144,16.823416709899902,47.212822914123535,0.26012635231018066,0.5540223121643066,4.579404830932617
19,1,63.44220042228699,-11474693.1,0.8854811787605286,0.4320927560329437,0.45374682545661926,0.29173943400382996,42.29631018638611,4.23823094367981,21.14253878593445,34.672993183135986,0.11939549446105957,0.5213053226470947,1.3596432209014893
19,2,60.40830111503601,-11473622.6,0.8859774470329285,0.43230941891670227,0.4534120261669159,0.2924043536186218,41.865405559539795,4.197909832000732,18.539482831954956,34.2711615562439,0.1179049015045166,0.4999425411224365,1.3594956398010254
19,3,56.879926919937134,-11475643.5,0.8882060647010803,0.43425625562667847,0.45609134435653687,0.29444846510887146,42.312808990478516,4.582607746124268,14.563861608505249,34.64864182472229,0.12485551834106445,0.5296115875244141,1.3472309112548828
19,4,57.21988606452942,-11472331.4,0.886074423789978,0.43210095167160034,0.4535938501358032,0.29234597086906433,41.75870227813721,4.286514759063721,15.458010196685791,34.087424993515015,0.11821413040161133,0.5023531913757324,1.3494162559509277
19,5,56.89043664932251,-11475351.0,0.8848046064376831,0.4303220808506012,0.45212236046791077,0.29108428955078125,42.34558987617493,4.545915603637695,14.541673183441162,34.70571041107178,0.12198519706726074,0.5263767242431641,1.3457362651824951
19,6,57.099236726760864,-11473515.6,0.8855443596839905,0.43224361538887024,0.4538586437702179,0.2913578748703003,42.40381979942322,4.227830410003662,14.692074537277222,34.70480680465698,0.11931943893432617,0.525810956954956,1.3548812866210938
19,7,57.7649712562561,-11476855.2,0.8843136429786682,0.43018847703933716,0.45162510871887207,0.2906869053840637,41.12772297859192,4.251361846923828,16.6336932182312,33.50420141220093,0.11587715148925781,0.4782371520996094,1.3537635803222656
19,8,56.590364933013916,-11478020.3,0.8852018713951111,0.4331076741218567,0.4546844959259033,0.29232484102249146,42.015430212020874,4.260311126708984,14.571731090545654,34.41388154029846,0.11844968795776367,0.501453161239624,1.3484597206115723
19,9,56.438825607299805,-11477817.9,0.8875110149383545,0.4338039755821228,0.45535948872566223,0.2939850687980652,42.00520157814026,4.303728103637695,14.430424213409424,34.3867928981781,0.11793684959411621,0.5038843154907227,1.3522639274597168
19,10,58.57803559303284,-11474317.0,0.8855156898498535,0.43168121576309204,0.45323801040649414,0.29225611686706543,42.02929615974426,4.282266616821289,16.545445680618286,34.32943391799927,0.11779594421386719,0.5016837120056152,1.3589682579040527
19,11,56.938560009002686,-11478660.6,0.8851839303970337,0.43233731389045715,0.4537065327167511,0.29258039593696594,42.468711376190186,4.556030511856079,14.46657919883728,34.72883152961731,0.12231922149658203,0.5265345573425293,1.3516581058502197
19,12,56.6930251121521,-11476083.6,0.8881064653396606,0.4335688352584839,0.4547220468521118,0.2945467531681061,42.2799654006958,4.290060520172119,14.409736156463623,34.52773070335388,0.12018156051635742,0.5120608806610107,1.3540802001953125
19,13,58.32827687263489,-11478143.1,0.8854522705078125,0.4324863851070404,0.45364850759506226,0.2926442325115204,41.534955978393555,4.29923677444458,16.79007077217102,33.8385488986969,0.11699461936950684,0.49869799613952637,1.3590738773345947
19,14,57.0294508934021,-11474012.3,0.8858593702316284,0.43238186836242676,0.45411258935928345,0.29233524203300476,42.208914041519165,4.591923952102661,14.817247152328491,34.47275519371033,0.1247255802154541,0.5195620059967041,1.3477106094360352
19,15,56.48187780380249,-11475861.3,0.8882197141647339,0.4339773952960968,0.4556303918361664,0.29439666867256165,42.06715488433838,4.270287990570068,14.411535501480103,34.44452452659607,0.11852025985717773,0.5068976879119873,1.3546264171600342
19,16,103.55209136009216,-11471180.3,0.8871995806694031,0.43181341886520386,0.4535977840423584,0.29336488246917725,72.4222137928009,8.50840449333191,31.120975971221924,59.04744553565979,0.2595696449279785,0.961815357208252,3.544404983520508
19,17,103.52093744277954,-11476351.4,0.8837502598762512,0.4297764003276825,0.45115378499031067,0.29006776213645935,71.05392837524414,8.47188425064087,32.458189964294434,57.79462790489197,0.2622542381286621,0.9309914112091064,3.4952754974365234
19,18,103.46112537384033,-11474930.9,0.8865809440612793,0.43329375982284546,0.45463529229164124,0.2931698262691498,70.94998955726624,8.484827756881714,32.501816272735596,57.644678354263306,0.2661457061767578,0.926863431930542,3.5274763107299805
19,19,102.68596625328064,-11480248.6,0.8831610083580017,0.4309094250202179,0.4520326554775238,0.2901085913181305,71.1268675327301,8.532166004180908,31.550472021102905,57.81907796859741,0.2599778175354004,0.9253661632537842,3.4907846450805664
19,20,106.28919315338135,-11473902.7,0.8857659101486206,0.4323708713054657,0.4540219306945801,0.29235896468162537,74.11127376556396,8.538871765136719,32.169106006622314,60.74434041976929,0.2620828151702881,0.950526237487793,3.513028383255005
19,21,102.3948302268982,-11472330.3,0.8863502144813538,0.431902676820755,0.4538452625274658,0.292415976524353,69.92925262451172,8.5230712890625,32.45709228515625,56.60641551017761,0.26915502548217773,0.9268326759338379,3.502805709838867
19,22,100.74355721473694,-11480388.5,0.8852024674415588,0.4330006539821625,0.45427167415618896,0.29272139072418213,69.61584329605103,8.55225133895874,31.1191623210907,56.32373809814453,0.2559535503387451,0.9116010665893555,3.477299690246582
19,23,100.53328967094421,-11474843.0,0.8857716917991638,0.4315759241580963,0.4530208110809326,0.2922421991825104,69.44711232185364,8.384346723556519,31.077165603637695,56.19921517372131,0.2698709964752197,0.928368091583252,3.5648000240325928
19,24,103.70921850204468,-11476318.2,0.8859879374504089,0.432842493057251,0.4540354013442993,0.29323703050613403,72.53665781021118,8.486574649810791,31.16407060623169,59.24853157997131,0.2683565616607666,0.9571654796600342,3.4751875400543213
19,25,102.31557965278625,-11475193.6,0.8860229849815369,0.43301495909690857,0.4548293650150299,0.2925244867801666,70.63811445236206,8.424242973327637,31.66897201538086,57.448044300079346,0.25846099853515625,0.925325870513916,3.4853897094726562
19,26,101.55079936981201,-11475444.0,0.887758195400238,0.433686226606369,0.4551014006137848,0.29397156834602356,69.70046544075012,8.50271987915039,31.84109616279602,56.39660573005676,0.26526975631713867,0.9225997924804688,3.5135645866394043
19,27,104.65368628501892,-11475026.6,0.8863136768341064,0.4324907958507538,0.4538458585739136,0.29325878620147705,72.93174600601196,8.58611512184143,31.71336579322815,59.557469606399536,0.2591226100921631,0.9451565742492676,3.4857308864593506
19,28,103.2983627319336,-11479071.6,0.8840287327766418,0.430877685546875,0.451717346906662,0.29059913754463196,71.40850853919983,8.49922490119934,31.880865573883057,58.10459017753601,0.2681550979614258,0.9327247142791748,3.504213333129883
19,29,102.0515558719635,-11478989.3,0.8843920826911926,0.43108075857162476,0.45246395468711853,0.2910591959953308,70.65841698646545,8.580775499343872,31.384230375289917,57.30678391456604,0.2590456008911133,0.9220221042633057,3.49151349067688
19,30,101.7703869342804,-11478092.8,0.8874185085296631,0.43402332067489624,0.4556354284286499,0.29429659247398376,70.2860324382782,8.48371434211731,31.475778579711914,57.048155069351196,0.2540562152862549,0.9183368682861328,3.4849321842193604
20,1,90.48908281326294,-25131610.8,0.8621920347213745,0.440897673368454,0.46225446462631226,0.2921726405620575,54.26531434059143,4.382293462753296,36.211615562438965,42.20877552032471,0.13356232643127441,0.8235511779785156,1.3776369094848633
20,2,82.17022585868835,-25134106.2,0.8660979270935059,0.44542157649993896,0.4669252634048462,0.29606935381889343,52.68052291870117,4.5400238037109375,29.477017879486084,40.64136481285095,0.12845420837402344,0.7510507106781006,1.445004940032959
20,3,86.82645058631897,-25131487.2,0.8621829748153687,0.4414769411087036,0.462979793548584,0.29209792613983154,54.36599588394165,4.428771734237671,32.44832158088684,42.34208369255066,0.13257193565368652,0.8164224624633789,1.3720149993896484
20,4,84.24001741409302,-25130455.0,0.8624931573867798,0.4416281580924988,0.46366557478904724,0.2923342287540436,54.13396430015564,4.505574941635132,30.094346284866333,42.10117864608765,0.13011431694030762,0.8277180194854736,1.3643665313720703
20,5,86.92534255981445,-25135419.2,0.8612427115440369,0.4407551884651184,0.46240198612213135,0.2914365530014038,54.40500068664551,4.380167245864868,32.50822329521179,42.36512470245361,0.1318531036376953,0.8211843967437744,1.3762297630310059
20,6,84.43155813217163,-25137317.0,0.860966145992279,0.4401648938655853,0.4622654616832733,0.2909308075904846,54.855900287628174,4.702697515487671,29.564753532409668,42.840222120285034,0.13391423225402832,0.8486993312835693,1.359220027923584
20,7,86.45563054084778,-25137301.2,0.8618290424346924,0.44136759638786316,0.46310457587242126,0.29213085770606995,54.282939434051514,4.4493255615234375,32.16013956069946,42.3167200088501,0.1300361156463623,0.8199911117553711,1.364424705505371
20,8,84.24293684959412,-25131157.2,0.8612307906150818,0.44050332903862,0.46172580122947693,0.2908114194869995,54.613691568374634,4.669180154800415,29.618338108062744,42.56615710258484,0.133744478225708,0.8254883289337158,1.3541181087493896
20,9,83.03097939491272,-25136607.4,0.862464189529419,0.4422716498374939,0.46457165479660034,0.29288995265960693,53.0824670791626,4.398270606994629,29.93711829185486,41.121220111846924,0.12822651863098145,0.7657732963562012,1.3636996746063232
20,10,83.0227038860321,-25127348.8,0.8647344708442688,0.44405198097229004,0.4654841125011444,0.2941919267177582,53.586501359939575,4.317531108856201,29.425222158432007,41.609572410583496,0.12802624702453613,0.7741436958312988,1.3580169677734375
20,11,82.32329082489014,-25136040.0,0.8623100519180298,0.4413106143474579,0.463274747133255,0.29239922761917114,53.12169861793518,4.369913816452026,29.190736293792725,41.24772095680237,0.12445354461669922,0.751431941986084,1.3570520877838135
20,12,83.2981288433075,-25139872.4,0.8615332841873169,0.4410936236381531,0.46278518438339233,0.29191210865974426,53.61900782585144,4.318349123001099,29.667855501174927,41.663944721221924,0.12538743019104004,0.7751364707946777,1.36275053024292
20,13,81.72954607009888,-25135441.0,0.8626133799552917,0.4421035051345825,0.46373340487480164,0.2928643822669983,52.48957586288452,4.280217409133911,29.2291579246521,40.63219213485718,0.1236569881439209,0.7435848712921143,1.3576292991638184
20,14,82.92844939231873,-25137191.2,0.8617821931838989,0.4408200979232788,0.46255481243133545,0.29193422198295593,53.52803707122803,4.310973644256592,29.389446258544922,41.61671710014343,0.12525177001953125,0.7710907459259033,1.3647980690002441
20,15,82.1209568977356,-25130047.2,0.862878143787384,0.4423733353614807,0.464097261428833,0.29260554909706116,52.86673402786255,4.296610116958618,29.24354887008667,40.98366403579712,0.12583208084106445,0.7561757564544678,1.3614709377288818
20,16,146.5612552165985,-25134954.4,0.8623104095458984,0.4420663118362427,0.4639267921447754,0.2925431728363037,85.0940432548523,8.87531304359436,61.44902443885803,70.62838077545166,0.2733902931213379,1.6567647457122803,3.5549888610839844
20,17,143.80343651771545,-25131541.0,0.8644775748252869,0.443480521440506,0.4656335115432739,0.2945021092891693,82.9109616279602,8.876687288284302,60.87456154823303,68.50771188735962,0.2604513168334961,1.6533703804016113,3.511868476867676
20,18,150.53686594963074,-25131278.4,0.8625170588493347,0.44119971990585327,0.4628901779651642,0.2923009395599365,89.20910859107971,8.927144289016724,61.308892488479614,74.6141893863678,0.27446651458740234,1.675795078277588,3.610640048980713
20,19,143.39335680007935,-25123410.4,0.8651619553565979,0.44360020756721497,0.4653152823448181,0.2944543957710266,83.02590680122375,8.675274133682251,60.34956097602844,68.84170579910278,0.26453280448913574,1.636927843093872,3.5067405700683594
20,20,145.30052256584167,-25129787.4,0.8629101514816284,0.4423256814479828,0.4639134109020233,0.29272255301475525,84.65085697174072,8.755442380905151,60.63184905052185,70.4117784500122,0.25586891174316406,1.6230723857879639,3.5066356658935547
20,21,142.5305495262146,-25121129.6,0.8640671372413635,0.4429822564125061,0.46462130546569824,0.2929590344429016,82.06403684616089,8.737697839736938,60.44804644584656,67.78197503089905,0.268277645111084,1.6348865032196045,3.544384241104126
20,22,149.16484594345093,-25125613.0,0.8636713027954102,0.4425066411495209,0.4639638364315033,0.2933409810066223,87.74038672447205,8.758391857147217,61.40622425079346,73.48823261260986,0.25597715377807617,1.6279282569885254,3.5114035606384277
20,23,146.93205642700195,-25129683.2,0.8647783994674683,0.44377654790878296,0.46512657403945923,0.29461178183555603,85.792640209198,8.875598669052124,61.121827602386475,71.38874459266663,0.2578563690185547,1.6531383991241455,3.5168306827545166
20,24,143.3157558441162,-25129040.0,0.8614686727523804,0.4400164484977722,0.4619176983833313,0.2909832298755646,82.11701965332031,8.744381427764893,61.18108320236206,67.86381554603577,0.2559778690338135,1.6332128047943115,3.5222036838531494
20,25,142.06194829940796,-25133393.8,0.8630732297897339,0.44257357716560364,0.46441376209259033,0.2933105230331421,81.05252242088318,8.679538011550903,60.991146087646484,66.90043640136719,0.25692081451416016,1.6141207218170166,3.5045366287231445
20,26,143.89775323867798,-25134402.6,0.864529550075531,0.4441916048526764,0.46579399704933167,0.29473876953125,82.70551300048828,8.861998319625854,61.17437434196472,68.33141446113586,0.2533879280090332,1.645409345626831,3.514214038848877
20,27,150.6706793308258,-25133089.6,0.8643898963928223,0.44337645173072815,0.4652141034603119,0.2945243716239929,89.0395143032074,8.805249214172363,61.61322045326233,74.69152903556824,0.2534809112548828,1.641486644744873,3.546962261199951
20,28,143.62229800224304,-25129558.6,0.8634812831878662,0.4421875774860382,0.4638771414756775,0.29357147216796875,82.86167597770691,8.699653625488281,60.74276351928711,68.64051914215088,0.25443315505981445,1.6409635543823242,3.528250217437744
20,29,142.9608292579651,-25131576.6,0.863835334777832,0.44345760345458984,0.4646378457546234,0.2939299941062927,81.74948835372925,8.968174457550049,61.1929087638855,67.24611020088196,0.2766141891479492,1.6325089931488037,3.5173490047454834
20,30,139.22421097755432,-25129972.2,0.8626827597618103,0.4414467513561249,0.4634365141391754,0.2923801839351654,77.98232865333557,8.768237829208374,61.22382116317749,63.7109272480011,0.23816633224487305,1.647031545639038,3.5210304260253906
