k,sample,total_time,best_ll,P00,P01,P10,P11,full_fit,gradient_gpu,init_cpu_gpu,mcmc_cpu,optimizer_gpu,transfer_pcie,warm_up_mcmc_cpu
1,1,8.380531311035156,-0.0004000663757324219,0.9998999834060669,0.9998999834060669,9.999999747378752e-05,0.9998999834060669,5.035160541534424,1.5240650177001953,3.3453359603881836,1.8816890716552734,0.11513423919677734,0.08304238319396973,1.3865704536437988
1,2,8.155158758163452,-0.0004000663757324219,0.9998999834060669,0.9998999834060669,9.999999747378752e-05,9.999999747378752e-05,4.86995267868042,1.506514072418213,3.2851736545562744,1.7489311695098877,0.11339449882507324,0.08143782615661621,1.3755455017089844
1,3,8.178879261016846,-0.0004000663757324219,0.9998999834060669,0.9998999834060669,9.999999747378752e-05,9.999999747378752e-05,4.8789167404174805,1.507262945175171,3.2999279499053955,1.7488830089569092,0.11451458930969238,0.08140993118286133,1.3827800750732422
1,4,8.19545602798462,-0.0004000663757324219,0.9998999834060669,0.9998999834060669,9.999999747378752e-05,9.999999747378752e-05,4.902087211608887,1.522169828414917,3.293334484100342,1.751462459564209,0.11616969108581543,0.08286619186401367,1.384225606918335
1,5,6.830610275268555,0.0,0.8999999761581421,0.699999988079071,0.5,0.20000000298023224,3.5095255374908447,1.2867131233215332,3.3210501670837402,0.598989725112915,0.11485147476196289,0.08236360549926758,1.3837311267852783
1,6,8.300896883010864,-0.0004000663757324219,0.9998999834060669,9.999999747378752e-05,0.9998999834060669,9.999999747378752e-05,4.953042030334473,1.513864278793335,3.347815752029419,1.8108470439910889,0.11570978164672852,0.0823812484741211,1.385500192642212
1,7,8.564618825912476,-0.0004000663757324219,0.9998999834060669,9.999999747378752e-05,0.9998999834060669,9.999999747378752e-05,5.263339519500732,1.5073025226593018,3.3012447357177734,1.7528657913208008,0.11331629753112793,0.08148527145385742,1.7642717361450195
1,8,8.20465612411499,-0.0004000663757324219,0.9998999834060669,0.9998999834060669,9.999999747378752e-05,9.999999747378752e-05,4.905395030975342,1.5162413120269775,3.2992286682128906,1.7626581192016602,0.11556077003479004,0.08290386199951172,1.383270263671875
1,9,8.252147674560547,-0.0004000663757324219,0.9998999834060669,9.999999747378752e-05,0.9998999834060669,9.999999747378752e-05,4.921212196350098,1.515448808670044,3.330901622772217,1.7800195217132568,0.11597800254821777,0.08195018768310547,1.383286952972412
1,10,8.165735244750977,-0.0004000663757324219,0.9998999834060669,9.999999747378752e-05,0.9998999834060669,9.999999747378752e-05,4.906159400939941,1.5222022533416748,3.2595369815826416,1.7597391605377197,0.11507487297058105,0.0825800895690918,1.3815724849700928
1,11,8.1734299659729,-0.0004000663757324219,0.9998999834060669,9.999999747378752e-05,0.9998999834060669,9.999999747378752e-05,4.895741701126099,1.514937400817871,3.2776505947113037,1.7568058967590332,0.11484074592590332,0.08224892616271973,1.3820362091064453
1,12,8.21769905090332,-0.0004000663757324219,0.9998999834060669,9.999999747378752e-05,0.9998999834060669,9.999999747378752e-05,4.90090012550354,1.5170211791992188,3.316760778427124,1.7560009956359863,0.11542081832885742,0.08187723159790039,1.3856737613677979
1,13,7.027810096740723,0.0,0.8999999761581421,0.699999988079071,0.5,0.20000000298023224,3.5115580558776855,1.2866706848144531,3.5162153244018555,0.6043715476989746,0.11431407928466797,0.08225274085998535,1.3802261352539062
1,14,8.322758674621582,-0.0004000663757324219,0.9998999834060669,0.9998999834060669,9.999999747378752e-05,0.9998999834060669,5.0070812702178955,1.5151488780975342,3.315643072128296,1.8663065433502197,0.11416935920715332,0.08286070823669434,1.3837940692901611
1,15,8.211162328720093,-0.0004000663757324219,0.9998999834060669,9.999999747378752e-05,0.9998999834060669,9.999999747378752e-05,4.913850545883179,1.5170059204101562,3.2972781658172607,1.7736279964447021,0.11440491676330566,0.08319449424743652,1.380868673324585
1,16,14.593599557876587,-0.0004000663757324219,0.9998999834060669,0.9998999834060669,9.999999747378752e-05,9.999999747378752e-05,9.931946516036987,3.118265390396118,4.661529541015625,2.7754950523376465,0.2306346893310547,0.14546728134155273,3.5810275077819824
1,17,12.31163239479065,0.0,0.8999999761581421,0.699999988079071,0.5,0.20000000298023224,7.670103549957275,2.6421024799346924,4.641406297683716,0.9133775234222412,0.22948575019836426,0.13785409927368164,3.6690330505371094
1,18,14.610101222991943,-0.0004000663757324219,0.9998999834060669,0.9998999834060669,9.999999747378752e-05,9.999999747378752e-05,9.983352422714233,3.1070992946624756,4.626631259918213,2.7656753063201904,0.23527836799621582,0.1432628631591797,3.6499781608581543
1,19,12.318895101547241,0.0,0.8999999761581421,0.699999988079071,0.5,0.20000000298023224,7.619894981384277,2.6624159812927246,4.6989052295684814,0.9317693710327148,0.229597806930542,0.13918256759643555,3.5787415504455566
1,20,14.574073076248169,-0.0004000663757324219,0.9998999834060669,0.9998999834060669,9.999999747378752e-05,9.999999747378752e-05,9.916361808776855,3.0851738452911377,4.657593011856079,2.764242172241211,0.22994494438171387,0.1407790184020996,3.615438938140869
1,21,12.275294065475464,0.0,0.8999999761581421,0.699999988079071,0.5,0.20000000298023224,7.691250562667847,2.6433892250061035,4.583940267562866,0.9325432777404785,0.23032832145690918,0.13790130615234375,3.670013904571533
1,22,14.5569589138031,-0.0004000663757324219,0.9998999834060669,9.999999747378752e-05,0.9998999834060669,9.999999747378752e-05,9.937244176864624,3.079021692276001,4.619585275650024,2.8065433502197266,0.2315216064453125,0.14238858222961426,3.5978357791900635
1,23,14.54819130897522,-0.0004000663757324219,0.9998999834060669,0.9998999834060669,9.999999747378752e-05,9.999999747378752e-05,9.877414464950562,3.0935609340667725,4.670663833618164,2.7640442848205566,0.23333096504211426,0.1408078670501709,3.5653693675994873
1,24,14.545921087265015,-0.0004000663757324219,0.9998999834060669,0.9998999834060669,9.999999747378752e-05,9.999999747378752e-05,9.932473421096802,3.1197988986968994,4.613351106643677,2.765342950820923,0.23313069343566895,0.14320683479309082,3.5901710987091064
1,25,12.284497499465942,0.0,0.8999999761581421,0.699999988079071,0.5,0.20000000298023224,7.692790746688843,2.673962116241455,4.591615915298462,0.9107687473297119,0.22871947288513184,0.13815879821777344,3.664381265640259
1,26,14.799707889556885,-0.0004000663757324219,0.9998999834060669,0.9998999834060669,9.999999747378752e-05,0.9998999834060669,10.184668779373169,3.085648775100708,4.614922046661377,3.0417206287384033,0.23346161842346191,0.14390897750854492,3.5987961292266846
1,27,14.627339124679565,-0.0004000663757324219,0.9998999834060669,0.9998999834060669,9.999999747378752e-05,9.999999747378752e-05,9.995259284973145,3.149320602416992,4.631979703903198,2.776099681854248,0.2314927577972412,0.14497756958007812,3.6112964153289795
1,28,12.197332620620728,0.0,0.8999999761581421,0.699999988079071,0.5,0.20000000298023224,7.615387439727783,2.619419813156128,4.581848859786987,0.9506762027740479,0.22853636741638184,0.13848161697387695,3.602766752243042
1,29,12.304007291793823,0.0,0.8999999761581421,0.699999988079071,0.5,0.20000000298023224,7.652742624282837,2.6593270301818848,4.651163816452026,0.9536726474761963,0.23012757301330566,0.14086055755615234,3.590970277786255
1,30,14.818989276885986,-0.0004000663757324219,0.9998999834060669,9.999999747378752e-05,0.9998999834060669,9.999999747378752e-05,10.073884963989258,3.16318941116333,4.744951486587524,2.819032669067383,0.23272418975830078,0.14577388763427734,3.629668712615967
2,1,8.211001873016357,-3.46702241897583,0.9998999834060669,0.3555735647678375,9.999999747378752e-05,0.40250957012176514,4.9427618980407715,1.6722524166107178,3.2681939601898193,1.645124912261963,0.11469030380249023,0.08299136161804199,1.3829824924468994
2,2,8.315135955810547,-3.5862450122833254,0.9998999834060669,0.3302002251148224,9.999999747378752e-05,0.4169444739818573,4.984094142913818,1.6630446910858154,3.331007719039917,1.692394495010376,0.11507463455200195,0.08300113677978516,1.3853790760040283
2,3,10.227313995361328,-4.546724796295166,0.9998999834060669,0.6785106062889099,0.6706258654594421,9.999999747378752e-05,6.95179557800293,1.674027442932129,3.2754805088043213,3.647162914276123,0.11516261100769043,0.08371496200561523,1.3862226009368896
2,4,10.234593868255615,-6.76418399810791,0.9998999834060669,0.2490338683128357,0.8220562934875488,0.43119382858276367,6.792078733444214,1.6600959300994873,3.44248104095459,3.496943235397339,0.11604094505310059,0.08397984504699707,1.3892052173614502
2,5,9.66917872428894,-3.7933526039123535,0.9998999834060669,0.9998999834060669,0.2366916984319687,9.999999747378752e-05,6.31353497505188,1.6647140979766846,3.355607271194458,3.02097749710083,0.11523652076721191,0.08376574516296387,1.3839824199676514
2,6,9.195720672607422,-7.154892921447754,0.9998999834060669,0.694722056388855,0.2336096167564392,0.23360957205295563,5.941796064376831,1.6750998497009277,3.2538888454437256,2.64190411567688,0.11501264572143555,0.0840756893157959,1.380492925643921
2,7,9.222660541534424,-3.793351650238037,0.9998999834060669,0.2373473048210144,0.9998999834060669,9.999999747378752e-05,5.8971030712127686,1.6608879566192627,3.3255228996276855,2.608154535293579,0.11517524719238281,0.08309650421142578,1.3844037055969238
2,8,9.632887125015259,-3.5086924552917482,0.9998999834060669,0.7742792963981628,0.2594088315963745,9.999999747378752e-05,6.326107740402222,1.6593654155731201,3.306746482849121,3.034473180770874,0.11507701873779297,0.08304142951965332,1.3888068199157715
2,9,11.01122522354126,-2.6161413192749023,0.9998999834060669,0.9998999834060669,0.7420116662979126,9.999999747378752e-05,7.645319223403931,1.655942678451538,3.3658721446990967,4.359433650970459,0.11545324325561523,0.08271646499633789,1.3864421844482422
2,10,9.7825345993042,-7.823603630065918,0.9998999834060669,0.5069662928581238,0.6370348334312439,0.20813529193401337,6.439423322677612,1.6731503009796143,3.343073844909668,3.129176616668701,0.11627912521362305,0.0847315788269043,1.3905587196350098
2,11,9.121907472610474,-1.4163344383239747,0.9998999834060669,0.9101794362068176,9.999999747378752e-05,9.999999747378752e-05,5.836580514907837,1.6636652946472168,3.2852940559387207,2.5464701652526855,0.11458945274353027,0.08281254768371582,1.3842644691467285
2,12,10.38332200050354,-4.115541458129883,0.9998999834060669,0.9998999834060669,0.7420114278793335,9.999999747378752e-05,7.106719970703125,1.6574375629425049,3.27656888961792,3.8200013637542725,0.11476397514343262,0.08336186408996582,1.3864426612854004
2,13,10.289233922958374,-4.5005998611450195,0.9998999834060669,0.9998999834060669,0.9998999834060669,9.999999747378752e-05,7.017071962356567,1.6542322635650635,3.272123098373413,3.73344087600708,0.1163787841796875,0.08314657211303711,1.3846909999847412
2,14,9.847501277923584,-4.416008949279785,0.9998999834060669,0.9998999834060669,0.4818125367164612,9.999999747378752e-05,6.546644449234009,1.6498842239379883,3.300821304321289,3.2774531841278076,0.1136624813079834,0.08243584632873535,1.3786544799804688
2,15,10.052756071090698,-4.27910041809082,0.9998999834060669,0.5045140385627747,0.8388324975967407,9.999999747378752e-05,6.759629249572754,1.6775636672973633,3.2930920124053955,3.450976848602295,0.11566996574401855,0.08371782302856445,1.386052131652832
2,16,17.67539143562317,-4.416008949279785,0.9998999834060669,0.9998999834060669,0.4818607568740845,9.999999747378752e-05,12.953165292739868,3.4064176082611084,4.722109079360962,5.501706600189209,0.23044252395629883,0.14708662033081055,3.583744525909424
2,17,18.229097366333008,-2.293951988220215,0.9998999834060669,0.23596861958503723,0.9998999834060669,9.999999747378752e-05,13.638253688812256,3.435976028442383,4.590742349624634,6.12863564491272,0.2399580478668213,0.14850568771362305,3.601435899734497
2,18,17.136592149734497,-3.5093266010284423,0.9998999834060669,0.768910825252533,0.2675182521343231,9.999999747378752e-05,12.487512350082397,3.3973636627197266,4.648961305618286,4.960460901260376,0.23600983619689941,0.14928317070007324,3.6612350940704346
2,19,18.634332418441772,-9.24547004699707,0.8170913457870483,0.5667744874954224,0.9998999834060669,0.7679627537727356,14.063253402709961,3.5118744373321533,4.5709755420684814,6.516451835632324,0.2346949577331543,0.1484394073486328,3.5707311630249023
2,20,16.36879253387451,-3.448246479034424,0.9998999834060669,0.34282398223876953,0.36484846472740173,9.999999747378752e-05,11.705392122268677,3.431933641433716,4.663258075714111,4.1801958084106445,0.23372149467468262,0.14820289611816406,3.6272060871124268
2,21,16.43961215019226,-1.413841438293457,0.9998999834060669,9.999999747378752e-05,0.9142611622810364,9.999999747378752e-05,11.817768335342407,3.4265599250793457,4.621731519699097,4.336931467056274,0.23517918586730957,0.1467583179473877,3.5900373458862305
2,22,18.673527717590332,-5.4300408363342285,0.9998999834060669,0.46075358986854553,0.9998999834060669,0.19213247299194336,13.99159836769104,3.382899045944214,4.681813716888428,6.590242624282837,0.23442959785461426,0.14587116241455078,3.5565712451934814
2,23,18.1019344329834,-2.293980598449707,0.9998999834060669,0.9998999834060669,0.23477530479431152,9.999999747378752e-05,13.47124433517456,3.4839553833007812,4.630588054656982,5.940904378890991,0.23294758796691895,0.1466825008392334,3.585970878601074
2,24,16.256980419158936,-3.4567055702209473,0.9998999834060669,0.3791113793849945,0.3599262535572052,9.999999747378752e-05,11.62284517288208,3.3977787494659424,4.63402247428894,4.1857452392578125,0.23449969291687012,0.1467266082763672,3.5762524604797363
2,25,16.0465829372406,-4.838961124420166,0.9998999834060669,0.5453057289123535,9.999999747378752e-05,0.5453057289123535,11.401286363601685,3.379659414291382,4.6451945304870605,3.996041774749756,0.23200726509094238,0.14527082443237305,3.565563440322876
2,26,16.6762375831604,-0.0015997886657714844,0.9998999834060669,0.9998999834060669,9.999999747378752e-05,9.999999747378752e-05,12.053560256958008,3.3833718299865723,4.62256646156311,4.643686771392822,0.23436999320983887,0.14606499671936035,3.5642638206481934
2,27,18.178602695465088,-4.115541458129883,0.9998999834060669,0.7424393892288208,0.9998999834060669,9.999999747378752e-05,13.427595853805542,3.4146008491516113,4.750884056091309,5.954725980758667,0.23378753662109375,0.14666986465454102,3.595977544784546
2,28,14.663836240768433,-0.0004000663757324219,0.9998999834060669,0.9998999834060669,9.999999747378752e-05,9.999999747378752e-05,9.96535038948059,3.1409695148468018,4.698374509811401,2.777784824371338,0.2339792251586914,0.14765286445617676,3.5822367668151855
2,29,16.097424268722534,-1.4585925102233888,0.9998999834060669,0.9086430668830872,9.999999747378752e-05,9.999999747378752e-05,11.488361835479736,3.394224166870117,4.608920335769653,4.036673545837402,0.23367714881896973,0.14741897583007812,3.5934503078460693
2,30,17.638628721237183,-4.72361421585083,0.9998999834060669,0.19912949204444885,0.9998999834060669,0.2617179751396179,12.992635250091553,3.4386301040649414,4.645883083343506,5.5185935497283936,0.23385000228881836,0.149247407913208,3.568204641342163
3,1,9.959816217422485,-7.7466785430908205,0.9998999834060669,0.45724260807037354,0.713990330696106,0.21971485018730164,6.681450843811035,1.6677899360656738,3.2783308029174805,3.384744882583618,0.11475348472595215,0.0843358039855957,1.3844826221466064
3,2,11.331274032592773,-16.954788398742675,0.9219123125076294,0.6139144897460938,0.8162822127342224,9.999999747378752e-05,7.995012998580933,1.7951891422271729,3.3362200260162354,4.578394174575806,0.11376309394836426,0.08288455009460449,1.378114938735962
3,3,12.148109436035156,-14.941581726074219,0.9998999834060669,0.8589871525764465,0.5347051024436951,9.999999747378752e-05,8.773674488067627,1.8361454010009766,3.374394416809082,5.299746513366699,0.1161198616027832,0.08512187004089355,1.3906421661376953
3,4,12.386726140975952,-23.43739891052246,0.9998999834060669,0.803372859954834,0.6158535480499268,0.13035665452480316,9.037509679794312,1.7936301231384277,3.349170446395874,5.612279653549194,0.11442303657531738,0.08294248580932617,1.3898534774780273
3,5,11.58881950378418,-24.485805702209472,0.9998999834060669,0.5338405966758728,0.6924609541893005,0.15558820962905884,8.256213426589966,1.7934973239898682,3.3325719833374023,4.841451644897461,0.11419224739074707,0.08299565315246582,1.3800084590911865
3,6,11.550923585891724,-18.03072166442871,0.9998999834060669,0.624870240688324,0.5345043540000916,0.07369881123304367,8.288528680801392,1.7989540100097656,3.262354612350464,4.859587907791138,0.11481523513793945,0.08333063125610352,1.3872754573822021
3,7,11.77073621749878,-21.65435905456543,0.9998999834060669,0.5935924649238586,0.4837253987789154,0.23025493323802948,8.472993850708008,1.7700212001800537,3.297708749771118,5.090458631515503,0.11245918273925781,0.08092045783996582,1.3758423328399658
3,8,10.550313949584961,-11.463248443603515,0.9998999834060669,0.3335352838039398,0.6242526769638062,9.999999747378752e-05,7.195265054702759,1.8084733486175537,3.355013608932495,3.760977029800415,0.11541485786437988,0.08376169204711914,1.3820273876190186
3,9,11.747924566268921,-19.736907958984375,0.9998999834060669,0.8178074359893799,0.5310680270195007,0.03300047293305397,8.432378768920898,1.807079792022705,3.315502882003784,4.9988181591033936,0.1150214672088623,0.08399510383605957,1.3830626010894775
3,10,10.02396535873413,-9.48354377746582,0.9998999834060669,9.999999747378752e-05,0.8099433183670044,0.17145749926567078,6.751591205596924,1.8051385879516602,3.272341012954712,3.3192660808563232,0.1151742935180664,0.08370518684387207,1.3830997943878174
3,11,10.438557386398315,-20.084575653076172,0.9998999834060669,0.4204964339733124,0.48062193393707275,0.1869392842054367,7.128293752670288,1.8034882545471191,3.3102240562438965,3.6970043182373047,0.11506223678588867,0.08322572708129883,1.3849616050720215
3,12,11.746363639831543,-21.169340324401855,0.9998999834060669,0.6581407189369202,0.7844598889350891,0.040231674909591675,8.467732191085815,1.8248634338378906,3.2785935401916504,5.01177716255188,0.11678385734558105,0.08397245407104492,1.385195016860962
3,13,10.512613773345947,-16.705948257446288,0.9998999834060669,0.5103312134742737,0.44152161478996277,0.07911049574613571,7.237469673156738,1.7896606922149658,3.2751035690307617,3.8247034549713135,0.11475563049316406,0.08314275741577148,1.3802740573883057
3,14,11.037328004837036,-10.054797172546387,0.9998999834060669,0.9998999834060669,0.21959653496742249,9.999999747378752e-05,7.766230583190918,1.810255527496338,3.271063804626465,4.326737403869629,0.11542749404907227,0.0844888687133789,1.3840410709381104
3,15,11.184155702590942,-21.53301658630371,0.9998999834060669,0.28453150391578674,0.4659822881221771,0.40218493342399597,7.926806211471558,1.7874586582183838,3.2573165893554688,3.9607086181640625,0.11322164535522461,0.08234786987304688,1.9392201900482178
3,16,19.733834505081177,-22.339664268493653,0.9998999834060669,0.3127989172935486,0.6751035451889038,0.266116738319397,15.12119174003601,3.6848952770233154,4.6125335693359375,7.39536714553833,0.2335507869720459,0.14742422103881836,3.5786285400390625
3,17,18.47999930381775,-13.762829494476318,0.8799597024917603,0.8535311818122864,0.3662621080875397,9.999999747378752e-05,13.840238571166992,3.644763469696045,4.639650821685791,6.152205467224121,0.23229074478149414,0.14736652374267578,3.5831897258758545
3,18,19.45403218269348,-13.91178560256958,0.9998999834060669,0.44039520621299744,0.6337473392486572,9.999999747378752e-05,14.850367069244385,3.697009325027466,4.603558778762817,7.013425350189209,0.23716974258422852,0.14758872985839844,3.671454429626465
3,19,20.492354154586792,-23.900662994384767,0.9998999834060669,0.9245333671569824,0.24594207108020782,0.30940818786621094,15.87962007522583,3.685157299041748,4.612630605697632,8.143678665161133,0.23409724235534668,0.1492302417755127,3.583482265472412
3,20,22.843185901641846,-22.109789657592774,0.9998999834060669,0.9998999834060669,0.5442091822624207,0.121550053358078,18.05468201637268,3.6782004833221436,4.788374185562134,10.31540298461914,0.2302708625793457,0.14864754676818848,3.5994982719421387
3,21,20.797584533691406,-20.869589042663574,0.9947395920753479,0.8443615436553955,0.4908871352672577,0.08570225536823273,16.208274126052856,3.7167067527770996,4.589201927185059,8.378828763961792,0.2361583709716797,0.1511085033416748,3.6420886516571045
3,22,20.228708744049072,-16.637368202209473,0.9998999834060669,0.25681209564208984,0.817279577255249,0.12673898041248322,15.61355710029602,3.7041237354278564,4.615037202835083,7.854438543319702,0.23619747161865234,0.14989757537841797,3.5865156650543213
3,23,21.628559112548828,-25.271972465515137,0.9998999834060669,0.6190094947814941,0.6565702557563782,0.1655309647321701,16.857959985733032,3.692845106124878,4.770471811294556,9.120418787002563,0.23544573783874512,0.149383544921875,3.577894926071167
3,24,19.049970865249634,-20.045390319824218,0.492377370595932,0.9682998657226562,0.736686646938324,0.07096818089485168,14.382846593856812,3.6954755783081055,4.667012691497803,6.652442455291748,0.23385095596313477,0.14780116081237793,3.5717601776123047
3,25,20.066038846969604,-14.493928337097168,0.9998999834060669,0.6042835712432861,0.5553367137908936,9.999999747378752e-05,15.490793466567993,3.6744205951690674,4.575141191482544,7.767698764801025,0.23480558395385742,0.14830803871154785,3.5840225219726562
3,26,20.83610987663269,-13.339551639556884,0.9998999834060669,0.8739766478538513,0.38300400972366333,9.999999747378752e-05,16.18399953842163,3.7286925315856934,4.65199613571167,8.209537744522095,0.24144887924194336,0.150679349899292,3.7679786682128906
3,27,19.186132431030273,-14.278599262237549,0.9998999834060669,0.6147741675376892,0.4569059908390045,9.999999747378752e-05,14.543769836425781,3.7081687450408936,4.642259120941162,6.78338360786438,0.23502278327941895,0.14870643615722656,3.584913492202759
3,28,18.01709485054016,-13.666849136352539,0.9167115688323975,0.7107705473899841,0.35878875851631165,9.999999747378752e-05,13.389631986618042,3.6779468059539795,4.627359867095947,5.681722402572632,0.23040294647216797,0.14618539810180664,3.5703516006469727
3,29,18.688960790634155,-20.152322387695314,0.9998999834060669,0.4496671259403229,0.23810908198356628,0.4460371434688568,14.098021030426025,3.6947824954986572,4.590829849243164,6.350241184234619,0.23341941833496094,0.14940595626831055,3.5877037048339844
3,30,16.348418474197388,-11.087170028686524,0.9998999834060669,0.1936071366071701,0.36745980381965637,0.10349057614803314,11.722393274307251,3.715144395828247,4.625921249389648,3.9695985317230225,0.23479151725769043,0.1486985683441162,3.572539806365967
4,1,14.969863414764404,-70.16567153930664,0.9998999834060669,0.7576391100883484,0.557512104511261,0.14176668226718903,11.657946586608887,1.9282281398773193,3.3118836879730225,8.10010576248169,0.11395001411437988,0.08235669136047363,1.389704942703247
4,2,14.155903816223145,-60.342404174804685,0.9998999834060669,0.6191422343254089,0.5629701614379883,0.11469360440969467,10.795802354812622,1.936049222946167,3.3600661754608154,7.2225258350372314,0.11518621444702148,0.0834510326385498,1.3933453559875488
4,3,14.139999151229858,-43.227539443969725,0.9998999834060669,0.752875030040741,0.5189169049263,9.999999747378752e-05,10.883567333221436,1.9324281215667725,3.256394147872925,7.3243701457977295,0.11476778984069824,0.0833895206451416,1.3842859268188477
4,4,13.005376100540161,-54.654252243041995,0.9998999834060669,0.5582451820373535,0.5297951698303223,0.09817870706319809,9.731439352035522,1.9394185543060303,3.273902416229248,6.162364721298218,0.11476683616638184,0.0835881233215332,1.3868279457092285
4,5,14.743792295455933,-64.45852012634278,0.9998999834060669,0.4837927520275116,0.8166540861129761,0.10030153393745422,11.407268762588501,1.9818122386932373,3.3364906311035156,7.78962254524231,0.11488962173461914,0.0836954116821289,1.392505168914795
4,6,12.02871584892273,-54.38817367553711,0.9820671677589417,0.5460637807846069,0.44796326756477356,0.15070834755897522,8.719056844711304,1.940779209136963,3.3096206188201904,5.14859938621521,0.11511588096618652,0.0838320255279541,1.386324167251587
4,7,14.33626675605774,-50.05508880615234,0.9998999834060669,0.6752575039863586,0.4538009464740753,0.07105476409196854,11.020461082458496,1.9506735801696777,3.3157708644866943,7.436841011047363,0.11518192291259766,0.08315157890319824,1.3897054195404053
4,8,12.94489336013794,-54.723150634765624,0.9998999834060669,0.5442439913749695,0.4773939549922943,0.14627927541732788,9.62745451927185,1.9413456916809082,3.3173983097076416,6.0557708740234375,0.1151576042175293,0.08302426338195801,1.3877651691436768
4,9,10.724741220474243,-21.156489181518555,0.7670458555221558,0.6073863506317139,0.7465722560882568,0.09451248496770859,7.376331806182861,1.8119370937347412,3.34836745262146,3.93465256690979,0.11515617370605469,0.08383679389953613,1.3862924575805664
4,10,11.777244329452515,-46.62416038513184,0.8964627981185913,0.5549083352088928,0.524551272392273,0.052192214876413345,8.417088270187378,1.9479258060455322,3.3601160049438477,4.83926796913147,0.11485433578491211,0.08435869216918945,1.3852853775024414
4,11,13.136192083358765,-44.79985046386719,0.9998999834060669,0.6767831444740295,0.3207997679710388,0.11400360614061356,9.842130184173584,1.9474914073944092,3.2940216064453125,6.263724327087402,0.11522936820983887,0.08323931694030762,1.388136625289917
4,12,11.7694833278656,-22.40340576171875,0.9998999834060669,0.8130971193313599,0.13012053072452545,9.999999747378752e-05,8.477079153060913,1.9477810859680176,3.2923715114593506,4.900784969329834,0.11533951759338379,0.08460450172424316,1.3834505081176758
4,13,12.348328828811646,-36.98585662841797,0.9998999834060669,0.55978924036026,0.4649949371814728,0.03231194242835045,9.047949075698853,1.9467453956604004,3.300342321395874,5.470076560974121,0.11515283584594727,0.0840446949005127,1.3871815204620361
4,14,13.92199444770813,-46.09155158996582,0.8874690532684326,0.5839378833770752,0.7667908072471619,9.999999747378752e-05,10.513668060302734,1.9417483806610107,3.4082863330841064,6.937920331954956,0.1151587963104248,0.0842444896697998,1.3893458843231201
4,15,13.023951530456543,-36.678437042236325,0.9822494983673096,0.4125986099243164,0.6829683780670166,9.999999747378752e-05,9.741388082504272,1.9485197067260742,3.2825286388397217,6.160388469696045,0.11523199081420898,0.08404374122619629,1.3884541988372803
4,16,21.72045874595642,-56.27559356689453,0.9998999834060669,0.5772448778152466,0.393037885427475,0.1846945583820343,17.11419677734375,3.9855756759643555,4.606149435043335,9.087135314941406,0.2325000762939453,0.14891719818115234,3.5777297019958496
4,17,21.746081590652466,-51.19813957214355,0.9638471007347107,0.5977399945259094,0.6647894978523254,0.05186529830098152,17.062930822372437,3.960526943206787,4.683016300201416,9.007314205169678,0.23709940910339355,0.14879298210144043,3.626650094985962
4,18,20.625452518463135,-52.53893623352051,0.9998999834060669,0.3481486737728119,0.4953158497810364,0.2394535392522812,16.026180028915405,3.9811089038848877,4.599167585372925,7.979543924331665,0.23302125930786133,0.14872360229492188,3.601602792739868
4,19,23.282752513885498,-38.58032455444336,0.9998999834060669,0.64054274559021,0.5011653304100037,9.999999747378752e-05,18.613138914108276,4.116687059402466,4.66950535774231,10.448795318603516,0.23835468292236328,0.15411376953125,3.5702383518218994
4,20,19.64638066291809,-41.00369491577148,0.9998999834060669,0.39986613392829895,0.28819993138313293,0.24858063459396362,15.001019477844238,4.031121492385864,4.645251512527466,6.865253448486328,0.23371243476867676,0.1506180763244629,3.636075019836426
4,21,23.47415328025818,-59.04956245422363,0.9998999834060669,0.6697878837585449,0.5427196621894836,0.07511704415082932,18.883483171463013,3.991140842437744,4.590548753738403,10.75953722000122,0.23470020294189453,0.1504669189453125,3.663895845413208
4,22,21.527799606323242,-55.56400718688965,0.9998999834060669,0.5254650115966797,0.4336200952529907,0.18530426919460297,16.91606831550598,3.955925226211548,4.611620664596558,8.831844091415405,0.23145723342895508,0.14869976043701172,3.6654281616210938
4,23,21.721298217773438,-42.876054763793945,0.8792078495025635,0.5497472882270813,0.721625030040741,9.999999747378752e-05,17.12963628768921,3.950864315032959,4.5915467739105225,9.133014440536499,0.23338079452514648,0.1478726863861084,3.5820224285125732
4,24,21.999313831329346,-67.39397811889648,0.9998999834060669,0.5868679285049438,0.4906378984451294,0.20775681734085083,17.408520460128784,3.9797475337982178,4.590673208236694,9.290839433670044,0.2399921417236328,0.15296411514282227,3.659208059310913
4,25,21.199511528015137,-48.721929931640624,0.9998999834060669,0.5207135081291199,0.4865800440311432,0.08624714612960815,16.627073049545288,3.998506546020508,4.572328090667725,8.571976661682129,0.23298931121826172,0.1503138542175293,3.5900778770446777
4,26,22.13891100883484,-40.82765502929688,0.9998999834060669,0.4526488780975342,0.5093116760253906,0.066457100212574,17.51978898048401,3.97188401222229,4.619024038314819,9.42033338546753,0.23236727714538574,0.15166115760803223,3.657757043838501
4,27,23.431416988372803,-43.861867904663086,0.9998999834060669,0.7667743563652039,0.5396952629089355,9.999999747378752e-05,18.824362993240356,4.0316901206970215,4.606932640075684,10.671470880508423,0.24451756477355957,0.1579451560974121,3.63124418258667
4,28,21.903250455856323,-61.226854705810545,0.9998999834060669,0.5011007189750671,0.49924513697624207,0.18716482818126678,17.234727144241333,3.9917290210723877,4.668409824371338,9.174041032791138,0.2384023666381836,0.156996488571167,3.5859644412994385
4,29,23.171104192733765,-37.12349586486816,0.9998999834060669,0.640972375869751,0.4735128879547119,9.999999747378752e-05,18.43426513671875,3.9763691425323486,4.736701011657715,10.391254425048828,0.23710250854492188,0.15190434455871582,3.592923641204834
4,30,24.08757710456848,-52.769690704345706,0.9998999834060669,0.7261725664138794,0.540446400642395,0.038331713527441025,19.4492404460907,4.142464637756348,4.638231515884399,11.249546766281128,0.2339940071105957,0.1512892246246338,3.588789701461792
5,1,13.460238695144653,-136.37434997558594,0.9998999834060669,0.4900023937225342,0.43613722920417786,0.185222789645195,10.16489577293396,2.0915262699127197,3.295300006866455,6.443099737167358,0.11475563049316406,0.08401751518249512,1.3870587348937988
5,2,16.44759774208069,-149.5901641845703,0.9998999834060669,0.6796863675117493,0.5266819596290588,0.08420971781015396,13.15002703666687,2.0765721797943115,3.2975268363952637,9.445863246917725,0.11384844779968262,0.08389925956726074,1.385751485824585
5,3,15.002057552337646,-97.48206634521485,0.9998999834060669,0.6188504695892334,0.5023640990257263,9.999999747378752e-05,11.731252193450928,2.080547332763672,3.2707691192626953,8.022980690002441,0.11400175094604492,0.08365201950073242,1.385680913925171
5,4,16.589211463928223,-112.65701141357422,0.9998999834060669,0.5940126776695251,0.5348312258720398,0.04355363920331001,13.294248580932617,2.0845999717712402,3.2949225902557373,9.570194244384766,0.11566686630249023,0.08374714851379395,1.3949635028839111
5,5,15.868046045303345,-115.18533096313476,0.9998999834060669,0.5904338955879211,0.6371632814407349,9.999999747378752e-05,12.605612754821777,2.070880651473999,3.2623934745788574,8.906341314315796,0.11414241790771484,0.08316445350646973,1.3869738578796387
5,6,14.928309440612793,-143.9473648071289,0.9998999834060669,0.5948013663291931,0.40852975845336914,0.15735793113708496,11.599697828292847,2.085930824279785,3.328568696975708,7.874021768569946,0.1156320571899414,0.08376216888427734,1.395289659500122
5,7,17.007721424102783,-137.5536849975586,0.9675527215003967,0.7355056405067444,0.5629446506500244,0.03887433186173439,13.721478700637817,2.0832502841949463,3.2862093448638916,10.001981258392334,0.1150822639465332,0.0833134651184082,1.3929741382598877
5,8,14.99204421043396,-147.86145477294923,0.9955642223358154,0.6385295391082764,0.48432374000549316,0.12060464918613434,11.716264009475708,2.0908255577087402,3.2757413387298584,7.995382785797119,0.11546969413757324,0.08363175392150879,1.3862121105194092
5,9,14.82852029800415,-132.16056060791016,0.9998999834060669,0.6118807196617126,0.4456350803375244,0.0924966037273407,11.530876159667969,2.073058843612671,3.297605276107788,7.827479600906372,0.11452555656433105,0.08375716209411621,1.387683391571045
5,10,15.226365566253662,-109.72637100219727,0.9998999834060669,0.6533032655715942,0.5192155241966248,0.02716875821352005,11.917588472366333,2.0875871181488037,3.308741569519043,8.194819688796997,0.11550354957580566,0.08439064025878906,1.3900120258331299
5,11,14.431639194488525,-105.4403190612793,0.9998999834060669,0.47931191325187683,0.47588810324668884,0.07290421426296234,11.085530281066895,2.3436505794525146,3.346057891845703,7.077660799026489,0.13158297538757324,0.08667182922363281,1.3877193927764893
5,12,13.697250843048096,-148.51312103271485,0.9388159513473511,0.4482411742210388,0.5171191096305847,0.22196654975414276,10.385009765625,2.107250690460205,3.3122060298919678,6.643291473388672,0.11644315719604492,0.08444857597351074,1.3887808322906494
5,13,17.017187356948853,-126.48406219482422,0.9998999834060669,0.5352044701576233,0.594265878200531,0.0664232149720192,13.670972347259521,2.085059881210327,3.346179962158203,9.95505952835083,0.11457490921020508,0.08385801315307617,1.3882637023925781
5,14,13.324538230895996,-113.06124420166016,0.988226592540741,0.5496617555618286,0.4491155445575714,0.09510760754346848,10.019760370254517,2.1262564659118652,3.3047420978546143,6.259859800338745,0.11664247512817383,0.08395886421203613,1.387984037399292
5,15,14.012304782867432,-143.98834838867188,0.9998999834060669,0.5174455046653748,0.4536440670490265,0.16384291648864746,10.711398124694824,2.0875844955444336,3.30086350440979,6.99259614944458,0.11572933197021484,0.08391499519348145,1.3871541023254395
5,16,23.860885620117188,-81.95464172363282,0.9998999834060669,0.5582749843597412,0.44885310530662537,9.999999747378752e-05,19.264037609100342,4.354159593582153,4.59673810005188,10.751354217529297,0.24132418632507324,0.15347647666931152,3.679163694381714
5,17,27.26014494895935,-127.35493774414063,0.9998999834060669,0.5462431907653809,0.5550898909568787,0.06564652919769287,22.45136570930481,4.289834976196289,4.80864953994751,14.081292390823364,0.23483943939208984,0.15290594100952148,3.607119083404541
5,18,26.309981107711792,-128.45356063842775,0.9998999834060669,0.5483323335647583,0.49100399017333984,0.10436324775218964,21.673197746276855,4.244813680648804,4.636648178100586,13.37885594367981,0.23511981964111328,0.15158319473266602,3.5807714462280273
5,19,26.66839361190796,-164.09749755859374,0.9628533124923706,0.6795006990432739,0.5178050398826599,0.10894772410392761,22.060531616210938,4.453585147857666,4.607751131057739,13.531266450881958,0.23730754852294922,0.1525273323059082,3.601569414138794
5,20,26.042751789093018,-122.99283599853516,0.9998999834060669,0.5765143632888794,0.4664652943611145,0.0759570300579071,21.365942001342773,4.281246185302734,4.676713705062866,13.010389804840088,0.23761320114135742,0.15155243873596191,3.602043867111206
5,21,24.90420651435852,-116.74257965087891,0.9998999834060669,0.5622386336326599,0.3946446478366852,0.10679212957620621,19.987515211105347,4.2915308475494385,4.916575193405151,11.641298770904541,0.23654890060424805,0.15230703353881836,3.581936836242676
5,22,24.75908589363098,-163.50541076660156,0.9285218119621277,0.6560620665550232,0.47335514426231384,0.16575069725513458,20.02638530731201,4.2661449909210205,4.732563018798828,11.687945127487183,0.23667263984680176,0.14997148513793945,3.6023733615875244
5,23,27.145465850830078,-181.69445190429687,0.9998999834060669,0.5215815305709839,0.6303163766860962,0.15908175706863403,22.51999831199646,4.241753339767456,4.625352144241333,14.237300634384155,0.23015403747558594,0.15003418922424316,3.5793821811676025
5,24,26.0035080909729,-139.71974487304686,0.9998999834060669,0.5370244383811951,0.5658618211746216,0.07388091832399368,21.290127277374268,4.256619691848755,4.713274002075195,12.981443405151367,0.23668122291564941,0.1515951156616211,3.5804073810577393
5,25,25.753938913345337,-132.1371276855469,0.9997894167900085,0.5657241940498352,0.4898764193058014,0.07781407237052917,21.13774871826172,4.25336766242981,4.616071939468384,12.836295366287231,0.2381300926208496,0.15384793281555176,3.5729026794433594
5,26,24.554033517837524,-115.67535552978515,0.9998999834060669,0.5612226724624634,0.29490625858306885,0.1821945458650589,19.96933650970459,4.40783953666687,4.584583759307861,11.496999502182007,0.2342679500579834,0.15134859085083008,3.5950565338134766
5,27,26.352389097213745,-93.57430114746094,0.9998999834060669,0.5314340591430664,0.5471708178520203,9.999999747378752e-05,21.675318956375122,4.365896940231323,4.6769537925720215,13.234273910522461,0.23697996139526367,0.15251588821411133,3.602691888809204
5,28,25.885058403015137,-135.3125030517578,0.9998999834060669,0.5343677997589111,0.47495418787002563,0.13169926404953003,21.273967027664185,4.304556608200073,4.6109607219696045,12.884362936019897,0.24037599563598633,0.1548919677734375,3.6048498153686523
5,29,25.152196645736694,-107.14823837280274,0.9559118151664734,0.6240454912185669,0.5682157874107361,9.999999747378752e-05,20.514821529388428,4.279495477676392,4.637249946594238,12.179218053817749,0.233076810836792,0.15250778198242188,3.586148977279663
5,30,24.924482583999634,-92.23058395385742,0.9998999834060669,0.56507408618927,0.5155661106109619,9.999999747378752e-05,20.296001195907593,4.282174348831177,4.628369331359863,11.946672677993774,0.2359917163848877,0.152174711227417,3.595536947250366
6,1,12.60857629776001,-26.583128929138184,0.9541828632354736,0.3026547431945801,0.587372899055481,9.999999747378752e-05,9.27535104751587,1.951829433441162,3.333185911178589,5.684527635574341,0.11666607856750488,0.08406305313110352,1.3932676315307617
6,2,12.059654712677002,-24.154314613342287,0.9552732706069946,0.6111604571342468,0.6384404301643372,0.1697770655155182,8.766478776931763,1.7998430728912354,3.293138027191162,5.342734098434448,0.11396503448486328,0.08404707908630371,1.3820703029632568
6,3,12.546454906463623,-29.45822982788086,0.9998999834060669,0.45538800954818726,0.4352826774120331,9.999999747378752e-05,9.29956316947937,1.9448575973510742,3.2468583583831787,5.725434064865112,0.11481952667236328,0.08289408683776855,1.3871738910675049
6,4,13.2629976272583,-14.260321140289307,0.9998999834060669,0.7476691007614136,0.5137563347816467,9.999999747378752e-05,9.895115613937378,1.8172869682312012,3.3678481578826904,6.444713592529297,0.11525273323059082,0.08448290824890137,1.3887903690338135
6,5,12.625499963760376,-17.480648040771484,0.753688395023346,0.754885196685791,0.9083736538887024,9.999999747378752e-05,9.246715068817139,1.8164992332458496,3.3787498474121094,5.782700061798096,0.1138911247253418,0.08428621292114258,1.4035613536834717
6,6,12.924185276031494,-16.651110458374024,0.9998999834060669,0.5922254920005798,0.8602083325386047,9.999999747378752e-05,9.586462020874023,1.8110947608947754,3.3376846313476562,6.146468877792358,0.11475634574890137,0.08474564552307129,1.3841221332550049
6,7,12.88392686843872,-25.51261215209961,0.9998999834060669,0.39723873138427734,0.46047070622444153,9.999999747378752e-05,9.56376028060913,1.9396307468414307,3.320131778717041,6.000391244888306,0.11386537551879883,0.08314013481140137,1.3820719718933105
6,8,11.876739025115967,-27.422723007202148,0.9998999834060669,0.4622252583503723,0.3960590362548828,9.999999747378752e-05,8.532527446746826,1.9450864791870117,3.344170331954956,4.9589409828186035,0.11507916450500488,0.08448553085327148,1.383441686630249
6,9,12.585449457168579,-16.810983657836914,0.9998999834060669,0.7558703422546387,0.6705893278121948,9.999999747378752e-05,9.149671077728271,1.8485143184661865,3.4357430934906006,5.66968297958374,0.11524128913879395,0.08514761924743652,1.3859708309173584
6,10,11.268832206726074,-27.354557228088378,0.9998999834060669,0.4346957206726074,0.415212482213974,9.999999747378752e-05,8.00685977935791,1.9436290264129639,3.261931896209717,4.433341026306152,0.1157371997833252,0.08366751670837402,1.3856432437896729
6,11,11.88848614692688,-20.801318168640137,0.9790064096450806,0.8229818940162659,0.5625978708267212,0.05782216042280197,8.5857515335083,1.7953853607177734,3.302694082260132,5.160846710205078,0.11465048789978027,0.08345580101013184,1.3866631984710693
6,12,12.475213527679443,-16.414510345458986,0.9998999834060669,0.580795168876648,0.8475134372711182,9.999999747378752e-05,9.126357793807983,1.8010523319244385,3.3488149642944336,5.699471950531006,0.11428713798522949,0.08334684371948242,1.3834991455078125
6,13,12.575817823410034,-25.9500638961792,0.9998999834060669,0.4373430013656616,0.38821497559547424,9.999999747378752e-05,9.28534746170044,1.938652515411377,3.2904341220855713,5.711742162704468,0.11505389213562012,0.08392739295959473,1.391329050064087
6,14,11.802966833114624,-17.05168285369873,0.8329888582229614,0.9186367988586426,0.5977330207824707,9.999999747378752e-05,8.524458885192871,1.7991867065429688,3.2784671783447266,5.094171762466431,0.11478710174560547,0.08331155776977539,1.388434648513794
6,15,11.37497329711914,-20.845060539245605,0.9892303943634033,0.5477049350738525,0.7535979151725769,0.049437910318374634,8.093247175216675,1.8036918640136719,3.281691312789917,4.655824184417725,0.11586213111877441,0.08412456512451172,1.388930082321167
6,16,21.963095664978027,-16.390872955322266,0.9998999834060669,0.6903039216995239,0.7202112674713135,9.999999747378752e-05,17.369686603546143,3.671679973602295,4.593279123306274,9.648862600326538,0.23366284370422363,0.15000677108764648,3.5827441215515137
6,17,19.957112550735474,-27.217707252502443,0.9982062578201294,0.38302552700042725,0.47095224261283875,9.999999747378752e-05,15.377865076065063,3.9499194622039795,4.579143285751343,7.372479677200317,0.2345600128173828,0.1490309238433838,3.588224411010742
6,18,20.859618425369263,-17.124537658691406,0.9053811430931091,0.8957423567771912,0.6379894018173218,9.999999747378752e-05,16.24927020072937,3.6810824871063232,4.610229015350342,8.53190302848816,0.22923874855041504,0.14874935150146484,3.5761187076568604
6,19,21.441471815109253,-15.920344352722168,0.9998999834060669,0.5174351930618286,0.9412540197372437,9.999999747378752e-05,16.67997980117798,3.697563886642456,4.761367082595825,8.92911410331726,0.23311090469360352,0.1482853889465332,3.588761568069458
6,20,20.80609679222107,-25.643838691711426,0.9998999834060669,0.5200698375701904,0.34118273854255676,9.999999747378752e-05,16.181671380996704,4.024303674697876,4.624315023422241,8.088287115097046,0.23464059829711914,0.1517620086669922,3.5980145931243896
6,21,20.259894371032715,-24.817705345153808,0.9998999834060669,0.4278062582015991,0.3862754702568054,9.999999747378752e-05,15.641987800598145,3.9651660919189453,4.617795705795288,7.636483430862427,0.23268723487854004,0.1483750343322754,3.5762758255004883
6,22,22.652920722961426,-15.160020732879639,0.9998999834060669,0.7583282589912415,0.597466230392456,9.999999747378752e-05,18.00658130645752,3.6762917041778564,4.646210432052612,10.222803831100464,0.2365858554840088,0.14789652824401855,3.6408677101135254
6,23,22.576348304748535,-23.2507417678833,0.9998999834060669,0.41369837522506714,0.4136265516281128,9.999999747378752e-05,17.991629362106323,3.9415647983551025,4.584611415863037,9.991473913192749,0.2352619171142578,0.15209436416625977,3.587479591369629
6,24,22.209991693496704,-21.592891120910643,0.8845507502555847,0.704660952091217,0.7356314063072205,0.0601608045399189,17.607348680496216,3.7188503742218018,4.602534532546997,9.76446270942688,0.2387235164642334,0.15211844444274902,3.6486990451812744
6,25,21.233448266983032,-28.204652404785158,0.9916710257530212,0.4968286156654358,0.39112091064453125,9.999999747378752e-05,16.610663890838623,3.9512779712677,4.6226723194122314,8.623059272766113,0.2300424575805664,0.14738774299621582,3.576932430267334
6,26,21.37453866004944,-19.2685905456543,0.9998999834060669,0.7911484241485596,0.49853888154029846,0.07170998305082321,16.73042392730713,3.6827166080474854,4.643975734710693,8.95636796951294,0.24552106857299805,0.15201926231384277,3.6073310375213623
6,27,20.4000985622406,-24.51534786224365,0.9998999834060669,0.5213101506233215,0.3108639419078827,9.999999747378752e-05,15.753077507019043,3.9685122966766357,4.6468706130981445,7.693323850631714,0.23698830604553223,0.1476120948791504,3.6239073276519775
6,28,22.027267694473267,-23.44622039794922,0.9998999834060669,0.29884397983551025,0.5405066609382629,9.999999747378752e-05,17.415863752365112,3.970444679260254,4.611283302307129,9.316723108291626,0.23386216163635254,0.1486349105834961,3.664025068283081
6,29,21.313292503356934,-25.170608520507812,0.9998999834060669,0.4203609228134155,0.4149925708770752,9.999999747378752e-05,16.6936514377594,3.9647090435028076,4.619530200958252,8.675813913345337,0.234788179397583,0.1474776268005371,3.5885300636291504
6,30,20.515706777572632,-27.358015251159667,0.9998999834060669,0.495216429233551,0.36560410261154175,9.999999747378752e-05,15.819335222244263,4.033070802688599,4.696236848831177,7.7463154792785645,0.23514294624328613,0.14915180206298828,3.5731875896453857
7,1,16.521745204925537,-191.05658569335938,0.9692460298538208,0.5469861626625061,0.4793635904788971,9.999999747378752e-05,13.220210313796997,2.23156476020813,3.30149245262146,9.348331689834595,0.11555266380310059,0.0846564769744873,1.3940410614013672
7,2,17.741512537002563,-184.2824691772461,0.9998999834060669,0.50068199634552,0.4929361939430237,9.999999747378752e-05,14.488559484481812,2.236729383468628,3.2529139518737793,10.615525722503662,0.11496782302856445,0.0848393440246582,1.391416072845459
7,3,16.653647899627686,-186.99886627197264,0.9998999834060669,0.5338534116744995,0.4624044597148895,9.999999747378752e-05,13.34867000579834,2.2369987964630127,3.3049421310424805,9.473405599594116,0.11537504196166992,0.08446907997131348,1.392850399017334
7,4,17.45705008506775,-190.74682159423827,0.9998999834060669,0.49302589893341064,0.5073906183242798,9.999999747378752e-05,14.157288312911987,2.2252514362335205,3.299722909927368,10.301948547363281,0.11329984664916992,0.08367586135864258,1.3889844417572021
7,5,16.834097862243652,-200.5598358154297,0.9998999834060669,0.48870834708213806,0.5305712819099426,0.012494698166847229,13.500346422195435,2.242263078689575,3.333714723587036,9.621312141418457,0.11623978614807129,0.08435654640197754,1.3916382789611816
7,6,16.893657684326172,-190.44476470947265,0.9998999834060669,0.47663697600364685,0.4973805546760559,9.999999747378752e-05,13.606348991394043,2.2436299324035645,3.287269115447998,9.730862379074097,0.11440920829772949,0.08449816703796387,1.3884081840515137
7,7,16.891496419906616,-194.224951171875,0.9998999834060669,0.47250714898109436,0.4949122369289398,0.015224323607981205,13.534474611282349,2.2238807678222656,3.3569793701171875,9.677203893661499,0.11436319351196289,0.08368992805480957,1.3908779621124268
7,8,17.429455041885376,-196.87965393066406,0.993351936340332,0.45208388566970825,0.5519184470176697,0.048002783209085464,14.117905378341675,2.2228128910064697,3.311516523361206,10.273126363754272,0.11288070678710938,0.0835411548614502,1.3815629482269287
7,9,17.879489421844482,-189.64009857177734,0.9998999834060669,0.45473119616508484,0.5539187788963318,9.999999747378752e-05,14.61977481842041,2.2254440784454346,3.259680986404419,10.756545066833496,0.11477446556091309,0.08417677879333496,1.3938641548156738
7,10,15.791334629058838,-189.2083724975586,0.9233845472335815,0.5294339060783386,0.5187676548957825,9.999999747378752e-05,12.505507946014404,2.228881597518921,3.28578782081604,8.641429424285889,0.11549615859985352,0.08479714393615723,1.389441967010498
7,11,17.90558385848999,-191.68846435546874,0.9998999834060669,0.4919542968273163,0.516355574131012,0.04271990805864334,14.61852216720581,2.3909223079681396,3.2870066165924072,10.542229890823364,0.14003896713256836,0.08664846420288086,1.3919579982757568
7,12,16.58213496208191,-184.74894104003906,0.9998999834060669,0.5147664546966553,0.48018738627433777,9.999999747378752e-05,13.255480527877808,2.2361390590667725,3.326613426208496,9.392428636550903,0.11385822296142578,0.08394622802734375,1.3842651844024658
7,13,17.630924224853516,-189.98627624511718,0.9998999834060669,0.4910372495651245,0.4933723211288452,0.008203434757888317,14.327531814575195,2.2314438819885254,3.3033523559570312,10.459187507629395,0.11433696746826172,0.08548116683959961,1.392301321029663
7,14,17.419338941574097,-190.76608428955078,0.9998999834060669,0.5162888765335083,0.46557629108428955,0.022533059120178223,14.144364356994629,2.2348227500915527,3.274937629699707,10.277790784835815,0.11397743225097656,0.0841679573059082,1.389235258102417
7,15,16.401616096496582,-184.89945526123046,0.9769781827926636,0.5470017790794373,0.4637748897075653,9.999999747378752e-05,13.112818002700806,2.2419068813323975,3.288757562637329,9.232537031173706,0.11498665809631348,0.08537840843200684,1.392313003540039
7,16,28.95713782310486,-191.68441619873047,0.9998999834060669,0.4839801490306854,0.5098097324371338,0.028655968606472015,24.428956985473633,4.605194568634033,4.528067588806152,15.757494688034058,0.2356095314025879,0.1503288745880127,3.5987143516540527
7,17,30.82732129096985,-195.52033538818358,0.9998999834060669,0.5224617719650269,0.4527994692325592,0.01476287841796875,26.35527777671814,4.512963771820068,4.471909761428833,17.790730953216553,0.2352907657623291,0.1515805721282959,3.582012176513672
7,18,28.877379894256592,-183.00945892333985,0.9998999834060669,0.5228708982467651,0.46713149547576904,9.999999747378752e-05,24.38601303100586,4.5311548709869385,4.4912474155426025,15.799661874771118,0.23623061180114746,0.1521151065826416,3.5827219486236572
7,19,28.50603222846985,-189.231396484375,0.9998999834060669,0.5308507084846497,0.4440394937992096,0.011386126279830933,24.004594087600708,4.535331726074219,4.5013086795806885,15.392643690109253,0.2327125072479248,0.15054893493652344,3.610459804534912
7,20,27.29061484336853,-185.54049682617188,0.9998999834060669,0.5308133363723755,0.4596785306930542,9.999999747378752e-05,22.749610424041748,4.577150583267212,4.540865659713745,14.09362530708313,0.23634672164916992,0.1547243595123291,3.6014130115509033
7,21,28.643174648284912,-186.89207458496094,0.9820322394371033,0.5130376219749451,0.49657106399536133,9.999999747378752e-05,24.164180278778076,4.739397048950195,4.478845834732056,15.369714736938477,0.23276615142822266,0.15231823921203613,3.5865883827209473
7,22,28.99237871170044,-184.68573913574218,0.9998999834060669,0.4710306227207184,0.524360179901123,9.999999747378752e-05,24.523934841156006,4.535017490386963,4.468324422836304,15.918046236038208,0.23508644104003906,0.15105295181274414,3.601278305053711
7,23,28.702244997024536,-190.92662506103517,0.9765570163726807,0.5207919478416443,0.5004041790962219,9.999999747378752e-05,24.184813737869263,4.650061845779419,4.517306089401245,15.345448732376099,0.25588440895080566,0.1721024513244629,3.6720175743103027
7,24,27.182246446609497,-202.8152816772461,0.9998999834060669,0.4820566475391388,0.5134511590003967,0.05022985860705376,22.653402090072632,4.577044486999512,4.5286705493927,13.956323862075806,0.23497509956359863,0.15421152114868164,3.6459925174713135
7,25,27.61812162399292,-208.16507263183593,0.9759698510169983,0.5139574408531189,0.5151145458221436,0.006660501006990671,23.068159103393555,4.53432559967041,4.549815654754639,14.405304431915283,0.23496103286743164,0.15443921089172363,3.6546339988708496
7,26,27.075724124908447,-195.32266693115236,0.9243793487548828,0.5614376068115234,0.5009065866470337,9.999999747378752e-05,22.585192441940308,4.559498071670532,4.490417957305908,13.8447105884552,0.24259185791015625,0.15238714218139648,3.7006635665893555
7,27,28.69243836402893,-194.82972717285156,0.9998999834060669,0.512138843536377,0.4697583019733429,0.0054869684390723705,24.14074969291687,4.579310178756714,4.551533222198486,15.403449058532715,0.24425458908081055,0.1608288288116455,3.6638059616088867
7,28,30.429205894470215,-182.18639678955077,0.9998999834060669,0.5029337406158447,0.4859291911125183,9.999999747378752e-05,25.903796672821045,4.5491087436676025,4.525299310684204,17.26482915878296,0.23679447174072266,0.15297698974609375,3.615326166152954
7,29,29.302193641662598,-185.2552932739258,0.9998999834060669,0.5299376249313354,0.4671500623226166,9.999999747378752e-05,24.75232720375061,4.575195074081421,4.549748182296753,16.134006023406982,0.2353348731994629,0.1508634090423584,3.574519634246826
7,30,30.061785221099854,-187.89985198974608,0.9998999834060669,0.4799036979675293,0.5133887529373169,9.999999747378752e-05,25.59252953529358,4.545668363571167,4.469132900238037,16.979058980941772,0.2386155128479004,0.1521759033203125,3.5909948348999023
8,1,20.97962975502014,-725.6836608886719,0.8836656212806702,0.6339693665504456,0.6323977112770081,0.02206418104469776,17.702252864837646,2.404911518096924,3.2773375511169434,13.650956392288208,0.11559414863586426,0.08481669425964355,1.4005630016326904
8,2,20.379642963409424,-859.7576171875,0.9281023144721985,0.5791900157928467,0.5499624609947205,0.09561187028884888,17.05230474472046,2.3814752101898193,3.3273022174835205,13.043294429779053,0.1134488582611084,0.08323383331298828,1.3871629238128662
8,3,20.185169458389282,-869.271337890625,0.9745669960975647,0.5592145323753357,0.5667922496795654,0.11244029551744461,16.886045217514038,2.3895833492279053,3.2990899085998535,12.854157209396362,0.11535167694091797,0.08433842658996582,1.397742509841919
8,4,20.035903692245483,-836.21552734375,0.9207876920700073,0.5826718807220459,0.5791907906532288,0.06951075047254562,16.746451377868652,2.385113477706909,3.289416790008545,12.725341558456421,0.11474061012268066,0.08388495445251465,1.3927891254425049
8,5,20.792006731033325,-815.5415832519532,0.9111681580543518,0.6039800643920898,0.5911598205566406,0.06471231579780579,17.545478582382202,2.3724935054779053,3.2464888095855713,13.50694990158081,0.11344790458679199,0.08287787437438965,1.4256224632263184
8,6,20.317335605621338,-775.8445556640625,0.8538514971733093,0.6511176228523254,0.6199419498443604,0.03041469119489193,16.97656750679016,2.4100043773651123,3.3407256603240967,12.930134057998657,0.11464047431945801,0.08464288711547852,1.391615867614746
8,7,21.515522003173828,-700.3052368164062,0.8819920420646667,0.6675608158111572,0.6187284588813782,0.02206183224916458,18.260140657424927,2.4036877155303955,3.2553443908691406,14.217392206192017,0.11506462097167969,0.08523988723754883,1.392930269241333
8,8,21.838634729385376,-700.2219665527343,0.8623120784759521,0.6720151901245117,0.6241198778152466,0.024208970367908478,18.42720937728882,2.3916640281677246,3.411384344100952,14.39369535446167,0.11469364166259766,0.08385610580444336,1.3981812000274658
8,9,21.091278076171875,-760.7427368164062,0.8618718385696411,0.6976377964019775,0.5845764875411987,0.02427629940211773,17.813488245010376,2.46060848236084,3.277747631072998,13.712791681289673,0.1151270866394043,0.08447647094726562,1.3954477310180664
8,10,20.424532413482666,-781.9868286132812,0.905029296875,0.639478862285614,0.5773173570632935,0.05419737845659256,17.13883352279663,2.414985418319702,3.2856600284576416,13.09129786491394,0.1144721508026123,0.08333659172058105,1.3897368907928467
8,11,21.008173942565918,-784.7544189453125,0.898647129535675,0.6300386786460876,0.6023643016815186,0.033535685390233994,17.69601345062256,2.3877615928649902,3.3121252059936523,13.666319847106934,0.1149146556854248,0.08440327644348145,1.3973710536956787
8,12,19.47205352783203,-771.5936950683594,0.8162962794303894,0.68582683801651,0.6310428977012634,0.0285438634455204,16.15518593788147,2.433260440826416,3.3168318271636963,12.082396507263184,0.11610937118530273,0.08402562141418457,1.3946928977966309
8,13,20.124987363815308,-783.5065551757813,0.852784276008606,0.6364931464195251,0.6361413598060608,0.03442354127764702,16.829967975616455,2.379746437072754,3.29498291015625,12.815873622894287,0.1145772933959961,0.08327698707580566,1.3911254405975342
8,14,21.33682894706726,-780.9554443359375,0.9196478128433228,0.6150942444801331,0.582589328289032,0.04387228563427925,18.00091242790222,2.380579948425293,3.335874319076538,13.980984449386597,0.11464238166809082,0.08362603187561035,1.396266222000122
8,15,19.763898849487305,-813.3971069335937,0.8474732637405396,0.6655337810516357,0.6111403107643127,0.05701139569282532,16.45685648918152,2.395691394805908,3.307004690170288,12.427161693572998,0.11446952819824219,0.08443379402160645,1.3904247283935547
8,16,36.04341387748718,-805.1947326660156,0.9145829677581787,0.612905740737915,0.5759894847869873,0.05978058651089668,31.3563973903656,4.876026630401611,4.68686580657959,22.343160390853882,0.24297380447387695,0.15720462799072266,3.6539316177368164
8,17,35.18595814704895,-788.2313781738281,0.890108585357666,0.6189616322517395,0.5818700790405273,0.043644506484270096,30.732828378677368,4.85962986946106,4.453018426895142,21.807230234146118,0.2370290756225586,0.15412449836730957,3.5904643535614014
8,18,33.92813324928284,-749.8959228515625,0.83518385887146,0.6478890776634216,0.651493489742279,0.017370929941534996,29.46166205406189,4.878323554992676,4.466346979141235,20.50876784324646,0.24264121055603027,0.15489745140075684,3.5921881198883057
8,19,35.7999472618103,-809.8664001464844,0.8965204358100891,0.629295825958252,0.5691480040550232,0.05714506655931473,31.29871129989624,4.8946006298065186,4.501126527786255,22.309866905212402,0.24047183990478516,0.15828156471252441,3.60882306098938
8,20,34.702536821365356,-804.1950439453125,0.8664847016334534,0.6344903111457825,0.6122977137565613,0.042092420160770416,30.2224338054657,4.937681436538696,4.479968786239624,21.205573320388794,0.24297451972961426,0.15927934646606445,3.590134620666504
8,21,36.318687200546265,-716.5261840820312,0.87949538230896,0.6615695953369141,0.6276727914810181,0.04755759611725807,31.759329795837402,4.971107482910156,4.559227466583252,22.71842861175537,0.24019098281860352,0.15630674362182617,3.5904159545898438
8,22,36.23250675201416,-793.1807739257813,0.9108231663703918,0.6138850450515747,0.6124991178512573,0.0582241453230381,31.58442521095276,4.854781866073608,4.647928953170776,22.61640191078186,0.2441117763519287,0.15784001350402832,3.625948190689087
8,23,36.24182415008545,-853.8838012695312,0.9484712481498718,0.5509573817253113,0.5481107234954834,0.08835062384605408,31.605405807495117,4.857553958892822,4.636228322982788,22.626635313034058,0.2399764060974121,0.15556669235229492,3.640329360961914
8,24,35.15972709655762,-767.3517456054688,0.8764448761940002,0.6640273928642273,0.6160998344421387,0.020984193310141563,30.678363800048828,4.874697923660278,4.481234550476074,21.70292019844055,0.2392563819885254,0.1569499969482422,3.617993116378784
8,25,35.44846272468567,-813.8734130859375,0.8852248787879944,0.614794135093689,0.6067885160446167,0.054255202412605286,30.92413640022278,4.8239521980285645,4.524195194244385,21.990533113479614,0.24489736557006836,0.1567084789276123,3.6216771602630615
8,26,34.71668529510498,-717.8970336914062,0.8592793345451355,0.6806349754333496,0.6180882453918457,0.01817261055111885,30.180663585662842,4.82724404335022,4.535915374755859,21.256224632263184,0.23867034912109375,0.15474343299865723,3.6196775436401367
8,27,34.15044903755188,-852.5458068847656,0.8661483526229858,0.643311619758606,0.5754339098930359,0.0702599287033081,29.563705682754517,4.835267543792725,4.586619138717651,20.63552212715149,0.23804140090942383,0.15034079551696777,3.6205954551696777
8,28,35.719454288482666,-792.6141235351563,0.8836185336112976,0.647371232509613,0.5817720890045166,0.04279609024524689,31.24163317680359,4.856959819793701,4.477710485458374,22.300249576568604,0.23714923858642578,0.15624499320983887,3.606175422668457
8,29,36.452707052230835,-844.682080078125,0.9317654967308044,0.5991278886795044,0.5526733994483948,0.07776818424463272,31.981398820877075,4.870843410491943,4.471203804016113,23.031493186950684,0.23505020141601562,0.15449786186218262,3.6048479080200195
8,30,37.63496017456055,-703.9665283203125,0.8570525646209717,0.6413607001304626,0.6736401915550232,0.024336015805602074,33.17665648460388,4.803968191146851,4.458202362060547,24.2982234954834,0.2347261905670166,0.1512296199798584,3.6064577102661133
9,1,24.315280199050903,-2681.046337890625,0.9696818590164185,0.5394539833068848,0.5047261118888855,0.018360227346420288,20.980125904083252,2.7120022773742676,3.335130214691162,16.627686500549316,0.11497306823730469,0.08515524864196777,1.3963396549224854
9,2,23.865909099578857,-2606.1619140625,0.9874057173728943,0.5416951179504395,0.5034937858581543,0.022218475118279457,20.53194499015808,2.7162227630615234,3.333946943283081,16.16510820388794,0.11558699607849121,0.08683514595031738,1.4024980068206787
9,3,25.005351781845093,-2675.8631103515627,0.9921715259552002,0.5351872444152832,0.4937911927700043,0.020946895703673363,21.648621797561646,2.7557828426361084,3.3567118644714355,17.24084997177124,0.1171722412109375,0.087890625,1.4014813899993896
9,4,24.632686376571655,-2581.5677001953127,0.9811977744102478,0.5507128238677979,0.5022335648536682,0.0195197444409132,21.333911657333374,2.7241547107696533,3.2987563610076904,16.96581244468689,0.11586713790893555,0.08646154403686523,1.3958420753479004
9,5,25.500821113586426,-2570.8382080078127,0.9989278316497803,0.5371213555335999,0.47932517528533936,0.013604420237243176,22.171860694885254,2.6944985389709473,3.3289411067962646,17.829670190811157,0.11465239524841309,0.08592629432678223,1.4018890857696533
9,6,24.29437279701233,-2740.123876953125,0.9998999834060669,0.5093753337860107,0.4820294976234436,0.03399946913123131,20.998908758163452,2.6727304458618164,3.2954459190368652,16.684774160385132,0.11435651779174805,0.08504891395568848,1.3980557918548584
9,7,24.05324912071228,-2712.98486328125,0.9998999834060669,0.5203075408935547,0.48759061098098755,0.03177690505981445,20.782633781433105,2.6894357204437256,3.270596981048584,16.45122790336609,0.11447715759277344,0.08621668815612793,1.3963124752044678
9,8,25.099769353866577,-2595.9527099609377,0.9998999834060669,0.5157669186592102,0.49781110882759094,0.028347766026854515,21.814731121063232,2.7485644817352295,3.285020351409912,17.418391227722168,0.11586833000183105,0.08656430244445801,1.4005720615386963
9,9,24.11772894859314,-2656.8251953125,0.9798471331596375,0.5408315062522888,0.49347734451293945,0.019069764763116837,20.847872018814087,2.7042946815490723,3.2698397636413574,16.498473167419434,0.11461687088012695,0.08665657043457031,1.3986387252807617
9,10,24.10596776008606,-2666.346630859375,0.9665217995643616,0.5536320209503174,0.5078021883964539,0.026998750865459442,20.792857885360718,2.694021463394165,3.313091516494751,16.45513153076172,0.1147775650024414,0.08635282516479492,1.3969762325286865
9,11,23.752349138259888,-2715.9752197265625,0.9960833787918091,0.5436021089553833,0.5020036697387695,0.05148041248321533,20.47277045249939,2.6776645183563232,3.279559850692749,16.15373468399048,0.11449313163757324,0.08599162101745605,1.3959510326385498
9,12,25.278393745422363,-2574.9221435546874,0.9998999834060669,0.5291561484336853,0.4989739954471588,0.01632634364068508,21.980491399765015,2.666762590408325,3.297882318496704,17.675132989883423,0.11361193656921387,0.08632183074951172,1.3937578201293945
9,13,25.817355632781982,-2586.5738037109377,0.9993340373039246,0.5390530824661255,0.4917280673980713,0.027298567816615105,22.50713276863098,2.6823718547821045,3.31020450592041,18.185276746749878,0.11373066902160645,0.08574652671813965,1.395202398300171
9,14,24.242076873779297,-2712.628125,0.9876371026039124,0.5386704802513123,0.4950600266456604,0.027478652074933052,20.945909023284912,2.8432013988494873,3.296149730682373,16.410943031311035,0.1385340690612793,0.08913969993591309,1.3976523876190186
9,15,24.736530303955078,-2627.91923828125,0.9998999834060669,0.531282365322113,0.48838305473327637,0.0204278826713562,21.43158745765686,2.704724073410034,3.3049254417419434,17.080646276474,0.11565256118774414,0.0865170955657959,1.3988983631134033
9,16,40.689401388168335,-2693.564990234375,0.9940598011016846,0.5381317138671875,0.49571338295936584,0.04332326725125313,36.18129873275757,5.473389387130737,4.508037805557251,26.55157709121704,0.24291229248046875,0.1580209732055664,3.6707334518432617
9,17,40.443483114242554,-2621.99501953125,0.9768611788749695,0.5518012642860413,0.4983431398868561,0.012103375047445297,35.817251443862915,5.473480463027954,4.6261608600616455,26.253917455673218,0.2369081974029541,0.1591205596923828,3.6085023880004883
9,18,39.492006063461304,-2893.8734130859375,0.9998999834060669,0.5182851552963257,0.4710021913051605,0.05539008975028992,34.985602378845215,5.503147602081299,4.506323575973511,25.398208141326904,0.23584508895874023,0.1596078872680664,3.6042659282684326
9,19,41.06548452377319,-2702.95185546875,0.9903136491775513,0.5312343835830688,0.4815724790096283,0.02923591248691082,36.48590397834778,5.510468006134033,4.5794837474823,26.817000150680542,0.24139761924743652,0.15987896919250488,3.6712193489074707
9,20,41.520524978637695,-2633.4918212890625,0.9838433265686035,0.5387784838676453,0.4924930930137634,0.016758617013692856,36.988333225250244,5.4246344566345215,4.532130002975464,27.50675106048584,0.2360382080078125,0.1568596363067627,3.581301689147949
9,21,40.83125710487366,-2687.3416015625,0.9811083674430847,0.5331416726112366,0.500827968120575,0.018430285155773163,36.31011939048767,5.476389646530151,4.521078586578369,26.777130126953125,0.23780441284179688,0.15685725212097168,3.578397035598755
9,22,40.55801725387573,-2720.206982421875,0.9998999834060669,0.5367612838745117,0.5061500668525696,0.046883516013622284,35.97457981109619,5.487104415893555,4.583377361297607,26.397430896759033,0.23939180374145508,0.15837478637695312,3.60778546333313
9,23,40.129024267196655,-2793.773291015625,0.9998999834060669,0.5116887092590332,0.4877956211566925,0.0407671295106411,35.63689041137695,5.486622333526611,4.492068290710449,25.906874656677246,0.24431562423706055,0.1610424518585205,3.750990390777588
9,24,40.7041540145874,-2706.54248046875,0.9954886436462402,0.5440611243247986,0.47470343112945557,0.025260623544454575,36.198310136795044,5.538851737976074,4.505776882171631,26.56455945968628,0.23732900619506836,0.16061186790466309,3.6114394664764404
9,26,42.03631782531738,-4500.667724609375,0.9612939953804016,0.5454354286193848,0.5184671878814697,0.08964831382036209,37.48095488548279,5.458402395248413,4.5552897453308105,27.91413378715515,0.23778057098388672,0.15938425064086914,3.6252095699310303
9,27,40.78200578689575,-4529.378125,0.9462260603904724,0.5711740255355835,0.4927520155906677,0.08743875473737717,36.26117420196533,5.428399085998535,4.520773649215698,26.747340202331543,0.23364639282226562,0.15448760986328125,3.6139261722564697
9,28,41.459240436553955,-4519.529931640625,0.9571666121482849,0.5484440326690674,0.5196534395217896,0.09133584797382355,36.970848083496094,5.45458459854126,4.48831582069397,27.434792518615723,0.24048161506652832,0.15752935409545898,3.599818706512451
9,29,41.99951982498169,-4465.0009765625,0.9696735143661499,0.5509644150733948,0.4853038489818573,0.09470563381910324,37.46288704872131,5.5008885860443115,4.536575078964233,27.865119695663452,0.23624920845031738,0.16108036041259766,3.6126484870910645
9,30,40.920759439468384,-4487.926953125,0.9605939984321594,0.5632738471031189,0.5437670350074768,0.10331766307353973,36.42866778373718,5.455240488052368,4.492004156112671,26.83097004890442,0.23903632164001465,0.1559751033782959,3.6640219688415527
10,1,29.296047687530518,-10579.5052734375,0.9674681425094604,0.5544544458389282,0.532539963722229,0.11273014545440674,25.9744975566864,2.818617582321167,3.321505546569824,21.507970333099365,0.11478114128112793,0.08817863464355469,1.399871587753296
10,2,29.319124221801758,-10702.881640625,0.9634504914283752,0.5676954984664917,0.5041223168373108,0.11638617515563965,25.964781045913696,2.836229085922241,3.354297637939453,21.47032856941223,0.11589789390563965,0.08982181549072266,1.4064912796020508
10,3,29.874892234802246,-10670.96943359375,0.971224308013916,0.5528950095176697,0.5253100991249084,0.11625146120786667,26.575807332992554,2.8476014137268066,3.299039840698242,22.08950114250183,0.11292123794555664,0.08632564544677734,1.395373821258545
10,4,29.993744611740112,-10594.20107421875,0.97199946641922,0.5500259399414062,0.5343125462532043,0.11582892388105392,26.67274498939514,2.844021797180176,3.3209495544433594,22.177809715270996,0.1158287525177002,0.08888006210327148,1.4011874198913574
10,5,30.32756209373474,-10661.253125,0.9634757041931152,0.5520379543304443,0.4866107702255249,0.09857509285211563,27.05482006072998,2.840257167816162,3.2726972103118896,22.56691598892212,0.11539578437805176,0.0883016586303711,1.3993070125579834
10,6,29.886218070983887,-10611.3185546875,0.9748237729072571,0.5680559873580933,0.5014017224311829,0.10978834331035614,26.60628581047058,2.8326916694641113,3.279888153076172,22.122502088546753,0.1152198314666748,0.08827042579650879,1.4025983810424805
10,7,29.263376474380493,-10676.85576171875,0.9664021134376526,0.5601645112037659,0.5210310816764832,0.11639781296253204,25.96034574508667,2.8287370204925537,3.302985906600952,21.479135751724243,0.11495566368103027,0.08779335021972656,1.404876708984375
10,8,29.824267625808716,-10680.971484375,0.9682061672210693,0.5487203598022461,0.5275720357894897,0.12018126249313354,26.525861978530884,2.8142342567443848,3.298358678817749,22.064597845077515,0.11471915245056152,0.08729314804077148,1.4004943370819092
10,9,29.121034622192383,-10696.38095703125,0.9647114872932434,0.5574761629104614,0.5299186706542969,0.11568983644247055,25.783366441726685,2.8354899883270264,3.3376176357269287,21.30001735687256,0.11463236808776855,0.08784294128417969,1.4007587432861328
10,10,30.210033893585205,-10525.83935546875,0.9749733209609985,0.5437909960746765,0.5388180017471313,0.11495312303304672,26.88755488395691,2.8384015560150146,3.3224380016326904,22.389308214187622,0.11593127250671387,0.08956670761108398,1.4087481498718262
10,11,29.920766830444336,-10625.37783203125,0.9743210077285767,0.5618842244148254,0.5082646608352661,0.11211424320936203,26.6480553150177,2.8243582248687744,3.2726645469665527,22.17152428627014,0.1146860122680664,0.0889439582824707,1.4031097888946533
10,12,30.25411605834961,-10607.25751953125,0.9758709669113159,0.5519339442253113,0.5038347244262695,0.1081080362200737,26.94939422607422,2.8187246322631836,3.3046715259552,22.477357149124146,0.11476373672485352,0.08803629875183105,1.4055073261260986
10,13,29.37493062019348,-10706.03935546875,0.9698362946510315,0.561396062374115,0.5048425197601318,0.11753687262535095,25.974777936935425,2.831029176712036,3.4001057147979736,21.492471933364868,0.11469554901123047,0.08853769302368164,1.4031836986541748
10,14,29.8698787689209,-10559.98134765625,0.9808889627456665,0.5569196343421936,0.499388724565506,0.11499375849962234,26.526888847351074,2.822381019592285,3.342939615249634,22.045954704284668,0.1168060302734375,0.08855319023132324,1.4081547260284424
10,15,29.92307734489441,-10517.66416015625,0.9722421169281006,0.5571295022964478,0.5282519459724426,0.10905325412750244,26.590415716171265,2.8286349773406982,3.3326222896575928,22.118813276290894,0.11365222930908203,0.08721756935119629,1.398087739944458
10,16,50.37781739234924,-10594.2421875,0.9652026295661926,0.5593684315681458,0.4845793843269348,0.09506282955408096,45.760804653167725,5.761368751525879,4.616856098175049,35.812591314315796,0.2443559169769287,0.16286492347717285,3.6959097385406494
10,17,51.271939516067505,-10516.003125,0.9808698296546936,0.5580615997314453,0.5124983191490173,0.10780193656682968,46.71773409843445,5.752186298370361,4.554073095321655,36.850646018981934,0.24569463729858398,0.1624922752380371,3.621492385864258
10,18,50.193302392959595,-10725.053515625,0.9672023057937622,0.5513737201690674,0.5246231555938721,0.11997829377651215,45.669716596603394,5.724850177764893,4.523437261581421,35.791685581207275,0.24526453018188477,0.16105961799621582,3.661160707473755
10,19,50.05292582511902,-10653.5576171875,0.9569997787475586,0.5486312508583069,0.5013630390167236,0.09431671351194382,45.457791566848755,5.715413808822632,4.5950093269348145,35.61646366119385,0.24162745475769043,0.16167974472045898,3.636446714401245
10,20,51.15204048156738,-10624.52109375,0.9646989107131958,0.553507387638092,0.4956039786338806,0.09385006129741669,46.598357915878296,5.800663948059082,4.553562164306641,36.66750764846802,0.24829554557800293,0.16271233558654785,3.633549213409424
10,21,49.40014457702637,-10652.86103515625,0.9680619835853577,0.5482044219970703,0.5368242263793945,0.11898533999919891,44.88703656196594,5.768391847610474,4.512975692749023,34.92123007774353,0.24872183799743652,0.16287517547607422,3.699835777282715
10,22,51.63994479179382,-10600.00615234375,0.9626635313034058,0.5526565313339233,0.49283871054649353,0.09549257159233093,47.08600211143494,5.742719411849976,4.553797721862793,37.24594235420227,0.24553680419921875,0.16126418113708496,3.604696750640869
10,23,52.178932666778564,-10580.11484375,0.9708279371261597,0.5659926533699036,0.508231520652771,0.10005484521389008,47.503461837768555,5.752321481704712,4.675335884094238,37.62396001815796,0.2478621006011963,0.16202425956726074,3.631497621536255
10,24,51.198076248168945,-10597.59267578125,0.9758158922195435,0.5495070219039917,0.5184317231178284,0.11760985106229782,46.68099308013916,5.780281066894531,4.516947269439697,36.78888201713562,0.24466729164123535,0.16050195693969727,3.620987892150879
10,25,49.96795201301575,-10768.7517578125,0.9671154022216797,0.5575282573699951,0.518251359462738,0.11871878057718277,45.404874324798584,5.695307493209839,4.562946081161499,35.62176871299744,0.23999500274658203,0.16103219985961914,3.602607488632202
10,26,49.96733093261719,-10680.324609375,0.9729296565055847,0.5547559857368469,0.5167118310928345,0.1165802851319313,45.47882413864136,5.761996507644653,4.4883880615234375,35.62172555923462,0.24202537536621094,0.16024351119995117,3.608232259750366
10,27,51.49874472618103,-10532.1658203125,0.9717820286750793,0.5647763013839722,0.5062107443809509,0.09565890580415726,46.943702697753906,5.761282444000244,4.554825782775879,37.0353422164917,0.24281024932861328,0.15931487083435059,3.6594161987304688
10,28,50.74682974815369,-10613.103515625,0.9576346278190613,0.5451904535293579,0.5041722059249878,0.09314173460006714,46.18995714187622,5.683468580245972,4.556761026382446,36.415982723236084,0.24007296562194824,0.15895748138427734,3.6080968379974365
10,29,49.911869764328,-10385.564453125,0.9505026340484619,0.5765630602836609,0.5308563113212585,0.08172675967216492,45.39834022521973,5.675229072570801,4.513397693634033,35.64004373550415,0.2428591251373291,0.16196775436401367,3.592177629470825
10,30,51.03082990646362,-10654.225390625,0.9531304836273193,0.5416281223297119,0.5116163492202759,0.0931905210018158,46.43893337249756,5.730249404907227,4.591750860214233,36.573131799697876,0.2474043369293213,0.16874933242797852,3.632631778717041
11,1,36.02091097831726,-24886.242578125,0.9749611020088196,0.5496139526367188,0.5102918744087219,0.11146632581949234,32.711405515670776,2.96943736076355,3.3094563484191895,28.080343008041382,0.11457085609436035,0.0904848575592041,1.4116528034210205
11,2,36.50080323219299,-24973.9798828125,0.9744285941123962,0.5549091100692749,0.5031944513320923,0.12258478999137878,33.151970863342285,3.0055999755859375,3.3487870693206787,28.484963417053223,0.11495566368103027,0.09107351303100586,1.4103131294250488
11,3,35.95170712471008,-25148.6353515625,0.9770915508270264,0.5443812012672424,0.4978851079940796,0.11843875795602798,32.64826726913452,2.97687029838562,3.3033864498138428,28.00311779975891,0.11609816551208496,0.09062886238098145,1.4161276817321777
11,4,36.412926197052,-25163.71875,0.9816036820411682,0.5397375822067261,0.49656111001968384,0.12395021319389343,33.068156242370605,3.008596658706665,3.344719409942627,28.40473246574402,0.1137857437133789,0.08940434455871582,1.4070751667022705
11,5,36.33414959907532,-25110.5880859375,0.9687145948410034,0.5464870929718018,0.4904025197029114,0.11517734080553055,33.000492811203,2.9962127208709717,3.333604574203491,28.341628789901733,0.1155250072479248,0.09005165100097656,1.4119539260864258
11,6,36.103763580322266,-25141.3189453125,0.9713747501373291,0.5525993704795837,0.504310667514801,0.12474291771650314,32.80138850212097,2.981564998626709,3.3023247718811035,28.17083716392517,0.11350870132446289,0.0889739990234375,1.4022190570831299
11,7,36.067370891571045,-25080.7443359375,0.9744918346405029,0.5471855401992798,0.5099961757659912,0.11835131049156189,32.67431402206421,3.0275800228118896,3.393005847930908,27.98402762413025,0.11597013473510742,0.09128308296203613,1.4095139503479004
11,8,36.45071005821228,-25186.360546875,0.9775373935699463,0.5451862215995789,0.4963134825229645,0.12271597236394882,33.09323287010193,2.948357105255127,3.3574278354644775,28.494324207305908,0.11338567733764648,0.08850550651550293,1.4045791625976562
11,9,36.15307831764221,-25014.7099609375,0.9759945869445801,0.5489308834075928,0.5002570152282715,0.11534235626459122,32.758760929107666,2.985241651535034,3.39426326751709,28.111867666244507,0.11510848999023438,0.09106612205505371,1.4098718166351318
11,10,36.866026878356934,-25097.495703125,0.9791860580444336,0.5481091141700745,0.49921825528144836,0.12149547785520554,33.52847361564636,2.9757814407348633,3.3375024795532227,28.88435673713684,0.11525702476501465,0.09109306335449219,1.4166326522827148
11,11,36.28302812576294,-25060.143359375,0.9534580111503601,0.538870632648468,0.4972848892211914,0.10235618054866791,32.97503209114075,2.9676196575164795,3.3079404830932617,28.35282802581787,0.11372995376586914,0.08926987648010254,1.407357931137085
11,12,37.59490513801575,-25018.726953125,0.9612154960632324,0.5434936285018921,0.4863511323928833,0.10584846884012222,34.26590013504028,3.045673370361328,3.328960418701172,29.55808138847351,0.11583209037780762,0.09093451499938965,1.410163164138794
11,13,36.858821630477905,-25111.3951171875,0.9544118046760559,0.5342459678649902,0.5000261664390564,0.10341009497642517,33.528849840164185,2.9610888957977295,3.329927682876587,28.911168813705444,0.11477398872375488,0.0895383358001709,1.4075589179992676
11,14,37.988649129867554,-24935.22578125,0.985041081905365,0.5430731773376465,0.4921444058418274,0.11780310422182083,34.69567322731018,2.9655745029449463,3.29292631149292,30.06744623184204,0.11471009254455566,0.09065675735473633,1.4125657081604004
11,15,37.83041071891785,-24939.21875,0.9894681572914124,0.5494024157524109,0.4922236204147339,0.12157923728227615,34.502161264419556,2.9830987453460693,3.3281993865966797,29.85602593421936,0.11460232734680176,0.09063339233398438,1.4129478931427002
11,16,63.516704082489014,-24915.2314453125,0.9781700968742371,0.5566257834434509,0.5011219382286072,0.11873581260442734,58.93267512321472,6.227100849151611,4.583895444869995,48.581186056137085,0.24938726425170898,0.16816473007202148,3.6211583614349365
11,17,64.74394392967224,-24818.998828125,0.9797255992889404,0.5464013814926147,0.5014832615852356,0.11142918467521667,60.21705460548401,6.101394176483154,4.526746034622192,49.991058588027954,0.24579858779907227,0.16922378540039062,3.622802495956421
11,18,63.61848306655884,-24768.7359375,0.96257084608078,0.5551518797874451,0.5073157548904419,0.10302472114562988,58.97612380981445,6.036845445632935,4.642148733139038,48.76388454437256,0.24497652053833008,0.16447782516479492,3.6785178184509277
11,19,62.92994475364685,-24907.361328125,0.9764437675476074,0.5598564743995667,0.5024071931838989,0.11172259598970413,58.368672370910645,6.090299606323242,4.56113076210022,48.03432846069336,0.25785112380981445,0.17422890663146973,3.719994068145752
11,20,63.28170824050903,-24976.26875,0.9821652173995972,0.5429985523223877,0.496558278799057,0.11812824755907059,58.76537203788757,6.11394739151001,4.516202211380005,48.51115274429321,0.24935626983642578,0.17116355895996094,3.6338677406311035
11,21,61.96116375923157,-25057.7162109375,0.978738009929657,0.5504798889160156,0.49527111649513245,0.1264967918395996,57.32130789756775,6.034965515136719,4.6396777629852295,47.13104510307312,0.25034189224243164,0.17312335968017578,3.6444344520568848
11,22,63.8402533531189,-25025.6744140625,0.9789594411849976,0.545602023601532,0.4934280216693878,0.11468702554702759,59.16981267929077,6.034217834472656,4.670307636260986,49.00635862350464,0.24745893478393555,0.16861939430236816,3.627826452255249
11,23,62.934001207351685,-25020.9294921875,0.975937008857727,0.5535162687301636,0.49918919801712036,0.11850729584693909,58.3635036945343,6.002374649047852,4.570352792739868,48.198808670043945,0.24582982063293457,0.17149901390075684,3.6572911739349365
11,24,63.46160817146301,-24926.0865234375,0.9769808650016785,0.5465933680534363,0.5067548155784607,0.12172653526067734,58.81567406654358,6.058704853057861,4.645769834518433,48.57979655265808,0.24808883666992188,0.17275500297546387,3.6687161922454834
11,25,64.01646304130554,-24864.2068359375,0.9781697392463684,0.5510312914848328,0.5005565881729126,0.10984008014202118,59.43756556510925,6.154332637786865,4.578748464584351,49.15194582939148,0.24388837814331055,0.16312384605407715,3.637389659881592
11,26,62.59538722038269,-24984.0951171875,0.9901283383369446,0.537062406539917,0.490702748298645,0.12145571410655975,58.005438566207886,6.009117364883423,4.589804410934448,47.8761260509491,0.24361205101013184,0.16485118865966797,3.6255836486816406
11,27,61.778571367263794,-24891.196875,0.981695830821991,0.5487929582595825,0.4932381510734558,0.11657984554767609,57.16046071052551,6.0727314949035645,4.61798095703125,46.966187953948975,0.2410721778869629,0.1662428379058838,3.62662410736084
11,28,63.11127018928528,-24990.040234375,0.9571326971054077,0.5414011478424072,0.4919317662715912,0.10400025546550751,58.489694595336914,6.088086128234863,4.621434211730957,48.208372354507446,0.24979329109191895,0.16782903671264648,3.6879756450653076
11,29,63.73957419395447,-24871.5984375,0.988475501537323,0.5486642718315125,0.4900941550731659,0.11747255176305771,59.100544691085815,6.091623306274414,4.638890981674194,48.8761260509491,0.2492809295654297,0.1700763702392578,3.624145984649658
11,30,63.30354452133179,-25019.5244140625,0.9541680812835693,0.5367074012756348,0.4987979829311371,0.10156519711017609,58.76450729370117,6.0641868114471436,4.538895606994629,48.5902099609375,0.24218368530273438,0.16715478897094727,3.614769458770752
12,1,42.56798219680786,-57860.861328125,0.9959239363670349,0.53773033618927,0.48819124698638916,0.12646903097629547,39.200313329696655,3.1207854747772217,3.367609739303589,34.403066635131836,0.11600494384765625,0.09422802925109863,1.4205169677734375
12,2,42.97308969497681,-57878.701953125,0.9977750778198242,0.5342524647712708,0.47837352752685547,0.12751077115535736,39.5909309387207,3.1197235584259033,3.3821041584014893,34.801088094711304,0.1146385669708252,0.09410238265991211,1.4161508083343506
12,3,41.677491903305054,-58243.36796875,0.9961172342300415,0.5363377332687378,0.4816301763057709,0.13126125931739807,38.33672213554382,3.1387524604797363,3.3407139778137207,33.529507637023926,0.11433172225952148,0.09450578689575195,1.4146976470947266
12,4,42.268332958221436,-57928.74375,0.9942452907562256,0.5368077158927917,0.4916394352912903,0.12499639391899109,38.83712935447693,3.1220333576202393,3.431148052215576,34.043225049972534,0.11661219596862793,0.09426045417785645,1.4154760837554932
12,5,41.81204533576965,-57992.2109375,0.9945119023323059,0.5371595621109009,0.48926645517349243,0.12599723041057587,38.413944244384766,3.115783214569092,3.3980472087860107,33.625154972076416,0.1151576042175293,0.09378743171691895,1.418926477432251
12,6,42.095160484313965,-58045.396484375,0.9911890029907227,0.5388121008872986,0.48660820722579956,0.12400461733341217,38.78499150276184,3.114112615585327,3.3101112842559814,34.00121188163757,0.1151578426361084,0.09543728828430176,1.413541555404663
12,7,41.90621471405029,-58006.469921875,0.9915894269943237,0.539035439491272,0.4826201796531677,0.1254521757364273,38.55105543136597,3.1127984523773193,3.3551042079925537,33.76577830314636,0.11530160903930664,0.09488487243652344,1.4167466163635254
12,8,41.76233148574829,-57802.064453125,0.9907978773117065,0.5400428175926208,0.48732349276542664,0.12128731608390808,38.385273694992065,3.132154703140259,3.37699818611145,33.58183002471924,0.11530876159667969,0.09469366073608398,1.415879249572754
12,9,41.37085962295532,-57972.9890625,0.9910207390785217,0.5360203981399536,0.48801389336586,0.12442947924137115,38.042564868927,3.1216468811035156,3.328233242034912,33.24522113800049,0.11547064781188965,0.09422159194946289,1.4205989837646484
12,10,40.79996633529663,-57736.60859375,0.9838752150535583,0.5464162230491638,0.4878331124782562,0.1191355511546135,37.41740536689758,3.1192944049835205,3.382500648498535,32.6314001083374,0.11508893966674805,0.09365653991699219,1.4128191471099854
12,11,41.98753237724304,-57795.316015625,0.9911823272705078,0.5469469428062439,0.4925515949726105,0.12386637181043625,38.57049536705017,3.119310140609741,3.416978120803833,33.79138398170471,0.11432242393493652,0.0925912857055664,1.4077956676483154
12,12,41.589789390563965,-58041.7359375,0.9899040460586548,0.5374222993850708,0.4847751557826996,0.12477145344018936,38.2472562789917,3.126208782196045,3.3424735069274902,33.450523376464844,0.11512231826782227,0.0944356918334961,1.4156739711761475
12,13,41.84165024757385,-57977.684375,0.9882890582084656,0.5380735993385315,0.4904327988624573,0.12386654317378998,38.49336218833923,3.1362617015838623,3.3482208251953125,33.68387770652771,0.1150972843170166,0.09470176696777344,1.4178242683410645
12,14,42.66999650001526,-58117.984375,0.9891119599342346,0.5350663065910339,0.485677033662796,0.1262379288673401,39.25352883338928,3.1919493675231934,3.4164135456085205,34.38949489593506,0.11574959754943848,0.0944218635559082,1.416804552078247
12,15,42.06472682952881,-57709.283984375,0.9959843754768372,0.5362507700920105,0.4850732982158661,0.12155510485172272,38.72553634643555,3.128063440322876,3.3391361236572266,33.923147439956665,0.11516761779785156,0.09480953216552734,1.418656349182129
12,16,68.215172290802,-57751.169140625,0.9940438866615295,0.5304133296012878,0.48666882514953613,0.12451423704624176,63.576146364212036,6.309136867523193,4.63887619972229,53.1319625377655,0.25327086448669434,0.16997551918029785,3.6252658367156982
12,17,66.7030189037323,-58380.919140625,0.9889826774597168,0.5378015637397766,0.4823475480079651,0.12974995374679565,61.961135149002075,6.28814435005188,4.741657495498657,51.48786115646362,0.25208091735839844,0.17064356803894043,3.6765408515930176
12,18,67.1717324256897,-57973.707421875,0.9869189262390137,0.5413581132888794,0.4821588397026062,0.1244681105017662,62.550368547439575,6.356091022491455,4.6211998462677,52.06966257095337,0.2512218952178955,0.16834282875061035,3.617814302444458
12,19,67.50774931907654,-58056.6171875,0.9910438060760498,0.5401780009269714,0.4907938539981842,0.12795670330524445,62.7581250667572,6.3349974155426025,4.749457597732544,52.292033433914185,0.25133585929870605,0.17399978637695312,3.618029832839966
12,20,68.24435925483704,-57890.29609375,0.9883090853691101,0.5458117723464966,0.48893824219703674,0.12240061908960342,63.64035081863403,6.348707914352417,4.60386323928833,53.14384460449219,0.24778223037719727,0.16823720932006836,3.645266532897949
12,21,68.0775785446167,-57818.954296875,0.9965886473655701,0.5333656668663025,0.49060168862342834,0.12268079072237015,63.41286897659302,6.346539735794067,4.664477348327637,52.86620259284973,0.2495098114013672,0.1770789623260498,3.6820268630981445
12,22,67.31278824806213,-57833.69765625,0.993297278881073,0.5430700182914734,0.49016550183296204,0.1253627985715866,62.60640621185303,6.376420497894287,4.706224679946899,52.08601999282837,0.25125789642333984,0.1740882396697998,3.6306874752044678
12,23,67.93535161018372,-57882.36015625,0.9939383268356323,0.5391789674758911,0.4809056520462036,0.12531614303588867,63.21139407157898,6.327226877212524,4.723803520202637,52.705819606781006,0.24839210510253906,0.17095208168029785,3.669778823852539
12,24,68.9247317314148,-57918.730859375,0.9962540864944458,0.534612774848938,0.4823939800262451,0.12391195446252823,64.20938920974731,6.405940055847168,4.715176820755005,53.633108377456665,0.2485063076019287,0.17469215393066406,3.65981125831604
12,25,66.83723521232605,-58010.8375,0.9891445636749268,0.5370354056358337,0.488598108291626,0.1259499192237854,62.186177015304565,6.310532331466675,4.650896787643433,51.71333718299866,0.25122904777526855,0.1734144687652588,3.650010108947754
12,26,67.25588297843933,-58412.859375,0.9948060512542725,0.5418238639831543,0.4928853511810303,0.1369578242301941,62.643715620040894,6.281898498535156,4.612008810043335,52.21170115470886,0.2494211196899414,0.1717541217803955,3.64194393157959
12,27,66.55273175239563,-58264.703515625,0.9850579500198364,0.5392296314239502,0.48891711235046387,0.12497314065694809,61.76297903060913,6.376719236373901,4.789547443389893,51.215272188186646,0.24959754943847656,0.17629790306091309,3.6569507122039795
12,28,67.40849137306213,-57926.14609375,0.9950789213180542,0.5298213958740234,0.488146036863327,0.12421523779630661,62.735294342041016,6.354210376739502,4.673041343688965,52.24651861190796,0.25055932998657227,0.17066407203674316,3.624068021774292
12,29,67.9904944896698,-57790.590625,0.9874492287635803,0.5435953140258789,0.490822434425354,0.1193658858537674,63.2872314453125,6.3064703941345215,4.703099727630615,52.85317826271057,0.25026822090148926,0.1723477840423584,3.6153085231781006
12,30,67.77642440795898,-58157.6,0.9877345561981201,0.538091242313385,0.4806827902793884,0.1275739222764969,63.18628263473511,6.2395806312561035,4.589996576309204,52.8252534866333,0.2442779541015625,0.1699388027191162,3.6228067874908447
13,1,50.911481857299805,-134136.0140625,0.9939002990722656,0.5292736887931824,0.4802477955818176,0.13042116165161133,47.46585559844971,3.283313035964966,3.4455509185791016,42.404585123062134,0.11545157432556152,0.10438823699951172,1.5118052959442139
13,2,51.20712852478027,-133994.58125,0.9990853667259216,0.5286725759506226,0.4784180819988251,0.13300803303718567,47.79988980293274,3.258631706237793,3.407160997390747,42.76245999336243,0.11475229263305664,0.10438990592956543,1.5132718086242676
13,3,51.81401991844177,-133193.653125,0.9994056224822998,0.5323739647865295,0.48153096437454224,0.13007622957229614,48.35587549209595,3.275012731552124,3.458070993423462,43.300267696380615,0.11440372467041016,0.1037435531616211,1.5164873600006104
13,4,51.446136236190796,-134075.7921875,0.9963754415512085,0.5315955281257629,0.47781452536582947,0.13244956731796265,47.987698793411255,3.2537107467651367,3.4583587646484375,42.960984230041504,0.11371731758117676,0.10264229774475098,1.5111567974090576
13,5,52.532071590423584,-132989.4796875,0.9981626868247986,0.532323956489563,0.4813971221446991,0.12693773210048676,49.1168417930603,3.28566312789917,3.4151523113250732,44.046024560928345,0.11561799049377441,0.10483884811401367,1.5182678699493408
13,6,52.80281662940979,-133311.709375,0.9998999834060669,0.5332311987876892,0.47890716791152954,0.13177397847175598,49.40454959869385,3.304927110671997,3.398193359375,44.3078408241272,0.11547422409057617,0.10623311996459961,1.5234169960021973
13,7,51.756736516952515,-133858.55625,0.9950869679450989,0.5325594544410706,0.48272374272346497,0.12963487207889557,48.326889991760254,3.2629294395446777,3.4297685623168945,43.27832531929016,0.11621475219726562,0.10407495498657227,1.5190906524658203
13,8,52.04577279090881,-133699.040625,0.9962137341499329,0.5276317596435547,0.4753028452396393,0.1293618381023407,48.56777858734131,3.260262966156006,3.477917432785034,43.526287317276,0.11502671241760254,0.10512995719909668,1.5151302814483643
13,9,52.61785936355591,-133001.1078125,0.997470498085022,0.5365267395973206,0.4777132272720337,0.12707652151584625,49.207852363586426,3.2942848205566406,3.4099230766296387,44.13315725326538,0.11570167541503906,0.1035013198852539,1.5154099464416504
13,10,51.83336853981018,-133839.2609375,0.9955554008483887,0.534011721611023,0.4788404405117035,0.1314210444688797,48.36968278884888,3.2748639583587646,3.4636077880859375,43.31882929801941,0.114105224609375,0.10309004783630371,1.512923002243042
13,11,51.998722076416016,-133936.4890625,0.9998999834060669,0.5287454724311829,0.4764441251754761,0.13508446514606476,48.595287561416626,3.2523319721221924,3.403367757797241,43.578614473342896,0.11266684532165527,0.10172557830810547,1.50527024269104
13,12,52.47493290901184,-133357.1265625,0.9998999834060669,0.5368622541427612,0.48488670587539673,0.13264647126197815,49.04942989349365,3.2821271419525146,3.4254255294799805,43.99953103065491,0.11436939239501953,0.10143733024597168,1.506777286529541
13,13,50.41654133796692,-134105.484375,0.9935851693153381,0.5279786586761475,0.479302316904068,0.12991027534008026,47.02658677101135,3.340902090072632,3.3898754119873047,41.91004133224487,0.11542057991027832,0.10326576232910156,1.51078462600708
13,14,52.566670417785645,-133670.4,0.9998104572296143,0.5295972228050232,0.4781951904296875,0.13239851593971252,49.179802894592285,3.2601418495178223,3.386789083480835,44.14303708076477,0.11407709121704102,0.10349726676940918,1.5126640796661377
13,15,51.75793433189392,-133591.7390625,0.9942139387130737,0.5330979824066162,0.4823976755142212,0.12843763828277588,48.379159688949585,3.254084587097168,3.3786933422088623,43.348591804504395,0.11413264274597168,0.10468697547912598,1.512005090713501
13,16,85.61370062828064,-133820.1984375,0.9933373928070068,0.5349456071853638,0.4838888943195343,0.13011105358600616,80.61821341514587,6.6692094802856445,4.995252847671509,69.47761034965515,0.25190258026123047,0.19103550910949707,3.9352526664733887
13,17,86.2751612663269,-133768.215625,0.9981993436813354,0.5292813777923584,0.47996100783348083,0.1324406862258911,81.48523187637329,6.65255331993103,4.7897255420684814,70.41945385932922,0.249434232711792,0.17781853675842285,3.8985674381256104
13,18,86.04683065414429,-133677.0703125,0.9969654679298401,0.5326374769210815,0.47928863763809204,0.13156214356422424,81.31630730628967,6.655191898345947,4.730302810668945,70.22178411483765,0.25475525856018066,0.1796715259552002,3.9157464504241943
13,19,87.41882371902466,-133044.046875,0.9968137741088867,0.5349634289741516,0.4792499542236328,0.12736842036247253,82.69271731376648,6.564406394958496,4.725905895233154,71.69322752952576,0.25714588165283203,0.1783447265625,3.9104835987091064
13,20,87.9919102191925,-132692.7953125,0.9965233206748962,0.5305537581443787,0.47997716069221497,0.12461845576763153,83.10054016113281,6.592921257019043,4.891118288040161,72.06575798988342,0.25391721725463867,0.1842334270477295,3.9151861667633057
13,21,86.66581773757935,-133649.7015625,0.9935713410377502,0.5320872068405151,0.4803064167499542,0.12972038984298706,81.94154357910156,6.782854795455933,4.72405743598938,70.76756930351257,0.2542917728424072,0.18439745903015137,3.8629398345947266
13,22,86.84513092041016,-133607.1109375,0.9955666065216064,0.5334145426750183,0.4815990626811981,0.12977372109889984,82.01178884506226,6.5842812061309814,4.833130121231079,71.01659059524536,0.251201868057251,0.17873024940490723,3.891655683517456
13,23,86.17897868156433,-133844.8765625,0.9912410378456116,0.5330709218978882,0.48386189341545105,0.1277252435684204,81.2808096408844,6.6596760749816895,4.897969484329224,70.16965079307556,0.25324487686157227,0.18297433853149414,3.9250450134277344
13,24,86.80548429489136,-133516.478125,0.9977913498878479,0.5316738486289978,0.4804038405418396,0.1297503560781479,81.9289391040802,6.595692157745361,4.876335620880127,70.91223287582397,0.25219011306762695,0.18518614768981934,3.8937289714813232
13,25,86.55710864067078,-133573.39375,0.9964944124221802,0.5276273488998413,0.4804971218109131,0.12943463027477264,81.70433306694031,7.054455995559692,4.852583885192871,70.17039370536804,0.2637441158294678,0.2020092010498047,3.917463779449463
13,26,85.86321878433228,-133483.4359375,0.9983698129653931,0.5299453735351562,0.4801410734653473,0.12938030064105988,80.86166524887085,6.571817398071289,5.001322507858276,69.85840082168579,0.2633087635040283,0.1898956298828125,3.888988494873047
13,27,86.90844392776489,-133928.60625,0.9964535236358643,0.5330398082733154,0.47633764147758484,0.13241539895534515,81.991140127182,6.738409996032715,4.917111158370972,70.80035662651062,0.25718069076538086,0.1896674633026123,3.91375732421875
13,28,85.35183596611023,-133668.48125,0.9939919710159302,0.5322713851928711,0.48346734046936035,0.12952089309692383,80.48629117012024,6.589003086090088,4.865339040756226,69.46046590805054,0.25311851501464844,0.18411684036254883,3.9100685119628906
13,29,86.5774838924408,-133555.94375,0.999691903591156,0.5298029780387878,0.47625651955604553,0.1339627504348755,81.56343030929565,6.788007497787476,5.0138468742370605,70.32708644866943,0.2630472183227539,0.1894974708557129,3.9068894386291504
13,30,85.58450555801392,-133919.76875,0.9967111349105835,0.5288569927215576,0.4748155474662781,0.1326555758714676,80.72696781158447,6.636000394821167,4.857322692871094,69.65477561950684,0.2567172050476074,0.18615031242370605,3.903614044189453
14,1,65.24346899986267,-304626.33125,0.9998999834060669,0.527856707572937,0.4778750240802765,0.13349130749702454,61.599318504333496,3.4058914184570312,3.644050359725952,56.44333529472351,0.11411190032958984,0.12514805793762207,1.4640581607818604
14,2,63.86339259147644,-306719.15625,0.9998999834060669,0.5274254083633423,0.47560426592826843,0.1361256241798401,60.01423954963684,3.4642977714538574,3.849055290222168,54.79629969596863,0.11460351943969727,0.12608075141906738,1.465641736984253
14,3,64.48450660705566,-306653.865625,0.9998999834060669,0.5267418026924133,0.4759032726287842,0.13665005564689636,60.864160776138306,3.3957674503326416,3.620250701904297,55.72276425361633,0.11337924003601074,0.12209582328796387,1.4638888835906982
14,4,65.40087127685547,-306117.6625,0.9998999834060669,0.5302225947380066,0.47804024815559387,0.13639432191848755,61.77764129638672,3.430732250213623,3.6231348514556885,56.60150504112244,0.11277580261230469,0.12380576133728027,1.4627909660339355
14,5,63.873952865600586,-306766.7,0.9998999834060669,0.5286809206008911,0.4762846827507019,0.1364116668701172,60.17577147483826,3.404306650161743,3.698085308074951,55.01974701881409,0.1133115291595459,0.12593626976013184,1.4652822017669678
14,6,66.00599575042725,-305594.040625,0.9990513324737549,0.5290054678916931,0.47704389691352844,0.13316749036312103,62.26904916763306,3.4120142459869385,3.7368502616882324,57.10044813156128,0.11396384239196777,0.12784242630004883,1.4676909446716309
14,7,64.99117851257324,-305939.740625,0.9998999834060669,0.5267091989517212,0.4768090844154358,0.1355995535850525,61.31909227371216,3.3931198120117188,3.6719870567321777,56.171889305114746,0.11356997489929199,0.12563300132751465,1.4684545993804932
14,8,64.72150182723999,-305965.278125,0.9998999834060669,0.5276972651481628,0.4759904146194458,0.13504467904567719,61.03610181808472,3.4102582931518555,3.6853089332580566,55.871782302856445,0.11507081985473633,0.12440800666809082,1.4678077697753906
14,9,65.55608248710632,-305974.2875,0.9998999834060669,0.5279601812362671,0.47656142711639404,0.13496346771717072,61.93337416648865,3.4066145420074463,3.622619390487671,56.766108989715576,0.11432838439941406,0.12702178955078125,1.4722182750701904
14,10,66.56155157089233,-306000.209375,0.9998999834060669,0.5254908800125122,0.4747776389122009,0.13554087281227112,62.88562321662903,3.406965732574463,3.6758320331573486,57.72131657600403,0.1148841381072998,0.12619495391845703,1.4696159362792969
14,11,65.30723094940186,-306203.403125,0.9998999834060669,0.5280131697654724,0.4754677414894104,0.13576549291610718,61.71144890785217,3.436387300491333,3.5956902503967285,56.522619009017944,0.11382722854614258,0.12564396858215332,1.4664990901947021
14,12,65.65480899810791,-305945.05625,0.9998999834060669,0.5278185606002808,0.4748651683330536,0.13632409274578094,61.92030620574951,3.4616899490356445,3.7344090938568115,56.71517896652222,0.11552882194519043,0.1268610954284668,1.4543774127960205
14,13,64.72275638580322,-306497.80625,0.9998999834060669,0.5282353758811951,0.4762987792491913,0.1360996961593628,61.08602809906006,3.4441723823547363,3.6366384029388428,55.87965202331543,0.11525559425354004,0.12750959396362305,1.472029685974121
14,14,66.59914588928223,-305607.9,0.9998999834060669,0.5266234278678894,0.47676026821136475,0.13536393642425537,62.93487739562988,3.4048290252685547,3.664173126220703,57.76751136779785,0.11425352096557617,0.12644553184509277,1.4743900299072266
14,15,64.66807556152344,-306157.453125,0.9998999834060669,0.5275141000747681,0.4762863516807556,0.13566221296787262,60.93375873565674,3.3877110481262207,3.7342207431793213,55.80015587806702,0.11383223533630371,0.12171101570129395,1.4637842178344727
14,16,111.7572112083435,-306497.5125,0.9998999834060669,0.5289182066917419,0.47582319378852844,0.1360762119293213,106.36439824104309,6.980033874511719,5.39257025718689,95.10879278182983,0.26204490661621094,0.20382475852966309,3.715670108795166
14,17,111.8539514541626,-306445.6375,0.9998999834060669,0.5265229344367981,0.4760531783103943,0.13642512261867523,106.38737535476685,7.0524375438690186,5.466335773468018,94.95390582084656,0.2706336975097656,0.20919442176818848,3.8066611289978027
14,18,113.60208058357239,-305442.06875,0.9998999834060669,0.528972327709198,0.4770256280899048,0.1339292675256729,108.23237538337708,6.932807445526123,5.369455099105835,97.03139138221741,0.26074647903442383,0.1999528408050537,3.7140841484069824
14,19,111.91819620132446,-306777.665625,0.9998999834060669,0.528910219669342,0.4727095663547516,0.13782601058483124,106.31010603904724,7.051761627197266,5.60781455039978,94.90881514549255,0.260664701461792,0.20591521263122559,3.7894575595855713
14,20,113.35579133033752,-305744.690625,0.9998999834060669,0.5275921821594238,0.47593092918395996,0.13537898659706116,107.9309504032135,6.896980285644531,5.424582481384277,96.72889280319214,0.2586965560913086,0.20682120323181152,3.7443690299987793
14,21,111.66155767440796,-306651.14375,0.9998999834060669,0.5285807251930237,0.4742417335510254,0.13620705902576447,106.11549043655396,6.973615407943726,5.5458128452301025,94.78288292884827,0.26045942306518555,0.20545291900634766,3.799246072769165
14,22,111.07467293739319,-305656.990625,0.9998999834060669,0.5255798697471619,0.4774947464466095,0.13569143414497375,105.65636968612671,6.960266590118408,5.418071746826172,94.39706826210022,0.25842785835266113,0.20579290390014648,3.739454984664917
14,23,109.99749612808228,-307170.828125,0.9998999834060669,0.5319978594779968,0.47940197587013245,0.13825583457946777,104.57941269874573,6.990636825561523,5.417788743972778,93.2363383769989,0.2660088539123535,0.2079474925994873,3.78316068649292
14,24,110.1350736618042,-306512.284375,0.9998999834060669,0.5260613560676575,0.47538548707962036,0.13731649518013,104.6222128868103,6.923056602478027,5.5126307010650635,93.4238908290863,0.2596704959869385,0.20248889923095703,3.7207765579223633
14,25,112.49696564674377,-305990.75625,0.9998999834060669,0.5288942456245422,0.4755510985851288,0.1346454620361328,107.05835366249084,6.945318222045898,5.438353061676025,95.81946921348572,0.25415945053100586,0.20282697677612305,3.7434439659118652
14,26,113.39584994316101,-305555.425,0.9998999834060669,0.5286637544631958,0.4763159453868866,0.13515536487102509,107.7906277179718,7.018976211547852,5.604958534240723,96.48815655708313,0.2637608051300049,0.20261287689208984,3.722754716873169
14,27,111.67309713363647,-305962.7125,0.9998999834060669,0.527503252029419,0.47836577892303467,0.13518305122852325,106.3930287361145,6.9107606410980225,5.279816389083862,95.2307186126709,0.25543665885925293,0.18602299690246582,3.717926502227783
14,28,113.99922633171082,-304996.103125,0.9998999834060669,0.5277538895606995,0.4768473505973816,0.13435813784599304,108.7404294013977,6.979524374008179,5.25854754447937,97.48479175567627,0.26001548767089844,0.18829607963562012,3.734506368637085
14,29,112.03667187690735,-306521.84375,0.9998999834060669,0.5267016887664795,0.4752544164657593,0.13704128563404083,106.4619390964508,6.968182325363159,5.5744569301605225,95.10540580749512,0.2733168601989746,0.1951429843902588,3.823556661605835
14,30,111.34347105026245,-306389.2125,0.9998999834060669,0.5258798599243164,0.47644227743148804,0.13681937754154205,106.05359649658203,7.036018371582031,5.2896270751953125,94.74231147766113,0.2614173889160156,0.20259499549865723,3.7151124477386475
15,1,102.03919100761414,-698577.5375,0.9998999834060669,0.5240058898925781,0.4733535647392273,0.14151841402053833,82.02375864982605,3.5795321464538574,20.01526117324829,72.5240626335144,0.11485910415649414,0.13666892051696777,5.621916055679321
15,2,80.33033990859985,-699294.1875,0.9998999834060669,0.5237413048744202,0.471788614988327,0.14321866631507874,78.18893265724182,3.607213258743286,2.141223430633545,72.75804829597473,0.11737632751464844,0.14058876037597656,1.5186986923217773
15,3,80.27341318130493,-698662.0125,0.9998999834060669,0.5227898359298706,0.4708692133426666,0.13886351883411407,78.14986395835876,3.614769220352173,2.12337589263916,72.7062349319458,0.11711668968200684,0.14263319969177246,1.5217742919921875
15,4,81.93695974349976,-697949.1125,0.9998999834060669,0.5254615545272827,0.47197258472442627,0.14098674058914185,79.81478309631348,3.7892277240753174,2.121980667114258,74.1492486000061,0.14209961891174316,0.14882779121398926,1.5207641124725342
15,5,81.0319435596466,-697975.46875,0.9998999834060669,0.5243785381317139,0.4725426733493805,0.1423516571521759,78.86865448951721,3.6775660514831543,2.163099527359009,73.35518980026245,0.11691498756408691,0.1434793472290039,1.5276005268096924
15,6,81.2591302394867,-697717.50625,0.9998999834060669,0.5248791575431824,0.472836971282959,0.14075583219528198,79.10334873199463,3.65242338180542,2.1556060314178467,73.63343214988708,0.11805891990661621,0.13866090774536133,1.5139379501342773
15,7,81.32933783531189,-698971.4,0.9998999834060669,0.5240949392318726,0.47178345918655396,0.14288756251335144,79.15699362754822,3.597027063369751,2.1721651554107666,73.73466515541077,0.11655139923095703,0.14133739471435547,1.520063877105713
15,8,80.34791851043701,-698566.325,0.9998999834060669,0.5242476463317871,0.4734136462211609,0.14184580743312836,78.16570377349854,3.611764669418335,2.182039499282837,72.72872805595398,0.11738872528076172,0.14060425758361816,1.5196540355682373
15,9,80.6786117553711,-698137.03125,0.9998999834060669,0.5244612097740173,0.47290128469467163,0.1418202519416809,78.5321307182312,3.649989604949951,2.1462972164154053,73.05222463607788,0.11732172966003418,0.14298319816589355,1.5221130847930908
15,10,80.77619123458862,-698350.45625,0.9998999834060669,0.5243967771530151,0.4725461006164551,0.1427382379770279,78.63613772392273,3.6722967624664307,2.1398701667785645,73.12132048606873,0.11716508865356445,0.15331649780273438,1.5238454341888428
15,11,80.77497982978821,-698787.7,0.9998999834060669,0.5245265960693359,0.47217169404029846,0.14230124652385712,78.63943815231323,3.6571364402770996,2.1353745460510254,73.17380857467651,0.11555218696594238,0.13625216484069824,1.510138988494873
15,12,80.60475015640259,-697341.075,0.9998999834060669,0.5256398916244507,0.4730949103832245,0.1415010243654251,78.45322299003601,3.597949743270874,2.1513500213623047,73.02194881439209,0.11860108375549316,0.14177918434143066,1.5249156951904297
15,13,80.17312288284302,-698733.85625,0.9998999834060669,0.5235273241996765,0.47265565395355225,0.14254945516586304,78.02945804595947,3.5932064056396484,2.1434972286224365,72.61269354820251,0.11537003517150879,0.1394968032836914,1.5215644836425781
15,14,81.22073459625244,-698097.18125,0.9998999834060669,0.5239164233207703,0.47195595502853394,0.14193280041217804,79.09320783615112,3.6260106563568115,2.1273398399353027,73.63425397872925,0.11747074127197266,0.143477201461792,1.5239722728729248
15,15,81.88721680641174,-697867.3,0.9998999834060669,0.5253942012786865,0.47266873717308044,0.14097513258457184,79.77756524085999,3.621889352798462,2.1094789505004883,74.34230375289917,0.11529350280761719,0.13738441467285156,1.5136337280273438
15,16,143.19451642036438,-698641.5625,0.9998999834060669,0.5240589380264282,0.4713895320892334,0.14176788926124573,137.06592559814453,7.28852915763855,6.1280577182769775,125.32888174057007,0.2587418556213379,0.22248196601867676,3.8738150596618652
15,17,145.54687309265137,-699278.35,0.9998999834060669,0.5256664156913757,0.4713616967201233,0.14355356991291046,139.44215631484985,7.188080787658691,6.104225397109985,127.79641199111938,0.2638866901397705,0.22843217849731445,3.8703010082244873
15,18,143.34020614624023,-697534.8625,0.9998999834060669,0.5245965123176575,0.47391849756240845,0.13979947566986084,137.06801867485046,7.3569347858428955,6.271536111831665,125.2158637046814,0.26652050018310547,0.23013019561767578,3.9021646976470947
15,19,146.699946641922,-698016.45625,0.9998999834060669,0.5255042910575867,0.47425416111946106,0.1429767608642578,140.51370239257812,7.265493154525757,6.1857218742370605,128.77588319778442,0.25820422172546387,0.22784757614135742,3.8924951553344727
15,20,142.64612889289856,-699391.5625,0.9998999834060669,0.5246435403823853,0.4728187620639801,0.1421138048171997,136.44880414009094,7.197600603103638,6.196804523468018,124.79297232627869,0.2609736919403076,0.22559404373168945,3.8787848949432373
15,21,142.15121412277222,-699017.425,0.9998999834060669,0.5255849361419678,0.47287049889564514,0.1409047394990921,136.01512169837952,7.300113201141357,6.135592699050903,124.25537300109863,0.2559833526611328,0.22433137893676758,3.88716721534729
15,22,142.84173727035522,-699158.58125,0.9998999834060669,0.5250753164291382,0.4754377603530884,0.14260636270046234,136.69240927696228,7.378518342971802,6.148789882659912,124.89093518257141,0.2630143165588379,0.22345614433288574,3.8448269367218018
15,23,145.29948163032532,-698237.91875,0.9998999834060669,0.5233535170555115,0.4742814600467682,0.14099185168743134,139.10957384109497,7.351690769195557,6.189385414123535,127.13285851478577,0.2726588249206543,0.2346508502960205,4.0198798179626465
15,24,145.77037906646729,-697790.75,0.9998999834060669,0.5247204899787903,0.47254911065101624,0.13986270129680634,139.64727568626404,7.177960157394409,6.122610807418823,128.00975465774536,0.25569677352905273,0.2288520336151123,3.8838889598846436
15,25,145.62312984466553,-698423.75,0.9998999834060669,0.52409428358078,0.47284260392189026,0.14296747744083405,139.48972368240356,7.219402551651001,6.13290548324585,127.80267810821533,0.25899338722229004,0.22810840606689453,3.8872742652893066
15,26,143.74980759620667,-697721.58125,0.9998999834060669,0.5247662663459778,0.4725331664085388,0.14122408628463745,137.61080765724182,7.27960467338562,6.138469696044922,125.8967022895813,0.25693726539611816,0.2221364974975586,3.8632631301879883
15,27,143.97700119018555,-698540.9125,0.9998999834060669,0.523181140422821,0.470578134059906,0.1403997838497162,137.66103529930115,7.2949748039245605,6.315448999404907,125.92028164863586,0.2611405849456787,0.23007631301879883,3.8592770099639893
15,28,148.27313661575317,-697387.13125,0.9998999834060669,0.5247409343719482,0.47323060035705566,0.1407756209373474,142.16699504852295,7.292001485824585,6.105625629425049,130.40443205833435,0.2572669982910156,0.22930216789245605,3.8920209407806396
15,29,144.27780103683472,-698752.55625,0.9998999834060669,0.5235469937324524,0.4720471203327179,0.14183515310287476,137.92552089691162,7.25549578666687,6.351758718490601,126.25521183013916,0.25868773460388184,0.2323439121246338,3.829103946685791
15,30,143.6695110797882,-698174.89375,0.9998999834060669,0.5247248411178589,0.47277355194091797,0.14082056283950806,137.38751220703125,7.304029703140259,6.281457424163818,125.54702496528625,0.26004743576049805,0.2323627471923828,3.9486355781555176
16,1,101.98352837562561,-1583531.0625,0.9998999834060669,0.5201359391212463,0.4694288969039917,0.14812196791172028,98.99286842346191,3.8208329677581787,2.9902961254119873,93.09224677085876,0.11681628227233887,0.17669081687927246,1.7372548580169678
16,2,96.1681113243103,-1583742.9,0.9998999834060669,0.5206592679023743,0.46848538517951965,0.14839783310890198,93.18460655212402,3.76729416847229,2.9831292629241943,87.34525656700134,0.1180427074432373,0.17661738395690918,1.7279911041259766
16,3,97.2549774646759,-1583687.35,0.9998999834060669,0.522515594959259,0.46884721517562866,0.1499326527118683,94.25563311576843,3.794771432876587,2.9989748001098633,88.52271056175232,0.11690902709960938,0.1763007640838623,1.596364974975586
16,4,96.17698788642883,-1586129.225,0.9998999834060669,0.5213466882705688,0.4680302143096924,0.14886601269245148,93.17110395431519,3.8075923919677734,3.005514621734619,87.27477383613586,0.11692357063293457,0.18866777420043945,1.7343778610229492
16,5,97.5688202381134,-1585070.3125,0.9998999834060669,0.5207563638687134,0.4681461453437805,0.14891205728054047,94.56436228752136,3.784639358520508,3.0040950775146484,88.70922946929932,0.11667346954345703,0.17641997337341309,1.7288532257080078
16,6,96.57459664344788,-1584253.4,0.9998999834060669,0.5204545855522156,0.46619361639022827,0.1481636017560959,93.5044355392456,3.7802348136901855,3.0697968006134033,87.5061423778534,0.11708664894104004,0.17711567878723145,1.8752167224884033
16,7,95.85800909996033,-1584609.9875,0.9998999834060669,0.5199781656265259,0.46707746386528015,0.14777404069900513,92.82909107208252,3.7793869972229004,3.0285537242889404,86.98436117172241,0.11638188362121582,0.17724156379699707,1.7234382629394531
16,8,95.07185006141663,-1584085.8875,0.9998999834060669,0.5194885730743408,0.46741989254951477,0.14794489741325378,92.08137607574463,3.7385404109954834,2.9901232719421387,86.31038880348206,0.1141972541809082,0.16716241836547852,1.7036187648773193
16,9,98.10567045211792,-1585850.8125,0.9998999834060669,0.5213889479637146,0.4677315652370453,0.15029090642929077,95.04839205741882,3.7558884620666504,3.05690860748291,89.22692584991455,0.11649870872497559,0.17574620246887207,1.7239954471588135
16,10,97.97553992271423,-1583637.65,0.9998999834060669,0.5195349454879761,0.4669940173625946,0.14682626724243164,94.99657487869263,3.7743277549743652,2.978604793548584,89.16360998153687,0.11674928665161133,0.17298388481140137,1.72019624710083
16,11,96.93201875686646,-1585326.7875,0.9998999834060669,0.5202380418777466,0.46718379855155945,0.1484709531068802,93.93282294273376,3.7714710235595703,2.998826265335083,88.22558116912842,0.11734414100646973,0.17621278762817383,1.593472957611084
16,12,95.94324827194214,-1584622.8625,0.9998999834060669,0.5202327966690063,0.46810632944107056,0.14961759746074677,92.87860679626465,3.829329013824463,3.0642776489257812,86.96726942062378,0.11709046363830566,0.17603135108947754,1.738999605178833
16,13,96.34080290794373,-1585732.675,0.9998999834060669,0.5229476094245911,0.4700612425804138,0.15207649767398834,93.35467982292175,3.7942891120910645,2.985753059387207,87.48513603210449,0.11647295951843262,0.17618489265441895,1.7334115505218506
16,14,97.58557295799255,-1583327.3,0.9998999834060669,0.5212219953536987,0.46767500042915344,0.14880171418190002,94.58571743965149,3.8705661296844482,2.9994969367980957,88.63937711715698,0.1174156665802002,0.17539453506469727,1.7339608669281006
16,15,96.24201679229736,-1583985.7,0.9998999834060669,0.5220202207565308,0.4701125919818878,0.14914026856422424,93.10399985313416,3.750096082687378,3.1376476287841797,87.25969529151917,0.11665034294128418,0.20510196685791016,1.7241029739379883
16,16,158.24997401237488,-1583752.3,0.9998999834060669,0.5211156606674194,0.46840396523475647,0.148604154586792,150.80368876457214,7.539691686630249,7.445292711257935,138.44728326797485,0.2357792854309082,0.27416348457336426,4.21602725982666
16,17,161.98682618141174,-1582716.5,0.9998999834060669,0.5207196474075317,0.46875259280204773,0.1484123319387436,154.40902614593506,7.554998397827148,7.576824188232422,141.89747738838196,0.24304652214050293,0.282564640045166,4.33817982673645
16,18,159.63515877723694,-1583482.1625,0.9998999834060669,0.5202640295028687,0.4687870144844055,0.1489133983850479,152.1193766593933,7.522536516189575,7.514793872833252,139.66883277893066,0.24517297744750977,0.2747619152069092,4.319328546524048
16,19,159.95596480369568,-1583564.625,0.9998999834060669,0.5211572647094727,0.468372106552124,0.14840424060821533,152.51819252967834,7.5679004192352295,7.43684720993042,140.0660421848297,0.252575159072876,0.2873692512512207,4.247612237930298
16,20,161.05449414253235,-1583371.825,0.9998999834060669,0.5216469168663025,0.46866169571876526,0.14930929243564606,153.48831820487976,7.542490720748901,7.565261363983154,141.00681352615356,0.25336575508117676,0.2829890251159668,4.3077638149261475
16,21,162.17025542259216,-1585140.675,0.9998999834060669,0.520395040512085,0.46674850583076477,0.14756447076797485,154.82503628730774,7.5381293296813965,7.344255447387695,142.73518204689026,0.23817896842956543,0.28370141983032227,3.9352505207061768
16,22,161.3971176147461,-1584288.275,0.9998999834060669,0.5210832953453064,0.46890589594841003,0.14901211857795715,153.72026705741882,7.48530125617981,7.675856590270996,141.69832587242126,0.23698186874389648,0.27292370796203613,3.9360508918762207
16,23,160.861665725708,-1585150.0375,0.9998999834060669,0.5209388732910156,0.46905991435050964,0.14944778382778168,153.34843683242798,7.655149221420288,7.512247800827026,140.84013104438782,0.23904800415039062,0.2815132141113281,4.242178201675415
16,24,159.5896224975586,-1583797.4625,0.9998999834060669,0.5207666158676147,0.4687912166118622,0.14862532913684845,152.01886510849,7.568595886230469,7.569759130477905,139.5373911857605,0.24243688583374023,0.27973413467407227,4.297677516937256
16,25,159.719908952713,-1583861.85,0.9998999834060669,0.521348774433136,0.46946606040000916,0.14842748641967773,152.23349833488464,7.595940589904785,7.485466480255127,140.08180499076843,0.2429065704345703,0.280048131942749,3.939850330352783
16,26,159.6742901802063,-1582475.0625,0.9998999834060669,0.5210732221603394,0.4694652557373047,0.1476307213306427,152.25971913337708,7.53932785987854,7.4135661125183105,139.87394833564758,0.24451875686645508,0.2821223735809326,4.227722406387329
16,27,159.09001064300537,-1584985.875,0.9998999834060669,0.5213651657104492,0.46859505772590637,0.14832504093647003,151.65551352500916,7.587572336196899,7.433564186096191,139.26968336105347,0.2373206615447998,0.26906514167785645,4.202670574188232
16,28,157.99501633644104,-1583969.125,0.9998999834060669,0.5195252895355225,0.46924063563346863,0.1477300524711609,150.5616273880005,7.657043933868408,7.432426691055298,138.06526041030884,0.24171066284179688,0.2797403335571289,4.223225355148315
16,29,163.7765851020813,-1584045.0375,0.9998999834060669,0.5208075642585754,0.4682327210903168,0.14896394312381744,155.97314405441284,7.519556283950806,7.802337884902954,143.75930047035217,0.2527756690979004,0.28932785987854004,4.054871320724487
16,30,159.80186462402344,-1583565.8625,0.9998999834060669,0.5211261510848999,0.4685722291469574,0.1486799120903015,152.28168106079102,7.530177593231201,7.516637086868286,139.91486048698425,0.23181939125061035,0.2720980644226074,4.2421042919158936
17,1,129.10783314704895,-3604996.525,0.9998999834060669,0.5158571004867554,0.4635138511657715,0.1582760363817215,123.61015367507935,3.9097368717193604,5.496971130371094,117.87838792800903,0.11437749862670898,0.2379472255706787,1.4188129901885986
17,2,132.67804145812988,-3603620.05,0.9998999834060669,0.5165807008743286,0.46336185932159424,0.15817353129386902,127.32461333274841,3.8953018188476562,5.352733373641968,121.61635875701904,0.11257600784301758,0.23032522201538086,1.42093825340271
17,3,127.331716299057,-3606752.95,0.9998999834060669,0.5152140259742737,0.46298977732658386,0.1573081761598587,121.92690920829773,3.8805410861968994,5.404095649719238,116.15894103050232,0.11411571502685547,0.29427003860473633,1.428525686264038
17,4,136.67600059509277,-3600492.575,0.9998999834060669,0.51682448387146,0.46390029788017273,0.15738262236118317,131.21570134162903,3.89638614654541,5.459585428237915,125.4858832359314,0.11347079277038574,0.2363722324371338,1.433063268661499
17,5,129.5634913444519,-3602005.55,0.9998999834060669,0.515892744064331,0.4640180468559265,0.15804432332515717,124.00623989105225,3.937964916229248,5.556539535522461,118.23668837547302,0.1155705451965332,0.23956823348999023,1.4250683784484863
17,6,129.45299696922302,-3603071.075,0.9998999834060669,0.5162908434867859,0.4633515477180481,0.15776166319847107,124.00980305671692,3.8983898162841797,5.442480802536011,118.29189825057983,0.11307597160339355,0.23608064651489258,1.4202361106872559
17,7,128.98745226860046,-3603271.275,0.9998999834060669,0.5164494514465332,0.4634874761104584,0.15813596546649933,123.51476240158081,3.983527898788452,5.471977710723877,117.69955444335938,0.11494684219360352,0.2370903491973877,1.4289073944091797
17,8,128.0304663181305,-3604009.4,0.9998999834060669,0.5162753462791443,0.4634874165058136,0.15801376104354858,122.56673836708069,3.8739819526672363,5.463025808334351,116.86492443084717,0.11517333984375,0.23790478706359863,1.4246366024017334
17,9,128.49404525756836,-3602540.475,0.9998999834060669,0.5151292681694031,0.4615767300128937,0.1560346484184265,123.05208945274353,3.89378023147583,5.441245794296265,117.34492897987366,0.11255097389221191,0.23233604431152344,1.4186773300170898
17,10,126.85310888290405,-3602882.075,0.9998999834060669,0.516265869140625,0.4644376337528229,0.15838751196861267,121.48408102989197,3.931539297103882,5.368308782577515,115.7287061214447,0.11438965797424316,0.23641276359558105,1.4226322174072266
17,11,128.8424232006073,-3605853.65,0.9998999834060669,0.5166364908218384,0.4635992646217346,0.15869605541229248,123.45838952064514,3.876723527908325,5.383325815200806,117.75120067596436,0.1141808032989502,0.2394425868988037,1.4256632328033447
17,12,127.66193509101868,-3603941.25,0.9998999834060669,0.5145946145057678,0.46185070276260376,0.15614476799964905,122.25659084320068,3.9555177688598633,5.404607534408569,116.48227643966675,0.11546111106872559,0.23726320266723633,1.415579080581665
17,13,129.11905145645142,-3603896.275,0.9998999834060669,0.5163657069206238,0.46402591466903687,0.15784014761447906,123.76500797271729,3.850658893585205,5.353342056274414,118.09389996528625,0.11262369155883789,0.2321915626525879,1.4258763790130615
17,14,127.40999794006348,-3601357.075,0.9998999834060669,0.516905665397644,0.46413013339042664,0.1576085388660431,122.06015849113464,3.8583414554595947,5.349145412445068,116.38714981079102,0.11217045783996582,0.23244404792785645,1.4209778308868408
17,15,129.62208127975464,-3601156.1,0.9998999834060669,0.5167204737663269,0.46348732709884644,0.15750181674957275,124.24164390563965,3.8990020751953125,5.379735469818115,118.5167875289917,0.11371731758117676,0.23716974258422852,1.4245970249176025
17,16,213.97563076019287,-3603750.6,0.9998999834060669,0.5160555243492126,0.4638092517852783,0.1577194482088089,201.2868402004242,7.974036693572998,12.686891794204712,188.98204016685486,0.24081921577453613,0.3714895248413086,3.6245522499084473
17,17,214.57847237586975,-3603590.825,0.9998999834060669,0.5158204436302185,0.4620889127254486,0.15690182149410248,201.93855834007263,7.87024188041687,12.63790512084961,189.66818356513977,0.3016319274902344,0.3687882423400879,3.6353812217712402
17,18,213.53940677642822,-3603254.55,0.9998999834060669,0.5164429545402527,0.4629381597042084,0.1579795628786087,200.86890077590942,7.788903713226318,12.668583631515503,188.78747081756592,0.2382049560546875,0.3580310344696045,3.6058828830718994
17,19,219.97974824905396,-3602312.95,0.9998999834060669,0.5163730382919312,0.4637073576450348,0.15782636404037476,207.2260205745697,7.836067199707031,12.751791000366211,195.04351949691772,0.25110578536987305,0.37656545639038086,3.6245880126953125
17,20,217.81621265411377,-3603310.95,0.9998999834060669,0.5165063142776489,0.46405741572380066,0.15811026096343994,205.14250874519348,7.857612133026123,12.67170000076294,192.94035363197327,0.25338053703308105,0.3728492259979248,3.622730016708374
17,21,215.16081142425537,-3602250.875,0.9998999834060669,0.5147592425346375,0.46099579334259033,0.15585392713546753,202.38693404197693,7.793179273605347,12.771979570388794,190.29054880142212,0.2387068271636963,0.3593144416809082,3.616441488265991
17,22,214.22626948356628,-3605020.875,0.9998999834060669,0.5167609453201294,0.4629994332790375,0.15802563726902008,201.57835745811462,7.8466796875,12.645972728729248,189.3606448173523,0.23839688301086426,0.3632640838623047,3.6782166957855225
17,23,219.10440587997437,-3603275.5,0.9998999834060669,0.5160218477249146,0.46368029713630676,0.15764300525188446,206.19057297706604,8.112183094024658,12.91191291809082,193.68321323394775,0.25083351135253906,0.38550782203674316,3.658883571624756
17,24,214.32302689552307,-3604128.875,0.9998999834060669,0.5165004730224609,0.4631134569644928,0.15740174055099487,201.49174118041992,7.785791873931885,12.82935881614685,189.39421820640564,0.23855137825012207,0.36540746688842773,3.617163896560669
17,25,214.08832049369812,-3607353.975,0.9998999834060669,0.5153580904006958,0.46282485127449036,0.15781548619270325,200.96979522705078,7.929666757583618,13.116520643234253,188.686261177063,0.25197577476501465,0.3742032051086426,3.6319212913513184
17,26,215.9621262550354,-3601307.225,0.9998999834060669,0.5162613391876221,0.4633426070213318,0.15779785811901093,203.077623128891,7.891460180282593,12.882582426071167,190.89220070838928,0.23745465278625488,0.36347007751464844,3.602158546447754
17,27,213.27193927764893,-3606280.1,0.9998999834060669,0.5162003636360168,0.4638619124889374,0.15878021717071533,200.53505396842957,7.967103958129883,12.734983682632446,188.25610184669495,0.24122095108032227,0.3702988624572754,3.6072866916656494
17,28,216.43850755691528,-3603972.0,0.9998999834060669,0.5144973993301392,0.4611886739730835,0.15675587952136993,203.78548431396484,7.82392692565918,12.651114225387573,191.63833737373352,0.2403426170349121,0.36762332916259766,3.6240901947021484
17,29,215.20538759231567,-3604361.55,0.9998999834060669,0.5160662531852722,0.46362853050231934,0.1578006148338318,202.5545997619629,7.7903666496276855,12.648876667022705,190.34983777999878,0.31394362449645996,0.36093783378601074,3.648313522338867
17,30,216.79353857040405,-3604126.225,0.9998999834060669,0.517109751701355,0.46453604102134705,0.15859319269657135,204.21279978752136,7.841611385345459,12.578803300857544,192.04958581924438,0.24061131477355957,0.36777734756469727,3.620760917663574
18,1,177.07973432540894,-8169284.45,0.9998999834060669,0.5124631524085999,0.45886462926864624,0.16996696591377258,166.62080574035645,4.074075222015381,10.457457780838013,158.5230052471161,0.1177053451538086,0.3897664546966553,2.256234645843506
18,2,176.10067868232727,-8163477.55,0.9998999834060669,0.5119327902793884,0.4588890075683594,0.16938777267932892,165.65236616134644,4.337289810180664,10.446825742721558,157.56132459640503,0.1253209114074707,0.3944694995880127,2.2611947059631348
18,3,179.70063161849976,-8168596.25,0.9998999834060669,0.5086222887039185,0.45494189858436584,0.16611705720424652,167.18375158309937,4.119649171829224,12.515400409698486,159.10435485839844,0.12102270126342773,0.384807825088501,2.3131775856018066
18,4,178.60650873184204,-8166920.6,0.9998999834060669,0.5109496116638184,0.45771825313568115,0.16867223381996155,166.1614475250244,4.101918458938599,12.44357180595398,158.0937361717224,0.11827230453491211,0.3866403102874756,2.249246597290039
18,5,177.4978368282318,-8170715.0,0.9998999834060669,0.510637640953064,0.45709460973739624,0.16840966045856476,165.15381526947021,4.077167272567749,12.342585802078247,157.15992617607117,0.11672472953796387,0.3789515495300293,2.242553472518921
18,6,179.04943537712097,-8168153.25,0.9998999834060669,0.5092663764953613,0.4558165967464447,0.16738300025463104,166.6021225452423,4.088005781173706,12.44586706161499,158.52816486358643,0.11637330055236816,0.3768310546875,2.257350444793701
18,7,177.84047937393188,-8165713.8,0.9998999834060669,0.5109924077987671,0.4574838876724243,0.1687493771314621,167.4602394104004,4.206542015075684,10.378767013549805,159.33101344108582,0.11746454238891602,0.3846004009246826,2.285757303237915
18,8,177.16879844665527,-8167534.9,0.9998999834060669,0.5107625722885132,0.45770272612571716,0.16881409287452698,166.7904291152954,4.057086706161499,10.37691354751587,158.73181748390198,0.11733198165893555,0.37954187393188477,2.252018451690674
18,9,176.08824968338013,-8168952.8,0.9998999834060669,0.5097218751907349,0.4565431475639343,0.16826313734054565,165.7062692642212,4.1078126430511475,10.380466938018799,157.6448290348053,0.11688852310180664,0.3876478672027588,2.2516705989837646
18,10,176.8504502773285,-8168650.75,0.9998999834060669,0.5092577934265137,0.4559584856033325,0.16694848239421844,166.6968445777893,4.040140867233276,10.152127265930176,158.68313694000244,0.11660575866699219,0.38144969940185547,2.232470989227295
18,11,177.35837841033936,-8169106.65,0.9998999834060669,0.5111314058303833,0.45726698637008667,0.16881828010082245,166.96649432182312,4.050877332687378,10.390429973602295,158.90593886375427,0.11598658561706543,0.3822760581970215,2.231759548187256
18,12,177.66844248771667,-8168331.45,0.9998999834060669,0.508313775062561,0.4552188515663147,0.16614490747451782,167.352441072464,4.088989973068237,10.314526557922363,159.35873126983643,0.11691951751708984,0.3844931125640869,2.2492318153381348
18,13,173.99676251411438,-8166367.45,0.9998999834060669,0.5115665793418884,0.45887094736099243,0.16965433955192566,163.8851613998413,4.074578285217285,10.110208988189697,155.9405128955841,0.11591553688049316,0.36863064765930176,2.2114641666412354
18,14,173.2610740661621,-8166231.7,0.9998999834060669,0.5107184648513794,0.45717644691467285,0.16881580650806427,163.13306379318237,4.048990964889526,10.126644849777222,155.22752118110657,0.1138460636138916,0.35706472396850586,2.1955785751342773
18,15,176.47136449813843,-8167713.3,0.9998999834060669,0.5108521580696106,0.45767468214035034,0.16887345910072327,166.1796875,4.1052961349487305,10.290194034576416,158.14772748947144,0.1166982650756836,0.3831360340118408,2.2358245849609375
18,16,301.32311272621155,-8166809.35,0.9998999834060669,0.5109825134277344,0.4574127793312073,0.1686774343252182,276.9259400367737,8.14302110671997,24.392906427383423,262.73632431030273,0.25485897064208984,0.572995662689209,5.119009017944336
18,17,308.1238763332367,-8168031.8,0.9998999834060669,0.507948100566864,0.4541930854320526,0.16619879007339478,284.05763816833496,8.371882915496826,24.06204843521118,269.65983748435974,0.2574033737182617,0.5930702686309814,5.072963714599609
18,18,306.72627806663513,-8171582.95,0.9998999834060669,0.507976770401001,0.45446306467056274,0.16557684540748596,282.9890127182007,8.33224368095398,23.733136415481567,268.691876411438,0.2633321285247803,0.6042618751525879,4.994929790496826
18,19,308.3558495044708,-8170488.85,0.9998999834060669,0.5087526440620422,0.4560380280017853,0.16687388718128204,284.7359690666199,8.362048149108887,23.615830898284912,271.71545028686523,0.2586510181427002,0.6176378726959229,3.6780314445495605
18,20,304.56682777404785,-8168211.8,0.9998999834060669,0.5108954310417175,0.4571136236190796,0.16860292851924896,280.45883560180664,8.429778099060059,24.103919744491577,267.374959230423,0.25946664810180664,0.6025509834289551,3.6902613639831543
18,21,302.2802929878235,-8168110.05,0.9998999834060669,0.5136455297470093,0.45936158299446106,0.17125800251960754,278.82728338241577,8.304561138153076,23.448791027069092,265.88382172584534,0.26090002059936523,0.5879273414611816,3.6877472400665283
18,22,307.12369298934937,-8171458.85,0.9998999834060669,0.5101808905601501,0.4565836787223816,0.16795946657657623,283.0475447177887,8.378026962280273,24.071579933166504,268.5696015357971,0.2833714485168457,0.6278963088989258,5.076786279678345
18,23,309.06219029426575,-8168513.85,0.9998999834060669,0.5084602236747742,0.4546859860420227,0.16671133041381836,284.9416115283966,8.464781522750854,24.116572618484497,270.3305859565735,0.27663731575012207,0.6297588348388672,5.1318230628967285
18,24,304.4525363445282,-8167842.3,0.9998999834060669,0.5107792615890503,0.45798757672309875,0.16873997449874878,280.68347668647766,8.806622505187988,23.764965057373047,265.78150939941406,0.26334524154663086,0.6333332061767578,5.090763092041016
18,25,303.86087346076965,-8168389.9,0.9998999834060669,0.5111408829689026,0.45813360810279846,0.16918815672397614,279.9780910015106,8.187612295150757,23.878729343414307,265.71567702293396,0.25980329513549805,0.5573663711547852,5.161699056625366
18,26,306.1606559753418,-8171151.55,0.9998999834060669,0.5135367512702942,0.45989012718200684,0.17197014391422272,282.29228043556213,8.415247440338135,23.864370822906494,267.6868748664856,0.274399995803833,0.6341094970703125,5.175852298736572
18,27,306.8110737800598,-8171158.0,0.9998999834060669,0.5098309516906738,0.45623719692230225,0.16787290573120117,282.5623927116394,8.457990884780884,24.244666814804077,268.02170991897583,0.2829616069793701,0.6285998821258545,5.064892530441284
18,28,312.41734981536865,-8169400.5,0.9998999834060669,0.511081874370575,0.45727449655532837,0.1688656359910965,288.28828597068787,8.396700859069824,24.12509560585022,273.89864444732666,0.2621192932128906,0.629131555557251,4.995553731918335
18,29,303.83715629577637,-8167546.7,0.9998999834060669,0.5121079683303833,0.4584244191646576,0.16990289092063904,280.1774022579193,8.234278202056885,23.6556875705719,265.9442639350891,0.2579941749572754,0.5561192035675049,5.087120294570923
18,30,304.93338990211487,-8170176.8,0.9998999834060669,0.509992778301239,0.45684561133384705,0.1682252734899521,280.6547281742096,8.428598642349243,24.274474382400513,266.09505009651184,0.2596874237060547,0.622624397277832,5.1425511837005615
19,1,247.29965233802795,-18612531.4,0.9998999834060669,0.5054627656936646,0.45061632990837097,0.18209442496299744,223.06658935546875,4.411214113235474,24.229923486709595,211.9242594242096,0.12994670867919922,0.5124149322509766,1.5281739234924316
19,2,243.73555707931519,-18606739.6,0.9998999834060669,0.505296528339386,0.4508334994316101,0.1815483719110489,221.69040966033936,4.179121732711792,22.042181968688965,210.62867879867554,0.12419390678405762,0.4970815181732178,1.5203063488006592
19,3,248.19409251213074,-18608227.0,0.9998999834060669,0.5053044557571411,0.450896292924881,0.18173567950725555,225.81869387626648,4.234476566314697,22.372374773025513,214.455748796463,0.12446212768554688,0.5113668441772461,1.8135957717895508
19,4,247.11213493347168,-18613155.6,0.9998999834060669,0.5052037239074707,0.4505077004432678,0.18193091452121735,224.98010110855103,4.278408765792847,22.128957509994507,213.90979599952698,0.12387275695800781,0.5085437297821045,1.5274157524108887
19,5,247.78680729866028,-18604281.6,0.9998999834060669,0.5054054856300354,0.45142799615859985,0.1822928935289383,225.32480144500732,4.244513750076294,22.45891809463501,214.17292046546936,0.12244534492492676,0.5068490505218506,1.5356581211090088
19,6,247.25698328018188,-18605891.8,0.9998999834060669,0.5051838755607605,0.45115774869918823,0.18181967735290527,225.10798120498657,4.229640483856201,22.14596962928772,213.9927315711975,0.1234138011932373,0.5049641132354736,1.533257007598877
19,7,247.96403241157532,-18611312.4,0.9998999834060669,0.5051633715629578,0.4508591890335083,0.1819504201412201,225.56186389923096,4.22234845161438,22.399132013320923,214.3317096233368,0.12288117408752441,0.6243700981140137,1.5265862941741943
19,8,248.402822971344,-18603388.2,0.9998999834060669,0.5052265524864197,0.45118966698646545,0.18173465132713318,226.0317256450653,4.237896680831909,22.368043422698975,214.94627785682678,0.1255037784576416,0.5143022537231445,1.5382404327392578
19,9,247.57608246803284,-18613868.0,0.9998999834060669,0.5039567947387695,0.4494569003582001,0.18082194030284882,225.29574823379517,4.207005739212036,22.277324438095093,214.1714482307434,0.12233996391296387,0.5034503936767578,1.5372462272644043
19,10,247.8229579925537,-18609911.8,0.9998999834060669,0.505099356174469,0.45117178559303284,0.18190047144889832,225.65166211128235,4.183904647827148,22.16830348968506,214.58940148353577,0.12162542343139648,0.5032956600189209,1.5284652709960938
19,11,248.24503636360168,-18605459.0,0.9998999834060669,0.5058616995811462,0.4516396224498749,0.18219807744026184,225.95577573776245,4.203706741333008,22.286272764205933,214.82426571846008,0.12224388122558594,0.5005784034729004,1.5253169536590576
19,12,247.25728392601013,-18607978.6,0.9998999834060669,0.5054078698158264,0.45088642835617065,0.18198156356811523,224.84736943244934,4.198689699172974,22.406909704208374,213.71806597709656,0.12226748466491699,0.5035479068756104,1.527510404586792
19,13,247.56093287467957,-18611188.6,0.9998999834060669,0.5055566430091858,0.45092377066612244,0.181746706366539,225.0902919769287,4.208361864089966,22.4675350189209,214.03287029266357,0.12174677848815918,0.5004427433013916,1.529480218887329
19,14,249.66973304748535,-18606552.2,0.9998999834060669,0.5056589245796204,0.45075634121894836,0.18161539733409882,227.3412048816681,4.192293643951416,22.32534146308899,216.2488329410553,0.12237834930419922,0.5228719711303711,1.5344822406768799
19,15,249.5027425289154,-18609126.4,0.9998999834060669,0.5055168271064758,0.45074012875556946,0.18191350996494293,227.28515529632568,4.218421459197998,22.214443922042847,216.16976308822632,0.12201452255249023,0.5063338279724121,1.532254934310913
19,16,411.3976981639862,-18611175.8,0.9998999834060669,0.5050980448722839,0.45060643553733826,0.18178822100162506,363.33517932891846,8.556044101715088,48.05411958694458,349.73126745224,0.2567143440246582,0.9336516857147217,3.759841203689575
19,17,429.17810130119324,-18602515.6,0.9998999834060669,0.5067581534385681,0.45207104086875916,0.1833226978778839,381.37099599838257,9.027522563934326,47.79880213737488,367.1130678653717,0.2642183303833008,1.0215189456939697,3.835033893585205
19,18,420.06054878234863,-18612109.0,0.9998999834060669,0.5052571296691895,0.45080387592315674,0.1817108541727066,371.3345594406128,8.585991859436035,48.71717071533203,357.55959391593933,0.2792799472808838,0.9562697410583496,3.84801983833313
19,19,422.0832803249359,-18610458.6,0.9998999834060669,0.5057353377342224,0.4515269696712494,0.18265701830387115,373.963267326355,8.905394315719604,48.111433267593384,359.84379744529724,0.2614917755126953,1.023015022277832,3.8209784030914307
19,20,424.3556172847748,-18603541.0,0.9998999834060669,0.5053234696388245,0.45074358582496643,0.18137678503990173,376.2875485420227,8.926389694213867,48.05969762802124,362.15018916130066,0.2669370174407959,1.0258631706237793,3.8087575435638428
19,21,421.8459529876709,-18607190.0,0.9998999834060669,0.5051202178001404,0.45127835869789124,0.1820334494113922,373.60614919662476,8.93804931640625,48.231213331222534,359.4890983104706,0.265033483505249,1.01021409034729,3.7973203659057617
19,22,437.95849323272705,-18603304.6,0.9998999834060669,0.505255937576294,0.4508539140224457,0.18138355016708374,389.2086000442505,8.852911472320557,48.74159073829651,374.99782729148865,0.2766547203063965,1.0291025638580322,3.9418888092041016
19,23,437.2631347179413,-18608155.8,0.9998999834060669,0.5052252411842346,0.4505694508552551,0.18169140815734863,389.25813698768616,8.831200361251831,47.996800899505615,375.22496151924133,0.2597010135650635,1.0217933654785156,3.814298629760742
19,24,427.2980442047119,-18607320.4,0.9998999834060669,0.5054869651794434,0.45111000537872314,0.1820250302553177,378.6328978538513,8.92769479751587,48.6569926738739,364.5034689903259,0.26015305519104004,1.024616003036499,3.8096394538879395
19,25,414.5142865180969,-18613338.4,0.9998999834060669,0.5054031610488892,0.45100104808807373,0.18188677728176117,367.2642631530762,8.546255350112915,47.2414767742157,353.6392376422882,0.2574293613433838,0.9316561222076416,3.7917439937591553
19,26,429.4927427768707,-18611975.0,0.9998999834060669,0.5053307414054871,0.45081469416618347,0.18203040957450867,380.54679465293884,8.949010610580444,48.93750548362732,366.323477268219,0.2632589340209961,1.0350778102874756,3.829749345779419
19,27,445.9074704647064,-18603413.2,0.9998999834060669,0.5052638649940491,0.451263964176178,0.18161249160766602,397.05416321754456,8.992384195327759,48.84435558319092,382.7278468608856,0.2757446765899658,1.048886775970459,3.8946592807769775
19,28,436.02216839790344,-18609475.2,0.9998999834060669,0.5051515698432922,0.4506854712963104,0.18178527057170868,387.71393728256226,8.907594203948975,48.30004000663757,373.5362763404846,0.27698802947998047,1.0426762104034424,3.837482452392578
19,29,435.45895528793335,-18605977.2,0.9998999834060669,0.5052943825721741,0.4506973922252655,0.18145033717155457,387.3713948726654,8.862090110778809,48.07898426055908,373.2875442504883,0.2588789463043213,1.0233547687530518,3.8327717781066895
19,30,442.9014015197754,-18605136.8,0.9998999834060669,0.5050490498542786,0.450749009847641,0.18185153603553772,392.5922887325287,8.846066951751709,50.300785779953,377.48216915130615,0.2579033374786377,2.0399749279022217,3.856429100036621
20,1,365.6754877567291,-42665428.0,0.9998999834060669,0.4986661970615387,0.44334274530410767,0.19780033826828003,314.97261691093445,4.625319242477417,50.692081451416016,294.58613419532776,0.1385478973388672,0.9720110893249512,1.6562209129333496
20,2,359.5532646179199,-42667447.6,0.9973016381263733,0.4949418604373932,0.4395197629928589,0.19376038014888763,311.2053430080414,4.676291465759277,48.337348222732544,290.84144473075867,0.13834571838378906,0.9019520282745361,1.6410348415374756
20,3,366.4417905807495,-42659148.8,0.9998999834060669,0.4982212483882904,0.4427127242088318,0.19727475941181183,318.5057249069214,4.586775541305542,47.9255952835083,298.15013098716736,0.13774323463439941,0.9344174861907959,1.6493909358978271
20,4,396.22201585769653,-42663414.4,0.9998999834060669,0.4986996650695801,0.4430677592754364,0.1976739764213562,319.1031274795532,4.6020426750183105,77.10813689231873,290.9908781051636,0.13762736320495605,0.8961124420166016,9.389074087142944
20,5,364.8150100708008,-42674892.8,0.9998999834060669,0.49840226769447327,0.4428514242172241,0.1973782628774643,315.86874771118164,4.60583233833313,48.93543457984924,295.4644241333008,0.1375420093536377,0.9710712432861328,1.656628131866455
20,6,358.30606389045715,-42691665.2,0.9998999834060669,0.4981963336467743,0.4427826702594757,0.19760164618492126,309.98715257644653,4.553118705749512,48.30848169326782,289.71867299079895,0.1370983123779297,0.9055700302124023,1.6260442733764648
20,7,359.7643849849701,-42659898.4,0.9998999834060669,0.4988834857940674,0.4431728422641754,0.19766850769519806,311.6652584075928,4.637443542480469,48.088616132736206,291.3225996494293,0.1380307674407959,0.9369518756866455,1.632352352142334
20,8,362.76676630973816,-42660072.4,0.9998999834060669,0.49892017245292664,0.4433830678462982,0.19736982882022858,314.80612444877625,4.572559833526611,47.95009160041809,294.48251485824585,0.1369190216064453,0.8828737735748291,1.6428849697113037
20,9,357.1791570186615,-42666232.4,0.9998999834060669,0.4986189603805542,0.4430617690086365,0.19752676784992218,309.13826417922974,4.6201207637786865,48.03036904335022,288.77524161338806,0.1382439136505127,0.9160425662994385,1.62892484664917
20,10,360.3889093399048,-42660093.6,0.9998999834060669,0.4973353147506714,0.4417797029018402,0.19602283835411072,312.4789569377899,4.6121604442596436,47.89941167831421,292.09264278411865,0.13558268547058105,0.9544894695281982,1.6511099338531494
20,11,362.955215215683,-42662610.8,0.9998999834060669,0.498715877532959,0.4431292414665222,0.19770437479019165,314.65782928466797,4.659595012664795,48.28675866127014,294.28536224365234,0.13889169692993164,0.931938648223877,1.6468257904052734
20,12,360.68814992904663,-42674388.8,0.9998999834060669,0.49806708097457886,0.4424961507320404,0.1971825212240219,312.45597100257874,4.67320990562439,48.2216362953186,292.0752589702606,0.13953423500061035,0.9131243228912354,1.6383814811706543
20,13,359.6198251247406,-42664991.2,0.9998999834060669,0.49811339378356934,0.4426194429397583,0.1972452700138092,311.01329803466797,4.5997772216796875,48.59597611427307,290.64503741264343,0.13757920265197754,0.9532530307769775,1.652524709701538
20,14,397.1050534248352,-42682301.2,0.9975487589836121,0.4956061840057373,0.44047683477401733,0.1946505457162857,317.9405438899994,4.591063499450684,79.15400409698486,290.1347002983093,0.1376800537109375,0.9059159755706787,9.064703702926636
20,15,360.5566782951355,-42655187.6,0.9998999834060669,0.4988251030445099,0.44284188747406006,0.19711244106292725,312.3507995605469,4.6669676303863525,48.19531512260437,291.9673321247101,0.13943099975585938,0.907325029373169,1.637253999710083
20,16,563.5424926280975,-42655977.6,0.9998999834060669,0.4984743297100067,0.4428871273994446,0.1970071643590927,464.3583769798279,9.122776746749878,99.16705560684204,449.3093044757843,0.25850558280944824,1.6845779418945312,3.879539728164673
20,17,557.9822216033936,-42680663.2,0.9998999834060669,0.4979099929332733,0.44222292304039,0.19693991541862488,459.86870408058167,9.12097954750061,98.0952537059784,444.7697584629059,0.285952091217041,1.6898221969604492,3.8935329914093018
20,18,564.705010175705,-42665769.2,0.9998999834060669,0.49885672330856323,0.4430077373981476,0.19720156490802765,467.5734598636627,9.56497573852539,97.11443448066711,451.9037666320801,0.2554666996002197,1.839245319366455,3.9078660011291504
20,19,560.188768863678,-42671940.0,0.9998999834060669,0.49911150336265564,0.44354960322380066,0.1981147825717926,461.21651220321655,9.185580253601074,98.95412969589233,445.96491169929504,0.27294135093688965,1.689249038696289,3.9968421459198
20,20,574.7344567775726,-42660463.2,0.9998999834060669,0.4984009563922882,0.44322121143341064,0.19722039997577667,476.6105692386627,9.467597723007202,98.10673666000366,461.1511707305908,0.26132774353027344,1.7198829650878906,3.9058423042297363
20,21,572.7050280570984,-42665324.4,0.9998999834060669,0.49716922640800476,0.4415283501148224,0.19612544775009155,474.7993142604828,9.209760904312134,97.88755249977112,459.4977560043335,0.27337026596069336,1.7021784782409668,4.007061719894409
20,22,562.7373900413513,-42650084.8,0.9998999834060669,0.49856555461883545,0.44287949800491333,0.19692157208919525,464.2298421859741,9.06373143196106,98.49021863937378,449.1165602207184,0.3549501895904541,1.6728618144989014,3.9207723140716553
20,23,557.4757857322693,-42669448.4,0.9998999834060669,0.49677324295043945,0.44116172194480896,0.19544513523578644,459.7332148551941,8.970041275024414,97.72540879249573,444.7374427318573,0.25060248374938965,1.6714200973510742,4.003441572189331
20,24,578.3739821910858,-42669373.6,0.9998999834060669,0.49875715374946594,0.44335877895355225,0.19768191874027252,473.70113801956177,9.107426643371582,104.65574169158936,458.5534076690674,0.26260876655578613,1.717789888381958,3.955312728881836
20,25,575.1439232826233,-42672439.2,0.9998999834060669,0.49816980957984924,0.4426311254501343,0.19703947007656097,477.03246998786926,9.349564790725708,98.09322667121887,461.59630584716797,0.28165674209594727,1.7256486415863037,3.969177722930908
20,26,577.6825234889984,-42646966.4,0.9998999834060669,0.49872496724128723,0.4431346654891968,0.19745628535747528,479.530855178833,9.161289930343628,98.13434958457947,464.3727774620056,0.26281166076660156,1.7152132987976074,3.9123125076293945
20,27,566.1398496627808,-42674122.4,0.9975202083587646,0.495596706867218,0.44034090638160706,0.19463135302066803,468.6090040206909,9.12499737739563,97.51369524002075,453.46263337135315,0.27222681045532227,1.7143359184265137,3.9258382320404053
20,28,582.2057931423187,-42663325.6,0.9998999834060669,0.49865472316741943,0.44317469000816345,0.19722703099250793,485.1334331035614,9.117585182189941,97.04806303977966,470.01281571388245,0.2682533264160156,1.7243576049804688,3.902944564819336
20,29,573.2994160652161,-42655300.0,0.9998999834060669,0.49881216883659363,0.44311052560806274,0.19745148718357086,473.810831785202,9.175745487213135,99.47130250930786,458.6491675376892,0.25504207611083984,1.711172103881836,3.9154317378997803
20,30,580.2057473659515,-42654704.4,0.9998999834060669,0.49826833605766296,0.4427935481071472,0.19685308635234833,482.74931502342224,9.092543363571167,97.43900728225708,467.6858115196228,0.2559661865234375,1.709151268005371,3.903146982192993
