k,sample,total_time,best_ll,P00,P01,P10,P11,full_fit,gradient_gpu,init_cpu_gpu,mcmc_cpu,optimizer_gpu,transfer_pcie,warm_up_mcmc_cpu
1,2,6.188068151473999,-0.0004000663757324219,0.9998999834060669,9.999999747378752e-05,0.9998999834060669,9.999999747378752e-05,4.869779825210571,1.5048608779907227,1.3182454109191895,1.7555813789367676,0.11209559440612793,0.08171939849853516,1.3709495067596436
1,3,6.266538143157959,-0.0004000663757324219,0.9998999834060669,0.9998999834060669,9.999999747378752e-05,9.999999747378752e-05,4.874018669128418,1.5120234489440918,1.3924846649169922,1.7516379356384277,0.11326479911804199,0.08197379112243652,1.370987892150879
1,4,6.20333456993103,-0.0004000663757324219,0.9998999834060669,0.9998999834060669,9.999999747378752e-05,9.999999747378752e-05,4.879101991653442,1.5029850006103516,1.3241994380950928,1.7664806842803955,0.1125020980834961,0.08134269714355469,1.371755838394165
1,5,6.095292806625366,-0.0004000663757324219,9.999999747378752e-05,0.9998999834060669,9.999999747378752e-05,9.999999747378752e-05,4.601646184921265,1.4773387908935547,1.493612289428711,1.5159032344818115,0.11211347579956055,0.08176922798156738,1.3700640201568604
1,6,6.326074838638306,-0.0004000663757324219,0.9998999834060669,0.9998999834060669,9.999999747378752e-05,0.9998999834060669,5.006222248077393,1.498666524887085,1.3198130130767822,1.8994238376617432,0.11140704154968262,0.08184242248535156,1.3704936504364014
1,7,6.23366379737854,-0.0004000663757324219,0.9998999834060669,9.999999747378752e-05,0.9998999834060669,9.999999747378752e-05,4.8825743198394775,1.4962882995605469,1.3510539531707764,1.77374267578125,0.11273527145385742,0.08217549324035645,1.3727736473083496
1,8,6.198479890823364,-0.0004000663757324219,0.9998999834060669,0.9998999834060669,9.999999747378752e-05,9.999999747378752e-05,4.850702285766602,1.4926695823669434,1.3477411270141602,1.749837875366211,0.11173653602600098,0.08109831809997559,1.3714380264282227
1,9,6.289143085479736,-0.0004000663757324219,0.9998999834060669,9.999999747378752e-05,0.9998999834060669,9.999999747378752e-05,4.873189687728882,1.5042836666107178,1.4159138202667236,1.7601213455200195,0.11215829849243164,0.08189225196838379,1.3701224327087402
1,10,6.330490350723267,-0.0004000663757324219,0.9998999834060669,0.9998999834060669,9.999999747378752e-05,9.999999747378752e-05,4.8621909618377686,1.5001678466796875,1.468263864517212,1.7497551441192627,0.11250090599060059,0.08140921592712402,1.3747520446777344
1,11,6.27142858505249,-0.0004000663757324219,0.9998999834060669,9.999999747378752e-05,0.9998999834060669,9.999999747378752e-05,4.857821464538574,1.494950771331787,1.413564682006836,1.7549712657928467,0.11182737350463867,0.08215689659118652,1.3692207336425781
1,12,6.338580369949341,-0.0004000663757324219,0.9998999834060669,0.9998999834060669,9.999999747378752e-05,0.9998999834060669,4.983775615692139,1.5043859481811523,1.3547654151916504,1.8693773746490479,0.11231017112731934,0.08178257942199707,1.371837854385376
1,13,6.326093673706055,-0.0004000663757324219,0.9998999834060669,0.9998999834060669,9.999999747378752e-05,9.999999747378752e-05,4.869612455368042,1.4954288005828857,1.4564309120178223,1.761549711227417,0.11320710182189941,0.08259201049804688,1.3726346492767334
1,14,6.223365783691406,-0.0004000663757324219,0.9998999834060669,0.9998999834060669,9.999999747378752e-05,9.999999747378752e-05,4.854575872421265,1.4942331314086914,1.3687496185302734,1.7513628005981445,0.11219406127929688,0.08214879035949707,1.3704619407653809
1,15,6.165990829467773,-0.0004000663757324219,0.9998999834060669,0.9998999834060669,9.999999747378752e-05,9.999999747378752e-05,4.86067533493042,1.5008857250213623,1.3052797317504883,1.7500832080841064,0.11280608177185059,0.08217453956604004,1.3702421188354492
1,16,16.697067260742188,-0.0004000663757324219,0.9998999834060669,0.9998999834060669,9.999999747378752e-05,9.999999747378752e-05,9.97971773147583,3.1632604598999023,6.717233896255493,2.774883270263672,0.23427081108093262,0.14529132843017578,3.5791714191436768
1,17,14.35467267036438,-0.0004000663757324219,0.9998999834060669,0.9998999834060669,9.999999747378752e-05,9.999999747378752e-05,9.944884061813354,3.1271870136260986,4.409697771072388,2.773531198501587,0.23218083381652832,0.14229440689086914,3.5890636444091797
1,18,15.428839206695557,-0.0004000663757324219,0.9998999834060669,9.999999747378752e-05,0.9998999834060669,9.999999747378752e-05,10.103518724441528,3.127023458480835,5.325188159942627,2.8160605430603027,0.23842525482177734,0.14764165878295898,3.6912875175476074
1,19,14.337345361709595,-0.0004000663757324219,0.9998999834060669,9.999999747378752e-05,0.9998999834060669,9.999999747378752e-05,9.972015857696533,3.1162617206573486,4.3652260303497314,2.812706470489502,0.23143291473388672,0.14394497871398926,3.5855090618133545
1,20,14.531125545501709,-0.0004000663757324219,9.999999747378752e-05,0.9998999834060669,9.999999747378752e-05,9.999999747378752e-05,9.569496870040894,3.095651865005493,4.961506605148315,2.335878849029541,0.233642578125,0.1424884796142578,3.679352283477783
1,21,15.670079231262207,-0.0004000663757324219,0.9998999834060669,9.999999747378752e-05,0.9998999834060669,9.999999747378752e-05,9.988988161087036,3.098388195037842,5.680978298187256,2.8163681030273438,0.22936391830444336,0.14070415496826172,3.6222105026245117
1,22,14.388378381729126,-0.0004000663757324219,9.999999747378752e-05,0.9998999834060669,9.999999747378752e-05,9.999999747378752e-05,9.588224172592163,3.121889591217041,4.799999237060547,2.3635690212249756,0.23299574851989746,0.14223599433898926,3.644747018814087
1,23,14.422807693481445,-0.0004000663757324219,0.9998999834060669,9.999999747378752e-05,0.9998999834060669,9.999999747378752e-05,10.079549074172974,3.108189105987549,4.3431556224823,2.8024563789367676,0.22978615760803223,0.2475414276123047,3.610734224319458
1,24,15.299745798110962,-0.0004000663757324219,0.9998999834060669,0.9998999834060669,9.999999747378752e-05,0.9998999834060669,10.179017782211304,3.1080069541931152,5.120620489120483,3.014145851135254,0.2318403720855713,0.1428241729736328,3.6013236045837402
1,25,14.351548910140991,-0.0004000663757324219,0.9998999834060669,0.9998999834060669,9.999999747378752e-05,9.999999747378752e-05,9.919820308685303,3.131619453430176,4.431634187698364,2.768679618835449,0.2309889793395996,0.14221572875976562,3.565979242324829
1,26,13.687923431396484,-0.0004000663757324219,0.9998999834060669,9.999999747378752e-05,9.999999747378752e-05,0.9998999834060669,8.643816947937012,3.096240997314453,5.043993234634399,1.4331691265106201,0.22814440727233887,0.13996577262878418,3.5815625190734863
1,27,14.385138034820557,-0.0004000663757324219,0.9998999834060669,0.9998999834060669,9.999999747378752e-05,9.999999747378752e-05,10.008671998977661,3.112764596939087,4.37633752822876,2.7787351608276367,0.23335957527160645,0.1443042755126953,3.657958507537842
1,28,15.73014783859253,-0.0004000663757324219,0.9998999834060669,0.9998999834060669,9.999999747378752e-05,9.999999747378752e-05,10.051825523376465,3.155273914337158,5.678208589553833,2.778434991836548,0.2353518009185791,0.15042424201965332,3.6514086723327637
1,29,14.539799690246582,-0.0004000663757324219,0.9998999834060669,9.999999747378752e-05,0.9998999834060669,9.999999747378752e-05,10.079473972320557,3.108350992202759,4.460147380828857,2.822545051574707,0.23495221138000488,0.1433413028717041,3.688281536102295
1,30,14.227718830108643,-0.0004000663757324219,9.999999747378752e-05,0.9998999834060669,9.999999747378752e-05,9.999999747378752e-05,9.658064603805542,3.1320674419403076,4.569554090499878,2.3421223163604736,0.23282146453857422,0.14353537559509277,3.7257683277130127
2,1,8.231451749801636,-4.279099941253662,0.8388399481773376,0.5045205354690552,0.9998999834060669,9.999999747378752e-05,6.9105424880981445,1.6364738941192627,1.3208720684051514,3.659731864929199,0.11235785484313965,0.08246374130249023,1.3746352195739746
2,2,6.794003009796143,-4.397592067718506,0.9998999834060669,0.26549428701400757,0.5810343623161316,9.999999747378752e-05,5.458401679992676,1.6360926628112793,1.3355681896209717,2.210670232772827,0.11409807205200195,0.08198857307434082,1.3708252906799316
2,3,8.061732530593872,-4.27910041809082,0.9998999834060669,0.5045124292373657,0.838853120803833,9.999999747378752e-05,6.701531887054443,1.633147954940796,1.36016845703125,3.458718776702881,0.11229443550109863,0.08221745491027832,1.370441198348999
2,4,6.257958889007568,-0.0004000663757324219,0.9998999834060669,0.9998999834060669,9.999999747378752e-05,9.999999747378752e-05,4.893300771713257,1.5042610168457031,1.364624261856079,1.7729687690734863,0.11351943016052246,0.08272933959960938,1.3751959800720215
2,5,9.024540662765503,-2.616140365600586,0.9998999834060669,0.9998999834060669,0.7420127987861633,9.999999747378752e-05,7.654504299163818,1.6885185241699219,1.3699970245361328,4.352065801620483,0.11396598815917969,0.08382868766784668,1.3710830211639404
2,6,8.635939359664917,-7.09879503250122,0.9998999834060669,0.974096417427063,0.8978654146194458,0.16427038609981537,7.263802528381348,1.6337335109710693,1.3721041679382324,4.0163915157318115,0.11228156089782715,0.0822610855102539,1.375082015991211
2,7,7.592083692550659,-4.838960647583008,0.5453060865402222,0.5453057885169983,0.9998999834060669,9.999999747378752e-05,6.250014543533325,1.6382286548614502,1.3420352935791016,3.0004665851593018,0.1123654842376709,0.08172225952148438,1.3725433349609375
2,8,8.191828727722168,-7.9622314453125,0.9998999834060669,0.8891712427139282,0.6622818112373352,0.1893319934606552,6.880760192871094,1.6390845775604248,1.3110342025756836,3.628709316253662,0.11204147338867188,0.08214950561523438,1.374558448791504
2,9,6.732009172439575,-4.635530567169189,0.434479296207428,0.5955303311347961,0.4308456778526306,9.999999747378752e-05,5.424911975860596,1.6342952251434326,1.3070619106292725,2.1834075450897217,0.11210751533508301,0.08222055435180664,1.3686203956604004
2,10,6.618411302566528,-4.397592544555664,0.9998999834060669,9.999999747378752e-05,0.5811625719070435,0.26541969180107117,5.29692006111145,1.6358683109283447,1.3214449882507324,2.0507330894470215,0.11195182800292969,0.08207893371582031,1.3714511394500732
2,11,5.952537775039673,-4.066909313201904,0.9998999834060669,0.285425066947937,0.28676337003707886,9.999999747378752e-05,4.629973411560059,1.6309468746185303,1.3225300312042236,1.391782522201538,0.1120305061340332,0.08229947090148926,1.3683280944824219
2,12,6.408030986785889,-1.5684289932250977,9.999999747378752e-05,0.9998999834060669,0.41571295261383057,9.999999747378752e-05,5.083465576171875,1.6297433376312256,1.3245329856872559,1.8455486297607422,0.11164736747741699,0.08128833770751953,1.37070631980896
2,13,7.045922517776489,-1.479818058013916,9.999999747378752e-05,0.9998999834060669,0.9692668914794922,9.999999747378752e-05,5.717919111251831,1.6313529014587402,1.3279657363891602,2.477778196334839,0.1134181022644043,0.08156514167785645,1.3694615364074707
2,14,6.392717599868774,-0.0004000663757324219,0.9998999834060669,0.9998999834060669,9.999999747378752e-05,0.9998999834060669,4.969244480133057,1.49772310256958,1.4234340190887451,1.8646578788757324,0.1124415397644043,0.08184146881103516,1.3681867122650146
2,15,6.7913498878479,-4.397592067718506,0.9998999834060669,0.26533666253089905,0.5810858011245728,9.999999747378752e-05,5.4683308601379395,1.647106647491455,1.322986364364624,2.214491367340088,0.11237025260925293,0.0824441909790039,1.3670387268066406
2,16,17.281344652175903,-6.038973808288574,0.9998999834060669,0.8221566677093506,0.23442408442497253,0.23452109098434448,12.648273468017578,3.428673505783081,4.632971286773682,5.112673282623291,0.24007940292358398,0.15039753913879395,3.632341146469116
2,17,17.63533043861389,-5.1837921142578125,0.6581237316131592,0.8110978007316589,0.9998999834060669,9.999999747378752e-05,12.414093732833862,3.3929693698883057,5.221097707748413,4.993526458740234,0.234574556350708,0.14373230934143066,3.567147731781006
2,18,15.694791555404663,-4.742832183837891,0.4369097650051117,0.6610007882118225,0.9998999834060669,9.999999747378752e-05,11.293436050415039,3.425076723098755,4.401263952255249,3.802137851715088,0.2356414794921875,0.1458873748779297,3.6011061668395996
2,19,14.935820817947388,-0.0004000663757324219,9.999999747378752e-05,9.999999747378752e-05,0.9998999834060669,9.999999747378752e-05,9.538238048553467,3.129857301712036,5.397469758987427,2.368975877761841,0.23151612281799316,0.14325547218322754,3.5814626216888428
2,20,18.647680044174194,-6.851963710784912,0.9998999834060669,0.7756504416465759,0.9998999834060669,0.1685030162334442,14.170083045959473,3.4212117195129395,4.4774720668792725,6.72294545173645,0.2345736026763916,0.1471247673034668,3.563405990600586
2,21,18.210151195526123,-7.83665828704834,0.9998999834060669,0.6176505088806152,0.5460410118103027,0.19797571003437042,13.176801443099976,3.4432616233825684,5.033217430114746,5.6996166706085205,0.23521757125854492,0.14822149276733398,3.569096088409424
2,22,18.248907804489136,-8.820099353790283,0.5093077421188354,0.9658471941947937,0.9998999834060669,0.43251165747642517,13.9262855052948,3.4615116119384766,4.322528839111328,6.410714387893677,0.2342054843902588,0.14862370491027832,3.58670973777771
2,23,17.97680902481079,-5.397774505615234,0.6246106624603271,0.7276533842086792,0.5023093819618225,9.999999747378752e-05,12.350005149841309,3.3952643871307373,5.626677989959717,4.903034687042236,0.2336111068725586,0.14516639709472656,3.5896177291870117
2,24,16.049872636795044,-3.4498207569122314,0.9998999834060669,0.3570069968700409,0.3589078485965729,9.999999747378752e-05,11.650668859481812,3.4117431640625,4.399101495742798,4.1819281578063965,0.2299330234527588,0.14616107940673828,3.60029935836792
2,25,16.67486262321472,-4.838960647583008,0.9998999834060669,0.5453202128410339,0.5453220009803772,9.999999747378752e-05,12.079505681991577,3.4089465141296387,4.595256805419922,4.595287084579468,0.23464679718017578,0.14472436904907227,3.6149179935455322
2,26,17.924794912338257,-4.279099941253662,0.8388320803642273,0.5045160055160522,0.9998999834060669,9.999999747378752e-05,13.552093982696533,3.4778809547424316,4.372589588165283,6.025522708892822,0.23620080947875977,0.14968228340148926,3.580923080444336
2,27,14.378109693527222,-4.696373414993286,0.9998999834060669,0.2329464554786682,0.0714878961443901,0.269546240568161,9.995423078536987,3.48669695854187,4.382590293884277,2.4632158279418945,0.23070263862609863,0.1473536491394043,3.5872981548309326
2,28,14.832864046096802,-3.5834574699401855,0.9998999834060669,0.34846338629722595,9.999999747378752e-05,0.3908458650112152,10.389769554138184,3.450190305709839,4.442992448806763,2.784130573272705,0.2383289337158203,0.14903616905212402,3.6847140789031982
2,29,15.839892387390137,-1.500999927520752,9.999999747378752e-05,0.9998999834060669,0.9998999834060669,9.999999747378752e-05,11.404668092727661,3.404261827468872,4.435099363327026,3.9326627254486084,0.2340986728668213,0.14546513557434082,3.604063034057617
2,30,17.780484914779663,-6.840799331665039,0.8078545928001404,0.49626466631889343,0.9998999834060669,0.20994830131530762,13.45603084564209,3.4201602935791016,4.324343204498291,5.880374193191528,0.24454927444458008,0.153961181640625,3.670381784439087
3,1,9.741596937179565,-25.742116928100586,0.9871795177459717,0.6909310817718506,0.48317083716392517,0.2194843590259552,8.398756504058838,1.7838501930236816,1.3428020477294922,5.005862712860107,0.11198592185974121,0.08263897895812988,1.3701262474060059
3,2,7.4022839069366455,-8.058449935913085,0.18217244744300842,0.9998999834060669,0.09994735568761826,0.27465468645095825,6.014364957809448,1.7966086864471436,1.387876272201538,2.6025216579437256,0.1121511459350586,0.08293986320495605,1.3751204013824463
3,3,11.046546936035156,-15.784759712219238,0.9998999834060669,0.5683943629264832,0.7821805477142334,9.999999747378752e-05,9.720573425292969,1.9146127700805664,1.3259227275848389,6.136953830718994,0.14082765579223633,0.0853579044342041,1.3752100467681885
3,4,7.577754497528076,-15.168646240234375,0.800335705280304,0.36814358830451965,0.42963820695877075,0.1357983499765396,6.2570390701293945,1.778677225112915,1.3206803798675537,2.8620972633361816,0.11424899101257324,0.0825045108795166,1.3749709129333496
3,5,9.188759565353394,-17.19461269378662,0.9998999834060669,0.28142231702804565,0.8774572014808655,0.0975537970662117,7.86047101020813,1.799220085144043,1.3282485008239746,4.444726943969727,0.11299443244934082,0.08279538154602051,1.3764948844909668
3,6,8.505865097045898,-21.822136688232423,0.7130982279777527,0.39239442348480225,0.8156490325927734,0.19812804460525513,7.107846975326538,1.7935082912445068,1.3979771137237549,3.70306396484375,0.11239337921142578,0.08224630355834961,1.3724863529205322
3,7,7.997411727905273,-11.182355690002442,0.5243256092071533,0.3361089527606964,0.9998999834060669,9.999999747378752e-05,6.6380531787872314,1.7806901931762695,1.3593239784240723,3.2442140579223633,0.11324453353881836,0.08296871185302734,1.3719584941864014
3,8,8.877371311187744,-10.59218978881836,0.9998999834060669,0.5573005676269531,0.3311425447463989,9.999999747378752e-05,7.555450916290283,1.7945187091827393,1.3218801021575928,4.147628545761108,0.11272621154785156,0.08321046829223633,1.373471736907959
3,9,9.063145399093628,-18.79370288848877,0.7010881900787354,0.5964052677154541,0.7844514846801758,0.0596819669008255,7.66892147064209,1.7787597179412842,1.39418625831604,4.279390811920166,0.11194252967834473,0.08225250244140625,1.3727366924285889
3,10,9.338314533233643,-20.59179267883301,0.9998999834060669,0.31647419929504395,0.9998999834060669,0.12943971157073975,8.007719278335571,1.8055438995361328,1.3305602073669434,4.586813449859619,0.1123969554901123,0.08349871635437012,1.374969244003296
3,11,7.653611183166504,-10.724524116516113,0.9998999834060669,0.35129523277282715,0.41793906688690186,9.999999747378752e-05,6.342165470123291,1.7879738807678223,1.311406135559082,2.943798780441284,0.11291265487670898,0.08279180526733398,1.3700308799743652
3,12,8.389474153518677,-17.97832679748535,0.3323306441307068,0.7852303385734558,0.9797197580337524,0.10408716648817062,7.03666877746582,1.8426966667175293,1.3527710437774658,3.5768380165100098,0.11490845680236816,0.08348774909973145,1.3742132186889648
3,13,9.306631088256836,-16.91457004547119,0.6922479271888733,0.669914960861206,0.8852055668830872,9.999999747378752e-05,7.998232364654541,1.7891335487365723,1.3083641529083252,4.597155809402466,0.11198735237121582,0.08287882804870605,1.3723292350769043
3,14,9.095973491668701,-19.69392490386963,0.9187034964561462,0.9998999834060669,0.12530525028705597,0.3139667212963104,7.776373863220215,1.7729432582855225,1.3195626735687256,4.3909430503845215,0.11159586906433105,0.0821981430053711,1.3747684955596924
3,15,8.755764722824097,-24.77571258544922,0.7930396199226379,0.605697512626648,0.5183553695678711,0.23734214901924133,7.438779830932617,1.8098485469818115,1.3169517517089844,4.010095834732056,0.11422371864318848,0.0838477611541748,1.3765833377838135
3,16,20.717174530029297,-17.300512886047365,0.9998999834060669,0.43619176745414734,0.6274401545524597,0.07979091256856918,16.25623846054077,3.709766387939453,4.460800886154175,8.451768636703491,0.23424148559570312,0.14811205863952637,3.6302125453948975
3,17,20.255764961242676,-15.777777671813965,0.8814548254013062,0.4845098555088043,0.806831419467926,9.999999747378752e-05,15.927729845046997,3.8265514373779297,4.327925682067871,7.994099140167236,0.23840808868408203,0.15595126152038574,3.621467113494873
3,18,17.563798904418945,-13.766707420349121,0.5607122778892517,9.999999747378752e-05,0.9998999834060669,0.5000399947166443,13.090987920761108,3.6334409713745117,4.472705125808716,5.413199186325073,0.2302076816558838,0.142531156539917,3.590846061706543
3,19,19.947264909744263,-18.482021141052247,0.8639355897903442,0.3356361985206604,0.7291648983955383,0.12759454548358917,15.186162948608398,3.725463628768921,4.760989665985107,6.583746433258057,0.24516725540161133,0.9297220706939697,3.618774652481079
3,20,20.10389733314514,-24.539646530151366,0.8150702714920044,0.8460630178451538,0.5602114796638489,0.1446666568517685,15.718061208724976,3.6864254474639893,4.385732412338257,7.971893548965454,0.23316335678100586,0.15094470977783203,3.5925166606903076
3,21,20.114822149276733,-21.5682861328125,0.6510145664215088,0.7822501063346863,0.688977062702179,0.08888410031795502,14.53997254371643,3.6543025970458984,5.57472562789917,6.851410150527954,0.23077988624572754,0.14328813552856445,3.5804049968719482
3,22,17.27264404296875,-12.276994705200195,0.43247532844543457,0.9998999834060669,0.4542519152164459,9.999999747378752e-05,12.938461065292358,3.6954455375671387,4.33406138420105,5.219462871551514,0.2357635498046875,0.14850068092346191,3.5539908409118652
3,23,21.965559720993042,-22.348294830322267,0.8906311988830566,0.503112256526947,0.9998999834060669,0.13236398994922638,17.63562512397766,3.669586658477783,4.329811096191406,9.85744047164917,0.23707008361816406,0.14700555801391602,3.6418800354003906
3,24,19.82641577720642,-14.599952507019044,0.9471916556358337,0.5836704969406128,0.523107647895813,9.999999747378752e-05,15.549058198928833,3.721553325653076,4.277232885360718,7.742079496383667,0.23584675788879395,0.15099120140075684,3.6167197227478027
3,25,18.48098087310791,-10.326144027709962,0.9998999834060669,0.4263683259487152,0.40028515458106995,9.999999747378752e-05,14.163131713867188,3.6612918376922607,4.3177337646484375,6.4015748500823975,0.23570847511291504,0.14721441268920898,3.633267402648926
3,26,20.18648052215576,-24.038770866394042,0.7936898469924927,0.7130872011184692,0.6416439414024353,0.12870758771896362,15.874823570251465,3.7419586181640625,4.31152868270874,8.037379026412964,0.24151945114135742,0.15663766860961914,3.613513708114624
3,27,21.90396475791931,-22.182972526550294,0.9998999834060669,0.5978482365608215,0.7627987265586853,0.11172228306531906,17.589044332504272,3.7578721046447754,4.314806938171387,9.697783946990967,0.2485496997833252,0.16071724891662598,3.6378235816955566
3,28,16.137078285217285,-6.259555053710938,0.17226053774356842,0.3933144211769104,0.9998999834060669,9.999999747378752e-05,11.778297662734985,3.747014045715332,4.3586790561676025,3.8636794090270996,0.24633264541625977,0.15351319313049316,3.6818060874938965
3,29,16.2778217792511,-9.04447603225708,0.9998999834060669,0.3311474919319153,0.31159037351608276,9.999999747378752e-05,11.858078241348267,3.6728713512420654,4.419623851776123,4.160812616348267,0.2335834503173828,0.14807701110839844,3.560863971710205
3,30,18.099010229110718,-10.314705276489258,0.9998999834060669,0.17958971858024597,0.7326452732086182,9.999999747378752e-05,13.670511484146118,3.6571857929229736,4.428402423858643,5.852197885513306,0.2403562068939209,0.14790964126586914,3.6445837020874023
4,1,8.187483310699463,-24.907240295410155,0.27640795707702637,0.5933573246002197,0.9998999834060669,9.999999747378752e-05,6.859721899032593,1.9282844066619873,1.3277218341827393,3.3192224502563477,0.11274862289428711,0.08352899551391602,1.3708813190460205
4,2,11.000363826751709,-57.73928031921387,0.8449831008911133,0.721342921257019,0.685900092124939,0.03714628517627716,9.682515859603882,1.9186909198760986,1.3178153038024902,6.149645090103149,0.11243128776550293,0.08274364471435547,1.3749449253082275
4,3,10.981783390045166,-34.78471717834473,0.9413764476776123,0.33526280522346497,0.8052718639373779,9.999999747378752e-05,9.608038663864136,1.9307539463043213,1.373706579208374,6.05963397026062,0.11388468742370605,0.08271932601928711,1.376985788345337
4,4,8.635713577270508,-31.221070098876954,0.4822612404823303,0.6260582208633423,0.7250664830207825,9.999999747378752e-05,7.256335735321045,1.9203765392303467,1.3793389797210693,3.720991611480713,0.11251306533813477,0.08245015144348145,1.3753633499145508
4,5,7.352554798126221,-18.532497596740722,0.297688364982605,0.4763815104961395,0.7955716252326965,9.999999747378752e-05,6.013026714324951,1.9182112216949463,1.3394935131072998,2.486921787261963,0.1120450496673584,0.08204150199890137,1.3694415092468262
4,6,9.230831384658813,-31.57859001159668,0.8364483714103699,0.39682817459106445,0.6427325010299683,9.999999747378752e-05,7.895139932632446,1.9231507778167725,1.3356561660766602,4.362182855606079,0.11214590072631836,0.08263039588928223,1.3708469867706299
4,7,9.809560537338257,-56.957990646362305,0.8164958953857422,0.4158097505569458,0.6072774529457092,0.22506806254386902,8.481086492538452,1.9181036949157715,1.3284339904785156,4.948340892791748,0.11214780807495117,0.0840296745300293,1.3739864826202393
4,8,10.009090423583984,-48.231349563598634,0.6722017526626587,0.4470781981945038,0.9159877300262451,0.06760978698730469,8.61386251449585,1.921689748764038,1.3951876163482666,5.082761764526367,0.11207175254821777,0.08336567878723145,1.369520664215088
4,9,9.738459587097168,-40.70997161865235,0.8352937698364258,0.10787197202444077,0.698020339012146,0.3052932024002075,8.426015853881836,1.9213624000549316,1.3124051094055176,3.878506898880005,0.1127781867980957,0.08338141441345215,2.3857338428497314
4,10,10.061202049255371,-55.58612594604492,0.96955406665802,0.2773270606994629,0.45211532711982727,0.38938653469085693,8.731112241744995,1.9246797561645508,1.3300504684448242,4.08482813835144,0.11242222785949707,0.08312821388244629,2.481858968734741
4,11,9.50012731552124,-36.33838958740235,0.7654366493225098,0.5528058409690857,0.6361204385757446,9.999999747378752e-05,8.079427003860474,1.92203950881958,1.4206647872924805,4.5466485023498535,0.1126244068145752,0.08269286155700684,1.3711342811584473
4,12,9.213965892791748,-36.979204940795896,0.823954164981842,0.3231682777404785,0.6619714498519897,0.0524490587413311,7.8843092918396,1.9297852516174316,1.3296141624450684,4.341125011444092,0.11217164993286133,0.08222341537475586,1.3746833801269531
4,13,8.848378658294678,-51.66450958251953,0.37202757596969604,0.6123890280723572,0.724215567111969,0.26059165596961975,7.4900970458984375,1.918135643005371,1.3582420349121094,3.955972909927368,0.11339712142944336,0.08348250389099121,1.3741669654846191
4,14,10.15098237991333,-51.11568641662598,0.8285261392593384,0.5808741450309753,0.6635823249816895,0.05857997015118599,8.808215141296387,1.9259226322174072,1.3427276611328125,5.264100074768066,0.11418390274047852,0.0830988883972168,1.3764536380767822
4,15,9.532113552093506,-54.61162109375,0.8521150946617126,0.5100420117378235,0.48472657799720764,0.193659707903862,8.07798433303833,1.9235498905181885,1.4540917873382568,4.540980577468872,0.11267542839050293,0.08342647552490234,1.3729610443115234
4,16,20.942927598953247,-53.73253707885742,0.8338333368301392,0.6720422506332397,0.47270798683166504,0.11854694783687592,16.598318815231323,4.055119752883911,4.34448766708374,8.49439525604248,0.2410905361175537,0.15426182746887207,3.568509578704834
4,17,21.81060218811035,-44.02263984680176,0.8499695062637329,0.48967844247817993,0.6941260099411011,0.03664971888065338,16.23823571205139,4.036745309829712,5.572247505187988,8.145202398300171,0.23650121688842773,0.1482100486755371,3.588330030441284
4,18,21.658495664596558,-60.785753631591795,0.9998999834060669,0.47902917861938477,0.6033450961112976,0.14241646230220795,17.24785304069519,4.106869697570801,4.410524368286133,9.063982725143433,0.23918676376342773,0.15368342399597168,3.5990405082702637
4,19,18.365429162979126,-48.40073165893555,0.6930199861526489,0.5279044508934021,0.4627889096736908,0.21511556208133698,13.923436880111694,3.9735655784606934,4.4418861865997314,5.829875707626343,0.23309612274169922,0.14826703071594238,3.653780937194824
4,20,21.991559743881226,-57.22517623901367,0.9564303159713745,0.5703680515289307,0.5993423461914062,0.07649561762809753,16.967419385910034,3.9864554405212402,5.0240161418914795,8.92022442817688,0.2336103916168213,0.1459488868713379,3.6002445220947266
4,21,20.650108814239502,-48.558427047729495,0.6601536870002747,0.4693702757358551,0.9016590714454651,0.06314387172460556,16.248083353042603,3.952746868133545,4.401902914047241,8.21321177482605,0.2349998950958252,0.15077447891235352,3.6114373207092285
4,22,22.477335214614868,-54.24587631225586,0.9134632349014282,0.6520937085151672,0.47891339659690857,0.10393454879522324,17.139010429382324,3.9969100952148438,5.33820915222168,8.990420579910278,0.2391972541809082,0.15242218971252441,3.6747255325317383
4,23,18.51022720336914,-31.235551834106445,0.37706977128982544,0.7014836072921753,0.8464403748512268,9.999999747378752e-05,14.039230108261108,4.00927734375,4.470890522003174,5.970758676528931,0.2348320484161377,0.14905571937561035,3.5911028385162354
4,24,21.62723970413208,-47.072475051879884,0.8688825368881226,0.43133556842803955,0.778015673160553,0.03491060808300972,17.329801321029663,4.030322074890137,4.297303199768066,9.219304084777832,0.24193310737609863,0.1519782543182373,3.5985894203186035
4,25,19.61078381538391,-45.1981559753418,0.8716269135475159,0.4868767559528351,0.5402167439460754,0.09479985386133194,15.053457260131836,4.009894847869873,4.557214021682739,6.998829364776611,0.23230361938476562,0.14807868003845215,3.5825459957122803
4,26,20.849229335784912,-55.348673248291014,0.9998999834060669,0.3491412401199341,0.586588442325592,0.19813963770866394,16.605616092681885,4.061277866363525,4.2434632778167725,8.366014003753662,0.24627423286437988,0.1582653522491455,3.6860761642456055
4,27,20.39037585258484,-54.81732864379883,0.3600442707538605,0.49145975708961487,0.9611304998397827,0.2674310505390167,15.892549514770508,4.208325147628784,4.497696399688721,7.597863435745239,0.24025869369506836,0.15093183517456055,3.6113100051879883
4,28,18.297125101089478,-23.147447395324708,0.5022432804107666,0.6965857744216919,0.4379109740257263,9.999999747378752e-05,13.308959007263184,3.986135959625244,4.988043308258057,4.746503829956055,0.23702454566955566,0.6258845329284668,3.6275594234466553
4,29,20.176347494125366,-48.601596450805665,0.6324722170829773,0.6191415786743164,0.760735034942627,0.058305542916059494,15.751015663146973,4.201659440994263,4.425227642059326,7.461831331253052,0.2364342212677002,0.1548466682434082,3.6098244190216064
4,30,21.182119607925415,-54.01265602111816,0.9998999834060669,0.48297157883644104,0.4457278847694397,0.18358571827411652,16.757411003112793,4.097980260848999,4.424583196640015,8.087374448776245,0.24700045585632324,0.6527750492095947,3.5861904621124268
5,1,11.345268487930298,-143.8579116821289,0.9950830340385437,0.3567497134208679,0.5275493264198303,0.24224410951137543,10.011199474334717,2.0621347427368164,1.334028720855713,6.329052448272705,0.11362099647521973,0.08306694030761719,1.379220724105835
5,2,14.914211511611938,-198.68573760986328,0.9998999834060669,0.5207810401916504,0.6342196464538574,0.17445996403694153,13.525277376174927,2.0954673290252686,1.3888957500457764,9.809284448623657,0.11257076263427734,0.08298397064208984,1.3809800148010254
5,3,11.770085334777832,-107.82076950073242,0.659454882144928,0.6233488917350769,0.8312650918960571,9.999999747378752e-05,10.424858808517456,2.053114175796509,1.3451862335205078,6.7597692012786865,0.11190390586853027,0.08260107040405273,1.373180866241455
5,4,10.026783466339111,-113.78904495239257,0.8544153571128845,0.41128551959991455,0.5076488256454468,0.19554008543491364,8.552793741226196,2.0708115100860596,1.4739563465118408,4.869125604629517,0.1126866340637207,0.08266854286193848,1.373032569885254
5,5,10.882025241851807,-129.5886260986328,0.7322187423706055,0.6175615191459656,0.6426634192466736,0.08236967027187347,9.564700365066528,2.073972463607788,1.3172845840454102,5.875015497207642,0.11238741874694824,0.08371949195861816,1.3748576641082764
5,6,9.94901156425476,-122.08576049804688,0.7375873327255249,0.5956600904464722,0.5585305690765381,0.13395214080810547,8.618836641311646,2.070147752761841,1.3301405906677246,4.9307684898376465,0.11404991149902344,0.08417487144470215,1.375037670135498
5,7,10.67059063911438,-129.10734100341796,0.8006435632705688,0.5853227972984314,0.5524460077285767,0.1138642355799675,9.329292297363281,2.066466808319092,1.3412611484527588,5.649407863616943,0.1125786304473877,0.08263587951660156,1.3740413188934326
5,8,9.989346504211426,-131.54210357666017,0.7374399900436401,0.6624533534049988,0.4874666631221771,0.22498665750026703,8.655115365982056,2.0670437812805176,1.3341875076293945,4.973729848861694,0.11287164688110352,0.08393645286560059,1.373563528060913
5,9,10.713649272918701,-141.82713775634767,0.7885535955429077,0.5360433459281921,0.5684333443641663,0.17853499948978424,9.3889741897583,2.068446397781372,1.3246359825134277,5.707181930541992,0.11249184608459473,0.0831444263458252,1.3734900951385498
5,10,9.675620794296265,-109.27626342773438,0.7191060185432434,0.4926227331161499,0.6026854515075684,0.12884701788425446,8.356084823608398,2.06964373588562,1.3194987773895264,4.673609495162964,0.11225438117980957,0.08266091346740723,1.373610496520996
5,11,11.111543893814087,-139.7978942871094,0.7532641887664795,0.5537383556365967,0.7038537263870239,0.0954071655869484,9.778741836547852,2.056014060974121,1.3327631950378418,6.111693620681763,0.11202883720397949,0.08252334594726562,1.372443675994873
5,12,10.057984828948975,-117.65668487548828,0.8305043578147888,0.4681283235549927,0.47589030861854553,0.19893914461135864,8.713629007339478,2.065199851989746,1.344322681427002,5.03070068359375,0.11437654495239258,0.08298587799072266,1.3762309551239014
5,13,11.413100004196167,-112.20897979736328,0.788009524345398,0.5000601410865784,0.723455548286438,0.03871222212910652,10.118348121643066,2.0551700592041016,1.2947165966033936,6.451309680938721,0.11178016662597656,0.08334708213806152,1.3722143173217773
5,14,9.781484127044678,-115.03833389282227,0.6358054876327515,0.5423734188079834,0.7104394435882568,0.10192117840051651,8.449753522872925,2.0699727535247803,1.331697940826416,4.7649986743927,0.11263918876647949,0.08242011070251465,1.3754208087921143
5,15,9.468084335327148,-83.82516021728516,0.5588264465332031,0.6853924989700317,0.6904177665710449,9.999999747378752e-05,8.16619610786438,2.0898306369781494,1.3018476963043213,4.462807893753052,0.11266827583312988,0.0836794376373291,1.3726563453674316
5,16,22.96248722076416,-112.19690246582032,0.923331081867218,0.46240222454071045,0.6297051310539246,0.039670705795288086,18.565046310424805,4.345628023147583,4.397325277328491,10.159873247146606,0.23779797554016113,0.1518716812133789,3.5847065448760986
5,17,24.457952737808228,-176.93516693115234,0.8235248327255249,0.5425754189491272,0.5668964982032776,0.24891172349452972,19.03362727165222,4.341915845870972,5.424204111099243,10.598251819610596,0.2469174861907959,0.15470480918884277,3.6056923866271973
5,18,21.54422092437744,-117.05331192016601,0.6999490857124329,0.4658051133155823,0.7178604602813721,0.10367519408464432,17.140629768371582,4.2460618019104,4.40343165397644,8.819944858551025,0.23218369483947754,0.14573121070861816,3.6152288913726807
5,19,21.185533046722412,-130.62567443847655,0.8990212082862854,0.30472272634506226,0.5193147659301758,0.3100866377353668,16.72589921951294,4.301122426986694,4.459497928619385,8.308856725692749,0.23959040641784668,0.17646431922912598,3.615063190460205
5,20,20.12101674079895,-119.65323028564453,0.8490759134292603,0.24839085340499878,0.4981004297733307,0.38633349537849426,15.745373964309692,4.271126747131348,4.375527381896973,7.224788427352905,0.2394273281097412,0.14835810661315918,3.7769057750701904
5,21,22.895658016204834,-164.00648498535156,0.8128353953361511,0.49161526560783386,0.6318372488021851,0.2145548313856125,18.46031093597412,4.288515090942383,4.435216665267944,10.092483043670654,0.24139714241027832,0.1575934886932373,3.5935771465301514
5,22,21.247341632843018,-123.10423049926757,0.7077226042747498,0.4377392530441284,0.6965745687484741,0.16452181339263916,16.806506872177124,4.215020179748535,4.440680503845215,8.529308557510376,0.23713898658752441,0.14690589904785156,3.595393180847168
5,23,21.546924591064453,-114.50811996459962,0.5842927098274231,0.8378990888595581,0.4690213203430176,0.11144306510686874,17.06416082382202,4.392766952514648,4.482654809951782,7.50188946723938,0.24201130867004395,1.1592507362365723,3.682887554168701
5,24,22.340946912765503,-159.54340515136718,0.8618963956832886,0.28058964014053345,0.6660447120666504,0.32994210720062256,18.041903734207153,4.32625150680542,4.298929929733276,9.645770072937012,0.23386812210083008,0.1474759578704834,3.6047475337982178
5,25,23.101418018341064,-132.2840316772461,0.764532744884491,0.6774782538414001,0.5845285058021545,0.06785298883914948,18.696099519729614,4.320636749267578,4.405165433883667,10.018621683120728,0.24840545654296875,0.33345842361450195,3.690216302871704
5,26,23.392113208770752,-124.10204010009765,0.7437647581100464,0.6073969602584839,0.7341045141220093,0.032458461821079254,19.052490949630737,4.256392955780029,4.339509010314941,10.766074180603027,0.23551511764526367,0.1476888656616211,3.564182996749878
5,27,21.74128270149231,-137.68974914550782,0.6232717633247375,0.4044947028160095,0.8694871068000793,0.18628904223442078,17.53198504447937,4.261736869812012,4.20917272567749,9.224262475967407,0.2313399314880371,0.14815044403076172,3.583404541015625
5,28,21.08703088760376,-122.32199096679688,0.6123980283737183,0.5905787944793701,0.7097988128662109,0.11183616518974304,16.73797631263733,4.218363523483276,4.348939418792725,8.480971813201904,0.23178362846374512,0.14681768417358398,3.5777552127838135
5,29,22.40790557861328,-101.33089447021484,0.966834306716919,0.3148086369037628,0.48923879861831665,0.18638789653778076,18.150211811065674,4.30174446105957,4.257580757141113,9.796463966369629,0.23478055000305176,0.14932823181152344,3.583710193634033
5,30,22.06988525390625,-99.5979835510254,0.7415941953659058,0.6589794754981995,0.6524783372879028,9.999999747378752e-05,17.83778166770935,4.281291484832764,4.231990814208984,9.407485723495483,0.24034476280212402,0.1501636505126953,3.673463821411133
7,1,5.967346668243408,-0.0004000663757324219,9.999999747378752e-05,0.9998999834060669,9.999999747378752e-05,9.999999747378752e-05,4.643210411071777,1.4797184467315674,1.3240976333618164,1.5614469051361084,0.11155247688293457,0.08078122138977051,1.3651981353759766
7,2,5.960414886474609,-0.0004000663757324219,9.999999747378752e-05,0.9998999834060669,9.999999747378752e-05,9.999999747378752e-05,4.617360353469849,1.4812650680541992,1.3430192470550537,1.521535873413086,0.1123044490814209,0.08153414726257324,1.3767013549804688
7,3,5.969584941864014,-0.0004000663757324219,9.999999747378752e-05,0.9998999834060669,9.999999747378752e-05,9.999999747378752e-05,4.644200801849365,1.489011287689209,1.3253452777862549,1.5464177131652832,0.11228561401367188,0.08121323585510254,1.3711252212524414
7,4,5.959271430969238,-0.0004000663757324219,9.999999747378752e-05,0.9998999834060669,9.999999747378752e-05,9.999999747378752e-05,4.599961757659912,1.4833738803863525,1.3592710494995117,1.5115222930908203,0.11144185066223145,0.08095145225524902,1.3687891960144043
7,5,5.951955080032349,-0.0004000663757324219,9.999999747378752e-05,0.9998999834060669,9.999999747378752e-05,9.999999747378752e-05,4.607089996337891,1.4863183498382568,1.3448293209075928,1.5141820907592773,0.11223220825195312,0.08195734024047852,1.368718147277832
7,6,4.826427936553955,0.0,0.8999999761581421,0.699999988079071,0.5,0.20000000298023224,3.4877891540527344,1.2705934047698975,1.33860445022583,0.6003835201263428,0.11379504203796387,0.08166623115539551,1.37736177444458
7,7,6.041589736938477,-0.0004000663757324219,9.999999747378752e-05,0.9998999834060669,9.999999747378752e-05,9.999999747378752e-05,4.624823570251465,1.4837009906768799,1.41672682762146,1.5336687564849854,0.11225390434265137,0.0816044807434082,1.368945598602295
7,8,5.997720241546631,-0.0004000663757324219,9.999999747378752e-05,0.9998999834060669,9.999999747378752e-05,9.999999747378752e-05,4.596097230911255,1.4769566059112549,1.4015882015228271,1.5177490711212158,0.11106467247009277,0.07991862297058105,1.366849422454834
7,9,6.011996507644653,-0.0004000663757324219,9.999999747378752e-05,0.9998999834060669,9.999999747378752e-05,9.999999747378752e-05,4.606401205062866,1.4820513725280762,1.4055626392364502,1.5167291164398193,0.11173772811889648,0.0804440975189209,1.3709867000579834
7,10,6.024588584899902,-0.0004000663757324219,9.999999747378752e-05,0.9998999834060669,9.999999747378752e-05,9.999999747378752e-05,4.658124208450317,1.5258731842041016,1.366426706314087,1.5224406719207764,0.11428952217102051,0.0825955867767334,1.3680329322814941
7,11,6.158877611160278,-0.0004000663757324219,9.999999747378752e-05,0.9998999834060669,9.999999747378752e-05,9.999999747378752e-05,4.658467054367065,1.4831790924072266,1.5003783702850342,1.5637059211730957,0.11188316345214844,0.08199071884155273,1.3729851245880127
7,12,5.9753735065460205,-0.0004000663757324219,9.999999747378752e-05,9.999999747378752e-05,0.9998999834060669,9.999999747378752e-05,4.623303174972534,1.506422996520996,1.352034091949463,1.5094194412231445,0.11204171180725098,0.0816488265991211,1.3690838813781738
7,13,4.773661136627197,0.0,0.8999999761581421,0.699999988079071,0.5,0.20000000298023224,3.475628137588501,1.2755980491638184,1.297999620437622,0.5974421501159668,0.1110067367553711,0.08062624931335449,1.3680717945098877
7,14,5.961574077606201,-0.0004000663757324219,9.999999747378752e-05,0.9998999834060669,9.999999747378752e-05,9.999999747378752e-05,4.626770734786987,1.471822738647461,1.334770917892456,1.5417470932006836,0.11202096939086914,0.08081507682800293,1.3763015270233154
7,15,6.065310716629028,-0.0004000663757324219,9.999999747378752e-05,0.9998999834060669,9.999999747378752e-05,9.999999747378752e-05,4.603180408477783,1.479659080505371,1.46209716796875,1.5116498470306396,0.11261653900146484,0.0822911262512207,1.3725831508636475
7,16,13.860743284225464,-0.0004000663757324219,9.999999747378752e-05,0.9998999834060669,9.999999747378752e-05,9.999999747378752e-05,9.450553178787231,3.081695556640625,4.4100871086120605,2.331545829772949,0.2354273796081543,0.14114117622375488,3.5801479816436768
7,17,13.925366163253784,-0.0004000663757324219,9.999999747378752e-05,0.9998999834060669,9.999999747378752e-05,9.999999747378752e-05,9.44127368927002,3.068831443786621,4.4839630126953125,2.353384494781494,0.2303760051727295,0.14156746864318848,3.5666232109069824
7,18,13.95268177986145,-0.0004000663757324219,9.999999747378752e-05,0.9998999834060669,9.999999747378752e-05,9.999999747378752e-05,9.585344552993774,3.0993404388427734,4.36724066734314,2.349302053451538,0.23295116424560547,0.2225644588470459,3.6002650260925293
7,19,14.034467697143555,-0.0004000663757324219,9.999999747378752e-05,0.9998999834060669,9.999999747378752e-05,9.999999747378752e-05,9.520817518234253,3.0946052074432373,4.513533353805542,2.3515779972076416,0.23502087593078613,0.14295625686645508,3.6147968769073486
7,20,14.101812839508057,-0.02462613582611084,9.999999747378752e-05,0.016862301155924797,0.9998999834060669,9.999999747378752e-05,9.541894912719727,3.2152857780456543,4.559808731079102,2.302523136138916,0.23148298263549805,0.143204927444458,3.5663259029388428
7,21,13.943796634674072,-0.0004000663757324219,9.999999747378752e-05,9.999999747378752e-05,0.9998999834060669,9.999999747378752e-05,9.587098360061646,3.0959811210632324,4.356580972671509,2.335580587387085,0.23331761360168457,0.14147019386291504,3.6985111236572266
7,22,13.888787031173706,-0.0004000663757324219,9.999999747378752e-05,0.9998999834060669,9.999999747378752e-05,9.999999747378752e-05,9.505417346954346,3.1035678386688232,4.3832480907440186,2.3127410411834717,0.2348766326904297,0.14294958114624023,3.630366325378418
7,23,14.62883472442627,-0.0004000663757324219,9.999999747378752e-05,0.9998999834060669,9.999999747378752e-05,9.999999747378752e-05,9.545479536056519,3.132737636566162,5.083255052566528,2.349797248840332,0.2331550121307373,0.14400672912597656,3.6030707359313965
7,24,13.80851674079895,-0.0004000663757324219,9.999999747378752e-05,0.9998999834060669,9.999999747378752e-05,9.999999747378752e-05,9.430482149124146,3.099447011947632,4.377932786941528,2.308507204055786,0.23058509826660156,0.14075541496276855,3.5715320110321045
7,25,13.829506874084473,-0.0004000663757324219,9.999999747378752e-05,0.9998999834060669,9.999999747378752e-05,9.999999747378752e-05,9.453382968902588,3.077054262161255,4.376014947891235,2.350985527038574,0.23054003715515137,0.14018726348876953,3.5736589431762695
7,26,13.87066650390625,-0.0004000663757324219,9.999999747378752e-05,0.9998999834060669,9.999999747378752e-05,9.999999747378752e-05,9.499558925628662,3.1161718368530273,4.371007919311523,2.361196517944336,0.2307722568511963,0.14127230644226074,3.570605754852295
7,27,11.955998420715332,0.0,0.8999999761581421,0.699999988079071,0.5,0.20000000298023224,7.571207761764526,2.630173921585083,4.38469123840332,0.9122819900512695,0.22812199592590332,0.13723158836364746,3.585886001586914
7,28,13.906434535980225,-0.0004000663757324219,9.999999747378752e-05,0.9998999834060669,9.999999747378752e-05,9.999999747378752e-05,9.6167471408844,3.144294023513794,4.289584159851074,2.317643642425537,0.23330163955688477,0.14306998252868652,3.6123576164245605
7,29,13.950598001480103,-0.0004000663757324219,9.999999747378752e-05,0.9998999834060669,9.999999747378752e-05,9.999999747378752e-05,9.465110063552856,3.0842854976654053,4.485357284545898,2.3398451805114746,0.22829890251159668,0.1433248519897461,3.5894501209259033
7,30,11.95461654663086,0.0,0.8999999761581421,0.699999988079071,0.5,0.20000000298023224,7.632736444473267,2.6419806480407715,4.321774482727051,0.9110448360443115,0.23064351081848145,0.13983607292175293,3.6321048736572266
8,1,12.780095338821411,-1664.627783203125,0.729974627494812,0.4843425154685974,0.6702120900154114,0.14862506091594696,11.449662446975708,2.5153796672821045,1.3303911685943604,7.3176634311676025,0.11341452598571777,0.08362960815429688,1.3751299381256104
8,2,13.103191375732422,-1635.6870971679687,0.7184314727783203,0.5279140472412109,0.6489445567131042,0.14203311502933502,11.739396333694458,2.507657051086426,1.3637523651123047,7.611310720443726,0.11342954635620117,0.08404660224914551,1.3779184818267822
8,3,12.819067478179932,-1697.538916015625,0.7818042039871216,0.41527488827705383,0.6200553774833679,0.20491093397140503,11.248573303222656,2.5091776847839355,1.570451021194458,7.1220691204071045,0.11236977577209473,0.08410048484802246,1.3769965171813965
8,4,12.588162183761597,-1707.9780029296876,0.7587988972663879,0.4805317521095276,0.6260538101196289,0.19330179691314697,11.24243974685669,2.5001978874206543,1.345672607421875,7.125906229019165,0.11241459846496582,0.08401679992675781,1.3756365776062012
8,5,12.262641191482544,-1681.665087890625,0.6912113428115845,0.53074711561203,0.6658921241760254,0.15692995488643646,10.929263591766357,2.530367136001587,1.3333344459533691,6.775489330291748,0.11384749412536621,0.08408284187316895,1.3793632984161377
8,6,13.169734716415405,-1698.9158203125,0.8234345316886902,0.4911068379878998,0.5890616178512573,0.19297508895397186,11.81668472290039,2.5181009769439697,1.3530128002166748,7.677430152893066,0.11207699775695801,0.08463716506958008,1.3796062469482422
8,7,13.057772159576416,-1623.5787963867188,0.7649623155593872,0.5014216899871826,0.6332333087921143,0.13691912591457367,11.726102828979492,2.498025894165039,1.331627368927002,7.615834712982178,0.11196517944335938,0.08328413963317871,1.3731460571289062
8,8,12.561697006225586,-1646.4396728515626,0.7091909646987915,0.5368302464485168,0.6584718227386475,0.1375742256641388,11.253692626953125,2.5137741565704346,1.3079607486724854,7.121909856796265,0.1132659912109375,0.08429694175720215,1.3753478527069092
8,9,12.992732286453247,-1711.2370849609374,0.7696012258529663,0.4576084613800049,0.5910772681236267,0.20353272557258606,11.648764610290527,2.665031909942627,1.3439066410064697,7.313329458236694,0.13826751708984375,0.08719873428344727,1.3785405158996582
8,10,13.226439476013184,-1668.2892211914063,0.8513925671577454,0.46339574456214905,0.6067749261856079,0.17979015409946442,11.882055521011353,2.513906717300415,1.3443479537963867,7.749525308609009,0.11293554306030273,0.08500838279724121,1.3763542175292969
8,11,12.522055625915527,-1713.9180297851562,0.7719900012016296,0.47800570726394653,0.5925185680389404,0.19627244770526886,11.155670881271362,2.5288023948669434,1.3663437366485596,7.009929895401001,0.1134648323059082,0.0844573974609375,1.3748407363891602
8,12,13.701155662536621,-1712.952880859375,0.8103489279747009,0.4803856611251831,0.6048957705497742,0.21136240661144257,12.385410785675049,2.5131373405456543,1.315701961517334,7.1655237674713135,0.11271166801452637,0.08483624458312988,2.464891195297241
8,13,12.28353214263916,-1602.4771728515625,0.6482982635498047,0.5597540140151978,0.7376216053962708,0.11503107100725174,10.970346927642822,2.504788875579834,1.3131446838378906,6.848318576812744,0.11338615417480469,0.08406305313110352,1.3744144439697266
8,14,12.560222148895264,-1700.4185791015625,0.7430098056793213,0.5017156004905701,0.6244751811027527,0.18410074710845947,11.220744848251343,2.521451234817505,1.3394336700439453,7.077473878860474,0.11362409591674805,0.0840916633605957,1.3796029090881348
8,15,12.937955141067505,-1709.0170288085938,0.799576461315155,0.42620614171028137,0.5915144681930542,0.21874666213989258,11.534034967422485,2.545044422149658,1.4038774967193604,7.372779846191406,0.1133577823638916,0.08494424819946289,1.3734853267669678
8,16,25.830647468566895,-1700.7958129882813,0.7759826183319092,0.4584161639213562,0.6241442561149597,0.1836601346731186,21.412909269332886,5.166811943054199,4.417626857757568,12.186164140701294,0.2407989501953125,0.15290427207946777,3.5805063247680664
8,17,26.243852853775024,-1607.1452392578126,0.732471764087677,0.546584963798523,0.6547878384590149,0.11898728460073471,21.516734838485718,5.179652452468872,4.726944923400879,12.011782884597778,0.24786615371704102,0.3289978504180908,3.660820484161377
8,18,25.331176042556763,-1711.9458374023438,0.7737501263618469,0.4379378855228424,0.6106314063072205,0.205838143825531,21.011252403259277,5.179954528808594,4.319822788238525,11.783315896987915,0.23634743690490723,0.15172982215881348,3.5756959915161133
8,19,25.10480761528015,-1738.0242797851563,0.7396770119667053,0.5330267548561096,0.5845271944999695,0.19348017871379852,20.638548374176025,5.1602253913879395,4.466143846511841,11.415828943252563,0.23636817932128906,0.14882850646972656,3.5950565338134766
8,20,25.725109338760376,-1702.420849609375,0.7545436024665833,0.4419296979904175,0.6475037336349487,0.19628381729125977,21.369317293167114,5.232352256774902,4.355672121047974,11.934322357177734,0.24460649490356445,0.15330123901367188,3.7178702354431152
8,21,30.496347188949585,-1724.037841796875,0.7715317010879517,0.4792982041835785,0.5850865244865417,0.20834431052207947,26.214228630065918,5.091062545776367,4.282007455825806,17.077698707580566,0.23154377937316895,0.1484236717224121,3.5829017162323
8,22,25.788259506225586,-1719.3239624023438,0.7930926084518433,0.4584974944591522,0.6047243475914001,0.217627614736557,21.416592121124268,5.189732313156128,4.371564626693726,11.961902856826782,0.39287376403808594,0.15469884872436523,3.6311213970184326
8,23,25.73509430885315,-1596.5626708984375,0.7335583567619324,0.5053097605705261,0.6913774013519287,0.12693725526332855,21.0969717502594,5.1570258140563965,4.637998342514038,11.90123462677002,0.23318886756896973,0.14913392066955566,3.574352502822876
8,24,25.199058771133423,-1676.3804809570313,0.7530211210250854,0.5063297748565674,0.6261503100395203,0.15864823758602142,20.83231520652771,5.132574558258057,4.366621971130371,11.657849073410034,0.23502135276794434,0.1492769718170166,3.574957847595215
8,25,26.686243772506714,-1650.8747314453126,0.7467818260192871,0.5269797444343567,0.6312564611434937,0.14114725589752197,21.5198073387146,5.243509531021118,5.166291236877441,12.120375871658325,0.2412586212158203,0.15334415435791016,3.6743879318237305
8,26,26.014437437057495,-1591.6556640625,0.7285654544830322,0.5543753504753113,0.6482776403427124,0.10600055009126663,21.60107970237732,5.1959521770477295,4.413241386413574,12.281085014343262,0.23804187774658203,0.15010714530944824,3.649353504180908
8,27,25.61965537071228,-1661.739990234375,0.7823562026023865,0.46525928378105164,0.6252018809318542,0.1745496541261673,21.25517773628235,5.247471570968628,4.364366054534912,11.954436302185059,0.23455238342285156,0.14884519577026367,3.5877318382263184
8,28,25.725547075271606,-1657.3112060546875,0.7614402174949646,0.48490235209465027,0.6460405588150024,0.15533024072647095,21.306811094284058,5.20160984992981,4.418627977371216,12.034096479415894,0.23634910583496094,0.15238428115844727,3.5959668159484863
8,29,26.236037731170654,-1683.0349731445312,0.7822110056877136,0.45474308729171753,0.627669095993042,0.18190835416316986,21.557730674743652,5.157327175140381,4.678189516067505,12.282254219055176,0.240462064743042,0.1947002410888672,3.599425792694092
8,30,25.37017512321472,-1724.5460815429688,0.8099579215049744,0.4285809099674225,0.6301603317260742,0.23403534293174744,20.853001832962036,5.183891773223877,4.517062664031982,11.55664610862732,0.23995399475097656,0.15117502212524414,3.63727068901062
9,1,14.561311483383179,-3815.0097412109376,0.8318594694137573,0.4758828282356262,0.6244775652885437,0.19977079331874847,13.208250761032104,2.6582446098327637,1.3530433177947998,8.932793617248535,0.11292505264282227,0.0853581428527832,1.374380350112915
9,2,13.644404888153076,-3832.932763671875,0.7397981882095337,0.5152043104171753,0.6313076615333557,0.16238559782505035,12.262571573257446,2.683028221130371,1.3818144798278809,7.9603166580200195,0.11318635940551758,0.08498597145080566,1.3760826587677002
9,3,13.608170509338379,-3836.075537109375,0.7438169717788696,0.5264535546302795,0.6198157668113708,0.15899692475795746,12.241528272628784,2.6608169078826904,1.3666234016418457,7.9587202072143555,0.11290693283081055,0.08574891090393066,1.3781993389129639
9,4,13.898004531860352,-3716.826171875,0.7293820977210999,0.5228476524353027,0.6715829968452454,0.1318335086107254,12.5808846950531,2.701838254928589,1.3171024322509766,8.255791187286377,0.1143956184387207,0.08608555793762207,1.3770785331726074
9,5,13.565638303756714,-3810.4731201171876,0.7026886940002441,0.5108091831207275,0.6775839924812317,0.1516527533531189,12.198207139968872,2.645315647125244,1.3674132823944092,7.934236526489258,0.11240863800048828,0.08447146415710449,1.376406192779541
9,6,14.034295797348022,-3680.5970947265623,0.7198423743247986,0.5178455114364624,0.6889476776123047,0.12297146767377853,12.64708924293518,2.643467426300049,1.3871915340423584,8.384020566940308,0.1122426986694336,0.08495879173278809,1.377408504486084
9,7,13.97657561302185,-3714.528515625,0.7194130420684814,0.5314562916755676,0.6749709844589233,0.12885671854019165,12.627418994903564,2.66576886177063,1.3491384983062744,8.338950872421265,0.11342287063598633,0.08452439308166504,1.3796045780181885
9,8,13.813664674758911,-3765.58369140625,0.737191379070282,0.5155079960823059,0.6447500586509705,0.14494307339191437,12.489052772521973,2.651531934738159,1.324594259262085,8.217282772064209,0.11304283142089844,0.08528900146484375,1.376988410949707
9,9,14.298802375793457,-3759.3870361328127,0.7786046266555786,0.48481330275535583,0.6318795084953308,0.1548498123884201,12.989729166030884,2.658702850341797,1.3090553283691406,8.71386456489563,0.1124720573425293,0.0845954418182373,1.3759245872497559
9,10,14.032299518585205,-3839.8420654296874,0.7561827898025513,0.48548752069473267,0.6405242085456848,0.17492148280143738,12.668533563613892,2.675161361694336,1.3637478351593018,8.372448205947876,0.11431336402893066,0.08562827110290527,1.3758106231689453
9,11,13.822367668151855,-3898.5580078125,0.7558175325393677,0.48434048891067505,0.6293615102767944,0.1876337230205536,12.3640456199646,2.686368465423584,1.4583029747009277,8.041070699691772,0.11282992362976074,0.08558034896850586,1.3934235572814941
9,12,13.66412901878357,-3922.267041015625,0.7657181024551392,0.4751485586166382,0.6143053770065308,0.1996515691280365,12.319443225860596,2.645813465118408,1.344667673110962,8.052868366241455,0.11243200302124023,0.08460021018981934,1.379401445388794
9,13,13.812969207763672,-3835.4261474609375,0.7372638583183289,0.4929850399494171,0.6552926301956177,0.165787935256958,12.490500688552856,2.64847731590271,1.3224499225616455,8.219748735427856,0.11396622657775879,0.08499264717102051,1.3791425228118896
9,14,13.876943349838257,-3812.7913330078127,0.7597792148590088,0.49763286113739014,0.6317030787467957,0.16228263080120087,12.55940580368042,2.65720796585083,1.3175184726715088,8.281983613967896,0.11301946640014648,0.08541655540466309,1.3767821788787842
9,15,13.646122217178345,-3699.894775390625,0.7073972225189209,0.5168812274932861,0.69157874584198,0.13305246829986572,12.32028341293335,2.6608333587646484,1.3258213996887207,8.038714170455933,0.11332368850708008,0.08529376983642578,1.3766283988952637
9,16,26.779393911361694,-3813.5079833984373,0.6994459629058838,0.5263369083404541,0.6735662817955017,0.15215341746807098,22.40409016609192,5.393015384674072,4.375235557556152,12.956977605819702,0.2350025177001953,0.1500227451324463,3.584261655807495
9,17,27.610762357711792,-3773.8660888671875,0.7214289903640747,0.5168634057044983,0.6660299897193909,0.14218074083328247,22.97448205947876,5.483635187149048,4.6361894607543945,13.348366498947144,0.24072957038879395,0.15405678749084473,3.66109299659729
9,18,27.92527723312378,-3815.9941162109376,0.7518616914749146,0.4942598044872284,0.6432828307151794,0.16568784415721893,23.474241971969604,5.457507848739624,4.4509193897247314,13.851657152175903,0.2432234287261963,0.1568922996520996,3.6768951416015625
9,19,27.99904441833496,-3836.0977294921877,0.7904007434844971,0.48154667019844055,0.5945944786071777,0.17228324711322784,23.42818784713745,5.4003074169158936,4.5707807540893555,13.983946561813354,0.2335355281829834,0.14875411987304688,3.5811028480529785
9,20,28.783575534820557,-3629.7388671875,0.7044015526771545,0.552761971950531,0.6819800138473511,0.10885725170373917,23.326122522354126,5.487199068069458,5.457364797592163,13.624204158782959,0.2400646209716797,0.1513228416442871,3.7376160621643066
9,21,27.37143039703369,-3789.0516845703123,0.7057992219924927,0.5370790958404541,0.6612781882286072,0.14425848424434662,23.073472261428833,5.411216974258423,4.297880411148071,13.5986967086792,0.23702669143676758,0.14832830429077148,3.5952446460723877
9,22,27.512385368347168,-3924.083740234375,0.7736915946006775,0.4638666808605194,0.6081305146217346,0.2100396305322647,23.085681200027466,5.556647300720215,4.426644563674927,13.452744960784912,0.23738861083984375,0.15346074104309082,3.6014723777770996
9,23,27.333389043807983,-3785.81650390625,0.7213816046714783,0.514392077922821,0.664807140827179,0.14673613011837006,22.819899797439575,5.440606355667114,4.5134241580963135,13.31724500656128,0.23776507377624512,0.15134096145629883,3.5882227420806885
9,24,27.33789825439453,-3874.75908203125,0.7534642219543457,0.4881167411804199,0.6308740377426147,0.1774543821811676,22.932828664779663,5.388949632644653,4.405007600784302,13.516562223434448,0.23172521591186523,0.14901018142700195,3.564939260482788
9,25,28.72001314163208,-3867.6790771484375,0.8134869933128357,0.4858933389186859,0.6066516041755676,0.20215657353401184,23.51877784729004,5.428990125656128,5.20116114616394,14.053690195083618,0.23638916015625,0.1524655818939209,3.5621635913848877
9,26,27.11603021621704,-3799.432763671875,0.7157638072967529,0.5125446915626526,0.6679081320762634,0.1523534208536148,22.704477548599243,5.499414443969727,4.411479473114014,13.06380820274353,0.24279046058654785,0.1565074920654297,3.6552815437316895
9,27,28.337552785873413,-3743.51552734375,0.7645924687385559,0.5136187076568604,0.6371942758560181,0.15400603413581848,23.6898672580719,5.480393648147583,4.647614002227783,14.164453268051147,0.23775434494018555,0.15188860893249512,3.5707504749298096
9,28,27.202380895614624,-3840.9036865234375,0.7185388803482056,0.5086278319358826,0.6515193581581116,0.1659611165523529,22.834803104400635,5.489873647689819,4.367504119873047,13.166171073913574,0.24373602867126465,0.15523600578308105,3.6929140090942383
9,29,26.713916778564453,-3870.169775390625,0.7081503868103027,0.5057982206344604,0.6658492684364319,0.16936317086219788,22.495036602020264,5.4777727127075195,4.218815565109253,12.887141942977905,0.24177098274230957,0.1542050838470459,3.6479904651641846
9,30,26.822555541992188,-3818.3795654296873,0.7082496285438538,0.5255365967750549,0.6561806201934814,0.15415756404399872,22.31497359275818,5.406949520111084,4.507494926452637,12.850727081298828,0.23764896392822266,0.15362119674682617,3.5803773403167725
10,1,14.04162859916687,-5678.133154296875,0.721510648727417,0.5120888948440552,0.6678860187530518,0.07180842012166977,12.698766469955444,2.7755351066589355,1.3428163528442383,8.302831888198853,0.11243128776550293,0.08649277687072754,1.3755803108215332
10,2,14.184442043304443,-5751.6314453125,0.7364988327026367,0.48791658878326416,0.6718206405639648,0.08138557523488998,12.815633535385132,2.7794814109802246,1.3687610626220703,8.411170244216919,0.11245107650756836,0.08554530143737793,1.381437063217163
10,3,14.014407873153687,-5686.942529296875,0.7369484305381775,0.4966929256916046,0.669643759727478,0.07395018637180328,12.615976333618164,2.8100693225860596,1.3983829021453857,8.175140619277954,0.11381888389587402,0.08659553527832031,1.3845696449279785
10,4,13.798163175582886,-5775.10263671875,0.7301268577575684,0.5065231919288635,0.6596639752388,0.08024106919765472,12.440301656723022,2.7858245372772217,1.3578150272369385,8.033485889434814,0.11270713806152344,0.08537840843200684,1.3775007724761963
10,5,13.692904233932495,-5885.59423828125,0.7434182167053223,0.4846947491168976,0.6579110622406006,0.10407412797212601,12.351065874099731,2.787666082382202,1.3417925834655762,7.940183877944946,0.11253833770751953,0.08584952354431152,1.3799238204956055
10,6,14.129137516021729,-5541.355029296875,0.7163743376731873,0.5327328443527222,0.6754555702209473,0.054250702261924744,12.805355787277222,2.7853124141693115,1.3237411975860596,8.401278495788574,0.11249446868896484,0.08548760414123535,1.3755369186401367
10,7,14.132567644119263,-5735.030029296875,0.7330257296562195,0.4976840913295746,0.6649594306945801,0.07635122537612915,12.736467123031616,2.8523921966552734,1.3960597515106201,8.257121086120605,0.11489295959472656,0.08666110038757324,1.3797202110290527
10,8,14.337241649627686,-5654.89921875,0.7530213594436646,0.4933394193649292,0.6624967455863953,0.06717243045568466,12.993643045425415,2.8544673919677734,1.343553066253662,8.517659425735474,0.11395907402038574,0.08639097213745117,1.3757023811340332
10,9,13.776926040649414,-5735.884326171875,0.7333781719207764,0.5079708099365234,0.6653217077255249,0.08253862708806992,12.445411920547485,2.798445701599121,1.3314669132232666,8.022362470626831,0.11248946189880371,0.08643865585327148,1.3801195621490479
10,10,14.262149810791016,-5695.958203125,0.7357608675956726,0.49218928813934326,0.6754880547523499,0.08078262209892273,12.940506935119629,2.8047101497650146,1.3216028213500977,8.512650489807129,0.11313915252685547,0.08639955520629883,1.3778479099273682
10,11,13.889288425445557,-5638.11298828125,0.721219003200531,0.5176689028739929,0.6731009483337402,0.06517024338245392,12.543967962265015,2.7959508895874023,1.3452749252319336,8.126268148422241,0.11270308494567871,0.08638978004455566,1.3766226768493652
10,12,13.974639892578125,-5568.936181640625,0.7121965885162354,0.5198612809181213,0.692697286605835,0.060583725571632385,12.646597862243652,2.795503616333008,1.327995777130127,8.225403308868408,0.11387324333190918,0.08645343780517578,1.3793432712554932
10,13,14.503978252410889,-5924.3978515625,0.7700846791267395,0.4706554412841797,0.632638156414032,0.10545828193426132,13.033703804016113,2.807483673095703,1.470229148864746,8.602529764175415,0.11326384544372559,0.08721232414245605,1.3775250911712646
10,14,14.707117080688477,-5536.5466796875,0.7384095788002014,0.5164734125137329,0.666731595993042,0.05868574604392052,13.384786605834961,2.8266608715057373,1.3222908973693848,8.9342200756073,0.1127479076385498,0.08604574203491211,1.379425287246704
10,15,14.236563682556152,-5642.633740234375,0.7337256073951721,0.5129171013832092,0.6701641082763672,0.06491237878799438,12.816176891326904,2.806792974472046,1.4203438758850098,8.384326696395874,0.1131134033203125,0.08611845970153809,1.3805160522460938
10,16,28.63971447944641,-5913.0419921875,0.7575879693031311,0.4822928011417389,0.6481690406799316,0.10327918827533722,23.82702875137329,5.823879718780518,4.812555551528931,13.937062740325928,0.2383430004119873,0.1543560028076172,3.587697982788086
10,17,28.886870622634888,-5591.382080078125,0.7325482964515686,0.512203574180603,0.671303391456604,0.06060412526130676,24.514655828475952,5.675563335418701,4.372092247009277,14.283099174499512,0.2335524559020996,0.633277416229248,3.6052794456481934
10,18,29.059495449066162,-5556.65791015625,0.7431091666221619,0.508004367351532,0.665841817855835,0.05889437347650528,24.665436267852783,5.7367942333221436,4.393911600112915,14.863592147827148,0.2371385097503662,0.15155911445617676,3.589773654937744
10,19,28.64368748664856,-5738.816259765625,0.7517959475517273,0.49786385893821716,0.6545819640159607,0.07963987439870834,24.475038528442383,5.73609733581543,4.168534517288208,14.661586999893188,0.23453354835510254,0.15376996994018555,3.605149745941162
10,20,28.381693840026855,-5823.5603515625,0.747934103012085,0.48420509696006775,0.6539215445518494,0.08561552315950394,24.054938316345215,5.92664361000061,4.3266282081604,14.062225103378296,0.23997855186462402,0.15623140335083008,3.583996534347534
10,21,28.29399561882019,-5672.1236328125,0.7369259595870972,0.5071445107460022,0.6684766411781311,0.07403653860092163,24.052784204483032,5.692207336425781,4.241084337234497,14.18738842010498,0.23983430862426758,0.15432524681091309,3.6930277347564697
10,22,28.17172598838806,-5629.780908203125,0.7310727834701538,0.5021398067474365,0.6740157604217529,0.06300988048315048,23.96071219444275,5.721405267715454,4.210893154144287,14.189174890518188,0.23475193977355957,0.15299439430236816,3.577507972717285
10,23,28.545886993408203,-5760.054150390625,0.7333030104637146,0.5025659799575806,0.6571943759918213,0.07725616544485092,24.10744023323059,5.844285726547241,4.438310146331787,14.115491151809692,0.24836373329162598,0.15961098670959473,3.649003744125366
10,24,28.41125512123108,-5564.181640625,0.7127879858016968,0.5202228426933289,0.6846246719360352,0.05600224807858467,23.859193086624146,5.777293920516968,4.551925182342529,13.964385509490967,0.2461237907409668,0.16657519340515137,3.6145379543304443
10,25,27.603495597839355,-5968.6623046875,0.74375981092453,0.4811171293258667,0.6423366665840149,0.10711275041103363,23.213284730911255,5.781366348266602,4.390077114105225,13.33408260345459,0.2447059154510498,0.1539146900177002,3.6122183799743652
10,26,28.393188953399658,-5697.9091796875,0.7308250069618225,0.4986194372177124,0.6693495512008667,0.0729680061340332,23.907068967819214,5.761390686035156,4.485995531082153,14.056977033615112,0.23700857162475586,0.15439081192016602,3.610015392303467
10,27,29.020531177520752,-5825.447265625,0.7421615123748779,0.4956202805042267,0.6517829298973083,0.08597203344106674,24.356389045715332,5.757747173309326,4.663944482803345,14.455862998962402,0.23920106887817383,0.15300869941711426,3.6646108627319336
10,28,28.36341404914856,-5881.545654296875,0.7553920149803162,0.47883322834968567,0.6531826257705688,0.09533940255641937,23.921775579452515,5.6755876541137695,4.441477060317993,14.115711688995361,0.2347579002380371,0.14923596382141113,3.662126064300537
10,29,28.669870853424072,-5829.332958984375,0.7702174782752991,0.4751035273075104,0.6446733474731445,0.09469299018383026,24.19922924041748,5.75051736831665,4.470510721206665,14.373825311660767,0.23640871047973633,0.1521599292755127,3.600825309753418
10,30,29.240296125411987,-5455.60419921875,0.7175028324127197,0.5078246593475342,0.6993400454521179,0.04920472204685211,24.110171794891357,5.700196266174316,5.129961729049683,14.273726224899292,0.2388324737548828,0.1520705223083496,3.6577227115631104
11,1,15.927203893661499,-15512.2525390625,0.756565272808075,0.49590399861335754,0.6439175009727478,0.1285693198442459,14.594769716262817,3.0237948894500732,1.3323822021484375,9.946549415588379,0.1125030517578125,0.08821988105773926,1.3783965110778809
11,2,15.749836921691895,-15778.4814453125,0.7526271939277649,0.4761030375957489,0.6391675472259521,0.14242935180664062,14.409708976745605,2.952234983444214,1.3400795459747314,9.828636169433594,0.11328887939453125,0.08804726600646973,1.3826067447662354
11,3,15.699397802352905,-15470.73974609375,0.7293931245803833,0.5129000544548035,0.6543446183204651,0.11678367108106613,14.327990293502808,2.9206595420837402,1.3713557720184326,9.77937364578247,0.11248159408569336,0.08748459815979004,1.382662057876587
11,4,15.347492218017578,-15572.11328125,0.7293375730514526,0.5034695267677307,0.6551099419593811,0.12374358624219894,14.01304006576538,2.9355549812316895,1.3343989849090576,9.447937726974487,0.11405730247497559,0.08849167823791504,1.381004810333252
11,5,15.427147388458252,-15682.17275390625,0.7389491200447083,0.5101143717765808,0.6443036794662476,0.13085445761680603,14.091053009033203,2.9536852836608887,1.3360443115234375,9.512980222702026,0.11242127418518066,0.08799529075622559,1.378896951675415
11,6,15.854788780212402,-15588.4130859375,0.7492780685424805,0.49181413650512695,0.6436114311218262,0.1271992325782776,14.519348859786987,2.9510810375213623,1.335390329360962,9.945241212844849,0.11218905448913574,0.08783864974975586,1.3778533935546875
11,7,15.844887495040894,-15315.31103515625,0.7237007021903992,0.5095484256744385,0.6713693141937256,0.11012963205575943,14.405361652374268,2.9155240058898926,1.439476728439331,9.861805200576782,0.11237668991088867,0.08755207061767578,1.382680892944336
11,8,15.749974966049194,-15758.93408203125,0.7576387524604797,0.4792158305644989,0.6360859274864197,0.13994845747947693,14.410497188568115,2.9234824180603027,1.3394312858581543,9.8606538772583,0.11221981048583984,0.08861827850341797,1.3803799152374268
11,9,16.340550422668457,-15720.326953125,0.7667984366416931,0.4853062331676483,0.6306818127632141,0.14164213836193085,14.960180282592773,2.961531639099121,1.3803269863128662,10.373242378234863,0.11307740211486816,0.08801054954528809,1.3784620761871338
11,10,16.00939655303955,-15439.0146484375,0.735073447227478,0.5068872570991516,0.6554247140884399,0.11704424768686295,14.65218734741211,2.961059331893921,1.357154369354248,10.064693927764893,0.11409974098205566,0.0886993408203125,1.3777413368225098
11,11,15.843446493148804,-15742.6048828125,0.7422720789909363,0.49725431203842163,0.64308100938797,0.13987582921981812,14.46920657157898,2.942258596420288,1.3741967678070068,9.899733304977417,0.11301398277282715,0.08801412582397461,1.3809864521026611
11,12,16.05291771888733,-15537.8951171875,0.7458610534667969,0.49646374583244324,0.646742045879364,0.12305645644664764,14.582901000976562,2.944148540496826,1.4699740409851074,10.015795469284058,0.1125478744506836,0.08871293067932129,1.3760535717010498
11,13,15.65188479423523,-15785.1267578125,0.7493196129798889,0.4841354191303253,0.6442326903343201,0.1417534202337265,14.275229930877686,2.9241626262664795,1.3766052722930908,9.72882604598999,0.11286044120788574,0.08776164054870605,1.376826286315918
11,14,15.798297643661499,-15394.425,0.7278123497962952,0.5066723227500916,0.6621440052986145,0.11349017918109894,14.390018939971924,2.9635231494903564,1.408228874206543,9.800015687942505,0.11309051513671875,0.08765721321105957,1.3801076412200928
11,15,16.101863622665405,-15597.23759765625,0.7535383105278015,0.4880829155445099,0.6448785066604614,0.13090747594833374,14.755767345428467,2.962587594985962,1.3460502624511719,10.170727491378784,0.11283349990844727,0.08777904510498047,1.3761882781982422
11,16,31.983328819274902,-15642.3595703125,0.745742917060852,0.494387149810791,0.6381667256355286,0.12908905744552612,27.368577480316162,6.057229518890381,4.614610195159912,17.188527822494507,0.25003814697265625,0.16315579414367676,3.6169416904449463
11,17,32.312026262283325,-15656.72265625,0.7575737833976746,0.48464661836624146,0.6342319250106812,0.13408011198043823,27.647572994232178,5.985702037811279,4.664250135421753,17.47334623336792,0.2506377696990967,0.1584641933441162,3.691272020339966
11,18,31.769811153411865,-15711.54365234375,0.7505420446395874,0.4903373420238495,0.6437369585037231,0.14015664160251617,27.259479761123657,6.015326261520386,4.510123014450073,17.132418870925903,0.2373366355895996,0.15885639190673828,3.6282763481140137
11,19,31.93792986869812,-15506.69970703125,0.7381002902984619,0.4946081042289734,0.6574046611785889,0.1236991211771965,27.315167903900146,6.004267930984497,4.622600317001343,17.148714303970337,0.24573516845703125,0.1583385467529297,3.6693384647369385
11,20,33.72662019729614,-15843.7796875,0.7676107883453369,0.4781988859176636,0.6227607131004333,0.1474582850933075,28.030341148376465,5.995402097702026,5.696150779724121,17.7772319316864,0.24186110496520996,0.1621255874633789,3.765648365020752
11,21,31.467238187789917,-15859.883203125,0.7552956938743591,0.48339393734931946,0.6289668679237366,0.14599746465682983,27.036211729049683,5.962308883666992,4.430877447128296,17.013030290603638,0.2327876091003418,0.15169024467468262,3.5937137603759766
11,22,31.831369161605835,-15523.07998046875,0.7485219836235046,0.5108894109725952,0.6465427875518799,0.12592341005802155,27.287132024765015,5.953261613845825,4.544092893600464,17.282029390335083,0.23358607292175293,0.15448999404907227,3.577810287475586
11,23,32.4734570980072,-15904.9232421875,0.7758163213729858,0.46463242173194885,0.6191433668136597,0.15560241043567657,28.009666681289673,5.958306312561035,4.463634729385376,17.988659858703613,0.23526883125305176,0.15414738655090332,3.5872504711151123
11,24,32.12249994277954,-15568.251953125,0.732650637626648,0.4993216097354889,0.6595274806022644,0.12736289203166962,27.408379316329956,6.012632846832275,4.713982820510864,17.287829399108887,0.23554706573486328,0.15645647048950195,3.630389928817749
11,25,32.534610748291016,-15604.45078125,0.7569692730903625,0.4785211682319641,0.6399007439613342,0.1295408010482788,27.96916151046753,6.033090114593506,4.565319299697876,17.834282875061035,0.2393813133239746,0.15914511680603027,3.6155002117156982
11,26,33.37272882461548,-15145.34443359375,0.7135676741600037,0.5211818218231201,0.6805678009986877,0.102681964635849,27.284565925598145,5.993279218673706,6.087970495223999,17.130182027816772,0.23998165130615234,0.1557621955871582,3.678884744644165
11,27,31.579959392547607,-15874.98359375,0.755522608757019,0.4837707281112671,0.6302968859672546,0.14507731795310974,26.966876983642578,5.990777969360352,4.612868547439575,16.85807228088379,0.23651623725891113,0.15308666229248047,3.6433961391448975
11,28,31.901125192642212,-15703.70390625,0.7504689693450928,0.4891781508922577,0.6413679122924805,0.13370054960250854,27.491450786590576,5.967151403427124,4.40954065322876,17.445590257644653,0.23303914070129395,0.1514148712158203,3.610280752182007
11,29,32.05063843727112,-15603.869140625,0.7601147890090942,0.4928153157234192,0.6317155957221985,0.12866808474063873,27.541287899017334,5.970818042755127,4.509223461151123,17.48120403289795,0.24786114692687988,0.15605831146240234,3.599141836166382
11,30,32.08216118812561,-15546.12578125,0.7479574680328369,0.4939104914665222,0.6463822722434998,0.12597735226154327,27.61652660369873,6.080979585647583,4.465499401092529,17.46147847175598,0.23860764503479004,0.15525150299072266,3.5939888954162598
12,1,16.989164113998413,-43160.850390625,0.7439267635345459,0.4970638155937195,0.6375609040260315,0.17220723628997803,15.617064237594604,3.0975582599639893,1.3720409870147705,10.886899709701538,0.11220312118530273,0.09129190444946289,1.383484125137329
12,2,16.98832607269287,-43281.07109375,0.7585093975067139,0.47967785596847534,0.6312114596366882,0.1800762265920639,15.632762670516968,3.094280481338501,1.3555092811584473,10.908405780792236,0.11284303665161133,0.09204697608947754,1.3799731731414795
12,3,17.263834714889526,-43021.297265625,0.7452750205993652,0.4999050498008728,0.638626754283905,0.16954191029071808,15.805917978286743,3.078761339187622,1.45786452293396,11.096001386642456,0.11287188529968262,0.09162306785583496,1.381500482559204
12,4,17.06729793548584,-43310.287109375,0.7552596926689148,0.48097050189971924,0.632652223110199,0.17943575978279114,15.589247703552246,3.1104941368103027,1.4779973030090332,10.84429931640625,0.11336231231689453,0.09253549575805664,1.3831877708435059
12,5,16.87584686279297,-43495.118359375,0.7668723464012146,0.47065040469169617,0.6232483983039856,0.1886291652917862,15.516746282577515,3.08493971824646,1.3590397834777832,10.796490907669067,0.11347484588623047,0.09167146682739258,1.3855493068695068
12,6,17.203343391418457,-43327.6296875,0.7645052671432495,0.48784127831459045,0.6303626894950867,0.18496614694595337,15.803800582885742,3.084235191345215,1.399489164352417,11.089675903320312,0.1126565933227539,0.09118366241455078,1.3811323642730713
12,7,16.777666807174683,-43461.85625,0.7561330795288086,0.4840233623981476,0.6230318546295166,0.1827126294374466,15.374839782714844,3.101977825164795,1.4027683734893799,10.6408052444458,0.11304378509521484,0.09296488761901855,1.3803257942199707
12,8,17.328012704849243,-43137.5296875,0.7462109327316284,0.49809515476226807,0.6421039700508118,0.17535580694675446,15.778101682662964,3.3107707500457764,1.5498437881469727,10.811560869216919,0.1147148609161377,0.09419059753417969,1.4004323482513428
12,9,16.99190330505371,-43198.127734375,0.7550169825553894,0.48908910155296326,0.6317758560180664,0.17550092935562134,15.640811443328857,3.07133150100708,1.3510313034057617,10.940916061401367,0.11247777938842773,0.09052562713623047,1.3799049854278564
12,10,16.662765502929688,-43846.0703125,0.7662296295166016,0.4699777066707611,0.6176785230636597,0.19750507175922394,15.312638759613037,3.082965135574341,1.3500657081604004,10.605373859405518,0.11211299896240234,0.09079647064208984,1.3763208389282227
12,11,17.021117210388184,-43329.422265625,0.7648531198501587,0.4786335825920105,0.6227853298187256,0.1823897510766983,15.667316913604736,3.102118730545044,1.3537425994873047,10.93333911895752,0.11234879493713379,0.09224176406860352,1.3826065063476562
12,12,17.020396947860718,-43084.323046875,0.7523216009140015,0.4953232407569885,0.6338918805122375,0.17183436453342438,15.632202863693237,3.0916907787323,1.3881316184997559,10.90919542312622,0.11297488212585449,0.09253454208374023,1.380535364151001
12,13,17.038631916046143,-43178.920703125,0.7540925741195679,0.49120208621025085,0.6323955655097961,0.17564734816551208,15.580692529678345,3.0799508094787598,1.4578850269317627,10.868581295013428,0.11239767074584961,0.09150457382202148,1.382655382156372
12,14,16.772639751434326,-43366.64375,0.760197639465332,0.4853948950767517,0.6246946454048157,0.1805490106344223,15.396693706512451,3.093994617462158,1.3758883476257324,10.673670053482056,0.11277198791503906,0.09222626686096191,1.3783974647521973
12,15,17.029893159866333,-43226.72109375,0.751135528087616,0.48276472091674805,0.6349799633026123,0.1749725341796875,15.671430110931396,3.1021859645843506,1.3584043979644775,10.938027381896973,0.11449646949768066,0.09241127967834473,1.3788740634918213
12,16,33.30553388595581,-43458.4125,0.7575144171714783,0.48671960830688477,0.6197190284729004,0.18175968527793884,28.891180992126465,6.440689563751221,4.414172649383545,17.990657567977905,0.2518880367279053,0.16469120979309082,3.8387253284454346
12,17,33.42460751533508,-43145.14140625,0.7614476680755615,0.49096915125846863,0.6307249069213867,0.17606069147586823,28.837342500686646,6.288081645965576,4.587116241455078,18.468651056289673,0.23618388175964355,0.15671968460083008,3.6034903526306152
12,18,32.77146363258362,-43142.2296875,0.7478419542312622,0.4943661093711853,0.6389962434768677,0.17302481830120087,28.4170241355896,6.231179475784302,4.354281425476074,18.110799074172974,0.2338263988494873,0.15599942207336426,3.600029468536377
12,19,32.842719316482544,-43601.578515625,0.7581779956817627,0.48193615674972534,0.6205745935440063,0.18808740377426147,28.27689290046692,6.358781576156616,4.565678596496582,17.838258743286133,0.23732209205627441,0.15845417976379395,3.598783016204834
12,20,32.593836545944214,-43796.308984375,0.7613678574562073,0.48019134998321533,0.618716835975647,0.1957862377166748,28.202572107315063,6.2579944133758545,4.391096830368042,17.879783153533936,0.2328963279724121,0.15380644798278809,3.5949649810791016
12,21,32.84544014930725,-43612.09140625,0.7688682675361633,0.4816223382949829,0.6155156493186951,0.19041025638580322,28.439138650894165,6.288019418716431,4.4061408042907715,18.08933711051941,0.23685455322265625,0.15752887725830078,3.585277557373047
12,22,33.26934480667114,-42888.472265625,0.7432851195335388,0.5041386485099792,0.6467379927635193,0.1661471724510193,28.591711282730103,6.296639442443848,4.677474737167358,18.20836305618286,0.2424309253692627,0.1612720489501953,3.5964581966400146
12,23,33.377684354782104,-42878.98515625,0.7494671940803528,0.49972447752952576,0.6396936178207397,0.16485752165317535,28.944201946258545,6.289992809295654,4.433303117752075,18.376488208770752,0.2401740550994873,0.1586918830871582,3.7921595573425293
12,24,32.674928188323975,-43414.112109375,0.7523415088653564,0.4888222813606262,0.6268903017044067,0.18235094845294952,28.175906658172607,6.281326532363892,4.498863220214844,17.822201251983643,0.23563742637634277,0.15586638450622559,3.596086263656616
12,25,32.94913864135742,-43378.76171875,0.7443967461585999,0.49701640009880066,0.6312673091888428,0.1791532188653946,28.301140546798706,6.429097414016724,4.647838592529297,17.788957595825195,0.23842716217041016,0.1545698642730713,3.60564923286438
12,26,33.19817876815796,-43168.7078125,0.7611950635910034,0.48321056365966797,0.6291037797927856,0.17745551466941833,28.741572618484497,6.325931072235107,4.456454277038574,18.352171182632446,0.23067831993103027,0.15915393829345703,3.587672233581543
12,27,32.666449546813965,-43587.901171875,0.753807783126831,0.4933302700519562,0.6204872727394104,0.18411172926425934,28.31447172164917,6.340268850326538,4.351809024810791,17.760444402694702,0.2462151050567627,0.16697120666503906,3.600330352783203
12,28,32.93047523498535,-43376.79765625,0.7601817846298218,0.49132204055786133,0.6192752718925476,0.17956243455410004,28.48816990852356,6.263371706008911,4.4421546459198,18.14276123046875,0.23118066787719727,0.15574049949645996,3.6108667850494385
12,29,32.721986293792725,-43570.381640625,0.7522410750389099,0.4875967502593994,0.627426028251648,0.1834065169095993,28.199465036392212,6.205657482147217,4.52236270904541,17.858206510543823,0.23786497116088867,0.1552445888519287,3.6553986072540283
12,30,32.83600115776062,-43519.71796875,0.7657151222229004,0.4729742705821991,0.6145361065864563,0.1867389976978302,28.470354080200195,6.285967111587524,4.365496873855591,18.1085684299469,0.23622727394104004,0.1550891399383545,3.600269079208374
13,1,18.80682897567749,-95329.2125,0.7512339353561401,0.49058136343955994,0.6353172659873962,0.17747636139392853,17.362422227859497,3.228135347366333,1.444329023361206,12.408198118209839,0.11320853233337402,0.09911608695983887,1.4677658081054688
13,2,18.787355661392212,-95921.66875,0.7572699785232544,0.48561620712280273,0.6230730414390564,0.18500059843063354,17.396754503250122,3.2221133708953857,1.3905260562896729,12.450618028640747,0.11296272277832031,0.09942960739135742,1.4659674167633057
13,3,18.899718284606934,-96186.87109375,0.769070565700531,0.47546347975730896,0.6164101958274841,0.19275705516338348,17.47504687309265,3.2341625690460205,1.4245951175689697,12.501683235168457,0.11323785781860352,0.10094618797302246,1.4792497158050537
13,4,18.78129243850708,-95536.1234375,0.7532724142074585,0.4855155646800995,0.6276615262031555,0.17765122652053833,17.380295276641846,3.254779815673828,1.4009251594543457,12.398412227630615,0.11269283294677734,0.09897422790527344,1.4696004390716553
13,5,19.5501070022583,-96455.990625,0.7668037414550781,0.4749941825866699,0.6171231865882874,0.1944696605205536,18.150092124938965,3.2402541637420654,1.3999450206756592,13.182274580001831,0.11326837539672852,0.09940385818481445,1.4692587852478027
13,6,18.78917694091797,-95712.16328125,0.7529905438423157,0.48336973786354065,0.6359898447990417,0.18321393430233002,17.371201515197754,3.306579351425171,1.4179043769836426,12.331996440887451,0.11446189880371094,0.10015463829040527,1.4721038341522217
13,7,19.222418308258057,-95394.42109375,0.7539771795272827,0.4892708659172058,0.6310314536094666,0.17688283324241638,17.805676460266113,3.4129996299743652,1.4166474342346191,12.619200229644775,0.137251615524292,0.10340046882629395,1.4668912887573242
13,8,18.96444296836853,-95532.434375,0.7525678873062134,0.48462823033332825,0.6322160959243774,0.17990006506443024,17.558993577957153,3.3122291564941406,1.40537691116333,12.51971697807312,0.11365842819213867,0.10000872611999512,1.4672482013702393
13,9,18.838342905044556,-95737.65390625,0.7647726535797119,0.48738640546798706,0.6197840571403503,0.18458464741706848,17.4399254322052,3.2311766147613525,1.3983399868011475,12.48016905784607,0.11300277709960938,0.0991520881652832,1.470250129699707
13,10,19.050631284713745,-95189.52421875,0.7522860169410706,0.48496776819229126,0.6367180347442627,0.17540501058101654,17.619988441467285,3.265866279602051,1.4305648803710938,12.629106998443604,0.11239242553710938,0.09980487823486328,1.4669215679168701
13,11,18.887330055236816,-95799.70234375,0.7567460536956787,0.4841282367706299,0.6280266046524048,0.18408046662807465,17.443074703216553,3.251275062561035,1.4441828727722168,12.464134931564331,0.11279726028442383,0.09933590888977051,1.4699900150299072
13,12,18.595046997070312,-96063.0109375,0.7594882845878601,0.4776305556297302,0.6264559030532837,0.18763327598571777,17.204370260238647,3.2299129962921143,1.3905975818634033,12.243282079696655,0.11329150199890137,0.1014261245727539,1.4708223342895508
13,13,18.962770700454712,-95508.5921875,0.7540565729141235,0.48310387134552,0.6283717751502991,0.17872580885887146,17.52937602996826,3.2639923095703125,1.4333176612854004,12.533940553665161,0.11280632019042969,0.09941887855529785,1.473200798034668
13,14,18.807964086532593,-95450.23828125,0.7496780753135681,0.4886057674884796,0.6357475519180298,0.17834456264972687,17.366699934005737,3.250340461730957,1.4411892890930176,12.384313106536865,0.11467838287353516,0.09986519813537598,1.4714038372039795
13,15,18.78615689277649,-95669.3828125,0.7612340450286865,0.48497074842453003,0.6266784071922302,0.1832045614719391,17.389989852905273,3.224238872528076,1.3960909843444824,12.437901258468628,0.1126856803894043,0.09883332252502441,1.4706487655639648
13,16,37.11408233642578,-95521.8953125,0.7564916014671326,0.48292404413223267,0.6252864599227905,0.17796680331230164,32.683388233184814,6.616684675216675,4.430501461029053,21.545552253723145,0.2373065948486328,0.1623401641845703,3.840712070465088
13,17,36.57725286483765,-95420.6515625,0.7528911828994751,0.4922471344470978,0.6370933651924133,0.18096153438091278,32.015220165252686,6.553262948989868,4.561843395233154,21.113606929779053,0.2453160285949707,0.16802453994750977,3.8486390113830566
13,18,36.69221496582031,-95537.33359375,0.7591354250907898,0.48516130447387695,0.6255002021789551,0.18104705214500427,32.21644353866577,6.610939025878906,4.475573301315308,21.247618198394775,0.23676133155822754,0.16351795196533203,3.870635509490967
13,19,36.16765904426575,-95936.31328125,0.7470012903213501,0.48676878213882446,0.6255602240562439,0.17950183153152466,31.705360412597656,6.558212041854858,4.462071895599365,20.814337253570557,0.2339184284210205,0.16093993186950684,3.854855537414551
13,20,37.013030767440796,-95567.73984375,0.754197895526886,0.4876420497894287,0.631893515586853,0.17953690886497498,32.54123401641846,6.619256258010864,4.471592664718628,21.517367124557495,0.2358381748199463,0.16710472106933594,3.914595127105713
13,21,36.820085763931274,-95448.2578125,0.7536956667900085,0.4871102571487427,0.6308978796005249,0.17856869101524353,32.31423759460449,6.703689336776733,4.505629777908325,21.203394889831543,0.23945927619934082,0.1650376319885254,3.9162001609802246
13,22,36.686861753463745,-95604.4140625,0.7626996040344238,0.4838561415672302,0.6251320242881775,0.18347874283790588,32.21900987625122,6.617098808288574,4.467639684677124,21.254199504852295,0.24336719512939453,0.1734600067138672,3.8434510231018066
13,23,37.372244119644165,-95817.90703125,0.7650582790374756,0.48566314578056335,0.6253535151481628,0.18779395520687103,32.592551946640015,6.667176008224487,4.779484510421753,21.507286548614502,0.248915433883667,0.1698758602142334,3.907914876937866
13,24,36.58117437362671,-95306.43359375,0.7531164884567261,0.4938238561153412,0.6308106184005737,0.17626169323921204,32.15719485282898,6.682499885559082,4.423789024353027,21.127866983413696,0.23655080795288086,0.1635444164276123,3.862355947494507
13,25,36.37092304229736,-95803.41875,0.7593069076538086,0.4841168522834778,0.627332866191864,0.18533822894096375,31.889616012573242,6.499469757080078,4.481094121932983,21.06404972076416,0.2312459945678711,0.16071701049804688,3.850375175476074
13,26,36.373908042907715,-95786.25859375,0.7500064969062805,0.4868144094944,0.6319250464439392,0.18223416805267334,31.874367713928223,6.591071605682373,4.499332427978516,20.95085310935974,0.23571085929870605,0.16252779960632324,3.847480058670044
13,27,36.70783305168152,-95800.225,0.7596189379692078,0.4844265282154083,0.6218401789665222,0.18448279798030853,32.238852739334106,6.597270965576172,4.46877384185791,21.28853940963745,0.2469336986541748,0.16930890083312988,3.8505985736846924
13,28,36.85063314437866,-95721.43671875,0.7601843476295471,0.48250821232795715,0.621863067150116,0.1828724890947342,32.176119565963745,6.592360019683838,4.6743128299713135,21.185914278030396,0.24003958702087402,0.16466164588928223,3.9070119857788086
13,29,36.79726958274841,-95515.03515625,0.7556316256523132,0.48959726095199585,0.6267698407173157,0.1790027916431427,32.33989095687866,6.631873369216919,4.4571757316589355,21.366641521453857,0.23532533645629883,0.1642472743988037,3.8545727729797363
13,30,36.71542000770569,-95857.640625,0.7665972113609314,0.4797677993774414,0.6196277737617493,0.18866756558418274,32.12452960014343,6.561050176620483,4.590683460235596,21.227222442626953,0.23614096641540527,0.16160130500793457,3.854057788848877
14,1,21.24905252456665,-206804.10625,0.768796443939209,0.47137945890426636,0.616272509098053,0.1922958493232727,19.64600944519043,3.414118766784668,1.6029505729675293,14.54512643814087,0.1141347885131836,0.11729860305786133,1.4097254276275635
14,2,21.284453630447388,-206182.303125,0.7611305117607117,0.47924673557281494,0.6229049563407898,0.18544645607471466,19.72633957862854,3.4017233848571777,1.5580239295959473,13.916759252548218,0.11295270919799805,0.11561083793640137,2.1331799030303955
14,3,20.81619167327881,-206047.984375,0.7642302513122559,0.4810901880264282,0.6202819347381592,0.18560317158699036,19.231913805007935,3.3924272060394287,1.5841896533966064,14.150732040405273,0.11432647705078125,0.11745333671569824,1.4103431701660156
14,4,20.55896019935608,-206601.10625,0.762584924697876,0.47890815138816833,0.6184171438217163,0.18785132467746735,18.978139400482178,3.4044389724731445,1.5807263851165771,13.885919094085693,0.11353230476379395,0.11783075332641602,1.4096763134002686
14,5,21.07674551010132,-205301.0421875,0.7602081298828125,0.4802097678184509,0.6212236285209656,0.1788531243801117,19.43485426902771,3.36161470413208,1.6417975425720215,14.391302585601807,0.11217260360717773,0.11776590347290039,1.4056446552276611
14,6,20.782716751098633,-206196.425,0.7612828016281128,0.4815828800201416,0.6194923520088196,0.184469535946846,19.234482288360596,3.375394105911255,1.5481410026550293,14.17129111289978,0.11281347274780273,0.11685609817504883,1.411827802658081
14,7,20.87721562385559,-205921.425,0.763450562953949,0.4765336811542511,0.6212645173072815,0.1837652325630188,19.30495309829712,3.376018762588501,1.5721664428710938,14.24214482307434,0.11295843124389648,0.11879754066467285,1.4085102081298828
14,8,20.93892526626587,-205341.93125,0.7606772184371948,0.48117154836654663,0.6263055801391602,0.18057100474834442,19.336304664611816,3.3827948570251465,1.6025300025939941,14.267610788345337,0.112823486328125,0.11803793907165527,1.4082601070404053
14,9,20.688954830169678,-206489.88125,0.7659168839454651,0.4743229150772095,0.6181471943855286,0.18854284286499023,19.084596157073975,3.3935065269470215,1.6042699813842773,14.008030414581299,0.11264228820800781,0.11727404594421387,1.4070074558258057
14,10,20.9202401638031,-205962.078125,0.7628659605979919,0.47703906893730164,0.621191143989563,0.1842266321182251,19.19483709335327,3.3958230018615723,1.7253141403198242,14.116746425628662,0.11276006698608398,0.11823916435241699,1.4045140743255615
14,11,20.97217106819153,-206112.2671875,0.7625448703765869,0.48185956478118896,0.6232569217681885,0.18678157031536102,19.26608157157898,3.400571346282959,1.7059919834136963,14.181628942489624,0.11300468444824219,0.11813092231750488,1.405989170074463
14,12,21.063966274261475,-205941.4484375,0.7632591128349304,0.4814666211605072,0.6200292706489563,0.18357360363006592,19.43792963027954,3.396162748336792,1.6259472370147705,14.269815683364868,0.11402058601379395,0.11735987663269043,1.4941232204437256
14,13,20.701215267181396,-206484.734375,0.7658118009567261,0.4777837097644806,0.6154665946960449,0.18774087727069855,19.105638027191162,3.358321189880371,1.595479965209961,14.071016550064087,0.11230969429016113,0.11645245552062988,1.4014968872070312
14,14,20.819644927978516,-205969.70625,0.7627413272857666,0.4809446334838867,0.6249675154685974,0.18608109652996063,19.202680349349976,3.430051565170288,1.616873025894165,14.081240892410278,0.11423730850219727,0.11896467208862305,1.4115784168243408
14,15,20.66210675239563,-206207.378125,0.7610949873924255,0.48042723536491394,0.6233702301979065,0.1865619570016861,19.077669382095337,3.4057345390319824,1.5843455791473389,13.991580724716187,0.11261558532714844,0.11737895011901855,1.4038879871368408
14,16,41.143516063690186,-205900.3296875,0.7659815549850464,0.4801957607269287,0.6184427738189697,0.18412677943706512,36.30203080177307,6.9316534996032715,4.841235637664795,25.22770643234253,0.23654699325561523,0.17819690704345703,3.6422808170318604
14,17,41.07262372970581,-206564.8765625,0.7660040855407715,0.4780941307544708,0.6168826222419739,0.1887805461883545,36.260000228881836,7.13163161277771,4.812331199645996,24.928189039230347,0.24961543083190918,0.18657422065734863,3.6747043132781982
14,18,40.57624864578247,-207170.99375,0.767930269241333,0.4749867618083954,0.6119412183761597,0.1917814165353775,35.745946407318115,7.001927375793457,4.830070972442627,24.60743761062622,0.23572564125061035,0.1788480281829834,3.6346681118011475
14,19,40.721802711486816,-206578.2796875,0.7714568376541138,0.4729742407798767,0.6134642958641052,0.19147560000419617,35.84016275405884,6.89693284034729,4.8813865184783936,24.765552759170532,0.2403411865234375,0.17969608306884766,3.669954538345337
14,20,41.06102776527405,-206853.7203125,0.76803058385849,0.4723896384239197,0.6172201633453369,0.19199161231517792,36.19405794143677,6.845051050186157,4.866717338562012,25.240962743759155,0.23408150672912598,0.17522311210632324,3.614856719970703
14,21,40.93823575973511,-206882.39375,0.7689985632896423,0.47241735458374023,0.6164313554763794,0.1928696632385254,35.987794637680054,6.905628442764282,4.950209379196167,24.94631600379944,0.23887181282043457,0.17898845672607422,3.631467342376709
14,22,40.998664140701294,-206097.2484375,0.75932776927948,0.4797224700450897,0.6236146688461304,0.18406420946121216,36.00951910018921,6.979785680770874,4.98889946937561,24.832805395126343,0.25348615646362305,0.1886429786682129,3.662609338760376
14,23,40.72513961791992,-205524.496875,0.7590852975845337,0.4826299846172333,0.6259193420410156,0.1810580939054489,35.848422050476074,6.954241514205933,4.876474142074585,24.738727569580078,0.23458576202392578,0.18236947059631348,3.649751901626587
14,24,40.88080382347107,-205726.7296875,0.7622519731521606,0.4810851812362671,0.6233428716659546,0.18350137770175934,35.96823287010193,6.912537097930908,4.912322282791138,24.88197135925293,0.23732542991638184,0.17937016487121582,3.6685612201690674
14,25,40.83151960372925,-206069.4984375,0.7647365927696228,0.47744449973106384,0.6192305684089661,0.18505866825580597,36.001708984375,6.842459440231323,4.829571723937988,25.03874158859253,0.2327587604522705,0.17652606964111328,3.624544143676758
14,26,40.53653049468994,-206698.0953125,0.7644909024238586,0.4752682149410248,0.6197671890258789,0.18962256610393524,35.63860607147217,6.912498950958252,4.897665739059448,24.52364730834961,0.2453479766845703,0.18959689140319824,3.6784348487854004
14,27,40.97754907608032,-206538.6046875,0.7681423425674438,0.47332531213760376,0.6169132590293884,0.19014571607112885,35.81983685493469,6.887519121170044,5.157469034194946,24.771246433258057,0.23722076416015625,0.17666363716125488,3.6617069244384766
14,28,40.606080770492554,-206429.15625,0.7632051706314087,0.4801579713821411,0.6222161650657654,0.1877339780330658,35.787423610687256,6.993111610412598,4.818416357040405,24.651328563690186,0.23895883560180664,0.18069076538085938,3.633122682571411
14,29,40.84888172149658,-206185.1953125,0.7627437710762024,0.4777671694755554,0.6205906271934509,0.18595586717128754,35.98463034629822,7.025551795959473,4.863974332809448,24.792991638183594,0.2377619743347168,0.18143630027770996,3.656594753265381
14,30,41.22451972961426,-205498.634375,0.7620812654495239,0.47841599583625793,0.6190157532691956,0.18023870885372162,36.37860369682312,6.959340810775757,4.845666885375977,25.26098608970642,0.23698067665100098,0.18039846420288086,3.6534264087677
15,1,23.549755334854126,-457637.465625,0.771663248538971,0.46793094277381897,0.6110235452651978,0.1989612579345703,21.62507939338684,3.5462234020233154,1.9244978427886963,16.32030701637268,0.1152186393737793,0.13278913497924805,1.465538501739502
15,2,23.375051975250244,-456767.084375,0.7711398005485535,0.4707777500152588,0.6121223568916321,0.19619044661521912,21.60968589782715,3.6107876300811768,1.765181303024292,16.249932765960693,0.11602449417114258,0.13478851318359375,1.4517791271209717
15,3,23.672439336776733,-457349.384375,0.7732114195823669,0.46997228264808655,0.6084228157997131,0.19805511832237244,21.837908029556274,3.6482903957366943,1.8343353271484375,16.42244267463684,0.1245870590209961,0.13452744483947754,1.4553675651550293
15,4,33.94098424911499,-457686.96875,0.7707314491271973,0.46757686138153076,0.6098806262016296,0.19845174252986908,21.56202530860901,3.5707950592041016,12.378785371780396,16.240426063537598,0.11652565002441406,0.13110113143920898,1.4574363231658936
15,5,23.352839946746826,-457004.34375,0.7716080546379089,0.47094443440437317,0.6097302436828613,0.19668574631214142,21.540448904037476,3.6115975379943848,1.8122131824493408,16.183398962020874,0.11609196662902832,0.13257050514221191,1.4514870643615723
15,6,23.654293060302734,-457680.23125,0.7753877639770508,0.4673137962818146,0.6099006533622742,0.2011793553829193,21.80251693725586,3.8196120262145996,1.8515996932983398,16.226703643798828,0.11803436279296875,0.13544702529907227,1.456488847732544
15,7,23.834362745285034,-458113.09375,0.7716891765594482,0.465053915977478,0.6098077297210693,0.200449138879776,21.999307870864868,3.6822643280029297,1.8348677158355713,16.443101406097412,0.14552712440490723,0.1331009864807129,1.528369665145874
15,8,33.94615602493286,-458149.834375,0.7761580348014832,0.4647371172904968,0.6067410707473755,0.20217196643352509,21.571683645248413,3.5167226791381836,12.37430715560913,16.30290937423706,0.1132965087890625,0.12850594520568848,1.46694016456604
15,9,23.336634159088135,-456856.121875,0.7716712951660156,0.47266268730163574,0.6155402064323425,0.19793479144573212,21.518251180648804,3.5546469688415527,1.818213701248169,16.205633878707886,0.11555767059326172,0.13864469528198242,1.458827257156372
15,10,23.36485767364502,-456998.875,0.7681116461753845,0.4720810353755951,0.6141853928565979,0.195559561252594,21.533759832382202,3.5964155197143555,1.8309144973754883,16.189066648483276,0.11611604690551758,0.13137602806091309,1.4554171562194824
15,11,34.12848687171936,-456831.01875,0.7719181180000305,0.47061485052108765,0.6111985445022583,0.19651499390602112,21.809303760528564,3.6210074424743652,12.319013595581055,16.43263077735901,0.116790771484375,0.13357853889465332,1.4598400592803955
15,12,23.19438147544861,-458048.228125,0.7745558619499207,0.46758782863616943,0.6079456806182861,0.2007473111152649,21.37529444694519,3.5821683406829834,1.8189043998718262,16.047847986221313,0.11673688888549805,0.1328129768371582,1.4500997066497803
15,13,23.622077465057373,-457502.9,0.7724649310112,0.4693843424320221,0.6077432036399841,0.19802480936050415,21.790242195129395,3.6236748695373535,1.8316645622253418,16.415548086166382,0.11716079711914062,0.13206982612609863,1.456455945968628
15,14,23.645875692367554,-456450.290625,0.768674373626709,0.47343042492866516,0.6140514612197876,0.19374412298202515,21.827104330062866,3.6701648235321045,1.8185772895812988,16.38687300682068,0.12771844863891602,0.1347184181213379,1.4549601078033447
15,15,33.854838371276855,-456554.740625,0.7693260908126831,0.4735661745071411,0.6143918037414551,0.19537745416164398,21.511372327804565,3.5159430503845215,12.34329080581665,16.253235578536987,0.11407995223999023,0.12763762474060059,1.456782579421997
15,16,48.81510806083679,-456827.13125,0.7699471116065979,0.4701317846775055,0.6103795170783997,0.1946595460176468,41.4616379737854,7.212250232696533,7.352883815765381,29.972564697265625,0.23789048194885254,0.20930242538452148,3.742591381072998
15,17,46.33932399749756,-457066.359375,0.771350622177124,0.4699489176273346,0.6109859347343445,0.1964278221130371,40.635218381881714,7.237668037414551,5.703582286834717,29.0340518951416,0.2880103588104248,0.206834077835083,3.7791693210601807
15,18,47.176565170288086,-457101.1625,0.7689262628555298,0.4695765972137451,0.6141330003738403,0.19638514518737793,41.338984966278076,7.229083776473999,5.8370606899261475,29.723329067230225,0.25496435165405273,0.21911120414733887,3.8191652297973633
15,19,47.47303605079651,-456877.9,0.7759584188461304,0.4646039307117462,0.6102723479270935,0.19916445016860962,41.85951614379883,7.269261360168457,5.613028049468994,29.519702434539795,0.2505636215209961,0.925750732421875,3.803618907928467
15,20,46.797250747680664,-456898.165625,0.7711805701255798,0.46344512701034546,0.6093184947967529,0.1954895257949829,41.10218620300293,7.4289305210113525,5.69455361366272,29.299678087234497,0.2550640106201172,0.21780157089233398,3.8089332580566406
15,21,47.390759229660034,-457716.196875,0.7743899822235107,0.46694138646125793,0.607833743095398,0.19984444975852966,41.75370168685913,7.242328882217407,5.636544466018677,30.140535593032837,0.24416375160217285,0.2143087387084961,3.8207685947418213
15,22,46.024617195129395,-456985.496875,0.7718203067779541,0.4707537889480591,0.6130785346031189,0.1978546679019928,40.415788412094116,7.215775966644287,5.608315706253052,28.83002233505249,0.2528362274169922,0.21371746063232422,3.8107962608337402
15,23,46.08334302902222,-457106.940625,0.7722514867782593,0.4713984429836273,0.6108822822570801,0.19702903926372528,40.44001770019531,7.1705076694488525,5.642846345901489,28.931978940963745,0.23452448844909668,0.20468544960021973,3.8105721473693848
15,24,46.55882382392883,-458092.05,0.7737382054328918,0.4687216579914093,0.6075647473335266,0.200776606798172,41.19535565376282,7.163887977600098,5.362930774688721,29.577780961990356,0.23663568496704102,0.20653367042541504,3.819244146347046
15,25,46.65237045288086,-457139.8875,0.770614743232727,0.47083958983421326,0.6101784706115723,0.1962185502052307,40.531004190444946,7.151737213134766,6.120858907699585,29.009708881378174,0.2335803508758545,0.20968341827392578,3.837451696395874
15,26,45.9928777217865,-457372.65625,0.7744359970092773,0.4691024124622345,0.6081913113594055,0.19885912537574768,40.427847146987915,7.216521978378296,5.564530611038208,28.874561071395874,0.23413300514221191,0.20953798294067383,3.803006649017334
15,27,48.46272301673889,-457278.078125,0.7744351625442505,0.46575215458869934,0.6087689995765686,0.19899745285511017,42.90530300140381,7.551172494888306,5.556911468505859,30.088874340057373,0.23073887825012207,1.1824259757995605,3.761064291000366
15,28,46.88224959373474,-456831.96875,0.7704648971557617,0.46968957781791687,0.6127137541770935,0.19612477719783783,41.30708718299866,7.2423012256622314,5.574669361114502,29.771771669387817,0.23226094245910645,0.2066667079925537,3.7655208110809326
15,29,46.1650013923645,-457260.521875,0.77545565366745,0.4687942862510681,0.6094397902488708,0.19982653856277466,40.514636754989624,7.2050323486328125,5.649858236312866,28.975960969924927,0.23683714866638184,0.2191774845123291,3.7892563343048096
15,30,46.78538727760315,-456782.828125,0.7714887261390686,0.47102704644203186,0.6109784841537476,0.19583964347839355,40.69183397293091,7.1987221240997314,6.093050479888916,29.099955081939697,0.23773622512817383,0.20785069465637207,3.8567326068878174
16,1,25.9992938041687,-1011416.76875,0.7816770076751709,0.4605414867401123,0.6012972593307495,0.21119457483291626,23.514535427093506,3.8843283653259277,2.484377861022949,17.764045238494873,0.1258695125579834,0.17448973655700684,1.5087254047393799
16,2,26.43862557411194,-1010578.34375,0.782433032989502,0.459939569234848,0.5994639992713928,0.20972073078155518,23.28710961341858,3.768361806869507,3.151149034500122,17.67164969444275,0.11651349067687988,0.17374110221862793,1.5086004734039307
16,3,25.541623830795288,-1011463.0875,0.7847176194190979,0.4585989713668823,0.5998373627662659,0.21293704211711884,23.098125457763672,3.757356643676758,2.4431424140930176,17.51299500465393,0.1160898208618164,0.1700899600982666,1.493628978729248
16,4,26.387741327285767,-1011770.11875,0.7822991609573364,0.4572701156139374,0.5973541140556335,0.21101857721805573,23.796852588653564,3.9590671062469482,2.590517997741699,17.929165840148926,0.11723732948303223,0.17358827590942383,1.5691969394683838
16,5,25.744999170303345,-1010374.50625,0.7810088992118835,0.46191415190696716,0.6001418828964233,0.20880921185016632,23.290188312530518,3.775891065597534,2.45444393157959,17.669161081314087,0.11650919914245605,0.17178082466125488,1.5087244510650635
16,6,26.01383137702942,-1011568.6375,0.7817189693450928,0.45677903294563293,0.5987423062324524,0.21084275841712952,23.497743606567383,3.92475962638855,2.5156843662261963,17.71890163421631,0.13335466384887695,0.17220616340637207,1.485764503479004
16,7,25.965052366256714,-1011212.0625,0.7837533354759216,0.4578905403614044,0.5999606251716614,0.21154385805130005,23.48821187019348,3.8019890785217285,2.476457118988037,17.839370012283325,0.1179189682006836,0.1720421314239502,1.5093517303466797
16,8,26.001397848129272,-1009926.125,0.7822203040122986,0.46151959896087646,0.6011443734169006,0.20930197834968567,23.558075666427612,3.812725067138672,2.4429209232330322,17.897796630859375,0.11885833740234375,0.17484259605407715,1.5028111934661865
16,9,27.543664932250977,-1010422.5625,0.7812079787254333,0.4579868018627167,0.6014464497566223,0.20958711206912994,23.116295337677002,3.698421001434326,4.427008867263794,17.568331003189087,0.11469864845275879,0.16419553756713867,1.5251128673553467
16,10,26.12987780570984,-1011105.1875,0.782541036605835,0.4582768380641937,0.5988502502441406,0.21051059663295746,23.66909098625183,3.9139082431793213,2.4604194164276123,17.91031241416931,0.11702251434326172,0.17379379272460938,1.5053765773773193
16,11,26.02495241165161,-1011143.4375,0.7823710441589355,0.4577367603778839,0.5997856259346008,0.21121306717395782,23.535860061645508,3.930536985397339,2.488701105117798,17.737059831619263,0.13352036476135254,0.17372393608093262,1.5016593933105469
16,12,26.666264533996582,-1010762.61875,0.7850657105445862,0.4569552540779114,0.5996089577674866,0.21201662719249725,23.57261300086975,3.7901620864868164,3.0932765007019043,17.924105167388916,0.11628937721252441,0.1902778148651123,1.5034804344177246
16,13,26.027304649353027,-1010560.1875,0.7804912328720093,0.46026238799095154,0.6006008386611938,0.20884190499782562,23.55485439300537,3.875372886657715,2.4720664024353027,17.813722133636475,0.12717723846435547,0.1751101016998291,1.5038323402404785
16,14,25.65260624885559,-1011294.2125,0.7833274006843567,0.45873549580574036,0.5980960130691528,0.21095818281173706,23.185370206832886,3.7437820434570312,2.466857671737671,17.611464738845825,0.11474275588989258,0.1664104461669922,1.501570701599121
16,15,25.78786325454712,-1011324.91875,0.7833401560783386,0.4609002470970154,0.6019158959388733,0.212455153465271,23.295679569244385,3.7653186321258545,2.4918155670166016,17.686739921569824,0.11771225929260254,0.17315983772277832,1.504460334777832
16,16,49.725897789001465,-1011101.75625,0.7862927317619324,0.45871835947036743,0.5993584990501404,0.21309436857700348,42.69073963165283,7.800163269042969,7.034133195877075,30.447508573532104,0.25164198875427246,0.27021145820617676,3.8281819820404053
16,17,48.936588764190674,-1010806.3375,0.7836871147155762,0.46092522144317627,0.6018922328948975,0.21207433938980103,42.07611060142517,7.5491602420806885,6.859462261199951,30.05281352996826,0.2370164394378662,0.2636427879333496,3.883124589920044
16,18,49.19071912765503,-1009818.16875,0.7850019335746765,0.4589380919933319,0.5987588167190552,0.21010078489780426,42.3952054977417,7.480019807815552,6.79441237449646,30.458658695220947,0.23796892166137695,0.2654845714569092,3.8612728118896484
16,19,49.87880992889404,-1010751.6125,0.7843751311302185,0.45908963680267334,0.598747730255127,0.2109740972518921,42.67250919342041,7.619812250137329,7.205294132232666,30.57338309288025,0.2506990432739258,0.26654696464538574,3.8697240352630615
16,20,49.428096294403076,-1011771.25,0.7832022309303284,0.45806562900543213,0.5984938740730286,0.2123560607433319,41.88743257522583,7.559041261672974,7.539701461791992,29.958168268203735,0.24219703674316406,0.2647237777709961,3.772174835205078
16,21,48.28417897224426,-1010919.78125,0.7850366830825806,0.45911306142807007,0.6016420125961304,0.2127724289894104,41.30962824821472,7.494603872299194,6.97357439994812,28.661831617355347,0.31224846839904785,0.7838966846466064,3.966221332550049
16,22,49.73830986022949,-1010359.25,0.7827523350715637,0.458172082901001,0.5995826721191406,0.2097761332988739,42.62654447555542,7.605965852737427,7.11081862449646,30.480931758880615,0.25722813606262207,0.2663271427154541,3.919506311416626
16,23,49.79038763046265,-1010716.73125,0.7827280759811401,0.46001628041267395,0.5998045206069946,0.21043045818805695,42.640889167785645,7.602369546890259,7.148452997207642,30.572455167770386,0.23601102828979492,0.2652266025543213,3.8727235794067383
16,24,49.69186758995056,-1010476.85,0.7824981808662415,0.4577915370464325,0.599366307258606,0.20972034335136414,42.7498824596405,7.645215272903442,6.940996408462524,30.396900177001953,0.24932527542114258,0.46639299392700195,3.8978843688964844
16,25,49.02831268310547,-1010455.40625,0.783574104309082,0.4596354067325592,0.5995222926139832,0.21051062643527985,42.04240417480469,7.516393184661865,6.984417915344238,30.069340229034424,0.24522018432617188,0.26375818252563477,3.85520076751709
16,26,48.49839496612549,-1010504.425,0.780073344707489,0.45734623074531555,0.6019132137298584,0.2090429663658142,41.51967191696167,7.604620695114136,6.977660894393921,29.448163509368896,0.24642324447631836,0.26322150230407715,3.8649346828460693
16,27,49.364792346954346,-1010959.64375,0.7847943305969238,0.45696204900741577,0.6000402569770813,0.2121594250202179,42.263508796691895,7.565885782241821,7.1002843379974365,30.219763040542603,0.2623879909515381,0.27109742164611816,3.848287343978882
16,28,49.23276925086975,-1011119.8125,0.7820141315460205,0.45829516649246216,0.599117636680603,0.21032112836837769,42.265562295913696,7.545752763748169,6.966186285018921,30.255200147628784,0.2512550354003906,0.2677586078643799,3.8520724773406982
16,29,48.407652378082275,-1011621.475,0.7858542799949646,0.45902255177497864,0.5997727513313293,0.213881254196167,41.430211305618286,7.5733482837677,6.976387977600098,29.36656665802002,0.24239301681518555,0.2636559009552002,3.8945705890655518
16,30,47.85296821594238,-1010060.64375,0.7807736992835999,0.4616858959197998,0.6041186451911926,0.20955035090446472,40.99265241622925,7.641052484512329,6.8593223094940186,28.897166967391968,0.24761724472045898,0.27408647537231445,3.838069200515747
17,1,31.26290249824524,-2194473.175,0.7935167551040649,0.4469374716281891,0.5883104801177979,0.22151440382003784,27.36491632461548,4.050785303115845,3.8967931270599365,21.594038009643555,0.1177976131439209,0.2243938446044922,1.3310329914093018
17,2,31.34244418144226,-2193948.7,0.7947450876235962,0.44648563861846924,0.5876516699790955,0.22183814644813538,27.628653049468994,4.053095102310181,3.7125890254974365,21.81925082206726,0.13627362251281738,0.22924280166625977,1.326904535293579
17,3,41.05214166641235,-2195278.0,0.7932897806167603,0.4474310278892517,0.5881149768829346,0.22185099124908447,26.73654317855835,3.8091671466827393,14.314348459243774,21.224708318710327,0.11378049850463867,0.2151787281036377,1.3284478187561035
17,4,31.113129377365112,-2194567.775,0.7930011749267578,0.44715502858161926,0.5895559191703796,0.2216295450925827,27.356921911239624,3.9004664421081543,3.7550079822540283,21.740066528320312,0.11639404296875,0.22369909286499023,1.3294165134429932
17,5,32.54834604263306,-2194263.5,0.7932431101799011,0.4486897587776184,0.5884066820144653,0.2209150195121765,28.77251434326172,4.145608425140381,3.7746260166168213,22.85916805267334,0.14356565475463867,0.23049211502075195,1.323927879333496
17,6,31.033838987350464,-2194852.575,0.7935178279876709,0.4467061460018158,0.5883450508117676,0.2217845320701599,27.20343852043152,3.9017980098724365,3.8296656608581543,21.587952852249146,0.11609411239624023,0.22307538986206055,1.3273653984069824
17,7,31.050101280212402,-2193701.575,0.7943472862243652,0.4474903345108032,0.5876686573028564,0.22132645547389984,27.282143354415894,3.9118614196777344,3.7667665481567383,21.6529598236084,0.11662745475769043,0.22348999977111816,1.3301777839660645
17,8,31.84101891517639,-2194489.925,0.7925166487693787,0.44839420914649963,0.5896263122558594,0.2214777171611786,27.915831327438354,4.007293701171875,3.9237709045410156,22.138596534729004,0.14107728004455566,0.23076891899108887,1.3308100700378418
17,9,31.042402029037476,-2193892.625,0.7937343716621399,0.44819748401641846,0.5887719988822937,0.22131255269050598,27.278279781341553,3.9231433868408203,3.762913703918457,21.63742470741272,0.11646580696105957,0.22377967834472656,1.3304309844970703
17,10,31.020007133483887,-2193744.675,0.7928911447525024,0.4484044909477234,0.5895174145698547,0.22079956531524658,27.26561975479126,3.872349977493286,3.7532050609588623,21.678903341293335,0.11621809005737305,0.2245638370513916,1.3267560005187988
17,11,31.72397541999817,-2194532.35,0.7940276861190796,0.44779476523399353,0.5872572660446167,0.2214961051940918,27.957820415496826,4.2062249183654785,3.764770269393921,21.911248683929443,0.1463925838470459,0.2912614345550537,1.3317806720733643
17,12,31.20067548751831,-2194844.5,0.7927776575088501,0.4473596215248108,0.5887219905853271,0.22139623761177063,27.422428607940674,3.899972915649414,3.7768704891204834,21.80731177330017,0.11628198623657227,0.2225971221923828,1.32914137840271
17,13,30.90481996536255,-2195721.7,0.794127881526947,0.44714564085006714,0.5876513719558716,0.22278009355068207,27.16857671737671,3.9048092365264893,3.734957456588745,21.54253888130188,0.11858296394348145,0.22388029098510742,1.331857681274414
17,14,31.34805917739868,-2193872.125,0.7934219837188721,0.448100745677948,0.589202880859375,0.22101221978664398,27.562978744506836,4.092414855957031,3.7837717533111572,21.66705012321472,0.12052273750305176,0.2269127368927002,1.4085304737091064
17,15,31.478009462356567,-2193745.325,0.7934104800224304,0.44794315099716187,0.5894415974617004,0.2209567129611969,27.63546323776245,3.901318311691284,3.841186046600342,21.974645376205444,0.11873316764831543,0.2571430206298828,1.3365058898925781
17,16,56.81609082221985,-2195571.525,0.7931714653968811,0.44712239503860474,0.5880247354507446,0.22221384942531586,46.86367845535278,8.139585733413696,9.950181007385254,34.54314708709717,0.2471475601196289,0.3612029552459717,3.479217052459717
17,17,59.66678214073181,-2194461.525,0.7945699095726013,0.44751396775245667,0.5881714224815369,0.22195325791835785,48.912429094314575,8.044338703155518,10.752032995223999,36.690080404281616,0.25298333168029785,0.36097240447998047,3.471337080001831
17,18,57.65585923194885,-2195994.575,0.7947614789009094,0.44719380140304565,0.5870295166969299,0.22348202764987946,47.901917457580566,7.877433776855469,9.751161098480225,34.822892904281616,0.25113391876220703,0.3681817054748535,4.484314680099487
17,19,56.6523323059082,-2194375.375,0.7967415452003479,0.44539719820022583,0.5862802267074585,0.22335784137248993,47.00646376609802,7.815537691116333,9.643612384796143,35.0359365940094,0.23374557495117188,0.3584420680999756,3.4703149795532227
17,20,58.64588260650635,-2194971.05,0.7952594757080078,0.4463063180446625,0.5877059102058411,0.22290313243865967,48.44074058532715,7.818195581436157,10.202754259109497,35.86816644668579,0.23660683631896973,0.36127400398254395,4.064445972442627
17,21,57.95736527442932,-2195649.475,0.7934847474098206,0.44764217734336853,0.5886039733886719,0.22238348424434662,47.89025568962097,7.8525660037994385,10.064894914627075,35.85638618469238,0.24471735954284668,0.3689875602722168,3.4744248390197754
17,22,57.03196382522583,-2195550.7,0.7943302989006042,0.44636616110801697,0.5869919657707214,0.22258520126342773,46.88565731048584,7.867502927780151,10.143939018249512,34.670125007629395,0.24447965621948242,0.36027073860168457,3.4849143028259277
17,23,57.039302587509155,-2193775.6,0.7941582798957825,0.4478599727153778,0.5875912308692932,0.22108997404575348,46.99763536453247,7.85805606842041,10.039294719696045,34.97316861152649,0.24968695640563965,0.36260557174682617,3.458130121231079
17,24,57.5372314453125,-2194543.95,0.7942385673522949,0.44790756702423096,0.5878539681434631,0.2218506783246994,47.664100646972656,7.900049448013306,9.871173858642578,35.5917112827301,0.24257874488830566,0.3639340400695801,3.471970796585083
17,25,57.478758096694946,-2193913.025,0.7942694425582886,0.44655895233154297,0.5878698825836182,0.22146941721439362,47.59268355369568,7.961263418197632,9.88369345664978,35.43043327331543,0.2409529685974121,0.3585829734802246,3.506117820739746
17,26,57.46231722831726,-2194965.6,0.7936921119689941,0.4476630985736847,0.5874382257461548,0.22150379419326782,47.27805185317993,7.8485822677612305,10.18181586265564,35.25188398361206,0.24057984352111816,0.3654012680053711,3.479767322540283
17,27,59.14160203933716,-2195068.9,0.7941920161247253,0.44646701216697693,0.5879546403884888,0.2223319113254547,49.205347537994385,8.059826850891113,9.93404483795166,36.38854479789734,0.24583172798156738,0.3706789016723633,4.048566818237305
17,28,56.910661458969116,-2194889.45,0.7936099767684937,0.44819697737693787,0.5879089832305908,0.22159509360790253,46.975061893463135,7.817454099655151,9.933337926864624,34.98096990585327,0.24201750755310059,0.35772109031677246,3.4844181537628174
17,29,56.7797577381134,-2194820.275,0.7936967611312866,0.4471791088581085,0.5885485410690308,0.22182662785053253,46.92321181297302,7.881006479263306,9.854331731796265,34.77406167984009,0.2596445083618164,0.36869215965270996,3.543900966644287
17,30,57.14418125152588,-2194548.375,0.7941583395004272,0.44719991087913513,0.5876122117042542,0.22173286974430084,47.00964021682739,7.8557658195495605,10.132090330123901,34.961352586746216,0.2519032955169678,0.3623948097229004,3.4811902046203613
18,1,40.554121017456055,-4777903.85,0.8039467334747314,0.4353642761707306,0.5761768817901611,0.2349105179309845,31.602815866470337,3.9957454204559326,8.949830293655396,25.74681782722473,0.1161189079284668,0.3560349941253662,1.3408207893371582
18,2,39.85689926147461,-4780331.45,0.8038209080696106,0.43449416756629944,0.5749513506889343,0.23559793829917908,32.96421718597412,4.228980302810669,6.891179084777832,26.815333366394043,0.1365978717803955,0.3847165107727051,1.3354225158691406
18,3,39.99987554550171,-4776655.0,0.8041589260101318,0.4362980127334595,0.5776541829109192,0.2349477857351303,32.66388416290283,4.066652297973633,7.334472179412842,26.711963891983032,0.11741065979003906,0.3820769786834717,1.3368024826049805
18,4,48.036834716796875,-4778790.3,0.8028876185417175,0.4358792006969452,0.5767748355865479,0.23453307151794434,32.165374517440796,3.9846582412719727,15.869975566864014,26.304224252700806,0.11761212348937988,0.37195873260498047,1.338606357574463
18,5,39.558024168014526,-4779952.8,0.8043997287750244,0.43645668029785156,0.5763344168663025,0.23602548241615295,32.80375146865845,4.275094509124756,6.752784252166748,26.61015796661377,0.1365962028503418,0.3826425075531006,1.3349127769470215
18,6,39.405648708343506,-4777092.45,0.8039352297782898,0.43678387999534607,0.5769925713539124,0.23443427681922913,32.60742235183716,4.146992206573486,6.796737194061279,26.572345495224,0.12329411506652832,0.37859129905700684,1.3323583602905273
18,7,39.63116765022278,-4777153.0,0.804970920085907,0.4353017210960388,0.5756230354309082,0.23506714403629303,32.418076276779175,4.045259237289429,7.2116029262542725,26.49246120452881,0.11582446098327637,0.38039207458496094,1.3352322578430176
18,8,39.53135871887207,-4777575.75,0.8047122955322266,0.43661290407180786,0.576368510723114,0.23514384031295776,32.731032609939575,4.264622926712036,6.79880690574646,26.587878942489624,0.11906933784484863,0.38608360290527344,1.3233041763305664
18,9,38.74803304672241,-4779441.0,0.8037605881690979,0.43556368350982666,0.5764671564102173,0.2353154867887497,31.86198115348816,4.101419448852539,6.8845436573028564,25.881269454956055,0.11685371398925781,0.3718419075012207,1.3414044380187988
18,10,39.31931924819946,-4777705.75,0.8019002676010132,0.4335746467113495,0.5749858617782593,0.2328653335571289,32.61842656135559,4.083667755126953,6.699425935745239,26.655530214309692,0.11722016334533691,0.38149523735046387,1.330232858657837
18,11,41.357606649398804,-4776801.5,0.8043050765991211,0.43665266036987305,0.576429545879364,0.23471590876579285,32.39564919471741,3.998106002807617,8.960466146469116,26.52202343940735,0.11560726165771484,0.3707430362701416,1.3405165672302246
18,12,39.60004138946533,-4781241.6,0.8028845191001892,0.43348097801208496,0.5741090178489685,0.23481324315071106,32.79909110069275,4.27982759475708,6.79944920539856,26.62067937850952,0.11821436882019043,0.38152432441711426,1.349567174911499
18,13,40.81070590019226,-4779622.7,0.8049833178520203,0.435097873210907,0.5759304761886597,0.23626723885536194,34.07206583023071,4.2713541984558105,6.737135171890259,27.885774612426758,0.13622045516967773,0.38465404510498047,1.330883264541626
18,14,39.044665813446045,-4779380.4,0.802353024482727,0.4337443709373474,0.5751298069953918,0.23397375643253326,32.252299785614014,4.1866536140441895,6.790944576263428,26.07973885536194,0.11998200416564941,0.4935786724090576,1.3204565048217773
18,15,42.124162435531616,-4777982.0,0.8024309277534485,0.43552786111831665,0.5760694146156311,0.2338225543498993,32.924805641174316,4.239233493804932,9.197875738143921,26.721076488494873,0.18087363243103027,0.39298534393310547,1.3410882949829102
18,16,72.51431393623352,-4779428.35,0.8045535087585449,0.43623751401901245,0.5763880014419556,0.235843688249588,56.28589105606079,8.00959587097168,16.224245309829712,43.87593960762024,0.255260705947876,0.5488088130950928,3.499577760696411
18,17,71.58829665184021,-4778187.05,0.8038215041160583,0.4357183873653412,0.5760066509246826,0.23480242490768433,55.68894624710083,8.07150912284851,15.894931554794312,43.20122981071472,0.25899791717529297,0.5536346435546875,3.505180597305298
18,18,74.04574394226074,-4778780.4,0.8016330003738403,0.4341185390949249,0.5747473239898682,0.2329729199409485,58.08706092834473,8.124735355377197,15.954427480697632,45.58020091056824,0.25597214698791504,0.560985803604126,3.4701144695281982
18,19,73.45913028717041,-4778028.05,0.8046654462814331,0.4357071816921234,0.5759380459785461,0.2354188710451126,57.828405141830444,8.124157428741455,15.626275777816772,45.29869198799133,0.24938416481018066,0.5576567649841309,3.5023281574249268
18,20,73.37127637863159,-4776824.65,0.8022399544715881,0.435319185256958,0.5761646628379822,0.23307254910469055,57.29746723175049,8.0906343460083,16.069409370422363,44.79893469810486,0.2388002872467041,0.5483267307281494,3.5277040004730225
18,21,71.48344326019287,-4779504.2,0.8029878735542297,0.43331512808799744,0.5734768509864807,0.23394857347011566,55.45003962516785,8.093013286590576,16.029172658920288,42.98783087730408,0.25575923919677734,0.5504534244537354,3.4670302867889404
18,22,72.33075547218323,-4778514.65,0.8037014007568359,0.43696093559265137,0.5770045518875122,0.23497240245342255,56.40108013153076,8.191907405853271,15.92512321472168,43.793978452682495,0.25310850143432617,0.5540938377380371,3.5105509757995605
18,23,71.57239103317261,-4779125.2,0.8034747838973999,0.4346085488796234,0.5758988261222839,0.23509475588798523,55.83312511444092,8.156744718551636,15.734837293624878,42.2648229598999,0.23408269882202148,0.5380520820617676,4.545547723770142
18,24,72.55088138580322,-4776196.95,0.803217887878418,0.43725085258483887,0.5772543549537659,0.2337459772825241,56.1807918548584,8.105922222137451,16.365699291229248,43.67834448814392,0.24965286254882812,0.5509061813354492,3.499715566635132
18,25,72.95081973075867,-4779298.45,0.8038813471794128,0.4347466230392456,0.5745537281036377,0.2349943220615387,56.83683753013611,8.163417100906372,16.10970139503479,44.25553870201111,0.2741866111755371,0.5651905536651611,3.4812676906585693
18,26,70.97016906738281,-4779462.35,0.8037526607513428,0.43701961636543274,0.5767800211906433,0.2352955937385559,55.08126091957092,8.056052446365356,15.884695529937744,42.689698219299316,0.24253129959106445,0.5412087440490723,3.4579126834869385
18,27,71.99727702140808,-4779896.3,0.8011561632156372,0.4354904592037201,0.5759903788566589,0.23316003382205963,56.209548473358154,8.022668600082397,15.783345222473145,43.813448429107666,0.25154662132263184,0.558081865310669,3.4679782390594482
18,28,72.50872421264648,-4777760.05,0.804020881652832,0.43594175577163696,0.5772212147712708,0.23521439731121063,56.36513113975525,8.090987920761108,16.13926649093628,43.86033391952515,0.2669520378112793,0.5588836669921875,3.4893381595611572
18,29,71.97833824157715,-4778973.3,0.8037605285644531,0.43642911314964294,0.5761256814002991,0.2351153939962387,56.103028297424316,8.103142499923706,15.871119499206543,43.62175107002258,0.25681090354919434,0.5531520843505859,3.4696202278137207
18,30,74.98814582824707,-4777959.55,0.8042832612991333,0.43609416484832764,0.5769766569137573,0.23525747656822205,58.951011419296265,8.071131467819214,16.032723426818848,45.45384907722473,0.25946974754333496,0.5515570640563965,4.516599178314209
19,1,54.842896461486816,-10371595.3,0.8103153705596924,0.42653921246528625,0.568040668964386,0.25250157713890076,39.617268085479736,4.382270574569702,15.222309350967407,32.496384620666504,0.12339544296264648,0.5205183029174805,1.342160701751709
19,2,53.50146174430847,-10371618.3,0.8089950680732727,0.4251330494880676,0.5671879649162292,0.25163131952285767,39.77955865859985,4.447829961776733,13.718538761138916,32.59202766418457,0.12496066093444824,0.5237679481506348,1.3468172550201416
19,3,56.06189298629761,-10371924.0,0.8088356256484985,0.425976037979126,0.5680330991744995,0.25175774097442627,39.440380334854126,4.2028868198394775,16.61792540550232,32.348464012145996,0.11846542358398438,0.5092790126800537,1.3551979064941406
19,4,53.296520948410034,-10369661.0,0.8085801601409912,0.4260818362236023,0.5679357051849365,0.2507374882698059,39.648759603500366,4.3420798778533936,13.644423723220825,32.505791902542114,0.1227564811706543,0.530052661895752,1.3463401794433594
19,5,53.84066653251648,-10369493.5,0.8072177767753601,0.4251921772956848,0.5665348172187805,0.24914288520812988,39.56481385231018,4.195914030075073,14.272459506988525,32.40691828727722,0.11829280853271484,0.5137948989868164,1.3458127975463867
19,6,53.16954851150513,-10371010.6,0.8093552589416504,0.42593422532081604,0.5681477189064026,0.25210002064704895,38.65505027770996,4.169935703277588,14.511178493499756,31.54644536972046,0.11560654640197754,0.4815373420715332,1.3418347835540771
19,7,53.2440972328186,-10370665.9,0.8091518878936768,0.4258977770805359,0.5673840045928955,0.25122636556625366,39.65005898475647,4.3283350467681885,13.590732336044312,32.46325397491455,0.12198424339294434,0.5225656032562256,1.3418071269989014
19,8,53.38879728317261,-10370663.1,0.8086053133010864,0.4258404076099396,0.568187415599823,0.2509928345680237,39.725630044937134,4.572615146636963,13.65980076789856,32.50399112701416,0.1269855499267578,0.5241649150848389,1.346773624420166
19,9,54.74297308921814,-10371236.7,0.8088682293891907,0.42530393600463867,0.5677748918533325,0.25135377049446106,39.519097089767456,4.152117490768433,15.220521211624146,32.42219543457031,0.11643719673156738,0.5127873420715332,1.3424816131591797
19,10,54.608970165252686,-10369368.3,0.8075110912322998,0.4251510798931122,0.5672838091850281,0.24966548383235931,40.014957666397095,4.244487285614014,14.590687990188599,32.83796572685242,0.11844348907470703,0.5197985172271729,1.3420193195343018
19,11,53.29856300354004,-10372796.8,0.8093829154968262,0.4265824258327484,0.5679827928543091,0.2518777549266815,39.80129957199097,4.375959634780884,13.493884086608887,32.53522539138794,0.12245845794677734,0.5222406387329102,1.3429875373840332
19,12,53.33152723312378,-10375122.0,0.8099639415740967,0.4263286292552948,0.5680757164955139,0.2526267170906067,39.64167594909668,4.413851976394653,13.686501026153564,32.384867668151855,0.12349867820739746,0.5266461372375488,1.3426616191864014
19,13,53.34998822212219,-10372362.9,0.8088163733482361,0.42546120285987854,0.567000687122345,0.2513417601585388,39.674575328826904,4.5406835079193115,13.672011852264404,32.45034050941467,0.12640380859375,0.5302910804748535,1.3419508934020996
19,14,56.4179368019104,-10373478.6,0.808307945728302,0.4251384735107422,0.5671640634536743,0.25140053033828735,39.582446575164795,4.1943039894104,16.83201813697815,32.397536516189575,0.11858439445495605,0.5194909572601318,1.3576655387878418
19,15,52.783827781677246,-10372454.2,0.8091822266578674,0.4268224537372589,0.5681450963020325,0.2513769268989563,39.26842474937439,4.180217981338501,13.512172937393188,32.041850090026855,0.11825418472290039,0.5056419372558594,1.3373589515686035
19,16,95.91780376434326,-10373178.6,0.8078963160514832,0.42583397030830383,0.567773699760437,0.25082674622535706,65.98935127258301,8.534125328063965,29.919838190078735,52.70364022254944,0.24830937385559082,0.9268844127655029,3.478598117828369
19,17,96.2412588596344,-10370931.2,0.8086366653442383,0.42592623829841614,0.5676613450050354,0.2509338855743408,66.76172733306885,8.38034725189209,29.470372200012207,53.35013961791992,0.4657876491546631,0.9383881092071533,3.527674913406372
19,18,98.39827108383179,-10370693.2,0.8092259764671326,0.425986111164093,0.5678465962409973,0.2514716684818268,68.85220789909363,8.4969162940979,29.537303686141968,54.845001220703125,0.2609727382659912,1.6632437705993652,3.4868268966674805
19,19,94.7461507320404,-10373503.9,0.8077844977378845,0.4267471134662628,0.568901777267456,0.25118371844291687,65.411954164505,8.476046085357666,29.32559823989868,52.21528387069702,0.2361283302307129,0.9161591529846191,3.4751384258270264
19,20,94.61501431465149,-10373287.0,0.8068493008613586,0.42413413524627686,0.5659279823303223,0.24969427287578583,65.34332466125488,8.889537334442139,29.262540340423584,51.680530309677124,0.24747157096862793,0.9243757724761963,3.502187967300415
19,21,94.14573931694031,-10371981.9,0.807257890701294,0.4250011146068573,0.566082775592804,0.24967309832572937,65.04312443733215,8.298742294311523,29.09358859062195,52.003336668014526,0.23691654205322266,0.9174129962921143,3.491725444793701
19,22,95.48886680603027,-10370213.3,0.8085858821868896,0.4260455369949341,0.5673637986183167,0.2506949007511139,66.14263796806335,8.412314176559448,29.33726215362549,52.966275453567505,0.23511838912963867,0.9234964847564697,3.509929895401001
19,23,94.89127159118652,-10375024.6,0.8087614178657532,0.4254721701145172,0.5670865178108215,0.2518167495727539,65.4734697341919,8.400087118148804,29.408632516860962,52.322771072387695,0.2447826862335205,0.9323265552520752,3.4765124320983887
19,24,95.683025598526,-10372857.5,0.8079817295074463,0.42640188336372375,0.5682507157325745,0.2509045898914337,65.70217895507812,8.552490472793579,29.97186541557312,52.411125898361206,0.25078558921813965,0.9141008853912354,3.4774513244628906
19,25,98.1498396396637,-10370082.7,0.8080431222915649,0.4243980050086975,0.5658088326454163,0.25002196431159973,66.85162472724915,8.51091742515564,31.289483785629272,53.55731821060181,0.26335620880126953,0.9394841194152832,3.4787745475769043
19,26,96.60270094871521,-10371093.9,0.8075942993164062,0.4241126477718353,0.5668694972991943,0.25013968348503113,66.34347558021545,8.512508392333984,30.25049090385437,53.04244780540466,0.26188230514526367,0.9416954517364502,3.483288049697876
19,27,96.198162317276,-10371279.8,0.8080704808235168,0.4254571497440338,0.5672069191932678,0.2506876587867737,66.33191394805908,8.347663640975952,29.8571355342865,52.884605407714844,0.2406463623046875,1.2378318309783936,3.521493911743164
19,28,95.35973834991455,-10376467.8,0.8057514429092407,0.42303013801574707,0.5645601153373718,0.24871370196342468,65.2847626209259,8.37332010269165,30.066059589385986,52.15783643722534,0.24448919296264648,0.9249029159545898,3.4870970249176025
19,29,94.60917162895203,-10372516.6,0.8096188306808472,0.4265570640563965,0.5679147839546204,0.25245895981788635,65.22351121902466,8.38029408454895,29.37666416168213,52.04663681983948,0.2468557357788086,0.9249045848846436,3.5264534950256348
19,30,94.05390882492065,-10374205.8,0.8071513772010803,0.42459774017333984,0.5661813020706177,0.2499786913394928,65.06507682800293,8.417841911315918,28.97986388206482,51.928773403167725,0.23554039001464844,0.9135513305664062,3.4753036499023438
20,1,76.77591753005981,-22544433.4,0.8023177981376648,0.4190945029258728,0.5619751811027527,0.26925837993621826,49.72909927368164,4.317890405654907,27.036246061325073,38.734347343444824,0.12435245513916016,0.7682428359985352,1.366485357284546
20,2,75.54690527915955,-22553061.4,0.8044561743736267,0.4208972454071045,0.5633784532546997,0.2714730501174927,48.613054275512695,4.3748109340667725,26.92351722717285,37.735806941986084,0.12189769744873047,0.7451379299163818,1.3584399223327637
20,3,75.19749665260315,-22552400.2,0.8020812273025513,0.4185665547847748,0.5617312788963318,0.2693129777908325,48.576133012771606,4.307265520095825,26.61106538772583,37.65534543991089,0.12179398536682129,0.7708470821380615,1.3587391376495361
20,4,78.69060754776001,-22544689.0,0.8029199242591858,0.419272780418396,0.5623283386230469,0.2699812948703766,51.27801299095154,4.330673456192017,27.401432752609253,40.31583046913147,0.12473058700561523,0.805955171585083,1.3687505722045898
20,5,76.66719818115234,-22556932.8,0.8025932908058167,0.4194614589214325,0.5620213150978088,0.2700747549533844,48.79594349861145,4.314468860626221,27.860474586486816,37.84431862831116,0.12186193466186523,0.7502601146697998,1.3568642139434814
20,6,77.86893892288208,-22557932.6,0.8011807203292847,0.4183567762374878,0.5609483122825623,0.2689450681209564,49.784273862838745,4.342403888702393,28.07406997680664,38.85148572921753,0.12389016151428223,0.7815957069396973,1.3599834442138672
20,7,75.93995118141174,-22557035.8,0.8024723529815674,0.4194889962673187,0.5616509318351746,0.26993799209594727,48.73587250709534,4.319853067398071,27.19375443458557,37.77607560157776,0.12166380882263184,0.753563404083252,1.3524830341339111
20,8,76.87021398544312,-22553882.4,0.8026910424232483,0.41903969645500183,0.5619571805000305,0.26960131525993347,49.08388876914978,4.304311037063599,27.77576208114624,38.13782572746277,0.12339949607849121,0.7519652843475342,1.3567936420440674
20,9,77.0655152797699,-22554569.4,0.8022768497467041,0.41918396949768066,0.5623949766159058,0.2694464325904846,49.44568848609924,4.296062469482422,27.609375476837158,38.22613501548767,0.12279820442199707,1.0203173160552979,1.3587772846221924
20,10,77.77608346939087,-22553764.4,0.8019552230834961,0.4183536767959595,0.5617921948432922,0.2691721022129059,49.752557039260864,4.343554973602295,28.01287531852722,38.77100586891174,0.1237027645111084,0.7715418338775635,1.363011360168457
20,11,77.45020151138306,-22551045.2,0.8026399612426758,0.41894829273223877,0.5624144077301025,0.2694554328918457,49.60561966896057,4.343154191970825,27.833975791931152,38.687745094299316,0.12304425239562988,0.7677373886108398,1.362987995147705
20,12,77.95730972290039,-22552871.8,0.8015212416648865,0.4181727468967438,0.5616492033004761,0.26890242099761963,49.9891402721405,4.338976621627808,27.957553148269653,39.025654792785645,0.12259531021118164,0.7744152545928955,1.3592736721038818
20,13,77.52293252944946,-22563665.6,0.8042421340942383,0.42130520939826965,0.5641303062438965,0.27193301916122437,49.76362156867981,4.322928190231323,27.74872326850891,38.846251249313354,0.12355542182922363,0.7771525382995605,1.3558382987976074
20,14,77.56675219535828,-22555011.4,0.802060604095459,0.4194590747356415,0.5619232654571533,0.2691916823387146,49.657408475875854,4.341078996658325,27.898624658584595,38.737711906433105,0.12361454963684082,0.7797942161560059,1.3619682788848877
20,15,79.05077195167542,-22552949.8,0.8020283579826355,0.4184950590133667,0.5615212321281433,0.2693033814430237,51.00876712799072,4.353857040405273,28.03122854232788,40.0522255897522,0.1239628791809082,0.8045811653137207,1.3633520603179932
20,16,128.34167504310608,-22549434.4,0.8022391200065613,0.4187913239002228,0.561439037322998,0.2690393328666687,72.66243863105774,8.671804904937744,55.66131925582886,58.58114838600159,0.23667168617248535,1.6139824390411377,3.469672203063965
20,17,128.11162114143372,-22565079.0,0.8000697493553162,0.41637536883354187,0.5593338012695312,0.2679111659526825,72.87544178962708,8.627068281173706,55.21840023994446,58.82289719581604,0.23768162727355957,1.6225001811981201,3.475522756576538
20,18,133.0260841846466,-22556665.4,0.8019245862960815,0.4186290204524994,0.5619791746139526,0.26930078864097595,77.56435942649841,8.95388674736023,55.44281816482544,63.107757568359375,0.24960899353027344,1.6483774185180664,3.509626626968384
20,19,128.5813479423523,-22556562.6,0.8021131157875061,0.4183732271194458,0.5613555312156677,0.26972439885139465,72.9174165725708,8.683119297027588,55.645941972732544,58.79383158683777,0.24355196952819824,1.6263878345489502,3.4771816730499268
20,20,128.051344871521,-22561392.4,0.8019356727600098,0.41910722851753235,0.5614465475082397,0.2698488235473633,72.36680269241333,8.612268924713135,55.666391134262085,58.33706736564636,0.23169708251953125,1.6179344654083252,3.478224754333496
20,21,132.46404933929443,-22554934.8,0.8016361594200134,0.4188615679740906,0.5618759989738464,0.2691650688648224,76.80731797218323,8.674429416656494,55.638314962387085,62.70668315887451,0.2342386245727539,1.6202189922332764,3.48174786567688
20,22,129.39909505844116,-22551226.4,0.8021487593650818,0.4183728098869324,0.5615054965019226,0.2692667543888092,72.9269392490387,8.602601289749146,56.45319962501526,58.75796055793762,0.24928832054138184,1.635491132736206,3.583895206451416
20,23,130.4983446598053,-22551645.0,0.8019008636474609,0.41828614473342896,0.5612764954566956,0.2690020799636841,73.50823426246643,8.720242023468018,56.97212839126587,59.34185814857483,0.23773407936096191,1.6256201267242432,3.4893064498901367
20,24,128.44253873825073,-22556186.4,0.8020969033241272,0.4190342128276825,0.5621861815452576,0.2697538733482361,72.39970970153809,8.644205808639526,56.024770736694336,58.30574679374695,0.23515105247497559,1.6258118152618408,3.4966962337493896
20,25,129.32008910179138,-22555632.6,0.8014175295829773,0.41870903968811035,0.5617391467094421,0.2690712511539459,73.40589928627014,8.736611366271973,55.8951575756073,59.13888335227966,0.25412893295288086,1.6352238655090332,3.543208360671997
20,26,132.4712815284729,-22555900.0,0.8022542595863342,0.41905906796455383,0.561919629573822,0.26958656311035156,76.48910355567932,8.675843715667725,55.96420741081238,62.382911920547485,0.23658275604248047,1.6230199337005615,3.4787449836730957
20,27,128.94404244422913,-22557975.6,0.8024952411651611,0.41935208439826965,0.5621666312217712,0.270131915807724,73.05745553970337,8.527563095092773,55.86874961853027,59.108007192611694,0.23386025428771973,1.6135356426239014,3.4827935695648193
20,28,128.15890455245972,-22553065.2,0.8017565011978149,0.41834235191345215,0.5612542629241943,0.26901495456695557,72.57841205596924,8.549952030181885,55.56272482872009,58.59104037284851,0.23495244979858398,1.621446132659912,3.488503932952881
20,29,128.13081336021423,-22569191.0,0.7994055151939392,0.41623395681381226,0.558875322341919,0.2675974369049072,72.52110266685486,8.720808506011963,55.59179949760437,58.380682945251465,0.23448467254638672,1.6210980415344238,3.471322774887085
20,30,127.7614004611969,-22559159.4,0.8025375604629517,0.4196184277534485,0.5623981356620789,0.2703743875026703,72.3773238658905,8.683229923248291,55.36591053009033,58.259448289871216,0.23488879203796387,1.623659372329712,3.4859657287597656
