k,sample,total_time,best_ll,P00,P01,P10,P11,full_fit,gradient_gpu,init_cpu_gpu,mcmc_cpu,optimizer_gpu,transfer_pcie,warm_up_mcmc_cpu
1,1,4.796939849853516,0.0,0.8999999761581421,0.699999988079071,0.5,0.20000000298023224,3.5204222202301025,1.3002629280090332,1.2764716148376465,0.6003241539001465,0.11390209197998047,0.07984542846679688,1.385004997253418
1,2,6.285484075546265,-0.0004000663757324219,0.9998999834060669,0.9998999834060669,9.999999747378752e-05,9.999999747378752e-05,4.93781852722168,1.5432484149932861,1.347625970840454,1.7722361087799072,0.11494255065917969,0.08003616333007812,1.385056495666504
1,3,6.208270311355591,-0.0004000663757324219,0.9998999834060669,9.999999747378752e-05,0.9998999834060669,9.999999747378752e-05,4.914952278137207,1.5332555770874023,1.2932817935943604,1.7595112323760986,0.11394524574279785,0.07936429977416992,1.386401653289795
1,4,6.189795970916748,-0.0004000663757324219,0.9998999834060669,0.9998999834060669,9.999999747378752e-05,9.999999747378752e-05,4.9090845584869385,1.529193639755249,1.2806782722473145,1.759260892868042,0.11409759521484375,0.07951045036315918,1.3845252990722656
1,5,6.175657033920288,-0.0004000663757324219,0.9998999834060669,0.9998999834060669,9.999999747378752e-05,9.999999747378752e-05,4.885150194168091,1.5206122398376465,1.2904739379882812,1.7514901161193848,0.1138465404510498,0.07910609245300293,1.3778629302978516
1,6,5.956160068511963,-0.0004000663757324219,9.999999747378752e-05,0.9998999834060669,9.999999747378752e-05,9.999999747378752e-05,4.647820234298706,1.5104382038116455,1.3083059787750244,1.5205461978912354,0.11403679847717285,0.07934737205505371,1.38136887550354
1,7,6.203833341598511,-0.0004000663757324219,0.9998999834060669,0.9998999834060669,9.999999747378752e-05,9.999999747378752e-05,4.921543836593628,1.5242085456848145,1.282254934310913,1.7817599773406982,0.11383056640625,0.07935643196105957,1.380500078201294
1,8,6.281950235366821,-0.0004000663757324219,0.9998999834060669,0.9998999834060669,9.999999747378752e-05,0.9998999834060669,4.9911439418792725,1.508732795715332,1.290771484375,1.8712806701660156,0.11174392700195312,0.07900691032409668,1.3787100315093994
1,9,4.984352350234985,0.0,0.8999999761581421,0.699999988079071,0.5,0.20000000298023224,3.515296220779419,1.294670820236206,1.469022274017334,0.6004242897033691,0.11455059051513672,0.07928109169006348,1.3856689929962158
1,10,6.28507137298584,-0.0004000663757324219,0.9998999834060669,0.9998999834060669,9.999999747378752e-05,0.9998999834060669,5.018826961517334,1.5346271991729736,1.266209363937378,1.869053840637207,0.11450695991516113,0.0799400806427002,1.3782987594604492
1,11,5.948139429092407,-0.0004000663757324219,9.999999747378752e-05,0.9998999834060669,9.999999747378752e-05,9.999999747378752e-05,4.6904778480529785,1.513986349105835,1.2576267719268799,1.5584309101104736,0.11424946784973145,0.0793461799621582,1.381239414215088
1,12,6.17066764831543,-0.0004000663757324219,0.9998999834060669,0.9998999834060669,9.999999747378752e-05,9.999999747378752e-05,4.9207329750061035,1.5373549461364746,1.249894618988037,1.7642128467559814,0.11371088027954102,0.07914519309997559,1.384204626083374
1,13,6.274165630340576,-0.0004000663757324219,0.9998999834060669,0.9998999834060669,9.999999747378752e-05,0.9998999834060669,5.020751714706421,1.5258333683013916,1.253380537033081,1.8737690448760986,0.11577630043029785,0.07925033569335938,1.3836994171142578
1,14,6.235229015350342,-0.0004000663757324219,0.9998999834060669,0.9998999834060669,9.999999747378752e-05,9.999999747378752e-05,4.912243127822876,1.5381345748901367,1.3229525089263916,1.7511911392211914,0.11629724502563477,0.08038592338562012,1.3832974433898926
1,15,6.18696665763855,-0.0004000663757324219,0.9998999834060669,0.9998999834060669,9.999999747378752e-05,9.999999747378752e-05,4.896912574768066,1.5300483703613281,1.2900125980377197,1.7518939971923828,0.11495184898376465,0.07968997955322266,1.3780527114868164
1,16,14.345852851867676,-0.0004000663757324219,0.9998999834060669,0.9998999834060669,9.999999747378752e-05,9.999999747378752e-05,9.91294550895691,3.0971856117248535,4.43280291557312,2.767594575881958,0.23037028312683105,0.14331388473510742,3.5935847759246826
1,17,12.914917945861816,-0.0004000663757324219,0.9998999834060669,9.999999747378752e-05,9.999999747378752e-05,0.9998999834060669,8.528828382492065,3.0783321857452393,4.385990142822266,1.4146087169647217,0.23175835609436035,0.14195847511291504,3.5804498195648193
1,18,13.856085538864136,-0.0004000663757324219,9.999999747378752e-05,0.9998999834060669,9.999999747378752e-05,9.999999747378752e-05,9.514731407165527,3.1135334968566895,4.341261148452759,2.3398163318634033,0.23274016380310059,0.14736700057983398,3.5995676517486572
1,19,14.703765153884888,-0.0004000663757324219,0.9998999834060669,0.9998999834060669,9.999999747378752e-05,9.999999747378752e-05,10.118218183517456,3.186967134475708,4.5853612422943115,2.7688815593719482,0.23756027221679688,0.15020537376403809,3.689969539642334
1,20,12.183074235916138,0.0,0.8999999761581421,0.699999988079071,0.5,0.20000000298023224,7.7093400955200195,2.704869270324707,4.473640441894531,0.9326024055480957,0.23372673988342285,0.14228081703186035,3.617551565170288
1,21,14.51454782485962,-0.0004000663757324219,0.9998999834060669,9.999999747378752e-05,0.9998999834060669,9.999999747378752e-05,10.097384929656982,3.1320459842681885,4.417052984237671,2.8160927295684814,0.23610806465148926,0.14828109741210938,3.6799509525299072
1,22,14.570236206054688,-0.0004000663757324219,0.9998999834060669,0.9998999834060669,9.999999747378752e-05,9.999999747378752e-05,10.02616000175476,3.1624934673309326,4.5439677238464355,2.7726192474365234,0.23432397842407227,0.1488502025604248,3.6256933212280273
1,23,14.355384349822998,-0.0004000663757324219,0.9998999834060669,9.999999747378752e-05,0.9998999834060669,9.999999747378752e-05,9.991812229156494,3.1261513233184814,4.3634679317474365,2.8129982948303223,0.22837519645690918,0.1411757469177246,3.602548122406006
1,24,14.458494424819946,-0.0004000663757324219,0.9998999834060669,0.9998999834060669,9.999999747378752e-05,9.999999747378752e-05,10.014926671981812,3.205475091934204,4.443465948104858,2.767127752304077,0.23505544662475586,0.1472921371459961,3.5771591663360596
1,25,11.966383218765259,0.0,0.8999999761581421,0.699999988079071,0.5,0.20000000298023224,7.586045980453491,2.6203885078430176,4.380233526229858,0.9244248867034912,0.22770261764526367,0.13716673851013184,3.60052752494812
1,26,14.479514837265015,-0.0004000663757324219,0.9998999834060669,9.999999747378752e-05,0.9998999834060669,9.999999747378752e-05,9.992019891738892,3.11403751373291,4.487398862838745,2.8240373134613037,0.2323300838470459,0.142167329788208,3.598773717880249
1,27,14.00339937210083,-0.0004000663757324219,9.999999747378752e-05,0.9998999834060669,9.999999747378752e-05,9.999999747378752e-05,9.568458318710327,3.16046142578125,4.434837579727173,2.359778881072998,0.22986984252929688,0.14542460441589355,3.5915019512176514
1,28,12.022842168807983,0.0,0.8999999761581421,0.699999988079071,0.5,0.20000000298023224,7.696281909942627,2.7016923427581787,4.3264641761779785,0.9523606300354004,0.2297532558441162,0.14177298545837402,3.594533681869507
1,29,14.218398094177246,-0.0004000663757324219,0.9998999834060669,0.9998999834060669,9.999999747378752e-05,9.999999747378752e-05,9.86318325996399,3.070967435836792,4.355115175247192,2.761932611465454,0.23107147216796875,0.14148545265197754,3.578110694885254
1,30,14.400212049484253,-0.0004000663757324219,0.9998999834060669,9.999999747378752e-05,0.9998999834060669,9.999999747378752e-05,9.96154522895813,3.098095655441284,4.438517093658447,2.8085532188415527,0.23036742210388184,0.14181852340698242,3.602752923965454
2,1,8.368000984191895,-2.9166088104248047,0.9998999834060669,0.4804672598838806,0.9998999834060669,9.999999747378752e-05,7.1269917488098145,1.6946096420288086,1.2409768104553223,3.8024470806121826,0.11781740188598633,0.08209872245788574,1.3869695663452148
2,2,7.153467178344727,-5.634005546569824,0.8342564105987549,0.5306643843650818,0.8342599868774414,9.999999747378752e-05,5.882455110549927,1.6788129806518555,1.2709708213806152,2.5817253589630127,0.11480331420898438,0.08090972900390625,1.3821611404418945
2,3,8.070541858673096,-6.717848300933838,0.9998999834060669,0.2307009994983673,0.8045710325241089,0.4563673436641693,6.797521591186523,1.6700084209442139,1.2729825973510742,3.5040841102600098,0.11445999145507812,0.07984709739685059,1.386340856552124
2,4,6.3759613037109375,-0.0004000663757324219,0.9998999834060669,0.9998999834060669,9.999999747378752e-05,0.9998999834060669,5.043134927749634,1.5263617038726807,1.3327927589416504,1.8961575031280518,0.11417984962463379,0.07891082763671875,1.384493350982666
2,5,8.189908504486084,-7.437168121337891,0.9998999834060669,0.8485053181648254,0.6068412661552429,0.19377772510051727,6.8749613761901855,1.678795576095581,1.3149092197418213,3.569488286972046,0.11484909057617188,0.08113598823547363,1.3880658149719238
2,6,16.78496813774109,-4.558218860626221,0.5388641953468323,0.9998999834060669,0.3140089213848114,9.999999747378752e-05,6.1597840785980225,1.6747097969055176,10.62514328956604,2.854776620864868,0.11494660377502441,0.07996129989624023,1.3925869464874268
2,7,18.869974374771118,-4.535567951202393,0.9998999834060669,0.6891205310821533,0.6468797326087952,9.999999747378752e-05,6.93730092048645,1.6978025436401367,11.932630777359009,3.6172611713409424,0.11504340171813965,0.08051252365112305,1.3843483924865723
2,8,8.329505205154419,-3.600784111022949,0.9998999834060669,9.999999747378752e-05,0.3163590133190155,0.4362124502658844,7.032311201095581,1.7666621208190918,1.29715895652771,1.6542954444885254,0.1142888069152832,0.09363126754760742,3.360626220703125
2,9,6.713472366333008,-1.464145565032959,9.999999747378752e-05,0.9998999834060669,0.9229304790496826,9.999999747378752e-05,5.469103097915649,1.6593801975250244,1.244321346282959,2.204514741897583,0.11218452453613281,0.07833743095397949,1.372570276260376
2,10,7.412070274353027,-3.715693473815918,0.9998999834060669,0.8788513541221619,0.24519501626491547,9.999999747378752e-05,6.120321273803711,1.6806385517120361,1.2917101383209229,2.819673538208008,0.11394715309143066,0.08034229278564453,1.3830394744873047
2,11,8.681843042373657,-5.439011573791504,0.46002453565597534,0.9998999834060669,0.9998999834060669,0.21858441829681396,7.414233684539795,1.668290615081787,1.2675702571868896,4.120598793029785,0.11571884155273438,0.08014202117919922,1.386993408203125
2,12,6.7984631061553955,-4.397592067718506,0.9998999834060669,0.5810862183570862,0.2653423249721527,9.999999747378752e-05,5.506352663040161,1.6724095344543457,1.292076826095581,2.208571195602417,0.11455392837524414,0.08040261268615723,1.3880112171173096
2,13,6.984480619430542,-7.209065914154053,0.9998999834060669,0.6624027490615845,0.24629250168800354,0.27125459909439087,5.706854581832886,1.6776609420776367,1.277585744857788,2.410133123397827,0.11472129821777344,0.0798039436340332,1.3825938701629639
2,15,6.540584087371826,-4.3976030349731445,0.9998999834060669,9.999999747378752e-05,0.5813040733337402,0.2624659240245819,5.274931192398071,1.669304370880127,1.2656116485595703,1.9887630939483643,0.1140143871307373,0.08124899864196777,1.378366470336914
2,16,17.715546131134033,-4.416008949279785,0.9998999834060669,0.481926828622818,0.9998999834060669,9.999999747378752e-05,13.17769455909729,3.393460750579834,4.537638425827026,5.6002113819122314,0.23848772048950195,0.14838123321533203,3.712435722351074
2,17,16.66330885887146,-6.198293685913086,0.9998999834060669,0.23500923812389374,0.9409435391426086,0.2233816236257553,12.260678768157959,3.4078409671783447,4.402515888214111,4.78318190574646,0.23600220680236816,0.1479027271270752,3.6018853187561035
2,18,18.192344188690186,-6.853625679016114,0.9998999834060669,0.43098577857017517,0.8185933232307434,0.24968214333057404,13.760241270065308,3.4200026988983154,4.431958436965942,6.203028678894043,0.23583173751831055,0.1522080898284912,3.6662111282348633
2,19,16.564974784851074,-3.715693712234497,0.245194673538208,0.8788511157035828,0.9998999834060669,9.999999747378752e-05,12.189696311950684,3.448277235031128,4.375172138214111,4.667919874191284,0.2375032901763916,0.14913272857666016,3.603519916534424
2,20,17.711013793945312,-4.27910041809082,0.9998999834060669,0.5045138597488403,0.8388363718986511,9.999999747378752e-05,13.281311750411987,3.3950297832489014,4.429588556289673,5.822936534881592,0.23534607887268066,0.14972472190856934,3.5950326919555664
2,21,18.275991678237915,-4.115541458129883,0.9998999834060669,0.7419650554656982,0.9998999834060669,9.999999747378752e-05,13.868500232696533,3.45821213722229,4.407380819320679,6.324658155441284,0.23844456672668457,0.15127158164978027,3.6092803478240967
2,22,18.34694194793701,-4.576339244842529,0.9498721957206726,0.515150785446167,0.9998999834060669,9.999999747378752e-05,13.955304384231567,3.427021026611328,4.391528844833374,6.434229135513306,0.24766969680786133,0.15408968925476074,3.6085941791534424
2,23,14.959453582763672,-3.574235534667969,0.9998999834060669,9.999999747378752e-05,0.348815381526947,0.3776986598968506,10.329564571380615,3.4211621284484863,4.629790306091309,2.823416233062744,0.24076342582702637,0.14874649047851562,3.6124794483184814
2,24,16.980580806732178,-7.047235488891602,0.40987277030944824,0.9998999834060669,0.6282841563224792,0.24161216616630554,12.577334880828857,3.3882291316986084,4.4031407833099365,4.999319553375244,0.23159146308898926,0.148942232131958,3.604170322418213
2,25,13.675880432128906,-1.3997016429901123,0.9998999834060669,9.999999747378752e-05,9.999999747378752e-05,0.7070319652557373,9.18877911567688,3.3750457763671875,4.487003326416016,1.7401118278503418,0.23385334014892578,0.14699649810791016,3.6088802814483643
2,26,17.883214712142944,-7.334078931808472,0.9998999834060669,0.9998999834060669,0.3335035443305969,0.3566088378429413,13.498401641845703,3.382471799850464,4.384710788726807,6.061306715011597,0.2353527545928955,0.1466999053955078,3.5910229682922363
2,27,15.132631540298462,-4.838961601257324,0.9998999834060669,9.999999747378752e-05,0.5452221035957336,0.5452888607978821,10.68734073638916,3.3797874450683594,4.445186376571655,3.288087844848633,0.23532843589782715,0.14291667938232422,3.560304641723633
2,28,16.241559743881226,-1.4305779457092285,0.9998999834060669,9.999999747378752e-05,0.9040145874023438,9.999999747378752e-05,11.779093980789185,3.388883113861084,4.462346315383911,4.33423924446106,0.23150348663330078,0.1473245620727539,3.5955891609191895
2,29,15.965255737304688,-3.4495480060577393,0.9998999834060669,0.36574772000312805,0.3484969735145569,9.999999747378752e-05,11.617092609405518,3.391874074935913,4.348058462142944,4.180023908615112,0.2389235496520996,0.14756250381469727,3.5755434036254883
2,30,16.296658992767334,-3.793351173400879,0.9998999834060669,0.23734720051288605,0.9998999834060669,9.999999747378752e-05,11.845004320144653,3.3792500495910645,4.451536178588867,4.396445274353027,0.23102545738220215,0.14473557472229004,3.611464738845825
3,1,7.845272779464722,-15.277519607543946,0.5436954498291016,0.027905376628041267,0.9998999834060669,0.39111587405204773,6.567452430725098,1.8171145915985107,1.2777814865112305,3.125501871109009,0.11455726623535156,0.08119320869445801,1.3860149383544922
3,2,9.545451164245605,-20.207371139526366,0.9998999834060669,0.4518166482448578,0.7034775614738464,0.11955814063549042,8.261754989624023,1.8076064586639404,1.283661127090454,4.8287272453308105,0.11440849304199219,0.08020830154418945,1.3886468410491943
3,3,9.28162145614624,-15.943747997283936,0.9205538034439087,0.65110844373703,0.5997862219810486,9.999999747378752e-05,8.027486085891724,1.8157594203948975,1.2541022300720215,4.58568000793457,0.11423468589782715,0.0813748836517334,1.387695550918579
3,4,8.202399253845215,-18.278947257995604,0.3828818202018738,0.9998999834060669,0.47558993101119995,0.19028060138225555,6.899308443069458,1.8093154430389404,1.303056240081787,3.467562437057495,0.1145014762878418,0.08065605163574219,1.3846304416656494
3,5,8.92404556274414,-24.673827362060546,0.9302037358283997,0.347820520401001,0.7619173526763916,0.26356402039527893,7.664816856384277,1.813546895980835,1.25919508934021,4.224825143814087,0.11460089683532715,0.08070659637451172,1.3887076377868652
3,6,8.435399293899536,-22.269156837463377,0.9077931642532349,0.4341050386428833,0.5882184505462646,0.2100202888250351,7.151325225830078,1.8123674392700195,1.2840404510498047,3.715223550796509,0.1134033203125,0.0805363655090332,1.3877906799316406
3,7,8.190894842147827,-11.443501567840576,0.49495452642440796,0.3665257394313812,0.9998999834060669,0.013590590097010136,6.868792772293091,1.8107893466949463,1.3220608234405518,3.4382712841033936,0.11374139785766602,0.07978081703186035,1.383561134338379
3,8,9.26589298248291,-16.67371520996094,0.9482279419898987,0.6202660202980042,0.6914410591125488,9.999999747378752e-05,7.968221426010132,1.8162407875061035,1.2976386547088623,4.529972553253174,0.11368036270141602,0.08044862747192383,1.3849596977233887
3,9,7.564042568206787,-13.856664752960205,0.8320109844207764,0.4843564033508301,0.5607494711875916,9.999999747378752e-05,6.283888816833496,1.8214190006256104,1.2801134586334229,2.831413745880127,0.11543416976928711,0.08172464370727539,1.3907597064971924
3,10,8.016321659088135,-14.805747985839844,0.6999945640563965,0.28520357608795166,0.9998999834060669,0.06573973596096039,6.794275522232056,1.8152122497558594,1.2220041751861572,3.353182554244995,0.11450338363647461,0.08011722564697266,1.3886847496032715
3,11,8.85265040397644,-20.690763092041017,0.9998999834060669,0.6356519460678101,0.3841874897480011,0.17092685401439667,7.578141689300537,1.8569738864898682,1.274463176727295,4.090848922729492,0.11470699310302734,0.08273530006408691,1.389646053314209
3,12,8.571184635162354,-23.447909545898437,0.9998999834060669,0.26117491722106934,0.7395160794258118,0.3051375448703766,7.317894697189331,1.8534517288208008,1.253251075744629,3.8375558853149414,0.11541533470153809,0.08228421211242676,1.3862650394439697
3,13,9.59336519241333,-22.29961528778076,0.38636305928230286,0.9998999834060669,0.89921635389328,0.1621118187904358,8.326088666915894,1.811453104019165,1.267235517501831,4.891703844070435,0.11447668075561523,0.08016109466552734,1.3859291076660156
3,14,7.733805179595947,-8.086458206176758,0.4354178011417389,0.24585135281085968,0.9998999834060669,9.999999747378752e-05,6.487072467803955,1.817237138748169,1.246692419052124,3.0503931045532227,0.11407923698425293,0.0803215503692627,1.3824527263641357
3,15,10.018096685409546,-22.42740840911865,0.9168893098831177,0.2646300196647644,0.9998999834060669,0.2626728117465973,8.755078077316284,1.9853854179382324,1.2629623413085938,5.05893874168396,0.143873929977417,0.08920431137084961,1.4134125709533691
3,16,18.80645728111267,-15.701958465576173,0.7135082483291626,0.8066774606704712,0.5391594767570496,9.999999747378752e-05,14.446580410003662,3.7263050079345703,4.3597495555877686,6.637212514877319,0.2371044158935547,0.1478731632232666,3.6159327030181885
3,17,18.68827724456787,-19.468659019470216,0.9998999834060669,0.3067924380302429,0.5051568746566772,0.2932884097099304,14.180820226669312,3.7217776775360107,4.507317304611206,6.307328939437866,0.2390892505645752,0.15158867835998535,3.676074266433716
3,18,18.869041681289673,-13.574643993377686,0.5939883589744568,0.4241306483745575,0.9998999834060669,0.01600801758468151,14.530678749084473,3.6998748779296875,4.3382408618927,6.772606134414673,0.23472809791564941,0.14844703674316406,3.5922389030456543
3,19,17.89405393600464,-19.622580337524415,0.9998999834060669,0.2500563859939575,0.35320794582366943,0.43413177132606506,13.437128782272339,3.7344937324523926,4.456741809844971,5.627204418182373,0.23218631744384766,0.14910483360290527,3.6123719215393066
3,20,19.906091451644897,-25.419201850891113,0.6644859313964844,0.8833602070808411,0.5979655981063843,0.21042098104953766,15.470664262771606,3.6697328090667725,4.435304641723633,7.720940828323364,0.2375469207763672,0.14916348457336426,3.6095499992370605
3,21,19.990392684936523,-17.180734634399414,0.7324373126029968,0.6908528208732605,0.8170234560966492,9.999999747378752e-05,15.573855638504028,3.6677210330963135,4.416424036026001,7.82489275932312,0.245697021484375,0.15273237228393555,3.5986697673797607
3,22,17.023146152496338,-14.453460502624512,0.9998999834060669,0.1878349483013153,0.42129456996917725,0.25550392270088196,12.591662883758545,3.689671754837036,4.431380271911621,4.832434892654419,0.24172019958496094,0.15244317054748535,3.5925345420837402
3,23,18.597384929656982,-15.748375701904298,0.9998999834060669,0.14307557046413422,0.6865212917327881,0.2136593759059906,14.127668857574463,3.697962999343872,4.469597816467285,6.346175670623779,0.24352431297302246,0.15221381187438965,3.603667974472046
3,24,19.847332239151,-17.785327339172362,0.9998999834060669,0.4972068667411804,0.5709090828895569,0.0734696313738823,15.226595878601074,3.709270477294922,4.620594263076782,7.379977226257324,0.24193739891052246,0.15373659133911133,3.656496047973633
3,25,16.796287536621094,-9.755334186553956,0.23990808427333832,0.3223120868206024,0.9998999834060669,0.10912726074457169,12.305192470550537,3.6610898971557617,4.4909820556640625,4.601749420166016,0.23216581344604492,0.14569544792175293,3.582456588745117
3,26,18.47847270965576,-14.53794002532959,0.4627572000026703,0.7454209923744202,0.7570657134056091,9.999999747378752e-05,13.962883710861206,3.714663028717041,4.515447378158569,6.104862689971924,0.24389886856079102,0.15599775314331055,3.6560041904449463
3,27,19.888190269470215,-22.837915992736818,0.7841554880142212,0.6287787556648254,0.6222695708274841,0.16394846141338348,15.514756202697754,3.678532838821411,4.3733131885528564,7.7793707847595215,0.2366471290588379,0.1507425308227539,3.5865399837493896
3,28,21.146763563156128,-24.738729858398436,0.47570228576660156,0.9998999834060669,0.6770190596580505,0.2422368973493576,16.42693591117859,3.7453644275665283,4.719720363616943,8.578601598739624,0.24304771423339844,0.1550455093383789,3.620575428009033
3,29,17.618261098861694,-12.918669700622559,9.999999747378752e-05,0.7551018595695496,0.7409264445304871,0.3643409311771393,13.082173824310303,3.7232048511505127,4.53596568107605,5.262472867965698,0.2441844940185547,0.1530301570892334,3.6124517917633057
3,30,20.640323877334595,-17.14179039001465,0.7099589705467224,0.9302479028701782,0.7017919421195984,9.999999747378752e-05,16.13072395324707,3.6662800312042236,4.5094897747039795,8.407245874404907,0.23636245727539062,0.14874029159545898,3.589708089828491
4,1,20.731865406036377,-47.28157730102539,0.7941038608551025,0.04471665248274803,0.9998999834060669,0.39239978790283203,8.96706771850586,1.9618558883666992,11.764760732650757,5.383258581161499,0.11390805244445801,0.07919788360595703,1.3865227699279785
4,2,10.657292604446411,-52.10337104797363,0.986989438533783,0.33927449584007263,0.7675204277038574,0.11169541627168655,9.429981708526611,2.003952741622925,1.2272694110870361,5.793434143066406,0.11495447158813477,0.08168673515319824,1.3932766914367676
4,3,9.98704481124878,-42.633829498291014,0.602027952671051,0.503722071647644,0.9998999834060669,0.0344468429684639,8.704653978347778,2.000736951828003,1.2823517322540283,5.078272581100464,0.1153266429901123,0.08172273635864258,1.3853895664215088
4,4,10.121273517608643,-58.45045623779297,0.9998999834060669,0.31256788969039917,0.5095664858818054,0.32120734453201294,8.864783525466919,1.9940121173858643,1.256453275680542,5.241706848144531,0.11578702926635742,0.08219742774963379,1.388054370880127
4,5,11.057517528533936,-65.85571746826172,0.7608296871185303,0.7284647822380066,0.7037513852119446,0.08574780821800232,9.761822938919067,1.955498218536377,1.2956552505493164,6.178625583648682,0.11435627937316895,0.08074522018432617,1.3902947902679443
4,6,10.151703596115112,-41.6725528717041,0.5874140858650208,0.5828558802604675,0.9913352727890015,9.999999747378752e-05,8.858017206192017,1.9624500274658203,1.2936532497406006,5.265769958496094,0.11600208282470703,0.08158135414123535,1.3887732028961182
4,7,8.65461254119873,-28.48875026702881,0.3270440101623535,0.6265981793403625,0.9998999834060669,9.999999747378752e-05,7.3309924602508545,1.9625158309936523,1.3235869407653809,3.7431907653808594,0.11445927619934082,0.08067679405212402,1.3871314525604248
4,8,9.454777240753174,-38.478180694580075,0.6477748155593872,0.6131517887115479,0.7205328941345215,9.999999747378752e-05,8.184307098388672,1.9510340690612793,1.2704260349273682,4.606858491897583,0.11392474174499512,0.0809016227722168,1.3890178203582764
4,9,10.157732725143433,-66.71291885375976,0.7116064429283142,0.5545098781585693,0.7658454775810242,0.1726972758769989,8.867220163345337,2.017563581466675,1.2904748916625977,5.21862006187439,0.11616134643554688,0.0824134349822998,1.3889844417572021
4,10,9.121316909790039,-33.96701316833496,0.5687040090560913,0.5422075390815735,0.8048706650733948,9.999999747378752e-05,7.814279556274414,1.9721977710723877,1.3069980144500732,4.215152978897095,0.11413168907165527,0.0812535285949707,1.3887884616851807
4,11,9.252205848693848,-47.89611968994141,0.9998999834060669,0.3793291449546814,0.545306384563446,0.12230189144611359,7.969374656677246,1.9595410823822021,1.2827956676483154,4.387072801589966,0.11434054374694824,0.08039379119873047,1.38563871383667
4,12,9.106509923934937,-59.17247848510742,0.8559958338737488,0.5768856406211853,0.49777546525001526,0.22911018133163452,7.835577964782715,1.9644625186920166,1.27089262008667,4.248743772506714,0.11486268043518066,0.08145332336425781,1.3833789825439453
4,13,10.108673334121704,-41.938075637817384,0.7824738025665283,0.14459611475467682,0.9998999834060669,0.16798041760921478,8.789786338806152,1.964052677154541,1.3188481330871582,5.202837944030762,0.11422514915466309,0.08093881607055664,1.3851778507232666
4,14,9.290179252624512,-48.23852424621582,0.6886334419250488,0.4939740300178528,0.763391375541687,0.08296319842338562,8.044241905212402,1.9522967338562012,1.2458984851837158,4.467742443084717,0.11391162872314453,0.08048248291015625,1.3871464729309082
4,15,10.604634761810303,-35.78375091552734,0.7294421792030334,0.40682026743888855,0.9998999834060669,9.999999747378752e-05,9.315925359725952,2.010838747024536,1.2886676788330078,5.683007001876831,0.11422276496887207,0.08131742477416992,1.3840744495391846
4,16,20.290510654449463,-61.031852340698244,0.897278904914856,0.3790102005004883,0.5934964418411255,0.2645302712917328,15.762609481811523,3.932523012161255,4.52776575088501,7.696902275085449,0.2340223789215088,0.14983844757080078,3.6659457683563232
4,17,19.957579851150513,-35.26351356506348,0.9194622039794922,0.4629098176956177,0.6014675498008728,9.999999747378752e-05,15.574422359466553,3.9507627487182617,4.383047580718994,7.534193992614746,0.23921489715576172,0.14896416664123535,3.6176464557647705
4,18,21.428478479385376,-65.87741889953614,0.7217941284179688,0.531861424446106,0.8091811537742615,0.1633974313735962,17.074055671691895,3.9471259117126465,4.354304075241089,9.065661191940308,0.23590493202209473,0.14698433876037598,3.5965819358825684
4,19,18.391279220581055,-44.61507148742676,0.5542790293693542,0.5826907157897949,0.5391069054603577,0.18773704767227173,13.995531797409058,3.9783031940460205,4.395637512207031,5.966188430786133,0.2335529327392578,0.14966869354248047,3.5853586196899414
4,20,18.61873960494995,-36.71649436950683,0.5370962619781494,0.5379260182380676,0.7371583580970764,0.02953200973570347,14.174635410308838,3.963893175125122,4.44399619102478,6.126866579055786,0.24037647247314453,0.15195608139038086,3.607119560241699
4,21,20.47908043861389,-42.06951141357422,0.6917731165885925,0.6187878847122192,0.7768558859825134,9.999999747378752e-05,16.114797592163086,4.012231826782227,4.364170074462891,7.999705076217651,0.24971818923950195,0.15896034240722656,3.604468584060669
4,22,20.696958303451538,-57.100949096679685,0.8742873072624207,0.4142259359359741,0.7642309069633484,0.10943127423524857,16.156344413757324,3.946939706802368,4.540505409240723,8.102128505706787,0.23778247833251953,0.1472609043121338,3.638474702835083
4,23,21.027307271957397,-55.66064338684082,0.6505132913589478,0.6723227500915527,0.9137488603591919,0.03851506486535072,16.63245725631714,3.9433584213256836,4.394742250442505,8.58842134475708,0.24991488456726074,0.15333104133605957,3.6126937866210938
4,24,20.327404499053955,-56.26301498413086,0.49066945910453796,0.9998999834060669,0.5246002674102783,0.13206994533538818,15.871174812316895,3.9772584438323975,4.45610785484314,7.839761734008789,0.24307894706726074,0.1535344123840332,3.572553873062134
4,25,19.12199640274048,-48.70016326904297,0.8501348495483398,0.12619082629680634,0.6612328290939331,0.3564572036266327,14.704413890838623,3.963470935821533,4.4174065589904785,6.629740238189697,0.23976397514343262,0.15000128746032715,3.636608123779297
4,26,19.745991945266724,-55.286962890625,0.802139163017273,0.3413323760032654,0.682063102722168,0.2395780086517334,15.275867462158203,3.985563278198242,4.469998359680176,7.2256996631622314,0.24010586738586426,0.15192079544067383,3.58862042427063
4,27,19.084880113601685,-38.932644271850585,0.5272265076637268,0.9998999834060669,0.183065265417099,0.22404611110687256,14.54851222038269,3.9728827476501465,4.536250352859497,6.41340184211731,0.23598122596740723,0.14819884300231934,3.6945269107818604
4,28,19.31169295310974,-49.86572418212891,0.840040922164917,0.41507571935653687,0.49231091141700745,0.21735823154449463,14.915172100067139,3.9898674488067627,4.396409749984741,6.870718240737915,0.2378520965576172,0.1492750644683838,3.5863797664642334
4,29,19.267183780670166,-35.300851058959964,0.5501711964607239,0.6641722917556763,0.6928733587265015,9.999999747378752e-05,14.905981063842773,3.977386713027954,4.361093282699585,6.846831321716309,0.23533177375793457,0.1487443447113037,3.615307569503784
4,30,22.073890447616577,-61.62859764099121,0.8445520997047424,0.6032845377922058,0.7319015860557556,0.07083933800458908,17.51039433479309,3.96286940574646,4.563392162322998,9.468993902206421,0.23938274383544922,0.15364313125610352,3.601623058319092
5,1,9.351810932159424,-117.24677886962891,0.7206637263298035,0.4227408170700073,0.6252291202545166,0.18984255194664001,8.12998914718628,2.150559425354004,1.2217824459075928,4.351644992828369,0.11466360092163086,0.08210277557373047,1.388420820236206
5,2,10.81728219985962,-137.08978881835938,0.636356770992279,0.7199503183364868,0.6687616109848022,0.08176885545253754,9.477301836013794,2.098924160003662,1.3399443626403809,5.750988960266113,0.11467528343200684,0.08123588562011719,1.3890275955200195
5,3,12.03314757347107,-123.86166229248047,0.7310958504676819,0.7193588018417358,0.7408064007759094,0.03913319110870361,10.773944616317749,2.1006765365600586,1.2591676712036133,7.044340372085571,0.11471748352050781,0.08057641983032227,1.3907780647277832
5,4,10.042935609817505,-87.81070175170899,0.6567988991737366,0.5802008509635925,0.7305443286895752,9.999999747378752e-05,8.772216320037842,2.0947742462158203,1.2706856727600098,5.051854848861694,0.11410307884216309,0.08103013038635254,1.3879961967468262
5,5,9.480724334716797,-84.61506805419921,0.5996339321136475,0.7569822072982788,0.03291314095258713,0.5790519118309021,8.13474416732788,2.105654001235962,1.3459460735321045,4.405688762664795,0.11404752731323242,0.0813751220703125,1.3862032890319824
5,6,21.82399010658264,-105.48390045166016,0.5430727005004883,0.6917489767074585,0.8829209804534912,9.999999747378752e-05,10.077657461166382,2.110285520553589,11.746291875839233,6.3455352783203125,0.11454200744628906,0.08118295669555664,1.383589744567871
5,7,10.379600286483765,-136.78197021484374,0.7915143370628357,0.4040471613407135,0.626449465751648,0.22923341393470764,9.127509593963623,2.0993661880493164,1.2520554065704346,5.4011390209198,0.11444330215454102,0.08065009117126465,1.3896338939666748
5,8,10.901506900787354,-116.70159912109375,0.7140283584594727,0.5352239608764648,0.7498776912689209,0.05558701977133751,9.528919696807861,2.108823537826538,1.3725512027740479,5.792189598083496,0.11542344093322754,0.08094239234924316,1.3890347480773926
5,9,11.332979679107666,-142.4923080444336,0.6447166800498962,0.645591139793396,0.7501366138458252,0.07218780368566513,10.054719924926758,2.123948812484741,1.278217077255249,6.302696466445923,0.11453628540039062,0.08158397674560547,1.3889129161834717
5,10,11.647643804550171,-99.01913909912109,0.7676176428794861,0.5028896331787109,0.7940233945846558,9.999999747378752e-05,10.256121635437012,2.0996038913726807,1.3914813995361328,6.531150817871094,0.11464953422546387,0.08103036880493164,1.386603593826294
5,11,9.867698669433594,-89.62874603271484,0.46902984380722046,0.7150843143463135,0.8356488347053528,9.999999747378752e-05,8.483777523040771,2.1031055450439453,1.3838796615600586,4.7610156536102295,0.1138753890991211,0.08062171936035156,1.3826563358306885
5,12,11.189577102661133,-151.2198516845703,0.6121147871017456,0.6746466159820557,0.7902066111564636,0.12274143099784851,9.95784306526184,2.1280667781829834,1.2317001819610596,6.200764179229736,0.11585021018981934,0.08193516731262207,1.3882944583892822
5,13,10.23579740524292,-144.67223663330077,0.5754324197769165,0.6050809025764465,0.7482449412345886,0.1584826558828354,8.930095672607422,2.108785390853882,1.3056597709655762,5.190695285797119,0.11604547500610352,0.08106589317321777,1.3907408714294434
5,14,10.832915306091309,-166.13200836181642,0.7148624658584595,0.3966541588306427,0.78461092710495,0.25410497188568115,9.57565712928772,2.1027586460113525,1.2572240829467773,5.846642017364502,0.11434268951416016,0.08142685890197754,1.3881211280822754
5,15,11.16555905342102,-165.50394287109376,0.5863759517669678,0.5575331449508667,0.8409514427185059,0.18684440851211548,9.845055341720581,2.1005935668945312,1.320462942123413,6.107232093811035,0.11435174942016602,0.08156633377075195,1.398538589477539
5,16,22.38299012184143,-122.57674713134766,0.8208305239677429,0.5499016046524048,0.5955236554145813,0.08598539233207703,17.883838176727295,4.251112937927246,4.499044418334961,9.523616552352905,0.24515604972839355,0.15828585624694824,3.6208906173706055
5,17,22.37897777557373,-151.4445785522461,0.702716052532196,0.6377512216567993,0.6975382566452026,0.12417217344045639,17.84370231628418,4.210386037826538,4.535139799118042,9.54071831703186,0.24317336082458496,0.15502619743347168,3.60952091217041
5,18,22.88632369041443,-133.62743072509767,0.6978850960731506,0.6248341798782349,0.7830111980438232,0.05521343648433685,18.39837384223938,4.311955451965332,4.487799882888794,10.007615566253662,0.23290514945983887,0.1505908966064453,3.6096818447113037
5,19,23.38475728034973,-145.3374465942383,0.8858481049537659,0.4673711657524109,0.6405766010284424,0.1318197101354599,18.968889474868774,4.292430877685547,4.41574764251709,10.571365594863892,0.2536923885345459,0.16344928741455078,3.6032028198242188
5,20,22.672901153564453,-144.2982971191406,0.7621694207191467,0.6421529650688171,0.5655367374420166,0.13455703854560852,18.26284170150757,4.304230213165283,4.409923315048218,9.842871189117432,0.2548074722290039,0.16042184829711914,3.614231824874878
5,21,23.361429929733276,-151.74363708496094,0.6770224571228027,0.6148465275764465,0.8247494101524353,0.07832523435354233,18.882155656814575,4.2115137577056885,4.479161977767944,10.639501333236694,0.228501558303833,0.14631962776184082,3.5739378929138184
5,22,22.529998064041138,-145.39355010986327,0.682131290435791,0.6075208187103271,0.6908418536186218,0.12323921173810959,18.001808881759644,4.258457660675049,4.528023958206177,9.6330406665802,0.23514580726623535,0.14857959747314453,3.644251823425293
5,23,23.870787382125854,-158.87332611083986,0.9050676822662354,0.5052160024642944,0.6275212168693542,0.14436094462871552,19.420647382736206,4.2700090408325195,4.450023412704468,11.08260178565979,0.24038100242614746,0.15243005752563477,3.5899181365966797
5,24,22.532047748565674,-141.31378936767578,0.7612220644950867,0.4840288460254669,0.7102864980697632,0.13993538916110992,17.927249908447266,4.258363962173462,4.604679346084595,9.584854125976562,0.2377772331237793,0.1533355712890625,3.6083521842956543
5,25,22.54237651824951,-138.9078826904297,0.9998999834060669,0.3595515191555023,0.40721702575683594,0.31772834062576294,18.116209983825684,4.2944016456604,4.42604923248291,9.760010004043579,0.24068760871887207,0.15488338470458984,3.579939126968384
5,26,21.37366008758545,-144.10538635253906,0.8031522631645203,0.39292702078819275,0.45400160551071167,0.3935542702674866,16.912433385849,4.330476760864258,4.461061716079712,8.476488590240479,0.23485517501831055,0.15192246437072754,3.6343581676483154
5,27,22.235628843307495,-135.20747985839844,0.774354875087738,0.5438817739486694,0.539178729057312,0.16900323331356049,17.834457397460938,4.237889766693115,4.4010608196258545,9.468064308166504,0.2379443645477295,0.15149688720703125,3.6556191444396973
5,28,22.227051973342896,-106.2418342590332,0.5499275326728821,0.7217307090759277,0.8426328301429749,9.999999747378752e-05,17.7841637134552,4.210806131362915,4.442765474319458,9.499674558639526,0.2381758689880371,0.14800214767456055,3.605670690536499
5,29,23.711535692214966,-151.22149353027345,0.7480877041816711,0.41630318760871887,0.8536257147789001,0.14889131486415863,19.162477493286133,4.272535085678101,4.548853635787964,10.726197004318237,0.2431812286376953,0.1555643081665039,3.6796510219573975
5,30,21.73954486846924,-143.24261932373048,0.5604930520057678,0.5875220894813538,0.7983036637306213,0.14547760784626007,17.29801106452942,4.272779941558838,4.441384315490723,8.937358140945435,0.23398327827453613,0.14908933639526367,3.622514486312866
7,2,13.062028646469116,-755.5900817871094,0.7870309948921204,0.49504324793815613,0.6208910942077637,0.15804515779018402,11.775107383728027,2.4019744396209717,1.2868781089782715,7.744189500808716,0.114990234375,0.08110356330871582,1.389967441558838
7,3,13.316078186035156,-756.7024597167969,0.8208475112915039,0.41544580459594727,0.6403667330741882,0.17952799797058105,11.966876029968262,2.4105453491210938,1.3491671085357666,7.924881935119629,0.11517000198364258,0.0811619758605957,1.392639398574829
7,4,12.379812240600586,-765.00703125,0.7515909075737,0.444694459438324,0.642963707447052,0.21208727359771729,11.099547386169434,2.408432722091675,1.2802248001098633,7.058586835861206,0.11626291275024414,0.08113551139831543,1.3921339511871338
7,5,12.53859806060791,-740.71181640625,0.7170734405517578,0.5394212007522583,0.6769632697105408,0.12534718215465546,11.287134885787964,2.4206063747406006,1.2514216899871826,7.2363646030426025,0.1160738468170166,0.0812997817993164,1.3895771503448486
7,6,12.75940227508545,-746.8428588867188,0.6937938928604126,0.5232981443405151,0.7115199565887451,0.13281945884227753,11.450975179672241,2.4913487434387207,1.3083648681640625,7.309976816177368,0.1271054744720459,0.08422327041625977,1.3856446743011475
7,7,23.026575565338135,-753.9333068847657,0.7032449841499329,0.5291858911514282,0.68192058801651,0.1402415931224823,11.220711469650269,2.4175500869750977,11.80582070350647,7.166279554367065,0.1150674819946289,0.08179807662963867,1.3970541954040527
7,8,12.71432375907898,-786.498486328125,0.7586533427238464,0.4746887981891632,0.6143413782119751,0.20911376178264618,11.43643307685852,2.409219980239868,1.2778494358062744,7.397872686386108,0.11625504493713379,0.08129525184631348,1.389327049255371
7,9,12.261528015136719,-764.4260192871094,0.6767240166664124,0.5652178525924683,0.6670252084732056,0.14899182319641113,10.914236783981323,2.4048080444335938,1.3472495079040527,6.880678653717041,0.11445498466491699,0.08174824714660645,1.389235258102417
7,10,13.395884990692139,-786.1728210449219,0.8196215033531189,0.46705546975135803,0.559220016002655,0.21525464951992035,11.980015277862549,2.4153287410736084,1.415834665298462,7.934515714645386,0.11533951759338379,0.08246493339538574,1.3892335891723633
7,11,12.26625919342041,-783.3227416992188,0.7075369954109192,0.5153864622116089,0.6629001498222351,0.17707078158855438,10.94712233543396,2.4308128356933594,1.319096565246582,6.882678985595703,0.11663937568664551,0.08189678192138672,1.3920412063598633
7,12,12.711315631866455,-725.577392578125,0.7330588102340698,0.5453289151191711,0.6647958755493164,0.11153554171323776,11.444495439529419,2.418741464614868,1.2667806148529053,7.395390033721924,0.11481738090515137,0.08148527145385742,1.3909296989440918
7,13,12.37239956855774,-768.527685546875,0.6870846748352051,0.565765380859375,0.6540971994400024,0.15086963772773743,11.089771509170532,2.415815591812134,1.282585620880127,7.047114849090576,0.11428427696228027,0.08162188529968262,1.3878726959228516
7,14,13.075732231140137,-722.3999145507812,0.7628151178359985,0.5401051640510559,0.6595958471298218,0.11686328053474426,11.788970232009888,2.410013437271118,1.286726951599121,7.747661590576172,0.11652612686157227,0.08132052421569824,1.390660285949707
7,15,12.47824740409851,-712.5400329589844,0.6773967742919922,0.595885694026947,0.7047662734985352,0.10255022346973419,11.19408655166626,2.4168741703033447,1.28411865234375,7.14690899848938,0.11658120155334473,0.08159685134887695,1.3889954090118408
7,16,24.860651969909668,-762.2522277832031,0.6319876313209534,0.5986992120742798,0.6846497654914856,0.1334306001663208,20.418474674224854,4.873085021972656,4.44202446937561,11.453142166137695,0.23481535911560059,0.1491689682006836,3.624464988708496
7,17,25.338942527770996,-808.4649780273437,0.7310073971748352,0.4253140985965729,0.6509202122688293,0.2460433691740036,20.891741037368774,4.876797676086426,4.4470720291137695,11.817982912063599,0.2462151050567627,0.15458178520202637,3.7085490226745605
7,18,26.025825262069702,-770.0716979980468,0.7651598453521729,0.47429075837135315,0.6483377814292908,0.17442767322063446,21.655279874801636,4.868773460388184,4.370433330535889,12.614279747009277,0.2438490390777588,0.15447020530700684,3.6878888607025146
7,19,26.055453538894653,-765.175537109375,0.739007294178009,0.5000383257865906,0.6667719483375549,0.16102150082588196,21.64560103416443,4.886542081832886,4.409716606140137,12.69925594329834,0.23967456817626953,0.14991545677185059,3.5847702026367188
7,20,26.277310371398926,-709.5647094726562,0.7244789004325867,0.5077024102210999,0.7075505256652832,0.11452315747737885,21.886372804641724,4.829687833786011,4.390810251235962,12.960334062576294,0.24274730682373047,0.15243959426879883,3.616205930709839
7,21,26.060784578323364,-762.1391235351563,0.7087063789367676,0.5261847376823425,0.6695372462272644,0.14923524856567383,21.67052984237671,4.822444438934326,4.390109539031982,12.774511098861694,0.2411174774169922,0.1528792381286621,3.5948874950408936
7,22,25.83066463470459,-784.0158996582031,0.7785776257514954,0.457038938999176,0.6299078464508057,0.21213234961032867,21.423930406570435,4.85643458366394,4.406599044799805,12.478394508361816,0.24530839920043945,0.1570112705230713,3.6025314331054688
7,23,25.418678522109985,-787.0711120605469,0.7647015452384949,0.46022164821624756,0.6224961876869202,0.21995581686496735,21.061784505844116,4.887259244918823,4.356781721115112,12.088486671447754,0.2477734088897705,0.15625882148742676,3.596817970275879
7,24,26.50786328315735,-764.1982971191406,0.7728666067123413,0.45379483699798584,0.6457861661911011,0.1841655820608139,21.973079919815063,4.875909090042114,4.534658432006836,12.809372663497925,0.2565772533416748,0.1605210304260254,3.7802741527557373
7,25,26.42739486694336,-745.3648132324219,0.7552412152290344,0.47308582067489624,0.6706247925758362,0.15333916246891022,22.01835870742798,4.9189512729644775,4.4089179039001465,12.94516110420227,0.25402092933654785,0.1641244888305664,3.6490883827209473
7,26,26.431720972061157,-750.308544921875,0.7927616238594055,0.45203620195388794,0.6417827010154724,0.18028849363327026,22.07864999771118,4.810117959976196,4.352964401245117,13.14999270439148,0.24512791633605957,0.15906763076782227,3.6296205520629883
7,27,25.32390332221985,-789.8785339355469,0.7278245687484741,0.5050644278526306,0.6255074143409729,0.197403222322464,21.062546014785767,4.92469596862793,4.261225938796997,12.098482131958008,0.23791265487670898,0.1547558307647705,3.562324285507202
7,28,25.030463933944702,-683.2451049804688,0.6223569512367249,0.6217278242111206,0.7497612237930298,0.0673423632979393,20.69573736190796,4.8354926109313965,4.334613084793091,11.719589471817017,0.23890471458435059,0.15012645721435547,3.6652872562408447
7,29,25.471468210220337,-791.8428771972656,0.7857901453971863,0.4607252776622772,0.5882484316825867,0.22394010424613953,21.1044180393219,4.832552671432495,4.366936445236206,12.233054876327515,0.23595929145812988,0.15438318252563477,3.5637519359588623
7,30,24.231238842010498,-766.0088439941406,0.5818741321563721,0.5686837434768677,0.7414692640304565,0.16538193821907043,19.893828868865967,4.826678276062012,4.3372650146484375,11.005712509155273,0.23538827896118164,0.1509406566619873,3.59153151512146
8,1,12.991620302200317,-1771.9466796875,0.7017390727996826,0.5625762939453125,0.6837102770805359,0.1278105527162552,11.71706485748291,2.54091739654541,1.2745110988616943,7.549742221832275,0.11419844627380371,0.08170151710510254,1.3872570991516113
8,2,12.678739786148071,-1898.6685791015625,0.7641381621360779,0.4261188209056854,0.6501494646072388,0.23553504049777985,11.417360782623291,2.5504722595214844,1.2613377571105957,7.239510774612427,0.11446785926818848,0.08252096176147461,1.3872647285461426
8,3,12.901580095291138,-1802.3412841796876,0.7122780680656433,0.49811550974845886,0.7101479172706604,0.15648363530635834,11.661691427230835,2.555979013442993,1.2398505210876465,7.474773645401001,0.11563420295715332,0.08291959762573242,1.3894805908203125
8,4,13.284284591674805,-1859.5594970703125,0.7830134034156799,0.5007917881011963,0.5999516248703003,0.20289938151836395,12.018586158752441,2.5465149879455566,1.2656550407409668,7.841769218444824,0.11442804336547852,0.08134698867797852,1.3917031288146973
8,5,13.227823495864868,-1772.9774169921875,0.7285574674606323,0.5250336527824402,0.6696927547454834,0.14128655195236206,11.898231506347656,2.568512201309204,1.3295466899871826,7.697160005569458,0.11408543586730957,0.0818026065826416,1.3937599658966064
8,6,12.485259294509888,-1879.6351318359375,0.7495197057723999,0.46411243081092834,0.6267049312591553,0.22849087417125702,11.197388410568237,2.552501678466797,1.2878336906433105,7.021172046661377,0.11443924903869629,0.08127164840698242,1.3855810165405273
8,7,13.474369764328003,-1824.7244140625,0.7662863731384277,0.5130457878112793,0.6269356608390808,0.16655951738357544,12.000022888183594,2.5483129024505615,1.4743030071258545,7.824963092803955,0.1148538589477539,0.08141255378723145,1.387732982635498
8,8,26.16688084602356,-1845.920751953125,0.7062410712242126,0.4917406141757965,0.6941051483154297,0.1810442954301834,11.397371768951416,2.5023746490478516,14.769463777542114,7.2599101066589355,0.11187362670898438,0.07980084419250488,1.4024763107299805
8,9,23.739529609680176,-1856.9192138671874,0.7817176580429077,0.4716950058937073,0.6206872463226318,0.19732703268527985,11.938133001327515,2.554097890853882,11.80135464668274,7.754308223724365,0.11488866806030273,0.0818624496459961,1.390181541442871
8,10,12.960789918899536,-1798.8716552734375,0.7191329002380371,0.5240939855575562,0.6915316581726074,0.14711938798427582,11.740649461746216,2.5770211219787598,1.2200958728790283,7.536885976791382,0.11489009857177734,0.08136272430419922,1.387557029724121
8,11,13.153228044509888,-1832.9946533203124,0.7400193214416504,0.4855791926383972,0.6580513715744019,0.17302502691745758,11.746708869934082,2.5593228340148926,1.406482219696045,7.561630725860596,0.11438107490539551,0.08122372627258301,1.3879814147949219
8,12,13.581218957901001,-1787.7867797851563,0.7402438521385193,0.5119580626487732,0.6904619932174683,0.14361466467380524,12.30928635597229,2.5454485416412354,1.2718915939331055,8.139445304870605,0.1142582893371582,0.0815274715423584,1.3859939575195312
8,13,12.850598096847534,-1773.4213134765625,0.6855834722518921,0.5496495366096497,0.6945230960845947,0.13502034544944763,11.445317506790161,2.563910722732544,1.4052433967590332,7.25403618812561,0.1154167652130127,0.08250665664672852,1.3861701488494873
8,14,12.673941850662231,-1878.2941162109375,0.7191433906555176,0.4689205288887024,0.6812023520469666,0.20734861493110657,11.425453662872314,2.5864646434783936,1.248445749282837,7.214843511581421,0.11526083946228027,0.08124327659606934,1.3850135803222656
8,15,13.690513372421265,-1829.4579711914062,0.8482014536857605,0.4650178551673889,0.6149047613143921,0.19697205722332,12.383228302001953,2.5541415214538574,1.307248592376709,8.202800035476685,0.11517524719238281,0.08151960372924805,1.386951208114624
8,16,26.095030307769775,-1786.3601196289062,0.7296048402786255,0.503714382648468,0.6952376961708069,0.15569356083869934,21.737884998321533,5.11232852935791,4.357028961181641,12.558868885040283,0.2342829704284668,0.15177106857299805,3.597487449645996
8,17,26.14180898666382,-1843.359765625,0.7768803238868713,0.4581114947795868,0.609612762928009,0.19554397463798523,21.774698972702026,5.201110124588013,4.366974115371704,12.511578798294067,0.2383255958557129,0.15488362312316895,3.584543228149414
8,18,25.672162294387817,-1820.3097045898437,0.7230542302131653,0.5255537629127502,0.6644271612167358,0.15587244927883148,21.21366310119629,5.09736704826355,4.4583611488342285,12.085337400436401,0.23598909378051758,0.15035700798034668,3.5617988109588623
8,19,25.89256739616394,-1855.3559326171876,0.7786248326301575,0.4523325562477112,0.6158087849617004,0.2002364844083786,21.550464391708374,5.132671594619751,4.341990232467651,12.327946186065674,0.23660516738891602,0.15399789810180664,3.6162467002868652
8,20,26.26041316986084,-1763.011181640625,0.7116952538490295,0.553207516670227,0.6906403303146362,0.12640251219272614,21.920280933380127,5.304719686508179,4.340027570724487,12.516266822814941,0.2401599884033203,0.15928006172180176,3.613292932510376
8,21,25.95054340362549,-1810.5974365234374,0.7380368113517761,0.5112966299057007,0.6730719208717346,0.15510036051273346,21.551199674606323,5.135619163513184,4.3992109298706055,12.287018060684204,0.24997591972351074,0.15981674194335938,3.63063383102417
8,22,25.385406017303467,-1782.48046875,0.6915331482887268,0.5654082894325256,0.6752141118049622,0.1373300552368164,21.00014305114746,5.145167827606201,4.385140895843506,11.768091201782227,0.24304437637329102,0.15181565284729004,3.6069345474243164
8,23,26.22308611869812,-1824.25302734375,0.7678244113922119,0.45550939440727234,0.6645527482032776,0.18198299407958984,21.83468532562256,5.153722286224365,4.388272523880005,12.534501791000366,0.2511262893676758,0.15990829467773438,3.6474192142486572
8,24,25.135023593902588,-1905.0355590820313,0.7077596187591553,0.4976319968700409,0.6501601934432983,0.2140355408191681,20.70818519592285,5.123219728469849,4.426710367202759,11.49911093711853,0.23732471466064453,0.14975261688232422,3.6142075061798096
8,25,26.10908555984497,-1770.4267700195312,0.7120174169540405,0.5253545641899109,0.6911606788635254,0.13886934518814087,21.736397981643677,5.0945446491241455,4.372554302215576,12.525170087814331,0.2426297664642334,0.1526951789855957,3.6348092555999756
8,26,26.22899293899536,-1812.47421875,0.7243776321411133,0.5189053416252136,0.6839275360107422,0.15858618915081024,21.868857622146606,5.147318124771118,4.360001564025879,12.677010536193848,0.2380962371826172,0.1505904197692871,3.571216344833374
8,27,25.891972064971924,-1809.5174560546875,0.7291745543479919,0.4712084233760834,0.7211816310882568,0.17908143997192383,21.552412748336792,5.194641351699829,4.339441776275635,12.172425031661987,0.25330162048339844,0.15646958351135254,3.6863536834716797
8,28,26.11301302909851,-1812.0024291992188,0.7055291533470154,0.49639326333999634,0.7021521925926208,0.16068387031555176,21.6562557220459,5.099613666534424,4.456627130508423,12.471568584442139,0.2394707202911377,0.15373015403747559,3.6057827472686768
8,29,25.905001878738403,-1821.4818237304687,0.7365508079528809,0.5478233695030212,0.6334771513938904,0.1575378179550171,21.40421223640442,5.137320280075073,4.500668287277222,12.220875024795532,0.24010181427001953,0.14804625511169434,3.57261323928833
8,30,25.973445415496826,-1827.8692749023437,0.7611483931541443,0.4948328137397766,0.6420632004737854,0.17322638630867004,21.58711552619934,5.101072072982788,4.386195659637451,12.446171522140503,0.24082636833190918,0.15282106399536133,3.5618057250976562
9,1,14.07856011390686,-4360.08359375,0.7650678753852844,0.4622226357460022,0.6378746032714844,0.2114732712507248,12.820687294006348,2.708031415939331,1.257854700088501,8.479192733764648,0.11426353454589844,0.08253002166748047,1.3940374851226807
9,2,14.40113639831543,-4329.698974609375,0.7728458046913147,0.4669957756996155,0.6399832367897034,0.21235410869121552,13.09347939491272,2.7163326740264893,1.3076400756835938,8.75068974494934,0.11467671394348145,0.08243751525878906,1.3868443965911865
9,3,14.005378484725952,-4314.39521484375,0.7355502247810364,0.49886369705200195,0.6489443778991699,0.18788045644760132,12.745935916900635,2.7052695751190186,1.259425401687622,8.389853477478027,0.11534595489501953,0.08383774757385254,1.408674955368042
9,4,14.54634165763855,-4282.889794921875,0.7965977787971497,0.47392651438713074,0.6157282590866089,0.19628243148326874,13.282453775405884,2.692352294921875,1.263869047164917,8.95608401298523,0.11433029174804688,0.08338785171508789,1.3932397365570068
9,5,13.994796752929688,-4368.047509765625,0.7492298483848572,0.47908180952072144,0.6455087065696716,0.2076462060213089,12.696014881134033,2.7001688480377197,1.2987639904022217,8.362245321273804,0.11640238761901855,0.08327984809875488,1.3902881145477295
9,6,14.31199312210083,-4031.1114013671877,0.6724753975868225,0.5634861588478088,0.7225576639175415,0.11275772005319595,12.981731176376343,2.7098779678344727,1.3302438259124756,8.63071084022522,0.1156916618347168,0.08429598808288574,1.3971178531646729
9,7,14.28499174118042,-4242.53779296875,0.7517092823982239,0.49286535382270813,0.6503778696060181,0.17494088411331177,12.970235347747803,2.705972194671631,1.3147385120391846,8.631421566009521,0.11473679542541504,0.0830225944519043,1.3922224044799805
9,8,14.444622993469238,-4281.65478515625,0.7563717365264893,0.4853155314922333,0.6429947018623352,0.18656738102436066,13.170549392700195,2.762101411819458,1.2740557193756104,8.75789213180542,0.12223005294799805,0.08469009399414062,1.39475679397583
9,9,24.85416293144226,-4367.71103515625,0.7826297283172607,0.45770570635795593,0.6201061010360718,0.21522478759288788,13.054676294326782,2.7881367206573486,11.79946756362915,8.62608790397644,0.11604022979736328,0.08387398719787598,1.397606611251831
9,10,14.212709665298462,-4189.172998046875,0.7280277013778687,0.5192146301269531,0.6708552837371826,0.15366925299167633,12.96160626411438,2.703784227371216,1.2510855197906494,8.620511531829834,0.11636567115783691,0.08437466621398926,1.3927781581878662
9,11,14.423487186431885,-4295.605908203125,0.7690941691398621,0.46080899238586426,0.6439767479896545,0.19836756587028503,13.164949893951416,2.701813220977783,1.2585203647613525,8.831553220748901,0.11450457572937012,0.08286666870117188,1.3910298347473145
9,12,14.021245002746582,-4254.558154296875,0.7184311747550964,0.516888439655304,0.6762281060218811,0.16459743678569794,12.731873512268066,2.701286554336548,1.2893564701080322,8.3957359790802,0.11629962921142578,0.08356714248657227,1.391688585281372
9,13,14.439091205596924,-4325.436669921875,0.7648712396621704,0.46768632531166077,0.6431185603141785,0.2058955878019333,13.175658226013184,2.6925344467163086,1.2634153366088867,8.845152378082275,0.11551451683044434,0.08362555503845215,1.3966560363769531
9,14,14.136509418487549,-4310.033740234375,0.7518168091773987,0.4873376488685608,0.6483805775642395,0.19401414692401886,12.852912902832031,2.700521945953369,1.2835779190063477,8.51900601387024,0.11494874954223633,0.08196592330932617,1.3939669132232666
9,15,14.331356525421143,-4229.14443359375,0.7069662809371948,0.5138497948646545,0.7017689347267151,0.1699095219373703,12.986993551254272,2.7044272422790527,1.3443446159362793,8.648765563964844,0.11474776268005371,0.08246397972106934,1.392944574356079
9,16,28.882861614227295,-4292.50634765625,0.7566481828689575,0.5019516348838806,0.6430818438529968,0.18281812965869904,24.368634462356567,5.439659118652344,4.514088153839111,14.804478645324707,0.23731684684753418,0.15244555473327637,3.650503158569336
9,17,27.68481469154358,-4261.91123046875,0.721479058265686,0.5057167410850525,0.6773589253425598,0.1719396710395813,23.301162481307983,5.43215537071228,4.3835837841033936,13.72187614440918,0.2532815933227539,0.1618947982788086,3.6446781158447266
9,18,27.84848952293396,-4430.43408203125,0.7755182385444641,0.43551966547966003,0.610867977142334,0.24406960606575012,23.454342126846313,5.422511100769043,4.39407753944397,13.92121148109436,0.2519040107727051,0.1588451862335205,3.6126487255096436
9,19,28.943020343780518,-4286.055224609375,0.7432414293289185,0.5013694763183594,0.6489582061767578,0.18052761256694794,23.776391983032227,5.3863561153411865,5.166549205780029,14.33589792251587,0.23303723335266113,0.14894676208496094,3.5890352725982666
9,20,28.314220428466797,-4059.66494140625,0.6966869235038757,0.5521601438522339,0.7107601761817932,0.12101169675588608,23.894447326660156,5.43359899520874,4.419715642929077,14.28272533416748,0.2541940212249756,0.15758538246154785,3.6793692111968994
9,21,28.07463788986206,-4210.899658203125,0.7218396067619324,0.5190155506134033,0.6713780760765076,0.1571686565876007,23.664366960525513,5.523615837097168,4.410202503204346,14.078170537948608,0.24065446853637695,0.15607500076293945,3.5794458389282227
9,22,29.087909698486328,-4288.050927734375,0.7619590163230896,0.4779773950576782,0.6404727101325989,0.1978786736726761,24.303565979003906,5.472156763076782,4.784223794937134,14.59149694442749,0.2421398162841797,0.1581425666809082,3.7362468242645264
9,23,29.111003398895264,-4318.880126953125,0.7979928851127625,0.48239684104919434,0.5939432978630066,0.20414060354232788,24.69565224647522,5.451659917831421,4.415282726287842,15.126214027404785,0.24497461318969727,0.15807342529296875,3.6287636756896973
9,24,27.822917461395264,-4212.98896484375,0.7021459937095642,0.5112606287002563,0.6982557773590088,0.16182942688465118,23.321946144104004,5.464064836502075,4.500898122787476,13.782989025115967,0.23881316184997559,0.15220165252685547,3.5979392528533936
9,25,28.61674737930298,-4157.902880859375,0.7296650409698486,0.5115818977355957,0.6916104555130005,0.14696568250656128,24.1966450214386,5.545194625854492,4.4200403690338135,14.472707986831665,0.2477402687072754,0.1609055995941162,3.684260129928589
9,26,28.08381462097168,-4275.54609375,0.7372536063194275,0.5269619226455688,0.6513370871543884,0.17009510099887848,23.72387981414795,5.4538490772247314,4.359853506088257,14.195664405822754,0.23853754997253418,0.15074467658996582,3.598374128341675
9,27,30.218160152435303,-4210.999462890625,0.7643104791641235,0.5067667365074158,0.6477224826812744,0.16770516335964203,25.78022265434265,5.448691129684448,4.437873363494873,15.180802583694458,0.25281524658203125,1.1012380123138428,3.710292100906372
9,28,28.429489612579346,-4313.963232421875,0.7620032429695129,0.4912281930446625,0.6320559978485107,0.19052116572856903,23.958382844924927,5.474337816238403,4.471030950546265,14.4238600730896,0.23366308212280273,0.15308547019958496,3.589125394821167
9,29,28.34928035736084,-4254.438623046875,0.7341423034667969,0.5240479111671448,0.6570155620574951,0.16220873594284058,23.74851155281067,5.400394916534424,4.600692510604858,14.283466100692749,0.24554944038391113,0.15406179428100586,3.579371690750122
9,30,28.807695388793945,-4110.102026367187,0.7124856114387512,0.5344753265380859,0.6904608607292175,0.13465210795402527,24.226089477539062,5.390739917755127,4.5815441608428955,14.74882459640503,0.24248099327087402,0.15656161308288574,3.600970983505249
10,1,15.748727798461914,-9772.8580078125,0.7390524744987488,0.49859434366226196,0.6605656743049622,0.18058480322360992,14.464266300201416,2.8636298179626465,1.2844135761260986,9.967749834060669,0.11621522903442383,0.08517003059387207,1.3876383304595947
10,2,15.679232597351074,-9918.71201171875,0.7645679712295532,0.47246482968330383,0.6377384066581726,0.2046765685081482,14.412939310073853,2.8476369380950928,1.2662417888641357,9.934877872467041,0.11437559127807617,0.08371472358703613,1.3896701335906982
10,3,15.767748594284058,-9733.1466796875,0.7560279965400696,0.5048157572746277,0.6498565077781677,0.17576497793197632,14.501505613327026,2.8473238945007324,1.2661945819854736,10.02118182182312,0.11440157890319824,0.08363509178161621,1.3915252685546875
10,4,15.606163501739502,-9972.223828125,0.7763333320617676,0.46593359112739563,0.6229698657989502,0.21318544447422028,14.340616226196289,2.9023897647857666,1.2655034065246582,9.806642770767212,0.11474919319152832,0.08452415466308594,1.3897602558135986
10,5,16.073415756225586,-9610.4494140625,0.7474453449249268,0.5008060336112976,0.6772478818893433,0.16809062659740448,14.714314460754395,2.8647358417510986,1.359053373336792,10.21456241607666,0.1150672435760498,0.08387875556945801,1.393200397491455
10,6,15.803353548049927,-9762.9552734375,0.7552468180656433,0.48898327350616455,0.6479193568229675,0.1801515519618988,14.525738000869751,2.8569741249084473,1.277573823928833,10.03663969039917,0.1144254207611084,0.08397674560546875,1.390810251235962
10,7,15.816035032272339,-9748.00771484375,0.7417110204696655,0.5145393013954163,0.6496767997741699,0.17292439937591553,14.439381837844849,2.8548331260681152,1.3766088485717773,9.946238279342651,0.11553192138671875,0.08397245407104492,1.3948776721954346
10,8,16.19810724258423,-9804.9111328125,0.7384280562400818,0.5000881552696228,0.659916341304779,0.180498406291008,14.92813515663147,3.0072975158691406,1.2699086666107178,10.17033576965332,0.13766908645629883,0.08648967742919922,1.4658758640289307
10,9,25.975239276885986,-9911.37294921875,0.7532640099525452,0.47924017906188965,0.6423420906066895,0.19891543686389923,14.078986883163452,2.794079065322876,11.89620852470398,9.634843111038208,0.11351895332336426,0.08359575271606445,1.4105236530303955
10,10,16.049110412597656,-9732.54365234375,0.7544582486152649,0.4843378961086273,0.6611329913139343,0.175474151968956,14.697421073913574,2.857004404067993,1.3516383171081543,10.198291301727295,0.11519122123718262,0.08365678787231445,1.3996829986572266
10,11,15.497796535491943,-9941.01650390625,0.7551348805427551,0.482955664396286,0.6422100067138672,0.20546036958694458,14.241594552993774,2.834803342819214,1.256157398223877,9.7710440158844,0.11576294898986816,0.0839540958404541,1.3928916454315186
10,12,15.693315744400024,-9759.333203125,0.7464404106140137,0.49539634585380554,0.6562475562095642,0.1779683530330658,14.402660846710205,2.8470911979675293,1.2906103134155273,9.917248249053955,0.11498641967773438,0.08427953720092773,1.3955268859863281
10,13,15.478094339370728,-9611.06142578125,0.7241729497909546,0.5212574601173401,0.6761411428451538,0.15610410273075104,14.220948934555054,2.8512606620788574,1.2570991516113281,9.738671064376831,0.11439108848571777,0.08316588401794434,1.3900957107543945
10,14,15.673531293869019,-9812.19677734375,0.7599048018455505,0.48871615529060364,0.6376000642776489,0.187821164727211,14.414418458938599,2.835996150970459,1.2590680122375488,9.947296619415283,0.11425280570983887,0.08331727981567383,1.3902535438537598
10,15,16.21846032142639,-9739.7046875,0.7628047466278076,0.47742119431495667,0.6518903970718384,0.18166761100292206,14.799599170684814,2.8569164276123047,1.4188179969787598,10.31032133102417,0.1139068603515625,0.08423638343811035,1.3910725116729736
10,16,30.55319333076477,-9872.093359375,0.75279301404953,0.48889872431755066,0.6431722044944763,0.19529876112937927,26.128305673599243,5.686000108718872,4.424750566482544,16.363457202911377,0.24040651321411133,0.15182733535766602,3.6033880710601807
10,17,31.198150873184204,-9781.84765625,0.7477667927742004,0.5043427348136902,0.6403331756591797,0.17605334520339966,26.711148738861084,5.74448037147522,4.48687481880188,16.797921895980835,0.24556303024291992,0.15887761116027832,3.6777405738830566
10,18,30.495758056640625,-9807.56796875,0.7493695020675659,0.5050140619277954,0.6418174505233765,0.17990972101688385,26.2051260471344,5.687633275985718,4.29050087928772,16.361409425735474,0.24252057075500488,0.15949559211730957,3.665943145751953
10,19,31.812407970428467,-9711.0193359375,0.7557603120803833,0.5016546249389648,0.6511210799217224,0.17123205959796906,27.487982749938965,5.671393394470215,4.324306011199951,17.631282329559326,0.2486743927001953,0.15746760368347168,3.6918652057647705
10,20,31.048559188842773,-9709.75205078125,0.7462525367736816,0.49530351161956787,0.6583616733551025,0.17359381914138794,26.700402975082397,5.718529462814331,4.348029136657715,16.85096001625061,0.25434303283691406,0.16830182075500488,3.6186981201171875
10,21,31.171372652053833,-9671.42392578125,0.7406484484672546,0.49515223503112793,0.6701622009277344,0.17116698622703552,26.72357964515686,5.685966491699219,4.447654724121094,16.905879735946655,0.2539806365966797,0.15419721603393555,3.6339380741119385
10,22,30.943312168121338,-9816.4021484375,0.7541910409927368,0.49151498079299927,0.6451853513717651,0.18500584363937378,26.536702632904053,5.740117788314819,4.406484127044678,16.662649393081665,0.255460262298584,0.17113280296325684,3.6180381774902344
10,23,30.78437066078186,-9633.00849609375,0.7177038788795471,0.5303148627281189,0.6779556274414062,0.15689629316329956,26.336246252059937,5.641016244888306,4.4479897022247314,16.600626945495605,0.2485511302947998,0.15212631225585938,3.608637809753418
10,24,30.584670066833496,-9821.8119140625,0.7411298155784607,0.5028847455978394,0.6441857814788818,0.1810624897480011,26.07254672050476,5.813064336776733,4.511935234069824,16.154119968414307,0.23690104484558105,0.15325188636779785,3.629962921142578
10,25,30.79680347442627,-9762.93720703125,0.7277378439903259,0.5129939913749695,0.6635464429855347,0.17800939083099365,26.423067569732666,5.739278316497803,4.373598575592041,16.54540729522705,0.25418782234191895,0.1551663875579834,3.63959002494812
10,26,30.98974061012268,-9641.61259765625,0.7226964235305786,0.521325409412384,0.6679566502571106,0.15879787504673004,26.53225326538086,5.717398643493652,4.457372188568115,16.71492338180542,0.23881149291992188,0.15744471549987793,3.61688232421875
10,27,30.45821762084961,-9768.44794921875,0.735077440738678,0.5058115720748901,0.6599600315093994,0.1782139092683792,26.004952430725098,5.702166557312012,4.453129529953003,16.243103981018066,0.24115681648254395,0.15741872787475586,3.5735244750976562
10,28,30.698765516281128,-9679.49462890625,0.7269781231880188,0.5179744362831116,0.6703173518180847,0.1633274108171463,26.29915976524353,5.723787307739258,4.39947772026062,16.49159526824951,0.23754382133483887,0.15347599983215332,3.5900630950927734
10,29,30.730565309524536,-9581.76630859375,0.7143070101737976,0.5180457830429077,0.6845488548278809,0.1602783352136612,26.31030511856079,5.696032524108887,4.420127630233765,16.536630392074585,0.2456827163696289,0.15044569969177246,3.5933680534362793
10,30,31.000222206115723,-9761.76220703125,0.7525091171264648,0.489372193813324,0.6513029336929321,0.18001988530158997,26.465651035308838,5.714781045913696,4.534440279006958,16.621678829193115,0.2743399143218994,0.1591174602508545,3.6093008518218994
11,1,17.171948194503784,-22030.4759765625,0.7310437560081482,0.5103082060813904,0.6602823138237,0.1703530251979828,15.908161401748657,3.005825996398926,1.2637627124786377,11.265060186386108,0.11491203308105469,0.08596324920654297,1.3921821117401123
11,2,17.3092782497406,-22239.0646484375,0.7516254782676697,0.48968836665153503,0.6469724774360657,0.18645460903644562,16.022573471069336,2.99463152885437,1.286679744720459,11.391425848007202,0.11486697196960449,0.08602166175842285,1.3915488719940186
11,3,17.21827268600464,-22233.706640625,0.7538979649543762,0.4878683388233185,0.6565895080566406,0.19168972969055176,15.926756143569946,2.9926178455352783,1.2914934158325195,11.295435190200806,0.1147618293762207,0.08565211296081543,1.3953545093536377
11,4,17.450643062591553,-22332.7583984375,0.76780766248703,0.47592827677726746,0.633125364780426,0.19320039451122284,16.21431612968445,3.001364231109619,1.2363030910491943,11.573178052902222,0.1147608757019043,0.0861046314239502,1.3956952095031738
11,5,17.628800630569458,-22005.1529296875,0.7535607218742371,0.5037462711334229,0.6477394104003906,0.1758602112531662,16.34496283531189,2.989961624145508,1.2838134765625,11.718852758407593,0.11488890647888184,0.08523130416870117,1.392591953277588
11,6,17.849427700042725,-22058.366015625,0.7304481863975525,0.5246667861938477,0.6597573757171631,0.17058028280735016,16.560670137405396,3.0767762660980225,1.288733720779419,11.821524620056152,0.12579631805419922,0.08869028091430664,1.3973009586334229
11,7,28.050256967544556,-21991.470703125,0.7488788962364197,0.5072149038314819,0.6497503519058228,0.17170044779777527,16.282890558242798,3.0431203842163086,11.767341613769531,11.594279050827026,0.1158134937286377,0.08559679985046387,1.4007823467254639
11,8,17.16770076751709,-22208.480859375,0.742409348487854,0.5011410713195801,0.6562027931213379,0.1827457696199417,15.866963148117065,2.9983131885528564,1.3007137775421143,11.234948873519897,0.11487722396850586,0.08473563194274902,1.3903565406799316
11,9,17.181756496429443,-22235.23984375,0.7424056529998779,0.49013790488243103,0.6605514883995056,0.18545112013816833,15.911050081253052,3.003812313079834,1.2706811428070068,11.268863201141357,0.11485624313354492,0.08563113212585449,1.3946759700775146
11,10,17.6854088306427,-22075.154296875,0.7393732070922852,0.5041288137435913,0.6592178344726562,0.1735348105430603,16.390629291534424,2.9912757873535156,1.2947542667388916,11.759984970092773,0.11471295356750488,0.08491826057434082,1.3960201740264893
11,11,17.62220048904419,-22176.9990234375,0.7470985651016235,0.49176666140556335,0.6547171473503113,0.18099378049373627,16.294634342193604,3.0517261028289795,1.327543020248413,11.595556259155273,0.11637353897094727,0.08664488792419434,1.4003713130950928
11,12,17.55586338043213,-22011.403125,0.7351568341255188,0.5043644905090332,0.6689077615737915,0.17455460131168365,16.233452796936035,2.99428653717041,1.3223869800567627,11.597417116165161,0.11527609825134277,0.08540129661560059,1.397538185119629
11,13,17.577029943466187,-22292.521484375,0.7684351801872253,0.47810325026512146,0.6399568915367126,0.19393719732761383,16.29478693008423,2.9865777492523193,1.2822198867797852,11.675596237182617,0.11418390274047852,0.0853424072265625,1.3905014991760254
11,14,17.44389581680298,-22289.83828125,0.7667441964149475,0.47650983929634094,0.6338450312614441,0.19230307638645172,16.170756578445435,2.999077558517456,1.27311372756958,11.525253534317017,0.11629533767700195,0.08671069145202637,1.4005975723266602
11,15,17.592429399490356,-22050.0904296875,0.7453991770744324,0.5014033913612366,0.6572121977806091,0.17517754435539246,16.294285774230957,3.0019545555114746,1.298116683959961,11.654614448547363,0.11429834365844727,0.08617115020751953,1.393946886062622
11,16,34.477959632873535,-22289.98203125,0.7563307285308838,0.4875943064689636,0.6440842151641846,0.19107885658740997,30.003965139389038,5.948837995529175,4.473907470703125,19.945932149887085,0.24423551559448242,0.15317416191101074,3.628391981124878
11,17,34.36130666732788,-21914.4037109375,0.7265644073486328,0.5007955431938171,0.6732876300811768,0.16245688498020172,29.917898654937744,6.034038782119751,4.443321943283081,19.644285440444946,0.2655947208404541,0.16787409782409668,3.7137744426727295
11,18,34.00890874862671,-22356.000390625,0.7473446726799011,0.4952874481678009,0.6437308192253113,0.19114597141742706,29.50931453704834,6.073411226272583,4.499501943588257,19.320558547973633,0.251147985458374,0.16062617301940918,3.6179378032684326
11,19,34.46847200393677,-21758.498046875,0.7152445912361145,0.5265912413597107,0.6807292103767395,0.15759526193141937,29.805246353149414,6.2551939487457275,4.663139820098877,19.39775252342224,0.2568492889404297,0.1613483428955078,3.642578125
11,20,34.00422549247742,-22170.3662109375,0.7305372357368469,0.49497413635253906,0.6694195866584778,0.17836657166481018,29.545090436935425,6.081034183502197,4.459056615829468,19.384763717651367,0.24284720420837402,0.15790319442749023,3.5940136909484863
11,21,34.66375732421875,-22243.489453125,0.7487521171569824,0.49508097767829895,0.6565513014793396,0.18770113587379456,30.08644700050354,6.0089733600616455,4.577213764190674,19.818618059158325,0.24375200271606445,0.1600475311279297,3.766031265258789
11,22,34.60257267951965,-22098.0984375,0.7423345446586609,0.511708676815033,0.650581419467926,0.17489558458328247,30.142132997512817,6.042656183242798,4.460349798202515,20.007293701171875,0.24228644371032715,0.162888765335083,3.6005990505218506
11,23,34.140772342681885,-21807.843359375,0.7235355377197266,0.5297632813453674,0.6704105734825134,0.15617361664772034,29.707001447677612,5.971685171127319,4.433691740036011,19.650572538375854,0.23941469192504883,0.15713930130004883,3.603013038635254
11,24,34.431275844573975,-22317.1486328125,0.7531023025512695,0.48702487349510193,0.6486204266548157,0.19195006787776947,29.98970079421997,6.060684442520142,4.441490411758423,19.8274986743927,0.24830198287963867,0.1609182357788086,3.6069037914276123
11,25,34.160802364349365,-22093.675,0.7367787957191467,0.5087286233901978,0.6590392589569092,0.1728385090827942,29.431944131851196,5.962807655334473,4.728768825531006,19.304029941558838,0.24440717697143555,0.15402007102966309,3.68184232711792
11,26,35.36332941055298,-22123.897265625,0.7323887944221497,0.5039106607437134,0.6633589863777161,0.17396943271160126,30.0224130153656,6.103758335113525,5.340835094451904,19.769604444503784,0.25147128105163574,0.15984749794006348,3.650228261947632
11,27,34.46329355239868,-22120.2603515625,0.7435241341590881,0.5013086795806885,0.6624739170074463,0.17954768240451813,30.0330753326416,6.002485513687134,4.43013858795166,19.922118186950684,0.2511119842529297,0.15996479988098145,3.610250949859619
11,28,34.25563359260559,-22328.443359375,0.7568305730819702,0.48725759983062744,0.6385719180107117,0.1926625370979309,29.824166297912598,5.958012104034424,4.431380033493042,19.79516077041626,0.23335695266723633,0.14966607093811035,3.6054253578186035
11,29,34.468552350997925,-22392.944921875,0.7528465986251831,0.4708468019962311,0.6564174294471741,0.19782142341136932,29.946732997894287,6.0072338581085205,4.5216991901397705,19.803855895996094,0.23396635055541992,0.15405917167663574,3.663212299346924
11,30,34.084073066711426,-22130.591796875,0.7331315279006958,0.5103314518928528,0.6617094278335571,0.17462103068828583,29.6384060382843,6.030040979385376,4.445570707321167,19.429943084716797,0.24159526824951172,0.1560511589050293,3.692195177078247
12,1,18.27481245994568,-49793.596875,0.754875123500824,0.4944460391998291,0.6461640000343323,0.18136051297187805,16.852261304855347,3.1352996826171875,1.4224929809570312,12.068724870681763,0.1164100170135498,0.08869171142578125,1.3993024826049805
12,2,18.03954768180847,-49691.0609375,0.7436691522598267,0.4959104657173157,0.6582614779472351,0.17929556965827942,16.71024465560913,3.1300129890441895,1.329249620437622,11.937803268432617,0.11450052261352539,0.08895540237426758,1.3948948383331299
12,3,17.692210912704468,-49942.29375,0.743387758731842,0.50169438123703,0.6515311002731323,0.18321235477924347,16.29828190803528,3.161398410797119,1.393873929977417,11.487800121307373,0.11533761024475098,0.08895039558410645,1.4008731842041016
12,4,18.331804990768433,-50307.016015625,0.7593346834182739,0.4850962162017822,0.6364585757255554,0.1973637342453003,16.940054178237915,3.3124184608459473,1.3916804790496826,11.931309223175049,0.13520050048828125,0.09477853775024414,1.4038338661193848
12,5,28.410560369491577,-49879.231640625,0.7505561113357544,0.4879930913448334,0.6519857048988342,0.18614065647125244,16.51158881187439,3.08247709274292,11.898911237716675,11.77008056640625,0.1131143569946289,0.08690929412841797,1.4169399738311768
12,6,18.291985273361206,-49718.91875,0.7461472749710083,0.49866917729377747,0.6516745686531067,0.1800031065940857,16.932650327682495,3.136563301086426,1.359276294708252,12.152474403381348,0.11496734619140625,0.0887460708618164,1.3963282108306885
12,7,17.61164093017578,-49533.926953125,0.7274559140205383,0.5157058238983154,0.6650186777114868,0.16981640458106995,16.277787685394287,3.129423141479492,1.3338005542755127,11.509382486343384,0.11507248878479004,0.08900690078735352,1.3906679153442383
12,8,18.23891282081604,-50035.343359375,0.7649160623550415,0.4822625517845154,0.639385461807251,0.1926436573266983,16.894195556640625,3.1529300212860107,1.3446629047393799,12.08990216255188,0.11613965034484863,0.09051799774169922,1.4007458686828613
12,9,18.046322107315063,-49879.981640625,0.7551922798156738,0.4956439137458801,0.6469528079032898,0.1866184026002884,16.763484716415405,3.171201229095459,1.282785415649414,11.947212219238281,0.11478757858276367,0.08855223655700684,1.3979923725128174
12,10,18.072588682174683,-50358.891796875,0.762376606464386,0.4776158928871155,0.6362124085426331,0.20035435259342194,16.770789861679077,3.135610580444336,1.3017385005950928,12.001850843429565,0.11408209800720215,0.08892488479614258,1.3873834609985352
12,11,17.869970321655273,-49857.467578125,0.7470275163650513,0.5009685754776001,0.6499900817871094,0.18223020434379578,16.543251276016235,3.1646602153778076,1.3266584873199463,11.73253059387207,0.11519312858581543,0.08924221992492676,1.398054599761963
12,12,18.100330352783203,-50343.04375,0.7725703716278076,0.47461551427841187,0.6285091042518616,0.201434925198555,16.810993194580078,3.1254708766937256,1.2892787456512451,12.044421195983887,0.11437535285949707,0.08818793296813965,1.3955364227294922
12,13,17.77821683883667,-49885.103125,0.7398456335067749,0.5000708103179932,0.6593113541603088,0.18111637234687805,16.45436668395996,3.1928114891052246,1.3237957954406738,11.624870777130127,0.11493945121765137,0.08842968940734863,1.3897199630737305
12,14,17.901830911636353,-50377.297265625,0.761827826499939,0.48357436060905457,0.6329435706138611,0.19981704652309418,16.595465898513794,3.1325957775115967,1.3063061237335205,11.828153848648071,0.11441755294799805,0.08893632888793945,1.3877935409545898
12,15,18.501001119613647,-49782.29609375,0.7535026669502258,0.49644336104393005,0.6482700109481812,0.18472152948379517,17.209129810333252,3.298220157623291,1.2917969226837158,12.213154315948486,0.14519643783569336,0.09278297424316406,1.3954994678497314
12,16,34.143237352371216,-50127.236328125,0.7507647275924683,0.48187610507011414,0.6554994583129883,0.19291920959949493,29.65875744819641,6.3303306102752686,4.484324216842651,19.213280200958252,0.24549651145935059,0.1635432243347168,3.618345260620117
12,17,34.542038440704346,-49882.025390625,0.7506697773933411,0.4960956871509552,0.646848738193512,0.184356227517128,30.019383192062378,6.289140939712524,4.522477626800537,19.591907501220703,0.2484116554260254,0.1572568416595459,3.644953727722168
12,18,34.3721821308136,-50248.340625,0.7554331421852112,0.48423659801483154,0.6427116394042969,0.1956210732460022,29.995643854141235,6.207322835922241,4.376388311386108,19.69175958633423,0.24216938018798828,0.1621088981628418,3.6056969165802
12,19,34.134979248046875,-49791.0609375,0.7403271198272705,0.5006818175315857,0.6578999757766724,0.17973217368125916,29.755444526672363,6.411165475845337,4.379379034042358,19.231393814086914,0.2396078109741211,0.16423630714416504,3.6230311393737793
12,20,34.25389623641968,-50121.801171875,0.7507277727127075,0.48848479986190796,0.6490297913551331,0.19110442698001862,29.85848045349121,6.294345140457153,4.395262718200684,19.381125688552856,0.24897503852844238,0.1685774326324463,3.6785264015197754
12,21,34.536513805389404,-49959.44609375,0.7523738741874695,0.49321240186691284,0.6458491683006287,0.18749453127384186,30.171018362045288,6.3270180225372314,4.365330457687378,19.658005952835083,0.25285887718200684,0.17341828346252441,3.671355962753296
12,22,34.32554292678833,-49874.88828125,0.7501170039176941,0.5008628964424133,0.648559033870697,0.183407723903656,30.049068689346313,6.472956418991089,4.2763237953186035,19.455992460250854,0.2443835735321045,0.1646881103515625,3.625040292739868
12,23,34.069151163101196,-49989.2296875,0.7475115656852722,0.48950132727622986,0.6537255644798279,0.18869368731975555,29.74189829826355,6.255577564239502,4.327113151550293,19.312742710113525,0.24661636352539062,0.16336894035339355,3.678151845932007
12,24,35.08182096481323,-49599.367578125,0.7334355711936951,0.5075900554656982,0.6644580364227295,0.1751089096069336,29.80482840538025,6.310816287994385,5.276760101318359,19.347641706466675,0.2447526454925537,0.16199517250061035,3.6518802642822266
12,25,35.5029411315918,-50156.233203125,0.7575843930244446,0.4867146611213684,0.6385716199874878,0.1931891292333603,29.990557432174683,6.307980537414551,5.512221813201904,19.52683138847351,0.24266409873962402,0.16353607177734375,3.6646265983581543
12,26,35.36509895324707,-50006.903515625,0.746738076210022,0.4944072961807251,0.6470504403114319,0.18687038123607635,29.88684868812561,6.284451723098755,5.478101491928101,19.43083357810974,0.24917387962341309,0.16754794120788574,3.6673030853271484
12,27,36.012022495269775,-49706.655078125,0.7429468631744385,0.5009354948997498,0.6557881236076355,0.17779390513896942,29.953314781188965,6.3566601276397705,6.058561086654663,19.402777671813965,0.23738527297973633,0.15740132331848145,3.7119948863983154
12,28,35.65886211395264,-50269.225390625,0.7582017183303833,0.48375141620635986,0.6388568878173828,0.19770027697086334,30.10723638534546,6.534962177276611,5.551456451416016,19.405948638916016,0.23891615867614746,0.1579294204711914,3.6832380294799805
12,29,35.299949169158936,-50143.920703125,0.7488740086555481,0.49682512879371643,0.6469420194625854,0.18954917788505554,29.92297101020813,6.291569709777832,5.376809358596802,19.369930267333984,0.265484094619751,0.1682891845703125,3.7306342124938965
12,30,34.92541527748108,-50081.34296875,0.7448832988739014,0.49323102831840515,0.6498103141784668,0.18979200720787048,29.739164352416992,6.4421632289886475,5.186095476150513,19.22919511795044,0.2375946044921875,0.158982515335083,3.5848746299743652
13,1,20.34399127960205,-107916.425,0.7592151165008545,0.4858715236186981,0.641706645488739,0.1863502413034439,19.00818419456482,3.3874833583831787,1.3357138633728027,13.958050966262817,0.1293010711669922,0.09784841537475586,1.3819780349731445
13,2,30.27449131011963,-107302.296875,0.7505735754966736,0.4953627288341522,0.6507329344749451,0.17842307686805725,18.36714196205139,3.2248940467834473,11.907272100448608,13.497186183929443,0.11358380317687988,0.09370064735412598,1.3952336311340332
13,3,19.653512716293335,-108030.53984375,0.7561739683151245,0.48514243960380554,0.6428775191307068,0.18645024299621582,18.27996301651001,3.2810776233673096,1.3734970092773438,13.346639394760132,0.11411547660827637,0.09551024436950684,1.399005651473999
13,4,19.686918258666992,-107576.69765625,0.7482481002807617,0.4953937530517578,0.6490580439567566,0.18049973249435425,18.33943223953247,3.284987688064575,1.3474359512329102,13.400393962860107,0.11552047729492188,0.0960540771484375,1.3976397514343262
13,5,20.05568218231201,-107954.33125,0.7537626028060913,0.48346826434135437,0.6412214040756226,0.18451884388923645,18.56764507293701,3.292792320251465,1.4879608154296875,13.63354206085205,0.11502528190612793,0.09626936912536621,1.3859527111053467
13,6,20.66745686531067,-107525.90546875,0.7560392022132874,0.4866369366645813,0.6447862386703491,0.1819182187318802,19.25301241874695,3.332367420196533,1.4143657684326172,14.280800342559814,0.11566996574401855,0.0958094596862793,1.384972095489502
13,7,20.416949033737183,-108174.6078125,0.7579969167709351,0.4754584729671478,0.6409034132957458,0.18935626745224,19.077306032180786,3.2792885303497314,1.3395702838897705,14.158588647842407,0.11466097831726074,0.09549403190612793,1.3854198455810547
13,8,19.775169372558594,-107708.72890625,0.751628577709198,0.48772600293159485,0.6488972902297974,0.18312330543994904,18.3981511592865,3.287470579147339,1.376943826675415,13.477340936660767,0.1144101619720459,0.09549617767333984,1.3797786235809326
13,9,19.864851474761963,-107850.98515625,0.7579677700996399,0.4835774898529053,0.6442617774009705,0.18674586713314056,18.53491187095642,3.3169760704040527,1.3298616409301758,13.57467770576477,0.11575794219970703,0.0962989330291748,1.3868484497070312
13,10,19.907198667526245,-107407.559375,0.7465758323669434,0.49112698435783386,0.6542693376541138,0.1792287826538086,18.524596691131592,3.2778749465942383,1.3825483322143555,13.59558892250061,0.11446952819824219,0.09489035606384277,1.397611141204834
13,11,19.98884677886963,-107870.5828125,0.7625318169593811,0.4822295308113098,0.6415917277336121,0.18706275522708893,18.60182213783264,3.2882165908813477,1.3869481086730957,13.674026250839233,0.11596274375915527,0.0964357852935791,1.382826805114746
13,12,20.144730806350708,-107567.94765625,0.7558834552764893,0.4859772026538849,0.6425279378890991,0.18014101684093475,18.746904611587524,3.2931325435638428,1.3977503776550293,13.808765411376953,0.11609745025634766,0.09561347961425781,1.3892526626586914
13,13,30.508974075317383,-108025.32265625,0.762397825717926,0.48166072368621826,0.6386157274246216,0.18966972827911377,18.613478899002075,3.278738260269165,11.895410060882568,13.698330640792847,0.11433839797973633,0.09516263008117676,1.3838496208190918
13,14,19.9814395904541,-107829.89765625,0.7607412338256836,0.48471957445144653,0.6420553922653198,0.18694254755973816,18.62850069999695,3.2898430824279785,1.3528671264648438,13.699284315109253,0.11515355110168457,0.09619617462158203,1.3837478160858154
13,15,19.623523950576782,-107576.00625,0.7469297051429749,0.4906751215457916,0.6479353904724121,0.17942669987678528,18.288167476654053,3.285146951675415,1.335280179977417,13.363947629928589,0.11463570594787598,0.09610342979431152,1.383859395980835
13,16,40.06338596343994,-107606.65390625,0.751198947429657,0.48741012811660767,0.6534408926963806,0.18300388753414154,33.959776878356934,6.67507266998291,6.103411674499512,23.153631925582886,0.23536181449890137,0.16416430473327637,3.6445021629333496
13,17,39.5061252117157,-107370.7125,0.7561470866203308,0.4925307631492615,0.6560094356536865,0.18410073220729828,34.17119359970093,6.59392523765564,5.334689378738403,23.442786693572998,0.2396073341369629,0.17064714431762695,3.6343724727630615
13,18,38.634881019592285,-107520.00390625,0.7493265271186829,0.4973863661289215,0.6553261280059814,0.1817396730184555,33.60218620300293,6.563846826553345,5.032464981079102,22.936644315719604,0.2414391040802002,0.16809749603271484,3.601956844329834
13,19,39.16099452972412,-108204.3046875,0.7552070617675781,0.48061463236808777,0.644870936870575,0.18950799107551575,33.59795904159546,6.674716472625732,5.562818288803101,22.666977882385254,0.24767518043518066,0.17007112503051758,3.748717784881592
13,20,38.121182680130005,-107740.4078125,0.7510684728622437,0.4919188618659973,0.6466648578643799,0.18349382281303406,33.736937284469604,6.579216241836548,4.384049654006958,22.839277744293213,0.2557697296142578,0.1741774082183838,3.6710782051086426
13,21,39.029319286346436,-108057.73828125,0.7644140124320984,0.48190540075302124,0.6375840306282043,0.1898023784160614,34.20846891403198,6.60528826713562,4.820637226104736,23.382180213928223,0.25870275497436523,0.18366742134094238,3.688617706298828
13,22,39.20310926437378,-107996.2546875,0.7586608529090881,0.483430415391922,0.6406036019325256,0.1867797076702118,34.447453022003174,6.899754047393799,4.755465984344482,23.15895175933838,0.2657599449157715,0.3708679676055908,3.6574912071228027
13,23,38.64849638938904,-107960.84765625,0.756332278251648,0.49012282490730286,0.6418347358703613,0.1864180564880371,34.114684104919434,6.631343126296997,4.533569574356079,23.010927200317383,0.2522852420806885,0.17974853515625,3.724672794342041
13,24,38.87870645523071,-107772.890625,0.7579777836799622,0.4847118556499481,0.6439036130905151,0.18472415208816528,34.05987024307251,6.609838247299194,4.818538188934326,23.268356561660767,0.24555349349975586,0.17644262313842773,3.670809745788574
13,25,38.178120613098145,-107896.60703125,0.7532108426094055,0.4849224090576172,0.6482769846916199,0.18655890226364136,33.62546420097351,6.591810941696167,4.552464962005615,22.9168643951416,0.2425823211669922,0.16899371147155762,3.6169464588165283
13,26,39.27339482307434,-107588.96328125,0.7476068735122681,0.4907113015651703,0.6494366526603699,0.1798516809940338,33.638413429260254,6.540521621704102,5.6347575187683105,22.982349634170532,0.23138117790222168,0.1664745807647705,3.630605936050415
13,27,39.48459458351135,-107495.51015625,0.7561086416244507,0.49119511246681213,0.6469907760620117,0.18228088319301605,33.7564640045166,6.537763595581055,5.727934837341309,23.10567617416382,0.23734521865844727,0.16344738006591797,3.6275382041931152
13,28,38.4090313911438,-107766.253125,0.7616900205612183,0.4846241772174835,0.6404317021369934,0.18607372045516968,34.083308696746826,6.506633996963501,4.325519323348999,23.288477182388306,0.2405533790588379,0.16376471519470215,3.651790142059326
13,29,38.24712347984314,-107811.87734375,0.7554925680160522,0.4915197789669037,0.6486835479736328,0.18639345467090607,33.75706434249878,6.741870880126953,4.489780426025391,22.766494750976562,0.2745702266693115,0.17771339416503906,3.6940114498138428
13,30,38.55049657821655,-107544.5671875,0.7536088228225708,0.48771119117736816,0.6497116088867188,0.18241752684116364,33.98364520072937,6.620678424835205,4.566621780395508,23.234944820404053,0.2367262840270996,0.16512680053710938,3.639308452606201
14,1,22.550188779830933,-244464.14375,0.7613001465797424,0.48062196373939514,0.6369819045066833,0.19710862636566162,21.048425912857056,3.480567216873169,1.5016381740570068,15.877667903900146,0.11512088775634766,0.11335611343383789,1.4169342517852783
14,2,22.464637756347656,-243779.0875,0.7565807104110718,0.48289138078689575,0.6431176662445068,0.1916818916797638,20.93082880973816,3.467864513397217,1.5336897373199463,15.77282190322876,0.11435866355895996,0.11313199996948242,1.4182515144348145
14,3,22.285460233688354,-244158.05,0.7585164904594421,0.48370134830474854,0.6403260231018066,0.19486144185066223,20.708799123764038,3.458162784576416,1.5765376091003418,15.556701183319092,0.11623740196228027,0.11223483085632324,1.4205448627471924
14,4,22.344966173171997,-244277.290625,0.7574781179428101,0.4833628833293915,0.639065146446228,0.194618821144104,20.799856662750244,3.4604625701904297,1.5450024604797363,15.641566514968872,0.11569499969482422,0.11357259750366211,1.4238359928131104
14,5,22.538559436798096,-244229.6765625,0.7634959816932678,0.47827377915382385,0.6364203691482544,0.19602638483047485,20.97641396522522,3.4734385013580322,1.5620248317718506,15.80749249458313,0.11536478996276855,0.11298704147338867,1.4221622943878174
14,6,22.47563648223877,-244333.1359375,0.7613319158554077,0.4835606813430786,0.6358821392059326,0.19525854289531708,20.90700912475586,3.4613070487976074,1.5685033798217773,15.750158548355103,0.11541509628295898,0.11281085014343262,1.42335844039917
14,7,22.226874589920044,-243937.346875,0.7553807497024536,0.48298391699790955,0.6442643404006958,0.19258953630924225,20.743192672729492,3.4715216159820557,1.4835739135742188,15.575228214263916,0.11592841148376465,0.11397171020507812,1.4210054874420166
14,8,34.50849938392639,-244358.2859375,0.7633314728736877,0.4825868606567383,0.642106294631958,0.1991536021232605,20.833954095840454,3.410335063934326,13.674427032470703,15.72876262664795,0.11229443550109863,0.10713434219360352,1.433077096939087
14,9,30.3347110748291,-243460.740625,0.758439838886261,0.4841088056564331,0.6404321193695068,0.19021488726139069,20.892823457717896,3.4715280532836914,9.441771507263184,15.728268384933472,0.11533379554748535,0.11410903930664062,1.4185271263122559
14,10,22.439924955368042,-244433.86875,0.7583368420600891,0.4833465814590454,0.6410374641418457,0.1967545747756958,20.907185554504395,3.4848315715789795,1.5326206684112549,15.729578018188477,0.11513018608093262,0.11272335052490234,1.419595718383789
14,11,22.55965280532837,-244205.921875,0.7586054801940918,0.48380187153816223,0.6397765874862671,0.19532954692840576,21.054889917373657,3.487466812133789,1.5046412944793701,15.874647855758667,0.11507439613342285,0.11391305923461914,1.4190068244934082
14,12,22.323461294174194,-244220.403125,0.7619482278823853,0.4819946587085724,0.6361474394798279,0.19578461349010468,20.809074878692627,3.458855628967285,1.5142698287963867,15.66004228591919,0.11600089073181152,0.11216115951538086,1.4178645610809326
14,13,22.29305148124695,-244700.009375,0.7626796960830688,0.4783521294593811,0.6348629593849182,0.19793249666690826,20.710411310195923,3.4627459049224854,1.5825228691101074,15.551168441772461,0.1171727180480957,0.11392688751220703,1.4202187061309814
14,14,22.512071132659912,-244229.6453125,0.7597571015357971,0.47947004437446594,0.6389762163162231,0.1955380141735077,20.985161304473877,3.4675095081329346,1.5267877578735352,15.822084426879883,0.11453580856323242,0.11292910575866699,1.4240186214447021
14,15,22.178825855255127,-244976.984375,0.7623133063316345,0.48160743713378906,0.6337590217590332,0.19960343837738037,20.600507497787476,3.4434382915496826,1.578192949295044,15.46785855293274,0.11498737335205078,0.11176466941833496,1.4183290004730225
14,16,43.915101766586304,-243710.0953125,0.7609764933586121,0.48409533500671387,0.6381246447563171,0.19278620183467865,38.945706844329834,6.997130870819092,4.969101190567017,27.779293298721313,0.24785995483398438,0.18700075149536133,3.642061233520508
14,17,43.55906653404236,-244559.4015625,0.7589442729949951,0.48176005482673645,0.6374262571334839,0.1965344101190567,38.57889151573181,6.88012170791626,4.97988224029541,27.541722536087036,0.24466466903686523,0.18576931953430176,3.634214162826538
14,18,44.12979054450989,-244658.746875,0.7622758746147156,0.47854575514793396,0.6359091997146606,0.19810059666633606,38.550620317459106,6.9278035163879395,5.578881502151489,27.4454185962677,0.24646663665771484,0.18431687355041504,3.6552484035491943
14,19,43.738242387771606,-244494.096875,0.7649484872817993,0.4757361114025116,0.6337987184524536,0.19874194264411926,38.78964567184448,6.964769124984741,4.948274850845337,27.615622758865356,0.25173473358154297,0.19066286087036133,3.6727871894836426
14,20,44.67235350608826,-244489.1703125,0.761354386806488,0.4838551878929138,0.6369368433952332,0.1970730870962143,39.6017541885376,6.978780031204224,5.070302248001099,27.863072872161865,0.2465529441833496,0.7562878131866455,3.667109251022339
14,21,44.07783842086792,-244371.0015625,0.7637376189231873,0.47907406091690063,0.6363494396209717,0.1970689296722412,38.917534828186035,6.886921644210815,5.160001277923584,27.85409426689148,0.23858356475830078,0.18236732482910156,3.662686586380005
14,22,44.06467795372009,-243989.075,0.7598600387573242,0.48149043321609497,0.6380228400230408,0.19335199892520905,39.07593321800232,6.9193925857543945,4.988441228866577,27.994062423706055,0.23629426956176758,0.1815180778503418,3.656146764755249
14,23,43.89561367034912,-243779.4484375,0.7560714483261108,0.48545101284980774,0.6419585347175598,0.19170311093330383,38.949180603027344,6.93565559387207,4.946112632751465,27.858718872070312,0.23661470413208008,0.18076014518737793,3.6477694511413574
14,24,45.13612771034241,-245091.715625,0.759140133857727,0.4778497815132141,0.6296308636665344,0.1959734708070755,38.8696985244751,7.276724815368652,6.266097545623779,27.36275887489319,0.24041366577148438,0.1817641258239746,3.717836856842041
14,25,43.865135192871094,-244316.6453125,0.7588784098625183,0.4866257905960083,0.640770435333252,0.19617976248264313,38.935643434524536,6.887834072113037,4.929168939590454,27.856493711471558,0.23589015007019043,0.17851901054382324,3.651597261428833
14,26,44.58424735069275,-243602.50625,0.7566210627555847,0.4880099296569824,0.6374435424804688,0.18849459290504456,38.97045302391052,7.179964303970337,5.613509893417358,27.54333186149597,0.23663926124572754,0.18125104904174805,3.739152669906616
14,27,43.80211138725281,-244072.0421875,0.7559612989425659,0.48235562443733215,0.6395754218101501,0.19236212968826294,38.77137470245361,6.910502910614014,5.030423879623413,27.627675533294678,0.23668956756591797,0.24334096908569336,3.663043975830078
14,28,43.56653046607971,-244191.0828125,0.7636097073554993,0.47966456413269043,0.6371625065803528,0.19650451838970184,38.587005376815796,7.038034200668335,4.979231119155884,27.379813194274902,0.2369825839996338,0.1807410717010498,3.662492036819458
14,29,44.21238136291504,-243808.1703125,0.7559581995010376,0.4857236444950104,0.6416985392570496,0.19200515747070312,39.21051859855652,6.958720684051514,5.001571416854858,28.087092876434326,0.23630642890930176,0.18425369262695312,3.654320478439331
14,30,43.44946026802063,-244916.7421875,0.7612352967262268,0.47734421491622925,0.6368190050125122,0.19995015859603882,38.45676279067993,6.947042942047119,4.99240255355835,27.317904233932495,0.23835015296936035,0.1861565113067627,3.674386501312256
15,1,30.735368251800537,-551131.125,0.7698090672492981,0.472199946641922,0.6277521848678589,0.20920513570308685,23.58107852935791,3.528475761413574,7.154118061065674,18.31020212173462,0.11449360847473145,0.1327657699584961,1.4502577781677246
15,2,26.241830110549927,-550805.63125,0.771414577960968,0.47013673186302185,0.6268292665481567,0.20857872068881989,24.262025833129883,3.7998952865600586,1.9795970916748047,18.653223514556885,0.1479966640472412,0.14090824127197266,1.4533684253692627
15,3,26.05507755279541,-551587.34375,0.7714800238609314,0.47013410925865173,0.624609112739563,0.21013352274894714,23.987308263778687,3.7040317058563232,2.067573308944702,18.491142511367798,0.13462424278259277,0.13988447189331055,1.4598960876464844
15,4,25.6819486618042,-550297.68125,0.7687302231788635,0.47201722860336304,0.6261628270149231,0.20543447136878967,23.74720859527588,3.566634178161621,1.9345386028289795,18.42339038848877,0.11851048469543457,0.13509654998779297,1.4555366039276123
15,5,25.61389946937561,-551286.65625,0.7721315026283264,0.46768519282341003,0.6256566643714905,0.2104538381099701,23.67486310005188,3.5275015830993652,1.9388659000396729,18.39188051223755,0.11552619934082031,0.1373138427734375,1.4563398361206055
15,6,26.23313546180725,-550628.475,0.7713699340820312,0.47137463092803955,0.6277337670326233,0.20860141515731812,24.302853107452393,3.8457980155944824,1.930098295211792,18.642324447631836,0.14780378341674805,0.1430649757385254,1.4544248580932617
15,7,25.85045886039734,-551167.95,0.7683668732643127,0.4707501232624054,0.6289510130882263,0.20888829231262207,23.851179122924805,3.616884469985962,1.9990999698638916,18.447219610214233,0.11696696281433105,0.13668012619018555,1.4862689971923828
15,8,26.211835861206055,-550797.725,0.7714428901672363,0.4706006646156311,0.6292116641998291,0.20943646132946014,24.232028245925903,3.768432378768921,1.9796183109283447,18.6766095161438,0.12817025184631348,0.13912701606750488,1.4655144214630127
15,9,25.67024850845337,-551531.7,0.7768260836601257,0.47280508279800415,0.6255044937133789,0.21356502175331116,23.7123544216156,3.579901933670044,1.9577174186706543,18.36919856071472,0.11719989776611328,0.13736796379089355,1.4622259140014648
15,10,28.03438377380371,-550229.875,0.7700474262237549,0.47151926159858704,0.628753125667572,0.20662923157215118,23.75797700881958,3.5508220195770264,4.276233911514282,18.448904991149902,0.11621999740600586,0.13585758209228516,1.4601719379425049
15,11,26.639598846435547,-550339.95625,0.7660614848136902,0.47373661398887634,0.6278703212738037,0.20432019233703613,24.724907398223877,3.8873395919799805,1.9145009517669678,19.030361890792847,0.14651012420654297,0.14045929908752441,1.4533295631408691
15,12,26.096765279769897,-550428.3375,0.7663451433181763,0.473080039024353,0.6310662627220154,0.2065112590789795,24.113882064819336,3.693859815597534,1.9826831817626953,18.63206171989441,0.13193154335021973,0.13989520072937012,1.4577441215515137
15,13,25.83573889732361,-550668.08125,0.7695333361625671,0.47489866614341736,0.6307672262191772,0.2086162567138672,23.872894048690796,3.6372933387756348,1.9626481533050537,18.463253498077393,0.12284636497497559,0.13925457000732422,1.460080623626709
15,14,25.830200672149658,-550723.025,0.7696980834007263,0.47085437178611755,0.6276947855949402,0.20763544738292694,23.81627106666565,3.6207196712493896,2.0137581825256348,18.420287132263184,0.11594939231872559,0.13626980781555176,1.4771606922149658
15,15,26.117374181747437,-550831.06875,0.7681461572647095,0.4719538688659668,0.6261893510818481,0.20662134885787964,23.98426342010498,3.594423532485962,2.132938861846924,18.599456787109375,0.11680102348327637,0.13866376876831055,1.487572193145752
15,16,52.05954456329346,-550666.925,0.7697551846504211,0.46989837288856506,0.627851128578186,0.2074412703514099,46.08515453338623,7.343107223510742,5.973845481872559,33.3413450717926,0.26871657371520996,1.232067346572876,3.8032872676849365
15,17,50.60633969306946,-550867.425,0.7680107355117798,0.4721210300922394,0.6284263730049133,0.20710910856723785,44.93403768539429,7.194005727767944,5.671805143356323,33.43422794342041,0.25022149085998535,0.21497535705566406,3.748542070388794
15,18,50.2977819442749,-550619.25625,0.7680711150169373,0.47307512164115906,0.628671407699585,0.20714198052883148,44.5911328792572,7.274869918823242,5.706144094467163,33.04844951629639,0.2541983127593994,0.21919751167297363,3.700752019882202
15,19,50.50654602050781,-551207.2875,0.7694663405418396,0.4722648859024048,0.6266574263572693,0.20890198647975922,44.76157259941101,7.222990274429321,5.744489908218384,33.05299496650696,0.25397539138793945,0.21543526649475098,3.9217255115509033
15,20,51.23758363723755,-550868.88125,0.7717440724372864,0.4715622365474701,0.6260379552841187,0.20834115147590637,45.43495273590088,7.269096612930298,5.802115201950073,33.839203119277954,0.24949908256530762,0.21290326118469238,3.773193597793579
15,21,50.73582696914673,-550574.3375,0.7718294858932495,0.4701189696788788,0.6262518763542175,0.20806948840618134,44.97973036766052,7.206054210662842,5.755598068237305,33.463714838027954,0.2526369094848633,0.21694421768188477,3.747608184814453
15,22,51.634318113327026,-550253.35625,0.7700839638710022,0.471946120262146,0.628031313419342,0.206824392080307,45.83871579170227,7.327699184417725,5.795120000839233,34.093082904815674,0.26416516304016113,0.22687816619873047,3.8303017616271973
15,23,51.55734920501709,-551196.93125,0.7716656923294067,0.4703271985054016,0.6261771321296692,0.2097422331571579,45.071791648864746,7.343477010726929,6.485071659088135,33.428229570388794,0.24213671684265137,0.21788573265075684,3.7462990283966064
15,24,50.352893590927124,-550688.5625,0.7729608416557312,0.474730521440506,0.6299012303352356,0.2103319615125656,44.60251188278198,7.223177909851074,5.749864339828491,32.9884352684021,0.25138163566589355,0.21400213241577148,3.8331356048583984
15,25,50.62556433677673,-550537.15,0.768943727016449,0.4730139672756195,0.6280360817909241,0.2068326324224472,44.82417821884155,7.252310514450073,5.800851821899414,33.311403036117554,0.2453150749206543,0.21171188354492188,3.713672399520874
15,26,51.10298490524292,-550498.525,0.768518328666687,0.47369399666786194,0.6294122934341431,0.20666122436523438,45.44685244560242,7.398444890975952,5.655588865280151,33.37717890739441,0.2567930221557617,0.2187819480895996,3.9935717582702637
15,27,51.35193371772766,-550927.3625,0.7709160447120667,0.4760934114456177,0.6294909715652466,0.20965458452701569,45.56266164779663,7.286768198013306,5.788782358169556,33.79633116722107,0.25676798820495605,0.22154927253723145,3.9058399200439453
15,28,50.76717209815979,-550660.40625,0.7695867419242859,0.471722275018692,0.6273813247680664,0.2076192945241928,44.959704875946045,7.378310441970825,5.806950330734253,33.25932502746582,0.2540431022644043,0.22688674926757812,3.7454371452331543
15,29,50.5468327999115,-550814.68125,0.7694412469863892,0.47194790840148926,0.6290140151977539,0.2083829939365387,44.83202409744263,7.237857103347778,5.714304208755493,33.16817092895508,0.2614586353302002,0.2210707664489746,3.8480477333068848
15,30,49.84034252166748,-550529.94375,0.7704936861991882,0.47352516651153564,0.6286102533340454,0.20814871788024902,44.032177686691284,7.416041374206543,5.807619333267212,32.36880326271057,0.24947309494018555,0.21698760986328125,3.685720443725586
16,1,28.91944980621338,-1228971.2,0.7806698083877563,0.46098655462265015,0.6168043613433838,0.2198263555765152,26.319425106048584,3.9988608360290527,2.599644660949707,20.401156902313232,0.11774253845214844,0.18895626068115234,1.5643260478973389
16,2,28.911205291748047,-1229276.4375,0.7823379039764404,0.4594075679779053,0.6159417033195496,0.2215196043252945,26.258938312530518,3.6947295665740967,2.6518890857696533,20.71977925300598,0.11556625366210938,0.1692368984222412,1.5128355026245117
16,3,29.631247758865356,-1230130.625,0.7834838628768921,0.46194013953208923,0.6186388731002808,0.22407086193561554,27.063695430755615,3.95113205909729,2.5671634674072266,21.247007131576538,0.12624716758728027,0.17605805397033691,1.5072383880615234
16,4,28.807243824005127,-1229740.2,0.7817529439926147,0.4596508741378784,0.6159406304359436,0.22176598012447357,26.09906005859375,3.7578868865966797,2.7077982425689697,20.441346168518066,0.11667943000793457,0.17261862754821777,1.5624785423278809
16,5,32.01338505744934,-1230461.975,0.780754804611206,0.4577880799770355,0.6138285398483276,0.2208346277475357,26.347591161727905,3.8419737815856934,5.665422201156616,20.596140384674072,0.11826038360595703,0.17807960510253906,1.5631756782531738
16,6,29.3042209148407,-1229581.9125,0.7837187051773071,0.46066704392433167,0.6170329451560974,0.2232181578874588,26.737033367156982,3.9216439723968506,2.566807985305786,20.94818425178528,0.13448309898376465,0.17202281951904297,1.4992613792419434
16,7,28.615959405899048,-1230276.65,0.7807406783103943,0.4618131220340729,0.615460216999054,0.22118544578552246,26.022159337997437,3.7492690086364746,2.5934009552001953,20.41683602333069,0.11986732482910156,0.17264318466186523,1.5130867958068848
16,8,28.588586807250977,-1229285.25,0.7815111875534058,0.4607604146003723,0.6154934167861938,0.22050228714942932,25.954386472702026,3.7183265686035156,2.6338212490081787,20.384069204330444,0.11586165428161621,0.17198872566223145,1.5167551040649414
16,9,28.472750663757324,-1230617.5125,0.779737114906311,0.4619564712047577,0.6169308423995972,0.22147181630134583,25.897692680358887,3.706944704055786,2.574676275253296,20.34679889678955,0.11691594123840332,0.17202401161193848,1.507500410079956
16,10,28.921700477600098,-1228479.4375,0.7799383997917175,0.4609534740447998,0.6178933382034302,0.21930673718452454,26.34096884727478,3.8260579109191895,2.5803308486938477,20.647562742233276,0.12586426734924316,0.17501282691955566,1.5099241733551025
16,11,29.235804319381714,-1228537.525,0.7807261943817139,0.4613925516605377,0.617932140827179,0.21979349851608276,26.572944402694702,3.801483392715454,2.6624958515167236,20.88650369644165,0.11818599700927734,0.178818941116333,1.5392584800720215
16,12,33.95378494262695,-1229755.0625,0.7790804505348206,0.4615253210067749,0.6174009442329407,0.22016802430152893,25.732600927352905,3.7061567306518555,8.22081208229065,20.20666766166687,0.11299419403076172,0.16411614418029785,1.4963550567626953
16,13,29.319411516189575,-1228931.7625,0.7790653705596924,0.4610688388347626,0.6178949475288391,0.2191944718360901,26.570305347442627,3.993924140930176,2.7487142086029053,20.68805432319641,0.14070534706115723,0.17702579498291016,1.504655122756958
16,14,29.078927040100098,-1229783.1375,0.7857450842857361,0.46211111545562744,0.6170891523361206,0.2244327962398529,26.351181268692017,3.777491569519043,2.7273471355438232,20.71384072303772,0.12190628051757812,0.17335748672485352,1.5128085613250732
16,15,29.53566074371338,-1231058.3,0.783123254776001,0.45611971616744995,0.6129500269889832,0.22326649725437164,26.96943688392639,3.778550386428833,2.5658481121063232,21.353469371795654,0.11692380905151367,0.17296791076660156,1.5002810955047607
16,16,53.80817151069641,-1228518.925,0.7819249629974365,0.46311163902282715,0.6158508658409119,0.21981123089790344,46.53039765357971,7.560067892074585,7.276713609695435,34.49794268608093,0.24545550346374512,0.2697865962982178,3.8635973930358887
16,17,53.755696535110474,-1230399.475,0.7813386917114258,0.46150335669517517,0.6150864958763123,0.22176983952522278,46.34961771965027,7.533046722412109,7.405085802078247,34.346264600753784,0.24884653091430664,0.2666456699371338,3.8619942665100098
16,18,54.021411418914795,-1228104.0875,0.7816281318664551,0.4603559672832489,0.6174280643463135,0.21958287060260773,46.43511986732483,7.442141771316528,7.585247039794922,34.45528244972229,0.24783563613891602,0.26787495613098145,3.9303066730499268
16,19,53.886388063430786,-1229431.825,0.782094419002533,0.4590291976928711,0.6160895228385925,0.22126682102680206,46.58795976638794,7.443251848220825,7.297422170639038,34.69763231277466,0.24757647514343262,0.27071261405944824,3.8342244625091553
16,20,54.21449875831604,-1229502.4,0.7828111052513123,0.459947794675827,0.614460289478302,0.22150489687919617,46.76668453216553,7.689105987548828,7.446836709976196,34.57012128829956,0.24948763847351074,0.27348804473876953,3.892989158630371
16,21,53.39515542984009,-1229877.4625,0.7825711369514465,0.46222925186157227,0.6162800788879395,0.22231857478618622,46.14818525314331,7.4945056438446045,7.245990037918091,34.24045181274414,0.24765634536743164,0.27492737770080566,3.7957680225372314
16,22,52.690030574798584,-1229415.0875,0.7804999351501465,0.45831212401390076,0.6137105226516724,0.21968533098697662,45.2604341506958,7.497888088226318,7.428627252578735,33.338927030563354,0.23574566841125488,0.2638111114501953,3.8332245349884033
16,23,53.81890869140625,-1229800.975,0.7830522060394287,0.46001768112182617,0.6158272624015808,0.22227655351161957,46.15669775009155,7.505603551864624,7.66121768951416,34.18334126472473,0.24458098411560059,0.2657303810119629,3.8650710582733154
16,24,53.927770376205444,-1229414.2125,0.7838810682296753,0.45911821722984314,0.6152406930923462,0.22233372926712036,46.66258358955383,7.442570924758911,7.264206171035767,34.69418454170227,0.24646949768066406,0.2679626941680908,3.9188127517700195
16,25,53.27168083190918,-1228878.975,0.7814835906028748,0.46250244975090027,0.6168859601020813,0.22042766213417053,45.988495111465454,7.806107759475708,7.282182693481445,33.67922115325928,0.2603445053100586,0.275376558303833,3.871742010116577
16,26,52.74327301979065,-1228934.3875,0.7802929878234863,0.46262121200561523,0.6177380681037903,0.21991953253746033,45.46551728248596,7.47683048248291,7.27672004699707,33.56550860404968,0.2508871555328369,0.263293981552124,3.817502737045288
16,27,53.683698892593384,-1229782.025,0.7836573123931885,0.4595845937728882,0.6144412159919739,0.22197124361991882,46.394957542419434,7.475546598434448,7.2877185344696045,34.461838722229004,0.24716854095458984,0.2721245288848877,3.8432512283325195
16,28,52.28798818588257,-1230466.7375,0.7832862138748169,0.46120157837867737,0.6151756048202515,0.22315265238285065,45.046406984329224,7.411510944366455,7.240598201751709,33.23156237602234,0.24863934516906738,0.2624058723449707,3.801002025604248
16,29,53.601736545562744,-1230598.4625,0.778060793876648,0.45883363485336304,0.6153859496116638,0.22012145817279816,46.20490336418152,7.403281927108765,7.395856142044067,34.31530952453613,0.2519705295562744,0.2689208984375,3.8724489212036133
16,30,52.34670424461365,-1229741.325,0.7808197736740112,0.460721492767334,0.6159226894378662,0.22119948267936707,44.98038911819458,7.53891921043396,7.365316867828369,32.982874631881714,0.2508809566497803,0.267838716506958,3.8465871810913086
17,1,38.212281703948975,-2705773.975,0.7931026220321655,0.45134374499320984,0.6061514019966125,0.23310743272304535,31.281038761138916,3.883824586868286,6.929873704910278,25.200486183166504,0.11717104911804199,0.2379310131072998,1.792581558227539
17,2,35.990703105926514,-2704546.225,0.790545642375946,0.450837105512619,0.6072474718093872,0.23092320561408997,31.82298707962036,4.238335847854614,4.166475057601929,25.44006896018982,0.1498105525970459,0.2453458309173584,1.6777465343475342
17,3,35.734105587005615,-2704692.375,0.7898964285850525,0.4518178403377533,0.6068376898765564,0.23024149239063263,31.520732879638672,4.163000583648682,4.212602138519287,25.224530696868896,0.1392688751220703,0.24515724182128906,1.6837313175201416
17,4,35.71123480796814,-2704356.925,0.7904857397079468,0.4509185254573822,0.6062961220741272,0.2302267998456955,31.445101976394653,4.056551694869995,4.264899015426636,25.271177530288696,0.1291351318359375,0.24160146713256836,1.6872243881225586
17,5,35.90480709075928,-2705270.25,0.7907153367996216,0.45008790493011475,0.6062501668930054,0.23113559186458588,31.42856740951538,3.960371494293213,4.475006818771362,25.362279891967773,0.12581896781921387,0.23995637893676758,1.685032844543457
17,6,35.2999632358551,-2706233.675,0.7905967831611633,0.450872540473938,0.604987621307373,0.23126645386219025,31.048283338546753,3.8651926517486572,4.250435829162598,25.09156823158264,0.11872315406799316,0.24069809913635254,1.6822357177734375
17,7,35.3271758556366,-2704026.625,0.7904952764511108,0.45164579153060913,0.607660174369812,0.2303897738456726,31.147839784622192,3.8659448623657227,4.178577423095703,25.191096782684326,0.11764788627624512,0.2385878562927246,1.6855254173278809
17,8,36.31992483139038,-2705375.6,0.7900312542915344,0.4484875798225403,0.6045550107955933,0.2302677035331726,32.17063522338867,4.1820313930511475,4.148510456085205,25.85449743270874,0.1441645622253418,0.24579739570617676,1.675718069076538
17,9,35.74373507499695,-2705816.85,0.7900722026824951,0.4495883285999298,0.6046908497810364,0.23058131337165833,31.587116718292236,3.849874496459961,4.155402660369873,25.643538236618042,0.11747288703918457,0.24097585678100586,1.6864264011383057
17,10,35.59215712547302,-2705492.85,0.790937602519989,0.4495648741722107,0.6057398915290833,0.23146869242191315,31.183281898498535,3.938568353652954,4.408120393753052,25.03872299194336,0.11751985549926758,0.24094820022583008,1.7981865406036377
17,11,35.711848735809326,-2705919.775,0.7900711894035339,0.4517258107662201,0.6063847541809082,0.23109318315982819,31.431257963180542,4.169123888015747,4.279829025268555,25.05243158340454,0.11807870864868164,0.24048781394958496,1.8023324012756348
17,12,37.765575647354126,-2703740.325,0.7931430339813232,0.4530985951423645,0.6084873080253601,0.23228004574775696,33.57719421386719,4.339421033859253,4.187140941619873,26.489026308059692,0.2084972858428955,0.2611668109893799,2.2149550914764404
17,13,35.198495388031006,-2704558.975,0.7891952991485596,0.4491080045700073,0.604582667350769,0.22915306687355042,31.020292282104492,3.888725757598877,4.177006006240845,25.04727029800415,0.11895966529846191,0.23412823677062988,1.6815917491912842
17,14,35.11946892738342,-2704839.425,0.7907683849334717,0.45061901211738586,0.6061582565307617,0.2307894229888916,30.947733640670776,3.8263461589813232,4.170968532562256,25.037481546401978,0.11570358276367188,0.23820972442626953,1.682063341140747
17,15,35.88151812553406,-2705781.775,0.7902640700340271,0.4516140818595886,0.6060190796852112,0.2309141904115677,31.723872900009155,4.183048486709595,4.156413316726685,25.41607642173767,0.14417004585266113,0.24338698387145996,1.668004035949707
17,16,66.42397975921631,-2704956.125,0.7916092872619629,0.45368221402168274,0.6079958081245422,0.23200304806232452,55.86161231994629,8.089422225952148,10.560150384902954,42.89369320869446,0.2537045478820801,0.37241220474243164,4.158353328704834
17,17,65.60998797416687,-2705760.75,0.7911505699157715,0.4532805383205414,0.6081016659736633,0.23212465643882751,55.024675130844116,7.980922698974609,10.583263397216797,42.13473057746887,0.2643284797668457,0.3784351348876953,4.168101072311401
17,18,64.77001881599426,-2705363.7,0.7922458052635193,0.44873717427253723,0.6052974462509155,0.2322397083044052,54.25391602516174,7.916158437728882,10.512282371520996,41.464521646499634,0.2629704475402832,0.36496877670288086,4.14745831489563
17,19,66.08337044715881,-2705949.0,0.7921169400215149,0.4492250382900238,0.604249894618988,0.2321375012397766,55.470860958099365,7.739213466644287,10.610207557678223,42.799623012542725,0.24685955047607422,0.36595869064331055,4.226256370544434
17,20,66.2620861530304,-2706484.675,0.7901660203933716,0.451194167137146,0.6059533357620239,0.23147715628147125,55.61092758178711,8.143034219741821,10.649024724960327,42.585623264312744,0.2540731430053711,0.37134432792663574,4.158236503601074
17,21,65.59261417388916,-2705681.425,0.790520191192627,0.45066729187965393,0.6059080958366394,0.23101988434791565,55.07123112678528,7.978907346725464,10.519154071807861,42.13697266578674,0.2519106864929199,0.3654918670654297,4.243258953094482
17,22,66.7400131225586,-2705861.325,0.79166179895401,0.44930094480514526,0.6054561734199524,0.2319665402173996,55.9353404045105,8.094820976257324,10.80263614654541,42.8939106464386,0.2597177028656006,0.38037657737731934,4.205284357070923
17,23,67.43774509429932,-2705515.55,0.791221022605896,0.45004093647003174,0.6056467890739441,0.23135146498680115,55.34650897979736,7.786778688430786,12.089241981506348,42.692405462265015,0.24993562698364258,0.368149995803833,4.154516696929932
17,24,64.79343032836914,-2705551.35,0.7906193137168884,0.449876993894577,0.6059542894363403,0.23105397820472717,54.07974147796631,7.804938316345215,10.711218118667603,41.33169984817505,0.2406914234161377,0.3653836250305176,4.245006799697876
17,25,65.43647575378418,-2706346.9,0.7911995649337769,0.4474029541015625,0.6037479639053345,0.23170751333236694,54.79801917076111,7.79409384727478,10.636350631713867,42.126569986343384,0.2365553379058838,0.361696720123291,4.18561863899231
17,26,66.34531903266907,-2704421.475,0.7913269400596619,0.45127007365226746,0.6060096621513367,0.23086458444595337,55.749924659729004,8.017053604125977,10.593292951583862,42.838886976242065,0.26221537590026855,0.370281457901001,4.1614298820495605
17,27,65.00931286811829,-2704969.925,0.790428876876831,0.45115089416503906,0.6064952611923218,0.23053133487701416,53.74181246757507,7.8133721351623535,11.265411138534546,41.06299376487732,0.25306272506713867,0.367218017578125,4.146925926208496
17,28,64.77507758140564,-2705540.075,0.7917834520339966,0.44956448674201965,0.605348527431488,0.23161837458610535,54.0170316696167,7.896686315536499,10.755771160125732,41.28476333618164,0.24886608123779297,0.3604776859283447,4.130097150802612
17,29,65.84344434738159,-2705484.325,0.7907474637031555,0.4507063329219818,0.6059720516204834,0.23104897141456604,55.246729135513306,7.8971216678619385,10.593018054962158,42.40353083610535,0.24698996543884277,0.3689577579498291,4.237534999847412
17,30,64.73674154281616,-2705998.475,0.7901272773742676,0.4515109360218048,0.6066637635231018,0.23108477890491486,54.09957242012024,7.9136810302734375,10.632957696914673,41.290377378463745,0.2595043182373047,0.3680119514465332,4.168110370635986
18,1,44.722222328186035,-5955682.6,0.802070677280426,0.43840551376342773,0.5931854844093323,0.2444581389427185,36.84640288352966,4.131042003631592,7.874354124069214,30.86098313331604,0.11461329460144043,0.35912442207336426,1.330815076828003
18,2,44.49772930145264,-5956616.3,0.8029718995094299,0.439380943775177,0.5945606231689453,0.24562445282936096,36.61309790611267,3.999738931655884,7.883175611495972,30.760275840759277,0.11324334144592285,0.3594067096710205,1.3307278156280518
18,3,44.475279331207275,-5956385.15,0.8022677898406982,0.4376817047595978,0.59369957447052,0.24497541785240173,36.64666223526001,4.0062034130096436,7.827162265777588,30.787025690078735,0.11388015747070312,0.3581726551055908,1.331338882446289
18,4,44.49645113945007,-5956296.5,0.8025822639465332,0.4383757412433624,0.5933266878128052,0.2450699806213379,36.7064905166626,4.1474769115448,7.788503408432007,30.70270347595215,0.11498665809631348,0.36059021949768066,1.3307490348815918
18,5,44.32082796096802,-5956065.1,0.8047527074813843,0.44086888432502747,0.5963180065155029,0.24729332327842712,36.536168813705444,3.9940500259399414,7.783167600631714,30.684103965759277,0.11267995834350586,0.3633091449737549,1.3323323726654053
18,6,44.38528609275818,-5956018.6,0.8013380169868469,0.4380235970020294,0.5933953523635864,0.24423401057720184,36.49420237541199,4.06058931350708,7.889614582061768,30.5079243183136,0.11447405815124512,0.42940378189086914,1.331712245941162
18,7,44.373950719833374,-5957434.4,0.8029193878173828,0.4390505254268646,0.5937256813049316,0.24581697583198547,36.568997383117676,4.022991180419922,7.8034749031066895,30.68849277496338,0.11355209350585938,0.3597989082336426,1.3343703746795654
18,8,44.346686124801636,-5956406.15,0.8023558259010315,0.4383130967617035,0.593593418598175,0.24506865441799164,36.51747751235962,4.024190187454224,7.827744245529175,30.638563871383667,0.11533665657043457,0.35897159576416016,1.3303704261779785
18,9,45.182902097702026,-5955438.2,0.8013485670089722,0.4392406940460205,0.5939370393753052,0.2438381314277649,37.3134183883667,4.016732454299927,7.8680100440979,31.43844509124756,0.11403846740722656,0.36032605171203613,1.3337411880493164
18,10,44.505289793014526,-5957651.05,0.804529070854187,0.4404771029949188,0.595763087272644,0.2475048154592514,36.717366218566895,4.01725697517395,7.786441802978516,30.587725162506104,0.11324167251586914,0.3593106269836426,1.5901777744293213
18,11,44.362276792526245,-5956133.1,0.8025656938552856,0.4393846392631531,0.5941284894943237,0.2451188564300537,36.47016143798828,3.9995501041412354,7.8906614780426025,30.6141574382782,0.11354923248291016,0.35839200019836426,1.3349063396453857
18,12,45.11746644973755,-5955973.45,0.8021601438522339,0.43914979696273804,0.5942497849464417,0.24476374685764313,37.166863441467285,4.0459959506988525,7.949081659317017,31.18383765220642,0.11449503898620605,0.4352736473083496,1.337076187133789
18,13,44.18311548233032,-5958427.95,0.8019163608551025,0.4381086528301239,0.5929484963417053,0.24526403844356537,36.24694752693176,4.011573314666748,7.9347169399261475,30.379716634750366,0.1130678653717041,0.3620631694793701,1.3309502601623535
18,14,44.295417070388794,-5956876.1,0.8028504848480225,0.43946945667266846,0.5947255492210388,0.24579006433486938,36.46396565437317,4.0070343017578125,7.82998514175415,30.606156587600708,0.11303830146789551,0.36068248748779297,1.327376365661621
18,15,44.31617617607117,-5955414.25,0.8024313449859619,0.441334992647171,0.5965802073478699,0.24514669179916382,36.43654656410217,4.037074089050293,7.8781538009643555,30.550917625427246,0.11303925514221191,0.35900068283081055,1.3271081447601318
18,16,82.40280103683472,-5957786.0,0.7997340559959412,0.43675243854522705,0.5918840765953064,0.24284256994724274,63.60386300086975,8.065726280212402,18.794471740722656,51.17843794822693,0.25135040283203125,0.5532741546630859,3.461625099182129
18,17,83.23172688484192,-5956224.85,0.8025598526000977,0.4380825459957123,0.594084620475769,0.24533875286579132,65.03880596160889,8.143943548202515,18.18842840194702,52.461342573165894,0.24870681762695312,0.5547242164611816,3.5372707843780518
18,18,82.16209959983826,-5956234.9,0.8026835918426514,0.43809637427330017,0.5936485528945923,0.24509792029857635,63.54263401031494,8.132615089416504,18.61504340171814,51.06474471092224,0.23821449279785156,0.5504107475280762,3.462599039077759
18,19,82.02397179603577,-5956670.75,0.8019185066223145,0.4386902153491974,0.5948519706726074,0.24515114724636078,63.36939358711243,8.139385223388672,18.650096654891968,50.8795051574707,0.2374894618988037,0.5509958267211914,3.468079090118408
18,20,81.51882290840149,-5959805.7,0.8001454472541809,0.4365817904472351,0.5921072363853455,0.24393922090530396,63.38448739051819,8.337555408477783,18.1298987865448,50.68758678436279,0.2371227741241455,0.5514285564422607,3.4773828983306885
18,21,81.61445951461792,-5955658.45,0.802270233631134,0.43902522325515747,0.5952820181846619,0.24528440833091736,63.30883836746216,8.08980107307434,18.30121374130249,50.886271953582764,0.23290705680847168,0.5455234050750732,3.463224411010742
18,22,83.00059223175049,-5954898.45,0.8022420406341553,0.4389019310474396,0.5943851470947266,0.24459819495677948,64.82520055770874,8.198017597198486,18.17092275619507,52.26899456977844,0.24109506607055664,0.5599105358123779,3.4622814655303955
18,23,82.07585978507996,-5956659.6,0.8003736138343811,0.43849965929985046,0.5944419503211975,0.24385665357112885,63.90341114997864,8.114218950271606,18.168030261993408,51.38762831687927,0.2557697296142578,0.5613112449645996,3.489126205444336
18,24,82.18788003921509,-5956090.3,0.8025270104408264,0.4382528066635132,0.5940828323364258,0.2453170120716095,63.92910432815552,8.476226806640625,18.254427671432495,51.07289695739746,0.25148749351501465,0.5611820220947266,3.4715216159820557
18,25,84.01197981834412,-5955392.8,0.802064061164856,0.43816906213760376,0.5942533016204834,0.24466469883918762,65.35544466972351,8.634167194366455,18.65220046043396,52.2648069858551,0.24847149848937988,0.6089725494384766,3.503103017807007
18,26,82.22581267356873,-5956514.5,0.8022437691688538,0.43777474761009216,0.5934982299804688,0.24494034051895142,63.72163462638855,8.166476488113403,18.49975347518921,51.14635729789734,0.26228880882263184,0.5680992603302002,3.478825092315674
18,27,84.04883885383606,-5955645.15,0.8014329671859741,0.4388332664966583,0.5945879220962524,0.24440206587314606,65.60755038261414,8.297407150268555,18.436936616897583,52.83763146400452,0.27738261222839355,0.5715682506561279,3.518218755722046
18,28,82.82134509086609,-5956298.3,0.802286684513092,0.43819284439086914,0.5937095284461975,0.24494051933288574,63.97308802604675,8.187147378921509,18.843796968460083,51.35715579986572,0.25022411346435547,0.5703685283660889,3.499990463256836
18,29,82.17449927330017,-5957407.65,0.8032295107841492,0.4388435184955597,0.594800591468811,0.24640026688575745,63.50049638748169,8.094925880432129,18.669499158859253,51.03174328804016,0.2501070499420166,0.5542166233062744,3.474820137023926
18,30,82.83899712562561,-5957302.7,0.8022988438606262,0.43877068161964417,0.593679666519165,0.2452261596918106,63.95072817802429,8.163564920425415,18.88379454612732,51.39501452445984,0.2529768943786621,0.5511348247528076,3.4918346405029297
19,1,63.79455375671387,-13103007.2,0.8066344857215881,0.4291958510875702,0.5850213170051575,0.2597997486591339,48.19182014465332,4.519442319869995,15.599313974380493,38.60104465484619,0.12280416488647461,0.5288741588592529,2.7697272300720215
19,2,67.75921940803528,-13103079.4,0.8069561719894409,0.42829203605651855,0.5850057005882263,0.26036396622657776,49.06251263618469,4.220360040664673,18.69313406944275,38.932297706604004,0.11977458000183105,0.5216588973999023,3.3224289417266846
19,3,63.8670175075531,-13102468.8,0.8069368004798889,0.4285930395126343,0.5848638415336609,0.2602309286594391,48.1705207824707,4.315278768539429,15.693123817443848,38.64872694015503,0.12088441848754883,0.5318515300750732,2.7806661128997803
19,4,65.62478375434875,-13099956.0,0.8064152598381042,0.42771145701408386,0.5847065448760986,0.2593327462673187,48.781455993652344,4.2021026611328125,16.83981966972351,38.566866636276245,0.12110686302185059,0.521874189376831,3.4352657794952393
19,5,63.900872230529785,-13099367.6,0.8069257736206055,0.42873942852020264,0.58528071641922,0.25969642400741577,48.210532665252686,4.565038442611694,15.686877965927124,38.61115336418152,0.12251734733581543,0.5280635356903076,2.820814847946167
19,6,66.55340814590454,-13098759.5,0.8068728446960449,0.4277248680591583,0.5838602781295776,0.2593228816986084,48.889835357666016,4.259954929351807,17.660034656524658,38.91123819351196,0.12174177169799805,0.5216972827911377,3.2519359588623047
19,7,64.62809705734253,-13102003.2,0.8073225021362305,0.4285825788974762,0.5845223069190979,0.2602236866950989,48.97185492515564,4.3088977336883545,15.65281629562378,39.46771216392517,0.12092447280883789,0.522000789642334,2.7761659622192383
19,8,67.73346972465515,-13097971.3,0.8072441220283508,0.42853498458862305,0.5851314663887024,0.25968965888023376,48.8997483253479,4.233956575393677,18.83017611503601,38.82094049453735,0.12040376663208008,0.520784854888916,3.3505632877349854
19,9,64.26245617866516,-13101689.9,0.807354211807251,0.4285024404525757,0.5844455361366272,0.2602814733982086,48.28413534164429,4.503619432449341,15.974909543991089,38.76483368873596,0.12224173545837402,0.528968334197998,2.7751595973968506
19,10,64.52259993553162,-13102992.2,0.8063409924507141,0.42740681767463684,0.5842003226280212,0.25958773493766785,48.67241644859314,4.506627798080444,15.846660375595093,38.52266550064087,0.12256336212158203,0.5224676132202148,3.3608810901641846
19,11,65.18151760101318,-13097759.2,0.8076469898223877,0.4280761182308197,0.5848413705825806,0.2600618898868561,48.63200902938843,4.402544975280762,16.546136617660522,39.05189538002014,0.12274312973022461,0.5261998176574707,2.8221771717071533
19,12,65.61344933509827,-13100520.6,0.8066704273223877,0.42839908599853516,0.5846470594406128,0.25949692726135254,48.795090198516846,4.206904888153076,16.814751386642456,38.69909977912903,0.11981463432312012,0.5172765254974365,3.31467604637146
19,13,64.92203140258789,-13101250.3,0.8071951866149902,0.42879512906074524,0.5847030282020569,0.25997012853622437,48.73022651672363,4.475685358047485,16.188222885131836,38.634270906448364,0.12151622772216797,0.5212819576263428,3.3090617656707764
19,14,71.23851275444031,-13100882.5,0.8047823905944824,0.4264895021915436,0.5830502510070801,0.257569283246994,48.903120279312134,4.327574729919434,22.331881046295166,38.82296895980835,0.12025904655456543,0.5239682197570801,3.2732112407684326
19,15,62.89313530921936,-13102708.5,0.8066906332969666,0.4284314513206482,0.5842713713645935,0.2598365545272827,47.11284065246582,4.350051164627075,15.776873350143433,37.600563049316406,0.12035369873046875,0.4987339973449707,2.756680488586426
19,16,112.64458465576172,-13103230.4,0.8075017929077148,0.4282929003238678,0.584220290184021,0.2604173421859741,78.5140175819397,8.428853034973145,34.12167453765869,62.74926161766052,0.24773073196411133,0.9187395572662354,6.075226783752441
19,17,113.5011579990387,-13099822.6,0.8071763515472412,0.4283750057220459,0.5850483775138855,0.2599882483482361,79.83207583427429,8.508694410324097,33.65973138809204,63.82912516593933,0.27739834785461426,0.939445972442627,6.138488531112671
19,18,113.64111828804016,-13101637.5,0.8066871166229248,0.428764671087265,0.5852193236351013,0.25989237427711487,79.34357738494873,8.45459246635437,34.28866386413574,63.507123708724976,0.25506114959716797,0.929602861404419,6.099039077758789
19,19,113.85781002044678,-13100671.2,0.8073489665985107,0.42854151129722595,0.5847188234329224,0.2600404620170593,80.36943650245667,8.394059658050537,33.47950053215027,64.60646796226501,0.2504720687866211,0.9443426132202148,6.0785231590271
19,20,114.12980914115906,-13105476.4,0.8063367009162903,0.42717310786247253,0.5834707617759705,0.259759783744812,80.32989597320557,8.499754667282104,33.77781105041504,64.32476711273193,0.2529616355895996,0.9359142780303955,6.137119770050049
19,21,113.4949541091919,-13101931.7,0.8072221279144287,0.42857640981674194,0.584699809551239,0.2601536512374878,78.88101768493652,8.450830221176147,34.60499620437622,62.91291308403015,0.25536274909973145,0.9275949001312256,6.237958669662476
19,22,109.97892045974731,-13103036.2,0.8073113560676575,0.4275217354297638,0.5835120677947998,0.2601603865623474,76.61161518096924,8.296167850494385,33.35835838317871,61.02342677116394,0.24552011489868164,0.9104344844818115,6.043047904968262
19,23,111.3088870048523,-13105479.2,0.8065333366394043,0.42893117666244507,0.5850125551223755,0.2601541578769684,77.36999726295471,8.333205223083496,33.92991495132446,61.725096702575684,0.2505626678466797,0.9177389144897461,6.046003103256226
19,24,112.90108036994934,-13099055.9,0.8069537281990051,0.42772582173347473,0.5839316844940186,0.25948455929756165,79.65716028213501,8.513458490371704,33.23497676849365,62.685656785964966,0.2535591125488281,2.015450954437256,6.094488620758057
19,25,113.5111403465271,-13102232.0,0.8064855933189392,0.4279398024082184,0.584061324596405,0.2595776319503784,79.66965556144714,8.543105363845825,33.83237814903259,63.69724082946777,0.247575044631958,0.941875696182251,6.142054319381714
19,26,110.57181215286255,-13101888.6,0.8074188828468323,0.42842361330986023,0.5844312310218811,0.26029273867607117,77.05998659133911,8.448538064956665,33.50232911109924,61.19087862968445,0.2429053783416748,0.9370043277740479,6.14240026473999
19,27,111.00101971626282,-13101060.3,0.807412326335907,0.4284059703350067,0.5846274495124817,0.26019683480262756,77.43803596496582,8.470270872116089,33.55397081375122,61.635016679763794,0.2362527847290039,0.9167659282684326,6.084707975387573
19,28,111.86179184913635,-13100075.0,0.8070138096809387,0.42862164974212646,0.5851840972900391,0.25982800126075745,78.35981345176697,8.537035942077637,33.49293875694275,62.51494288444519,0.23578381538391113,0.9284214973449707,6.048664569854736
19,29,111.33914351463318,-13101169.0,0.8072193264961243,0.4284672737121582,0.5848017334938049,0.2601204216480255,77.22041606903076,8.493394136428833,34.109707832336426,61.39229416847229,0.241302490234375,0.9195075035095215,6.079351425170898
19,30,111.9701156616211,-13098518.5,0.8077186942100525,0.42829760909080505,0.5845683217048645,0.2600548565387726,78.03455567359924,8.471967935562134,33.92657136917114,62.23855376243591,0.23366284370422363,0.9197745323181152,6.0784807205200195
20,1,89.78808999061584,-28827120.2,0.8012121319770813,0.42233797907829285,0.5793834924697876,0.2763972580432892,56.359355211257935,4.342051029205322,33.413833141326904,46.798121213912964,0.13134026527404785,0.7553057670593262,1.4402196407318115
20,2,90.61790871620178,-28830095.8,0.8008461594581604,0.4219444692134857,0.5788458585739136,0.2762833833694458,57.334795236587524,4.363108396530151,33.27142119407654,47.83467149734497,0.1277937889099121,0.772106409072876,1.368927240371704
20,3,91.79391622543335,-28825641.2,0.8011891841888428,0.4216936528682709,0.5789921283721924,0.2764242887496948,58.60218954086304,4.55805778503418,33.17745637893677,49.036463499069214,0.13615775108337402,0.8015222549438477,1.3834242820739746
20,4,94.32834076881409,-28825609.8,0.8010401129722595,0.42179936170578003,0.5788601636886597,0.27622202038764954,57.583672285079956,4.279945611953735,36.73290681838989,48.09086227416992,0.131270170211792,0.8033125400543213,1.3667302131652832
20,5,104.18416619300842,-28823433.4,0.8012494444847107,0.4209955632686615,0.5784628987312317,0.2758990228176117,58.10922145843506,4.599610328674316,46.06140327453613,48.52205419540405,0.13594841957092285,0.8296012878417969,1.3772120475769043
20,6,101.56460928916931,-28832738.0,0.8006284236907959,0.42167404294013977,0.5785382390022278,0.2765272259712219,56.4573130607605,4.249885082244873,45.09584355354309,47.003084897994995,0.12912797927856445,0.7595603466033936,1.3661844730377197
20,7,91.10836553573608,-28828942.0,0.8017731308937073,0.42213174700737,0.5790466666221619,0.27688682079315186,58.02771496772766,4.5786778926849365,33.06921315193176,48.506845474243164,0.13472270965576172,0.8099818229675293,1.358537197113037
20,8,99.12614893913269,-28825158.6,0.801490306854248,0.4218651056289673,0.5792442560195923,0.27655625343322754,57.93005585670471,4.5503928661346436,41.18413043022156,48.35270571708679,0.13292145729064941,0.8194630146026611,1.3718080520629883
20,9,93.63114523887634,-28832443.0,0.8018344640731812,0.4220506250858307,0.578779399394989,0.2770514488220215,58.383479833602905,4.55937385559082,35.2341673374176,48.83871936798096,0.13275527954101562,0.7952663898468018,1.3818893432617188
20,10,93.2514009475708,-28829034.0,0.8010179400444031,0.4215019941329956,0.5787023901939392,0.27614352107048035,58.39902091026306,4.696592092514038,34.83894181251526,48.83259344100952,0.13280987739562988,0.8017313480377197,1.3798601627349854
20,11,97.06461238861084,-28838760.4,0.8036783933639526,0.4239612817764282,0.5808410048484802,0.27897053956985474,62.675761699676514,4.566303491592407,34.375261306762695,48.88762450218201,0.13454627990722656,0.7975537776947021,5.65325403213501
20,12,92.4208357334137,-28829784.4,0.8017436265945435,0.42229199409484863,0.5793380737304688,0.27688318490982056,58.923295974731445,4.662538766860962,33.48399639129639,49.3850359916687,0.13591361045837402,0.8126399517059326,1.3764376640319824
20,13,91.25943231582642,-28827944.2,0.8017439246177673,0.42188358306884766,0.5791692137718201,0.2768036425113678,57.511810541152954,4.326125383377075,33.73592710494995,48.00692582130432,0.13191556930541992,0.7952396869659424,1.378446102142334
20,14,103.21400237083435,-28830724.0,0.8021444082260132,0.42243194580078125,0.5791535377502441,0.27746859192848206,58.24198818206787,4.6031787395477295,44.96029710769653,48.72167444229126,0.1332869529724121,0.7970740795135498,1.3792998790740967
20,15,104.97408843040466,-28826806.0,0.8012893199920654,0.42179158329963684,0.5789851546287537,0.27665504813194275,57.28816080093384,4.283715724945068,47.67409825325012,47.74857831001282,0.13078975677490234,0.8003239631652832,1.3684632778167725
20,16,156.17699217796326,-28829480.2,0.8003897070884705,0.4212525486946106,0.5788139700889587,0.276082307100296,88.64363479614258,8.838428974151611,67.51459860801697,74.30855202674866,0.248518705368042,1.6291308403015137,3.522428035736084
20,17,154.27247714996338,-28834669.6,0.8024562001228333,0.4223882853984833,0.5790345072746277,0.2776210308074951,87.15743923187256,9.037333250045776,67.09657549858093,72.6359531879425,0.25130319595336914,1.631246566772461,3.5044140815734863
20,18,154.2578570842743,-28829549.0,0.8006274104118347,0.4214614927768707,0.5783210396766663,0.2760373055934906,85.70789861679077,8.753227472305298,68.53153085708618,71.46552801132202,0.25820446014404297,1.6103076934814453,3.5253078937530518
20,19,153.69650220870972,-28828637.2,0.8021231889724731,0.42242729663848877,0.5789356231689453,0.2773698568344116,86.15775346755981,8.701509714126587,67.5202910900116,71.9775698184967,0.24839115142822266,1.6292550563812256,3.5038533210754395
20,20,153.29564714431763,-28829483.4,0.8007931709289551,0.4220521152019501,0.5792430639266968,0.27659162878990173,85.86259031295776,8.801048755645752,67.41347122192383,71.47330093383789,0.28061962127685547,1.6605651378631592,3.538724899291992
20,21,153.0599410533905,-28833693.0,0.8035110235214233,0.42415350675582886,0.5810322761535645,0.2786380648612976,84.27263498306274,8.765849828720093,68.76837921142578,70.00059723854065,0.24243879318237305,1.6410315036773682,3.5270140171051025
20,22,158.42764949798584,-28830652.6,0.80036461353302,0.42100000381469727,0.5774900913238525,0.27575889229774475,90.75488662719727,8.729607582092285,67.65451955795288,76.5523087978363,0.24354195594787598,1.6175224781036377,3.516305923461914
20,23,150.81628918647766,-28827944.6,0.8016204237937927,0.42207616567611694,0.5792490839958191,0.27688106894493103,83.75213050842285,8.755204200744629,67.04481387138367,69.5348174571991,0.24248981475830078,1.6203835010528564,3.505099296569824
20,24,156.5852460861206,-28835247.0,0.8016880750656128,0.42255136370658875,0.5791671276092529,0.27714136242866516,87.46817255020142,8.669904232025146,69.09835076332092,73.30126523971558,0.25292110443115234,1.6411993503570557,3.506427049636841
20,25,153.2791290283203,-28828660.6,0.8010785579681396,0.42190030217170715,0.578646183013916,0.27610769867897034,85.22414493560791,8.651435375213623,68.03631281852722,70.73773097991943,0.2475428581237793,1.9729340076446533,3.519334316253662
20,26,154.8173327445984,-28825411.6,0.8019185066223145,0.42208847403526306,0.5788195133209229,0.2768010199069977,87.56958794593811,8.811344146728516,67.22091555595398,73.23767232894897,0.26093459129333496,1.643430471420288,3.511909008026123
20,27,155.77708292007446,-28828356.2,0.8016088604927063,0.42215144634246826,0.5789207220077515,0.2767188251018524,87.82869958877563,8.719841718673706,67.92961359024048,73.42845749855042,0.4144470691680908,1.6376278400421143,3.5328316688537598
20,28,158.70514154434204,-28837177.6,0.8022065162658691,0.4226723611354828,0.5791779160499573,0.2775290012359619,90.24566507339478,8.667892694473267,68.4410240650177,76.08316683769226,0.24878525733947754,1.6334495544433594,3.518488883972168
20,29,159.52331829071045,-28829946.8,0.801504909992218,0.42175549268722534,0.5785465240478516,0.276926726102829,90.93868660926819,8.728921890258789,68.56611061096191,76.7323272228241,0.2524840831756592,1.633646011352539,3.4951229095458984
20,30,153.73397970199585,-28831733.8,0.8017211556434631,0.4217974543571472,0.5784381628036499,0.2768172323703766,85.80567145347595,8.663838148117065,67.90969395637512,71.649587392807,0.2517890930175781,1.6459691524505615,3.497685670852661
