k,sample,total_time,best_ll,P00,P01,P10,P11,full_fit,gradient_gpu,init_cpu_gpu,mcmc_cpu,optimizer_gpu,transfer_pcie,warm_up_mcmc_cpu
1,1,6.192589044570923,-0.0004000663757324219,0.9998999834060669,9.999999747378752e-05,0.9998999834060669,9.999999747378752e-05,4.887178659439087,1.5180087089538574,1.3053779602050781,1.755460500717163,0.11482882499694824,0.07935929298400879,1.3770763874053955
1,2,6.3312458992004395,-0.0004000663757324219,0.9998999834060669,0.9998999834060669,9.999999747378752e-05,9.999999747378752e-05,4.9203760623931885,1.5189290046691895,1.4108309745788574,1.7797355651855469,0.11588454246520996,0.07984566688537598,1.383906602859497
1,3,15.299221992492676,0.0,0.8999999761581421,0.699999988079071,0.5,0.20000000298023224,3.4737565517425537,1.2778234481811523,11.825433492660522,0.5989875793457031,0.11345291137695312,0.07801127433776855,1.3653104305267334
1,4,5.264096021652222,0.0,0.8999999761581421,0.699999988079071,0.5,0.20000000298023224,3.8063416481018066,1.3969941139221191,1.457709550857544,0.7699265480041504,0.1307516098022461,0.08118581771850586,1.371842861175537
1,5,6.294708490371704,-0.0004000663757324219,0.9998999834060669,0.9998999834060669,9.999999747378752e-05,9.999999747378752e-05,4.886472940444946,1.5108613967895508,1.408198356628418,1.7580935955047607,0.11539316177368164,0.08036017417907715,1.3793723583221436
1,6,4.780837535858154,0.0,0.8999999761581421,0.699999988079071,0.5,0.20000000298023224,3.4983582496643066,1.2883930206298828,1.282440185546875,0.5991566181182861,0.11622142791748047,0.07938957214355469,1.3739688396453857
1,7,6.158797025680542,-0.0004000663757324219,0.9998999834060669,9.999999747378752e-05,0.9998999834060669,9.999999747378752e-05,4.905086517333984,1.528768539428711,1.2536771297454834,1.7554304599761963,0.11696052551269531,0.08047223091125488,1.3801991939544678
1,8,6.189799070358276,-0.0004000663757324219,0.9998999834060669,0.9998999834060669,9.999999747378752e-05,9.999999747378752e-05,4.903084754943848,1.524371862411499,1.286679983139038,1.7600347995758057,0.11589932441711426,0.07951760292053223,1.3807814121246338
1,9,6.234904527664185,-0.0004000663757324219,0.9998999834060669,9.999999747378752e-05,0.9998999834060669,9.999999747378752e-05,4.884131193161011,1.5128850936889648,1.350740909576416,1.7595999240875244,0.11486530303955078,0.07924151420593262,1.3752548694610596
1,10,6.195044994354248,-0.0004000663757324219,0.9998999834060669,9.999999747378752e-05,0.9998999834060669,9.999999747378752e-05,4.902625560760498,1.5185027122497559,1.2923781871795654,1.770287036895752,0.11557769775390625,0.08005404472351074,1.3749492168426514
1,11,6.173170804977417,-0.0004000663757324219,0.9998999834060669,9.999999747378752e-05,0.9998999834060669,9.999999747378752e-05,4.893600940704346,1.5156340599060059,1.2795360088348389,1.7609291076660156,0.11655497550964355,0.07970595359802246,1.3783442974090576
1,12,6.329502820968628,-0.0004000663757324219,0.9998999834060669,9.999999747378752e-05,0.9998999834060669,9.999999747378752e-05,5.047162294387817,1.579702615737915,1.282287836074829,1.830303430557251,0.12548136711120605,0.08374285697937012,1.377228021621704
1,13,15.288744688034058,0.0,0.8999999761581421,0.699999988079071,0.5,0.20000000298023224,3.4985203742980957,1.2836225032806396,11.790187358856201,0.5982241630554199,0.11502218246459961,0.0796821117401123,1.3806226253509521
1,14,16.835937023162842,-0.0004000663757324219,0.9998999834060669,9.999999747378752e-05,0.9998999834060669,9.999999747378752e-05,4.894555330276489,1.493943452835083,11.941349029541016,1.7724852561950684,0.11330461502075195,0.07762455940246582,1.3956596851348877
1,15,6.274278163909912,-0.0004000663757324219,0.9998999834060669,0.9998999834060669,9.999999747378752e-05,9.999999747378752e-05,4.947505712509155,1.5279767513275146,1.3267364501953125,1.7953321933746338,0.11592531204223633,0.08074259757995605,1.3846220970153809
1,16,15.825416803359985,-0.0004000663757324219,0.9998999834060669,9.999999747378752e-05,0.9998999834060669,9.999999747378752e-05,11.147018671035767,3.1437032222747803,4.678297519683838,2.8062782287597656,0.23680377006530762,1.260319471359253,3.617370367050171
1,17,14.495239019393921,-0.0004000663757324219,0.9998999834060669,0.9998999834060669,9.999999747378752e-05,9.999999747378752e-05,10.001197099685669,3.11568021774292,4.493874549865723,2.7695345878601074,0.23187613487243652,0.14187049865722656,3.6616435050964355
1,18,13.040973424911499,-0.0004000663757324219,0.9998999834060669,9.999999747378752e-05,9.999999747378752e-05,0.9998999834060669,8.644270181655884,3.117602825164795,4.396581649780273,1.4330434799194336,0.23825645446777344,0.14152026176452637,3.6292009353637695
1,19,13.175862550735474,-0.0004000663757324219,0.9998999834060669,9.999999747378752e-05,9.999999747378752e-05,0.9998999834060669,8.672459602355957,3.1167140007019043,4.503221750259399,1.435511827468872,0.23192238807678223,0.14453601837158203,3.66097354888916
1,20,14.696210384368896,-0.0004000663757324219,0.9998999834060669,0.9998999834060669,9.999999747378752e-05,9.999999747378752e-05,10.176575422286987,3.2618627548217773,4.5194854736328125,2.7764925956726074,0.2410273551940918,0.1466689109802246,3.667931318283081
1,21,13.057158470153809,-0.0004000663757324219,0.9998999834060669,9.999999747378752e-05,9.999999747378752e-05,0.9998999834060669,8.555872917175293,3.0776021480560303,4.5011773109436035,1.4193718433380127,0.2309248447418213,0.14245176315307617,3.605649709701538
1,22,15.097066402435303,-0.0004000663757324219,0.9998999834060669,0.9998999834060669,9.999999747378752e-05,0.9998999834060669,10.31009030342102,3.1541364192962646,4.786868095397949,3.034403085708618,0.23964524269104004,0.14320898056030273,3.65569806098938
1,23,12.327455043792725,0.0,0.8999999761581421,0.699999988079071,0.5,0.20000000298023224,7.728591442108154,2.7351596355438232,4.598774671554565,0.9309675693511963,0.23032784461975098,0.13819098472595215,3.617906093597412
1,24,14.703117847442627,-0.0004000663757324219,0.9998999834060669,0.9998999834060669,9.999999747378752e-05,9.999999747378752e-05,10.001399040222168,3.153125047683716,4.701626777648926,2.773310422897339,0.23959946632385254,0.15848565101623535,3.592733860015869
1,25,14.35540246963501,-0.0004000663757324219,0.9998999834060669,0.9998999834060669,9.999999747378752e-05,9.999999747378752e-05,9.957926988601685,3.124962091445923,4.3973658084869385,2.764240026473999,0.23426222801208496,0.14075946807861328,3.6115427017211914
1,26,15.703152656555176,-0.0004000663757324219,0.9998999834060669,9.999999747378752e-05,0.9998999834060669,9.999999747378752e-05,10.008689165115356,3.1171271800994873,5.6943604946136475,2.815408706665039,0.23516154289245605,0.14053082466125488,3.620863199234009
1,27,14.658720970153809,-0.0004000663757324219,0.9998999834060669,0.9998999834060669,9.999999747378752e-05,0.9998999834060669,10.232840061187744,3.1369125843048096,4.425774574279785,3.0436935424804688,0.2346940040588379,0.1451418399810791,3.591420888900757
1,28,14.167312383651733,-0.0004000663757324219,0.9998999834060669,0.9998999834060669,9.999999747378752e-05,9.999999747378752e-05,9.919726133346558,3.12166166305542,4.247492790222168,2.7683491706848145,0.23523259162902832,0.14135169982910156,3.5730061531066895
1,29,14.789419174194336,-0.0004000663757324219,0.9998999834060669,0.9998999834060669,9.999999747378752e-05,0.9998999834060669,10.16513442993164,3.0973856449127197,4.624182224273682,3.030014753341675,0.22931814193725586,0.14131832122802734,3.587228536605835
1,30,14.530426740646362,-0.0004000663757324219,0.9998999834060669,9.999999747378752e-05,0.9998999834060669,9.999999747378752e-05,9.979574918746948,3.100773811340332,4.5507519245147705,2.803598403930664,0.23190951347351074,0.1413106918334961,3.6223459243774414
2,1,7.047309875488281,-1.4453626155853272,0.9998999834060669,9.999999747378752e-05,0.9354453086853027,9.999999747378752e-05,5.7866432666778564,1.6629834175109863,1.2606315612792969,2.511413812637329,0.11466407775878906,0.08061861991882324,1.3743786811828613
2,2,4.778163909912109,0.0,0.8999999761581421,0.699999988079071,0.5,0.20000000298023224,3.488316059112549,1.2796964645385742,1.2898101806640625,0.5991103649139404,0.1137080192565918,0.07849931716918945,1.3764562606811523
2,3,7.013035774230957,-3.455543279647827,0.9998999834060669,0.3664667308330536,0.3697845935821533,9.999999747378752e-05,5.767622470855713,1.6554615497589111,1.245377540588379,2.498910665512085,0.11470460891723633,0.08022284507751465,1.3758153915405273
2,4,6.221487998962402,-0.0004000663757324219,0.9998999834060669,0.9998999834060669,9.999999747378752e-05,9.999999747378752e-05,4.8868937492370605,1.5178091526031494,1.3345606327056885,1.7531144618988037,0.11485934257507324,0.0799562931060791,1.3788774013519287
2,5,7.519336223602295,-2.293952465057373,0.9998999834060669,0.9998999834060669,9.999999747378752e-05,0.2373376488685608,6.235790729522705,1.6608896255493164,1.2835118770599365,2.9571738243103027,0.11520528793334961,0.08124065399169922,1.3775205612182617
2,6,7.52655291557312,-4.416009902954102,0.9998999834060669,9.999999747378752e-05,0.9998999834060669,0.4818405508995056,6.263155937194824,1.6654810905456543,1.263357162475586,2.97845196723938,0.11496448516845703,0.08113765716552734,1.3802998065948486
2,7,6.781864643096924,-4.397591590881348,0.9998999834060669,9.999999747378752e-05,0.581049919128418,0.2653038799762726,5.500666618347168,1.7258453369140625,1.2811450958251953,2.123565912246704,0.13405060768127441,0.08245372772216797,1.3820462226867676
2,8,17.73316216468811,-5.229885578155518,0.9998999834060669,0.7420116066932678,9.999999747378752e-05,0.7420117855072021,5.934819221496582,1.6540303230285645,11.79830265045166,2.6582581996917725,0.11559295654296875,0.08138298988342285,1.38224458694458
2,9,17.9429874420166,-5.670896053314209,0.9998999834060669,0.657594621181488,0.2669842541217804,0.2532047927379608,6.4824583530426025,1.6316189765930176,11.460493803024292,3.219388723373413,0.11384010314941406,0.07932829856872559,1.3965015411376953
2,10,8.563061475753784,-2.9166088104248047,0.9998999834060669,0.9998999834060669,0.4816635847091675,9.999999747378752e-05,7.179153680801392,1.6631622314453125,1.3838658332824707,3.888718366622925,0.11587047576904297,0.0809929370880127,1.3876934051513672
2,11,6.17564058303833,-0.0004000663757324219,0.9998999834060669,0.9998999834060669,9.999999747378752e-05,9.999999747378752e-05,4.88984227180481,1.5210943222045898,1.2857651710510254,1.7526392936706543,0.1151285171508789,0.07953429222106934,1.3790524005889893
2,12,6.4852354526519775,-4.397592067718506,0.9998999834060669,0.5810420513153076,9.999999747378752e-05,0.26545658707618713,5.219335079193115,1.6515250205993652,1.2658612728118896,1.9583215713500977,0.11486625671386719,0.07990097999572754,1.3719172477722168
2,13,7.80433201789856,-5.229885101318359,0.7420298457145691,0.9998999834060669,0.7420674562454224,9.999999747378752e-05,6.47985577583313,1.6625893115997314,1.3244438171386719,3.2002315521240234,0.11542892456054688,0.08048796653747559,1.3778400421142578
2,14,7.914529800415039,-4.717669486999512,0.9998999834060669,0.20890823006629944,0.9998999834060669,0.251920610666275,6.569218873977661,1.661323070526123,1.3452746868133545,3.2902345657348633,0.11647391319274902,0.08076286315917969,1.3770852088928223
2,15,8.739599704742432,-6.163891792297363,0.9998999834060669,0.9998999834060669,0.600519061088562,0.17066550254821777,7.437133312225342,1.6632158756256104,1.3024258613586426,4.1580586433410645,0.11517143249511719,0.0804295539855957,1.3780059814453125
2,16,14.378625631332397,-0.0004000663757324219,0.9998999834060669,9.999999747378752e-05,9.999999747378752e-05,0.9998999834060669,8.632850170135498,3.125300884246826,5.745661020278931,1.452775001525879,0.234785795211792,0.14571762084960938,3.5906424522399902
2,17,18.70533561706543,-6.859475612640381,0.9998999834060669,0.520212709903717,0.7570684552192688,0.23898552358150482,13.267776012420654,3.4115805625915527,5.437441349029541,5.779182434082031,0.23732638359069824,0.1472470760345459,3.609767436981201
2,18,15.721263408660889,-4.397591590881348,0.9998999834060669,0.5810837149620056,0.265311598777771,9.999999747378752e-05,11.259435176849365,3.440106153488159,4.461728572845459,3.7838873863220215,0.23154568672180176,0.14740324020385742,3.572047710418701
2,19,12.09766936302185,0.0,0.8999999761581421,0.699999988079071,0.5,0.20000000298023224,7.717545747756958,2.6654679775238037,4.380028963088989,0.9347221851348877,0.23093795776367188,0.1413276195526123,3.6667816638946533
2,20,16.114973068237305,-3.505766010284424,0.9998999834060669,0.7737794518470764,9.999999747378752e-05,0.26119527220726013,11.537408590316772,3.4738593101501465,4.5774476528167725,4.003882169723511,0.23346757888793945,0.1464369297027588,3.598843812942505
2,21,18.63785457611084,-5.229885101318359,0.7420119643211365,0.9998999834060669,0.7420125007629395,9.999999747378752e-05,12.955598831176758,3.454129695892334,5.682130336761475,5.431223630905151,0.2398827075958252,0.1485130786895752,3.5952200889587402
2,22,14.38744854927063,-4.748449420928955,0.9998999834060669,0.12103724479675293,0.2578927278518677,0.2035723775625229,9.947819709777832,3.430617094039917,4.439526796340942,2.4735465049743652,0.2329726219177246,0.14390158653259277,3.585028886795044
2,23,17.992374658584595,-4.279099941253662,0.9998999834060669,0.5044795274734497,0.8388254046440125,9.999999747378752e-05,13.570706844329834,3.3973050117492676,4.421564340591431,5.820709705352783,0.24214911460876465,0.39617919921875,3.6302685737609863
2,24,15.916334390640259,-4.397591590881348,0.9998999834060669,0.5807814598083496,0.2650104761123657,9.999999747378752e-05,11.245190382003784,3.4139487743377686,4.671030759811401,3.7788569927215576,0.23302912712097168,0.14583587646484375,3.59024977684021
2,25,17.46295475959778,-5.818717002868652,0.9998999834060669,0.6653419137001038,0.261094331741333,0.2539443075656891,12.943207025527954,3.439985752105713,4.519644737243652,5.4250218868255615,0.23956084251403809,0.1501326560974121,3.6051249504089355
2,26,18.21356749534607,-7.868491220474243,0.9998999834060669,0.46538347005844116,0.8621214032173157,0.43211469054222107,13.67917513847351,3.377148151397705,4.53429388999939,6.253279447555542,0.23230504989624023,0.1436455249786377,3.592926263809204
2,27,16.41797113418579,-3.793351650238037,0.9998999834060669,0.23735982179641724,0.9998999834060669,9.999999747378752e-05,11.929699420928955,3.4696688652038574,4.488166570663452,4.404283761978149,0.23233366012573242,0.14714360237121582,3.5940513610839844
2,28,14.652971029281616,-0.0004000663757324219,0.9998999834060669,9.999999747378752e-05,0.9998999834060669,9.999999747378752e-05,9.918990850448608,3.0883729457855225,4.733867406845093,2.8096537590026855,0.2289574146270752,0.1414480209350586,3.570117712020874
2,29,18.21948790550232,-7.407747745513916,0.9998999834060669,0.7195347547531128,0.4955727159976959,0.43960219621658325,13.841562509536743,3.4227733612060547,4.3778088092803955,6.257623910903931,0.23677849769592285,0.1468513011932373,3.6954946517944336
2,30,18.093708276748657,-6.712410926818848,0.9998999834060669,0.5083102583885193,0.7859753966331482,0.21325066685676575,13.518582344055176,3.4256551265716553,4.5750038623809814,5.882606744766235,0.23798727989196777,0.2644619941711426,3.622708797454834
3,1,8.840483903884888,-18.180716896057127,0.9998999834060669,0.37849950790405273,0.5688809752464294,0.1340254247188568,7.5228166580200195,1.810084342956543,1.3176319599151611,4.091623067855835,0.11624789237976074,0.08140397071838379,1.3797390460968018
3,2,32.57355976104736,-20.389519119262694,0.9998999834060669,0.499818354845047,0.5036901831626892,0.20514053106307983,8.151071310043335,1.8440160751342773,24.422441244125366,4.659708023071289,0.11496114730834961,0.08135294914245605,1.409775733947754
3,3,33.82626128196716,-25.601055145263672,0.9998999834060669,0.5901817083358765,0.3966556191444397,0.3695377707481384,9.228979110717773,2.5851120948791504,24.59723949432373,4.920975685119629,0.15238213539123535,0.12088704109191895,1.3956031799316406
3,4,32.41169309616089,-20.522692489624024,0.9998999834060669,0.38600242137908936,0.32872357964515686,0.372856080532074,7.439465522766113,2.0388505458831787,24.97218632698059,3.5264124870300293,0.12095499038696289,0.08221578598022461,1.6291115283966064
3,5,43.87533235549927,-17.05054473876953,0.9998999834060669,0.3394882082939148,0.26101186871528625,0.38840702176094055,15.473227739334106,4.421554803848267,28.402058601379395,3.0935473442077637,0.6481866836547852,0.1837153434753418,6.94234561920166
3,6,19.736820936203003,-4.838960647583008,0.9998999834060669,0.5452989935874939,0.5453096032142639,9.999999747378752e-05,6.080001592636108,1.6360225677490234,13.656777381896973,2.8158934116363525,0.11533117294311523,0.07836341857910156,1.3931231498718262
3,7,18.93700408935547,-12.702410888671874,0.9998999834060669,0.46898457407951355,0.5431074500083923,9.999999747378752e-05,7.710297107696533,1.8222362995147705,11.226664066314697,4.258704900741577,0.11559820175170898,0.08092164993286133,1.390639066696167
3,8,9.996963500976562,-29.924605560302734,0.9998999834060669,0.3904821276664734,0.6392768025398254,0.5277810096740723,8.466781854629517,1.8209166526794434,1.530146837234497,5.021133661270142,0.11517715454101562,0.08166646957397461,1.3843443393707275
3,9,8.756367683410645,-18.95963611602783,0.9998999834060669,0.30364736914634705,0.5978492498397827,0.20416684448719025,7.346804857254028,1.7954552173614502,1.4095287322998047,3.929304838180542,0.11511349678039551,0.08039665222167969,1.383894920349121
3,10,8.137542486190796,-21.867466926574707,0.9962912797927856,0.5315961241722107,0.2956618368625641,0.3274284899234772,6.8674116134643555,1.8070495128631592,1.270097017288208,3.437906503677368,0.11484050750732422,0.08132505416870117,1.3834261894226074
3,11,7.72721266746521,-19.134823036193847,0.9998999834060669,0.46313053369522095,0.2518477141857147,0.32250434160232544,6.471797943115234,1.7970068454742432,1.2553746700286865,3.0555317401885986,0.11450576782226562,0.08052396774291992,1.381692886352539
3,12,8.725451946258545,-17.606511497497557,0.9998999834060669,0.5498304963111877,0.36139994859695435,0.1580294966697693,7.4508912563323975,1.7974865436553955,1.274522066116333,4.029439449310303,0.11462974548339844,0.0810549259185791,1.3857159614562988
3,13,9.694864273071289,-21.996459007263184,0.9998999834060669,0.6891710162162781,0.3696390390396118,0.27084723114967346,8.445719003677368,1.8085393905639648,1.2491135597229004,5.017098426818848,0.11414194107055664,0.08025455474853516,1.383549690246582
3,14,7.8482091426849365,-17.4466854095459,0.9998999834060669,0.2043515145778656,0.5148376226425171,0.2504608631134033,6.577031850814819,1.805389165878296,1.2711434364318848,3.1539103984832764,0.11441922187805176,0.08009791374206543,1.380756139755249
3,15,8.056602954864502,-16.977310943603516,0.9998999834060669,0.5632601380348206,0.22856701910495758,0.23349745571613312,6.794767379760742,1.8675627708435059,1.2618024349212646,3.2987546920776367,0.11631608009338379,0.08089447021484375,1.3887989521026611
3,16,20.640836477279663,-15.315480709075928,0.9998999834060669,0.664822518825531,0.5728575587272644,9.999999747378752e-05,16.078734636306763,3.722440242767334,4.561995029449463,8.152137517929077,0.23386001586914062,0.1486356258392334,3.6624252796173096
3,17,17.454060792922974,-19.787071990966798,0.9998999834060669,0.46188119053840637,0.28619644045829773,0.29842042922973633,13.122212886810303,3.6550886631011963,4.3317484855651855,5.421592950820923,0.23133277893066406,0.1422884464263916,3.5911574363708496
3,18,18.6429922580719,-18.923701667785643,0.9998999834060669,0.4720245897769928,0.4485682547092438,0.1658995896577835,14.308447360992432,3.66094708442688,4.334441661834717,6.60200834274292,0.23312044143676758,0.14538121223449707,3.586277723312378
3,19,19.21177577972412,-15.761743927001953,0.8342050313949585,0.8250170350074768,0.5114103555679321,9.999999747378752e-05,14.871767282485962,3.7001566886901855,4.339885711669922,7.092613458633423,0.23366141319274902,0.1457808017730713,3.617899179458618
3,20,18.677862882614136,-19.591402053833008,0.9998999834060669,0.2806064486503601,0.4971815049648285,0.3263484835624695,14.298131465911865,3.7071869373321533,4.3796045780181885,6.540591478347778,0.23576974868774414,0.1491847038269043,3.5797712802886963
3,21,19.731306076049805,-19.023056030273438,0.9998999834060669,0.6415179967880249,0.39341822266578674,0.13791489601135254,15.482658863067627,3.6985950469970703,4.248522996902466,7.711559295654297,0.2430431842803955,0.14744830131530762,3.598154306411743
3,22,21.887489080429077,-23.45082893371582,0.9998999834060669,0.4386073350906372,0.6910224556922913,0.24366408586502075,16.271146059036255,3.7298026084899902,5.616237640380859,8.48669695854187,0.23759889602661133,0.15025663375854492,3.5843753814697266
3,23,19.69062042236328,-29.908177375793457,0.9566463828086853,0.41639062762260437,0.5333113670349121,0.5022581815719604,15.32469367980957,3.6865580081939697,4.365819692611694,7.60219669342041,0.23750638961791992,0.14574742317199707,3.5702483654022217
3,24,18.72459578514099,-19.947101974487303,0.9998999834060669,0.5151362419128418,0.2956357002258301,0.3003559410572052,14.302494049072266,3.7475686073303223,4.421994686126709,6.516973972320557,0.23189306259155273,0.14733672142028809,3.5775370597839355
3,25,19.435646772384644,-24.344402694702147,0.9998999834060669,0.41723474860191345,0.46817779541015625,0.40755555033683777,14.949407577514648,3.7107138633728027,4.48612642288208,7.221327066421509,0.23360848426818848,0.14666175842285156,3.5559120178222656
3,26,19.22988271713257,-18.6340181350708,0.9998999834060669,0.49719321727752686,0.3149145543575287,0.2893242835998535,14.926992416381836,3.717625379562378,4.30279016494751,7.169138193130493,0.2365429401397705,0.1484980583190918,3.5744173526763916
3,27,20.14294981956482,-19.825725746154784,0.9998999834060669,0.5896346569061279,0.5726493000984192,0.1012771874666214,15.812129974365234,3.7209932804107666,4.330690860748291,8.017111778259277,0.23913335800170898,0.14718937873840332,3.605319023132324
3,28,19.726831912994385,-14.358374309539794,0.9866788387298584,0.8206339478492737,0.38512447476387024,9.999999747378752e-05,15.515549898147583,3.712009906768799,4.211169481277466,7.70654296875,0.23992562294006348,0.1511828899383545,3.62160587310791
3,29,16.698765754699707,-6.204743385314941,0.9998999834060669,0.9998999834060669,0.21342504024505615,0.23643717169761658,12.320908308029175,3.4333994388580322,4.3777337074279785,4.838569164276123,0.23609280586242676,0.14632034301757812,3.584657669067383
3,30,15.734330177307129,-9.396018886566162,0.9998999834060669,0.397475928068161,0.02385171689093113,0.2327241152524948,11.578672409057617,3.6975629329681396,4.155550241470337,3.7959141731262207,0.2355496883392334,0.14555644989013672,3.622222423553467
4,1,8.317363500595093,-42.69637908935547,0.9040493965148926,0.5340947508811951,0.09476597607135773,0.4210529327392578,7.006516218185425,1.956827163696289,1.3108117580413818,3.4268569946289062,0.11452412605285645,0.08185553550720215,1.383232831954956
4,2,10.602205038070679,-62.89839859008789,0.9998999834060669,0.1929073929786682,0.6778061985969543,0.40046021342277527,9.308209657669067,2.044182062149048,1.2939519882202148,5.588044881820679,0.11807060241699219,0.08338260650634766,1.4308772087097168
4,3,18.446004629135132,-45.04752426147461,0.5811775326728821,0.6039712429046631,0.8250506520271301,0.027693791314959526,7.9518938064575195,1.9701440334320068,10.494070053100586,4.347125768661499,0.11764931678771973,0.08178353309631348,1.392606496810913
4,4,10.20520281791687,-50.85436859130859,0.9998999834060669,0.46215683221817017,0.32102465629577637,0.2893063426017761,8.935870170593262,1.9495244026184082,1.269291639328003,5.361797332763672,0.11490249633789062,0.08149576187133789,1.3857603073120117
4,5,9.276336908340454,-40.876281356811525,0.9998999834060669,0.20676706731319427,0.6043513417243958,0.17180846631526947,7.9399237632751465,1.947655439376831,1.3363721370697021,4.370851755142212,0.11564016342163086,0.08118534088134766,1.3818206787109375
4,6,10.811651945114136,-38.062879180908205,0.9998999834060669,0.5203502178192139,0.5755867958068848,9.999999747378752e-05,9.381563186645508,1.9570748805999756,1.4300553798675537,5.798326730728149,0.11567425727844238,0.08038806915283203,1.3872523307800293
4,7,10.090628623962402,-33.63821868896484,0.9998999834060669,0.4676530063152313,0.5128908157348633,9.999999747378752e-05,8.82838773727417,1.9403867721557617,1.2622015476226807,5.26295280456543,0.11473679542541504,0.08058357238769531,1.3872783184051514
4,8,8.968748569488525,-52.6825668334961,0.7127373814582825,0.6439642310142517,0.5137511491775513,0.14563600718975067,7.727901220321655,1.9599311351776123,1.2408127784729004,4.144847631454468,0.11489295959472656,0.08096718788146973,1.3853166103363037
4,9,9.689219951629639,-51.46757431030274,0.9998999834060669,0.2441939264535904,0.5686558485031128,0.26415345072746277,8.323461055755615,1.9567596912384033,1.365715742111206,4.74297308921814,0.11522078514099121,0.08167600631713867,1.3839550018310547
4,10,10.40091323852539,-51.22982635498047,0.9998999834060669,0.35770612955093384,0.3542287051677704,0.3739051818847656,9.137783527374268,1.9563190937042236,1.2630970478057861,5.554351806640625,0.11657476425170898,0.08147287368774414,1.3861098289489746
4,11,9.814846754074097,-50.014634704589845,0.9998999834060669,0.3847791254520416,0.43377864360809326,0.2331879734992981,8.561095476150513,1.9649930000305176,1.2537176609039307,4.96686315536499,0.11520075798034668,0.08215928077697754,1.3889050483703613
4,12,10.58271336555481,-68.5110954284668,0.9998999834060669,0.27638474106788635,0.5763727426528931,0.41597697138786316,9.293229818344116,2.0418636798858643,1.28944993019104,5.52103328704834,0.1190035343170166,0.08291316032409668,1.4853527545928955
4,13,21.25580358505249,-57.93116416931152,0.9998999834060669,0.7074511051177979,0.3721792995929718,0.14314013719558716,10.293264865875244,1.970893383026123,10.962504625320435,6.688536882400513,0.11832356452941895,0.08085203170776367,1.3921644687652588
4,14,10.963828802108765,-69.05864639282227,0.9998999834060669,0.335099458694458,0.6457601189613342,0.3071202337741852,9.682369709014893,1.9421892166137695,1.2814197540283203,6.108676433563232,0.1159517765045166,0.08087635040283203,1.3919055461883545
4,15,10.458200693130493,-56.54897766113281,0.9998999834060669,0.452827513217926,0.5299118757247925,0.15901429951190948,9.15619444847107,1.9513440132141113,1.3019731044769287,5.577903509140015,0.1158759593963623,0.08134889602661133,1.3872365951538086
4,16,19.85230779647827,-49.193722534179685,0.9998999834060669,0.4107925295829773,0.33691439032554626,0.27570751309394836,15.4538094997406,4.121716260910034,4.398372650146484,7.252510070800781,0.23153162002563477,0.15021061897277832,3.613584041595459
4,17,19.513970851898193,-45.389234161376955,0.9998999834060669,0.4128416180610657,0.4558543860912323,0.13615843653678894,15.262645721435547,3.9636683464050293,4.251211881637573,7.264202833175659,0.2329087257385254,0.14490056037902832,3.575577735900879
4,18,20.098747491836548,-51.240823364257814,0.9998999834060669,0.45296022295951843,0.29864680767059326,0.31359246373176575,15.836400747299194,3.978161096572876,4.262240648269653,7.762142181396484,0.23430442810058594,0.14811134338378906,3.6297833919525146
4,19,21.26460361480713,-41.786258697509766,0.9998999834060669,0.2724720537662506,0.5629355311393738,0.17167167365550995,17.055329084396362,3.9975976943969727,4.209166049957275,9.012717247009277,0.23854422569274902,0.15120649337768555,3.571349859237671
4,20,20.73635220527649,-47.47799186706543,0.9998999834060669,0.4201439619064331,0.4422837793827057,0.18763108551502228,16.420103311538696,3.970763683319092,4.316143035888672,8.403990507125854,0.229356050491333,0.14744234085083008,3.5860440731048584
4,21,20.377864122390747,-54.422677993774414,0.9998999834060669,0.3110112249851227,0.5040572285652161,0.2906770408153534,16.066893815994263,3.9871203899383545,4.310856103897095,8.05447244644165,0.23360848426818848,0.14504241943359375,3.565721273422241
4,22,21.48303723335266,-66.37212448120117,0.9998999834060669,0.4264703094959259,0.5771211981773376,0.24762311577796936,17.29076385498047,3.9256179332733154,4.192160129547119,9.348722696304321,0.2333664894104004,0.14474725723266602,3.556661367416382
4,23,19.075331926345825,-42.68682594299317,0.9607791304588318,0.49964356422424316,0.4129297137260437,0.08723986893892288,14.839484691619873,3.9317891597747803,4.2357378005981445,6.87166953086853,0.2333545684814453,0.14316964149475098,3.579359531402588
4,24,19.68071150779724,-48.14067039489746,0.9998999834060669,0.4581575095653534,0.22688451409339905,0.35991451144218445,15.517743110656738,3.9878063201904297,4.16283655166626,7.370848655700684,0.2404019832611084,0.14901423454284668,3.685703754425049
4,25,22.707185745239258,-51.252377319335935,0.9998999834060669,0.5530440807342529,0.39061206579208374,0.18770815432071686,18.517563343048096,4.058695077896118,4.18949818611145,10.41075348854065,0.24243879318237305,0.15268325805664062,3.5666422843933105
4,26,19.72794222831726,-17.57861957550049,0.9998999834060669,0.13177146017551422,0.9228740334510803,0.22992564737796783,15.395139932632446,3.6948344707489014,4.332695960998535,7.624959230422974,0.23555564880371094,0.14719200134277344,3.6100401878356934
4,27,18.863133668899536,-50.8976390838623,0.779277503490448,0.3879878520965576,0.6823294162750244,0.16073495149612427,14.653004169464111,3.982170343399048,4.210007905960083,6.647570371627808,0.23053574562072754,0.1444091796875,3.566521167755127
4,28,21.44030213356018,-55.48977508544922,0.9998999834060669,0.5179136991500854,0.43333926796913147,0.17753393948078156,16.742027282714844,3.9710967540740967,4.6981611251831055,8.72610092163086,0.23476028442382812,0.1469731330871582,3.579519510269165
4,29,20.922556161880493,-62.57351379394531,0.9998999834060669,0.42518559098243713,0.4170887768268585,0.3365902304649353,16.605844020843506,3.976172685623169,4.316578388214111,8.585311889648438,0.23275995254516602,0.14629864692687988,3.5835752487182617
4,30,18.523750066757202,-48.270478057861325,0.8175088167190552,0.4078754782676697,0.4938671886920929,0.21767646074295044,14.33300232887268,3.9415054321289062,4.190627574920654,6.385226726531982,0.23273110389709473,0.14522504806518555,3.5475261211395264
5,1,11.362918615341187,-150.42106170654296,0.8854700922966003,0.5939610600471497,0.5516785979270935,0.1455826610326767,10.092088222503662,2.081913471221924,1.2707905769348145,6.383876085281372,0.11580157279968262,0.08072400093078613,1.3875157833099365
5,2,12.033880233764648,-129.90634002685547,0.9998999834060669,0.45429858565330505,0.4741928279399872,0.16350720822811127,10.679451704025269,2.0897023677825928,1.3543872833251953,6.959928274154663,0.11593437194824219,0.08182454109191895,1.3891770839691162
5,3,10.435909986495972,-115.51984024047852,0.9998999834060669,0.43398183584213257,0.2595408856868744,0.3071603775024414,9.144217491149902,2.0956947803497314,1.2916491031646729,5.420667409896851,0.11542201042175293,0.08142566680908203,1.3885059356689453
5,4,11.573660135269165,-153.32994689941407,0.9998999834060669,0.3500984311103821,0.5184093117713928,0.28132250905036926,10.284542560577393,2.1144826412200928,1.2890825271606445,6.536473989486694,0.11640238761901855,0.08183550834655762,1.3927686214447021
5,5,13.063247919082642,-131.18017120361327,0.9998999834060669,0.4488292634487152,0.578208327293396,0.08353719115257263,11.762596607208252,2.1069345474243164,1.3006157875061035,8.024910926818848,0.11613154411315918,0.08220410346984863,1.389348030090332
5,6,19.985838413238525,-125.50430374145508,0.9940663576126099,0.4751558005809784,0.3115379810333252,0.2681194543838501,9.341232299804688,2.0590834617614746,10.64456057548523,5.66148042678833,0.11408782005310059,0.08023881912231445,1.3847339153289795
5,7,12.102466106414795,-165.96002044677735,0.9998999834060669,0.49436238408088684,0.41354742646217346,0.2689514756202698,10.822461128234863,2.106076717376709,1.2799670696258545,7.085946798324585,0.11679291725158691,0.08286857604980469,1.387751579284668
5,8,13.249718427658081,-166.63577728271486,0.9998999834060669,0.5190551280975342,0.5347957611083984,0.1715974062681198,11.99409818649292,2.0826399326324463,1.255584955215454,8.286774635314941,0.11589169502258301,0.08182883262634277,1.3840091228485107
5,9,9.084059238433838,-95.34118118286133,0.9998999834060669,0.28462356328964233,0.17938289046287537,0.4817947745323181,7.857966423034668,2.0980653762817383,1.2260587215423584,4.134588003158569,0.11499881744384766,0.0813133716583252,1.3863487243652344
5,10,11.948606729507446,-142.06394653320314,0.9998999834060669,0.3541122078895569,0.487312376499176,0.26946699619293213,10.688361883163452,2.0847220420837402,1.2602081298828125,6.97582221031189,0.1158299446105957,0.08148384094238281,1.3879976272583008
5,11,12.170107126235962,-151.77208404541017,0.9998999834060669,0.43256351351737976,0.45207294821739197,0.2609688341617584,10.893320322036743,2.1010022163391113,1.276749849319458,7.164583683013916,0.11566877365112305,0.08304476737976074,1.3859963417053223
5,12,12.226412057876587,-128.40374374389648,0.9998999834060669,0.4191001057624817,0.4669627845287323,0.1910330206155777,10.932754755020142,2.1133410930633545,1.2936229705810547,7.18709397315979,0.11607766151428223,0.08334231376647949,1.3898513317108154
5,13,11.174048900604248,-151.26791076660157,0.8952106237411499,0.4812791347503662,0.543295681476593,0.21614043414592743,9.940564632415771,2.0935606956481934,1.233450174331665,6.220263481140137,0.11647248268127441,0.08067059516906738,1.3873741626739502
5,14,11.492970705032349,-149.4243591308594,0.9998999834060669,0.40379759669303894,0.42188334465026855,0.3051935136318207,10.160479545593262,2.1160080432891846,1.3324358463287354,6.4060704708099365,0.12099909782409668,0.08289313316345215,1.3869588375091553
5,15,22.248268842697144,-136.48128204345704,0.9998999834060669,0.46569088101387024,0.4796096086502075,0.16597987711429596,10.313904285430908,2.060476779937744,11.934322834014893,6.613988637924194,0.11635160446166992,0.07933640480041504,1.4026315212249756
5,16,23.939603328704834,-129.4469741821289,0.9509669542312622,0.5009603500366211,0.5901961326599121,0.0988159030675888,19.687845468521118,4.257865905761719,4.251552581787109,11.267735719680786,0.24650144577026367,0.15161848068237305,3.6784040927886963
5,17,23.92601752281189,-135.38248596191406,0.9998999834060669,0.3411974012851715,0.47707873582839966,0.27304309606552124,19.631051778793335,4.254923105239868,4.2948431968688965,11.343364715576172,0.2334308624267578,0.14832210540771484,3.5683741569519043
5,18,22.553454399108887,-136.19210052490234,0.9947155714035034,0.329596608877182,0.5269419550895691,0.24434147775173187,18.37598466873169,4.239833354949951,4.177349328994751,10.051466703414917,0.23191118240356445,0.1472334861755371,3.6224558353424072
5,19,22.772127389907837,-104.81137390136719,0.9660956859588623,0.48251113295555115,0.5324477553367615,0.05571513995528221,18.585272550582886,4.26623010635376,4.186746120452881,10.300303220748901,0.23260760307312012,0.14727163314819336,3.5569560527801514
5,20,22.7303569316864,-136.69369812011718,0.9998999834060669,0.4773949682712555,0.3478001058101654,0.2586190104484558,18.5660138130188,4.279690265655518,4.164224624633789,10.256037473678589,0.2316281795501709,0.14878606796264648,3.5669164657592773
5,21,23.819774866104126,-114.67580642700196,0.9567366242408752,0.5975056886672974,0.4795287549495697,0.052517347037792206,19.653101921081543,4.28790283203125,4.166571617126465,11.31534194946289,0.2310943603515625,0.14577484130859375,3.5904600620269775
5,22,25.269087314605713,-122.35760345458985,0.9998999834060669,0.46181169152259827,0.45998093485832214,0.15607474744319916,20.919772386550903,4.353071689605713,4.349194526672363,12.44498586654663,0.24251890182495117,0.1585531234741211,3.6359360218048096
5,23,23.430570125579834,-152.16529998779296,0.9998999834060669,0.40658557415008545,0.4716447591781616,0.25310981273651123,19.238184452056885,4.27034068107605,4.192285776138306,10.92630934715271,0.23218488693237305,0.1449110507965088,3.582472085952759
5,24,25.142574548721313,-122.40428619384765,0.9998999834060669,0.46919459104537964,0.5517582297325134,0.09821537137031555,20.958067655563354,4.288442850112915,4.184387922286987,12.611715078353882,0.23123693466186523,0.1474299430847168,3.596609592437744
5,25,22.6226589679718,-135.10346527099608,0.9998999834060669,0.4641028344631195,0.37151938676834106,0.24747234582901,18.455677270889282,4.251708745956421,4.166871786117554,10.15775728225708,0.23216891288757324,0.14579129219055176,3.5854973793029785
5,26,22.214964866638184,-127.26995086669922,0.9945803284645081,0.28210949897766113,0.45077258348464966,0.3197101652622223,18.014565467834473,4.25276780128479,4.20028829574585,9.721052646636963,0.23017573356628418,0.1458728313446045,3.5825631618499756
5,27,21.798954963684082,-140.61001892089843,0.8599746227264404,0.6799802184104919,0.3999858796596527,0.22999435663223267,17.520728588104248,4.295279264450073,4.278008937835693,9.057633399963379,0.24137330055236816,0.15284013748168945,3.6893205642700195
5,28,26.328930854797363,-122.28954467773437,0.9998999834060669,0.6188730001449585,0.5598295331001282,0.01598474755883217,21.95258355140686,4.323542833328247,4.3762125968933105,13.443468570709229,0.2460956573486328,0.15418744087219238,3.6986465454101562
5,29,21.586791038513184,-123.20504150390624,0.9998999834060669,0.43253713846206665,0.30110472440719604,0.29617780447006226,17.30434775352478,4.228518486022949,4.282332897186279,8.973936319351196,0.2339169979095459,0.14625263214111328,3.6396865844726562
5,30,22.145610332489014,-146.68934326171876,0.8909162878990173,0.3755227029323578,0.5716214776039124,0.25753042101860046,17.854292392730713,4.299915552139282,4.2912023067474365,9.49105167388916,0.23253703117370605,0.14874482154846191,3.599808692932129
6,1,12.233191967010498,-326.3011169433594,0.9761285781860352,0.3597205877304077,0.477581262588501,0.26245221495628357,10.828377485275269,2.2460057735443115,1.4047770500183105,6.949493408203125,0.11575889587402344,0.08089423179626465,1.3934781551361084
6,2,6.176847219467163,-0.0004000663757324219,0.9998999834060669,0.9998999834060669,9.999999747378752e-05,9.999999747378752e-05,4.89697790145874,1.5161702632904053,1.2798340320587158,1.761948585510254,0.11623096466064453,0.07964682579040527,1.3805456161499023
6,3,6.1934287548065186,-0.0004000663757324219,0.9998999834060669,9.999999747378752e-05,0.9998999834060669,9.999999747378752e-05,4.890972852706909,1.5136148929595947,1.302417516708374,1.7612736225128174,0.11375045776367188,0.07884860038757324,1.3807039260864258
6,4,4.836806535720825,0.0,0.8999999761581421,0.699999988079071,0.5,0.20000000298023224,3.498896598815918,1.2824089527130127,1.3378760814666748,0.5992305278778076,0.11429381370544434,0.07896208763122559,1.3830292224884033
6,5,4.811473369598389,0.0,0.8999999761581421,0.699999988079071,0.5,0.20000000298023224,3.5013692378997803,1.2869324684143066,1.3100721836090088,0.599755048751831,0.11423778533935547,0.07937979698181152,1.3798673152923584
6,6,6.1899213790893555,-0.0004000663757324219,0.9998999834060669,0.9998999834060669,9.999999747378752e-05,9.999999747378752e-05,4.91689658164978,1.5292837619781494,1.2729921340942383,1.7680532932281494,0.11548995971679688,0.08100247383117676,1.3797760009765625
6,7,6.2357776165008545,-0.0004000663757324219,0.9998999834060669,9.999999747378752e-05,0.9998999834060669,9.999999747378752e-05,4.8933539390563965,1.5148780345916748,1.3423829078674316,1.7551648616790771,0.11634516716003418,0.0807344913482666,1.3828558921813965
6,8,6.244694471359253,-0.0004000663757324219,0.9998999834060669,9.999999747378752e-05,0.9998999834060669,9.999999747378752e-05,4.907742023468018,1.5158169269561768,1.3369147777557373,1.774172067642212,0.1137080192565918,0.07951879501342773,1.3820092678070068
6,9,4.769374132156372,0.0,0.8999999761581421,0.699999988079071,0.5,0.20000000298023224,3.4973304271698,1.2803077697753906,1.2720065116882324,0.5985522270202637,0.11410045623779297,0.07926321029663086,1.3842577934265137
6,10,6.154462814331055,-0.0004000663757324219,0.9998999834060669,0.9998999834060669,9.999999747378752e-05,9.999999747378752e-05,4.892058849334717,1.5193250179290771,1.2623701095581055,1.7507100105285645,0.11504173278808594,0.08060765266418457,1.3831367492675781
6,11,4.792510986328125,0.0,0.8999999761581421,0.699999988079071,0.5,0.20000000298023224,3.5262181758880615,1.3096835613250732,1.2662601470947266,0.6004266738891602,0.11561226844787598,0.0802621841430664,1.3792295455932617
6,12,6.165022134780884,-0.0004000663757324219,9.999999747378752e-05,0.9998999834060669,9.999999747378752e-05,9.999999747378752e-05,4.830595016479492,1.5945372581481934,1.3343925476074219,1.5264203548431396,0.11815500259399414,0.08114194869995117,1.4668912887573242
6,13,16.480308532714844,-0.0004000663757324219,9.999999747378752e-05,0.9998999834060669,9.999999747378752e-05,9.999999747378752e-05,4.6372761726379395,1.4801945686340332,11.84299373626709,1.5398352146148682,0.11410832405090332,0.0780189037322998,1.3837652206420898
6,14,4.861036777496338,0.0,0.8999999761581421,0.699999988079071,0.5,0.20000000298023224,3.5274465084075928,1.303443193435669,1.3335566520690918,0.6009731292724609,0.11581063270568848,0.07930612564086914,1.386721134185791
6,15,6.156904220581055,-0.0004000663757324219,0.9998999834060669,9.999999747378752e-05,0.9998999834060669,9.999999747378752e-05,4.894989967346191,1.5188050270080566,1.2618796825408936,1.7566754817962646,0.11599230766296387,0.07945895195007324,1.3818860054016113
6,16,14.118995666503906,-0.0004000663757324219,0.9998999834060669,0.9998999834060669,9.999999747378752e-05,9.999999747378752e-05,9.905172348022461,3.1049554347991943,4.213726758956909,2.7682368755340576,0.23414039611816406,0.14156436920166016,3.5774283409118652
6,17,13.168315887451172,-0.0004000663757324219,0.9998999834060669,9.999999747378752e-05,9.999999747378752e-05,0.9998999834060669,8.674710035324097,3.1357169151306152,4.493433475494385,1.414463758468628,0.23589134216308594,0.14275860786437988,3.6638498306274414
6,18,12.823430061340332,-0.0004000663757324219,0.9998999834060669,9.999999747378752e-05,9.999999747378752e-05,0.9998999834060669,8.6024010181427,3.1212706565856934,4.220911979675293,1.4367337226867676,0.23627805709838867,0.14548921585083008,3.5788772106170654
6,19,14.702473163604736,-0.0004000663757324219,0.9998999834060669,9.999999747378752e-05,0.9998999834060669,9.999999747378752e-05,10.439379215240479,3.140817880630493,4.26296067237854,2.831631660461426,0.24129128456115723,0.1485910415649414,3.720701217651367
6,20,14.231172561645508,-0.0004000663757324219,0.9998999834060669,9.999999747378752e-05,0.9998999834060669,9.999999747378752e-05,9.932477235794067,3.1102044582366943,4.2985827922821045,2.8069822788238525,0.22882866859436035,0.13948774337768555,3.5672833919525146
6,21,14.28818154335022,-0.0004000663757324219,0.9998999834060669,9.999999747378752e-05,0.9998999834060669,9.999999747378752e-05,10.061136484146118,3.159832000732422,4.226921319961548,2.8286490440368652,0.24044060707092285,0.14319634437561035,3.607267379760742
6,22,14.189818382263184,-0.0004000663757324219,0.9998999834060669,0.9998999834060669,9.999999747378752e-05,9.999999747378752e-05,9.896623134613037,3.1178982257843018,4.293084621429443,2.776020050048828,0.22851777076721191,0.14019179344177246,3.5548243522644043
6,23,11.812197923660278,0.0,0.8999999761581421,0.699999988079071,0.5,0.20000000298023224,7.5807414054870605,2.635439395904541,4.231353759765625,0.9327569007873535,0.22842669486999512,0.13778185844421387,3.570328712463379
6,24,11.88170862197876,0.0,0.8999999761581421,0.699999988079071,0.5,0.20000000298023224,7.655606508255005,2.6529481410980225,4.226001739501953,0.9121448993682861,0.22756481170654297,0.13729238510131836,3.6490068435668945
6,25,12.75696873664856,-0.0004000663757324219,0.9998999834060669,9.999999747378752e-05,9.999999747378752e-05,0.9998999834060669,8.548874139785767,3.086583137512207,4.208004951477051,1.4361815452575684,0.23079681396484375,0.14113593101501465,3.5734190940856934
6,26,11.75154733657837,0.0,0.8999999761581421,0.699999988079071,0.5,0.20000000298023224,7.554848670959473,2.6244096755981445,4.196610927581787,0.930884599685669,0.22795796394348145,0.1360454559326172,3.5612874031066895
6,27,13.665830850601196,-0.0004000663757324219,9.999999747378752e-05,0.9998999834060669,9.999999747378752e-05,9.999999747378752e-05,9.437340021133423,3.071977138519287,4.228392839431763,2.3221516609191895,0.23075056076049805,0.14092516899108887,3.5897467136383057
6,28,14.463202953338623,-0.0004000663757324219,0.9998999834060669,0.9998999834060669,9.999999747378752e-05,9.999999747378752e-05,10.049879550933838,3.217616558074951,4.413226127624512,2.765859365463257,0.23603367805480957,0.14484548568725586,3.6041345596313477
6,29,13.72470211982727,-0.0004000663757324219,9.999999747378752e-05,0.9998999834060669,9.999999747378752e-05,9.999999747378752e-05,9.502501010894775,3.076793909072876,4.222089767456055,2.32728910446167,0.23405814170837402,0.14089727401733398,3.6423566341400146
6,30,12.01267147064209,0.0,0.8999999761581421,0.699999988079071,0.5,0.20000000298023224,7.759453773498535,2.685333728790283,4.253102779388428,0.9530270099639893,0.22925615310668945,0.14005708694458008,3.674013614654541
7,1,8.773183345794678,-48.92187843322754,0.9998999834060669,0.17986823618412018,0.41916975378990173,0.4409339129924774,7.482635974884033,1.9439778327941895,1.2905097007751465,3.9206173419952393,0.11505556106567383,0.08127403259277344,1.3792753219604492
7,2,9.263136625289917,-55.50940361022949,0.9925689697265625,0.27636975049972534,0.4599907100200653,0.3675225079059601,7.993792295455933,1.9421868324279785,1.2693004608154297,4.423795700073242,0.11599421501159668,0.0809783935546875,1.3883061408996582
7,3,9.166867017745972,-57.688589859008786,0.9998999834060669,0.31689316034317017,0.3071615695953369,0.49670255184173584,7.867612361907959,1.9613351821899414,1.2992188930511475,4.284011125564575,0.11606550216674805,0.08223128318786621,1.3811516761779785
7,4,9.3935227394104,-53.23355979919434,0.7243631482124329,0.08275490254163742,0.6602391004562378,0.6399887800216675,8.055028438568115,1.955580472946167,1.3384552001953125,4.477623462677002,0.11473965644836426,0.08104085922241211,1.3833880424499512
7,5,9.092701196670532,-67.0357894897461,0.9998999834060669,0.2230944037437439,0.30519694089889526,0.25296902656555176,7.841027736663818,2.0805392265319824,1.2516379356384277,4.1415016651153564,0.1145176887512207,0.08026337623596191,1.3816492557525635
7,6,9.070131778717041,-69.79852981567383,0.8816400766372681,0.3245268762111664,0.41798582673072815,0.14160345494747162,7.779492378234863,2.0890393257141113,1.290604591369629,4.062288999557495,0.11542415618896484,0.08188366889953613,1.388254165649414
7,7,9.633237361907959,-71.82541885375977,0.9943816661834717,0.33246496319770813,0.3104223608970642,0.17479930818080902,8.32553505897522,2.0775108337402344,1.307666301727295,4.626430988311768,0.11481118202209473,0.08076286315917969,1.3836407661437988
7,8,9.520897626876831,-70.42331390380859,0.9674503803253174,0.3742844760417938,0.32785019278526306,0.1324871927499771,8.190431118011475,2.2017080783843994,1.3304064273834229,4.331432819366455,0.13378500938415527,0.08373641967773438,1.383256196975708
7,9,19.811105966567993,-66.22148513793945,0.9998999834060669,0.211942657828331,0.36601027846336365,0.19011695683002472,7.9434497356414795,2.059844970703125,11.867621898651123,4.261798143386841,0.11527633666992188,0.08083915710449219,1.384401798248291
7,10,15.15863561630249,-705.967041015625,0.9295398592948914,0.5005601644515991,0.577267050743103,0.09212276339530945,13.911704301834106,2.3762521743774414,1.2468926906585693,9.906500339508057,0.11497068405151367,0.0804147720336914,1.3911869525909424
7,11,15.327197313308716,-735.7127197265625,0.9047237038612366,0.5210148692131042,0.5623549222946167,0.11699392646551132,13.921755313873291,2.4196832180023193,1.4054014682769775,9.874480962753296,0.1169593334197998,0.08126616477966309,1.3867948055267334
7,12,14.462172746658325,-758.3485412597656,0.9115985035896301,0.49513861536979675,0.5453763008117676,0.1461644023656845,13.174915790557861,2.423661947250366,1.2872159481048584,9.121793270111084,0.11626720428466797,0.08087897300720215,1.390265941619873
7,13,14.443528175354004,-734.6448303222656,0.9186801910400391,0.4931533932685852,0.5643506050109863,0.14149869978427887,13.158704996109009,2.4310672283172607,1.284783124923706,9.098138332366943,0.11572027206420898,0.08122491836547852,1.389002799987793
7,14,15.195531129837036,-714.7640014648438,0.9284073710441589,0.5004075169563293,0.5835424661636353,0.10894904285669327,13.901831150054932,2.393143653869629,1.2936620712280273,9.878796577453613,0.11493277549743652,0.08135747909545898,1.3914735317230225
7,15,15.17538857460022,-693.4141174316406,0.9568536281585693,0.4551888406276703,0.5473614931106567,0.14019472897052765,13.924715757369995,2.478506088256836,1.2506146430969238,9.803718566894531,0.12308549880981445,0.08394932746887207,1.387378215789795
7,16,29.862624406814575,-719.9757141113281,0.9477968215942383,0.47637832164764404,0.5607361197471619,0.13813921809196472,25.614197492599487,4.868877649307251,4.248315811157227,16.69771933555603,0.23252248764038086,0.149399995803833,3.5838778018951416
7,17,29.314761877059937,-732.6927673339844,0.9270031452178955,0.5064146518707275,0.5447149872779846,0.12134071439504623,25.121150255203247,4.825587034225464,4.193483114242554,16.24907088279724,0.23472023010253906,0.1468334197998047,3.583178997039795
7,18,28.650574445724487,-749.3917175292969,0.876395046710968,0.48715126514434814,0.5190742015838623,0.11107869446277618,24.404943466186523,4.869256973266602,4.245518207550049,15.48221731185913,0.23514294624328613,0.15447020530700684,3.5782742500305176
7,19,29.622263193130493,-712.1859375,0.8682848215103149,0.5539453625679016,0.5559352040290833,0.08854375779628754,25.350219249725342,4.858990669250488,4.271927833557129,16.410147190093994,0.23698019981384277,0.15042519569396973,3.608644485473633
7,20,27.62949848175049,-777.720166015625,0.9589090347290039,0.3863362669944763,0.4614843726158142,0.25867190957069397,23.425412893295288,4.819633722305298,4.203966856002808,14.565456628799438,0.233778715133667,0.1457200050354004,3.5784168243408203
7,21,28.835872411727905,-742.7018432617188,0.924036979675293,0.4978242814540863,0.5431478023529053,0.14142656326293945,24.6089825630188,4.871496200561523,4.226771354675293,15.693767786026001,0.2331845760345459,0.14864802360534668,3.579099178314209
7,22,28.533665657043457,-772.5379821777344,0.900983452796936,0.5403493046760559,0.5434610247612,0.16841048002243042,24.283955574035645,4.869751930236816,4.249601125717163,15.319870233535767,0.23364901542663574,0.14757537841796875,3.63141131401062
7,23,28.887227535247803,-750.0061279296875,0.89503014087677,0.5367012023925781,0.5440621376037598,0.15577378869056702,24.636334657669067,5.142023086547852,4.25076699256897,14.826401710510254,0.241959810256958,0.658311128616333,3.680985689163208
7,24,28.207810640335083,-760.9795349121093,0.9954847693443298,0.3602810204029083,0.4560297727584839,0.2483098953962326,23.887441158294678,4.897948980331421,4.320180892944336,14.873175144195557,0.23535490036010742,0.1505444049835205,3.6448521614074707
7,25,30.197381258010864,-703.9977966308594,0.9171488285064697,0.47115248441696167,0.5507552027702332,0.08959275484085083,25.907841205596924,4.95222544670105,4.289418458938599,16.896836757659912,0.23430347442626953,0.14775466918945312,3.5929791927337646
7,26,28.35156512260437,-747.7209411621094,0.8806431889533997,0.4977535009384155,0.5345010161399841,0.13164515793323517,24.095783710479736,4.82260799407959,4.255671739578247,15.17666506767273,0.23222064971923828,0.14573359489440918,3.63604998588562
7,27,29.644323587417603,-745.2219055175781,0.9176511168479919,0.49493372440338135,0.5845466256141663,0.1218658909201622,25.4107985496521,4.824959993362427,4.233386754989624,16.52234148979187,0.2341320514678955,0.1492612361907959,3.5969605445861816
7,28,28.034543991088867,-757.5830200195312,0.9998999834060669,0.38908666372299194,0.3820641338825226,0.2935259938240051,23.529980421066284,4.879453897476196,4.504446983337402,14.576324939727783,0.23506617546081543,0.15024375915527344,3.604461669921875
7,29,28.632386445999146,-773.7766479492187,0.9882983565330505,0.38541123270988464,0.48962104320526123,0.22810138761997223,24.410090684890747,4.83933162689209,4.222187280654907,15.45973014831543,0.24103784561157227,0.14989495277404785,3.6338956356048584
7,30,28.62372374534607,-752.5401184082032,0.9051321148872375,0.5372544527053833,0.5478522181510925,0.16538386046886444,24.39220118522644,4.836705923080444,4.231412172317505,15.516230344772339,0.23268389701843262,0.14770984649658203,3.5765271186828613
8,1,24.06816339492798,-361.18759765625,0.8753684163093567,0.5504411458969116,0.5570546984672546,0.1676165908575058,12.18578290939331,2.2107274532318115,11.88234543800354,8.341724395751953,0.11641454696655273,0.08041596412658691,1.3947432041168213
8,2,14.737667798995972,-357.2517456054687,0.8809196352958679,0.5085530877113342,0.5947055220603943,0.13554903864860535,13.420353412628174,2.241556167602539,1.3172781467437744,9.542512655258179,0.11481666564941406,0.08073234558105469,1.3982934951782227
8,3,15.556949138641357,-334.95263671875,0.9461280703544617,0.4728206694126129,0.5847446918487549,0.10230684280395508,14.284779071807861,2.286651372909546,1.2721285820007324,10.368699073791504,0.11639523506164551,0.08124804496765137,1.3897719383239746
8,4,13.646842956542969,-352.56824645996096,0.9376372694969177,0.5013135671615601,0.4899354577064514,0.18400762975215912,12.323424100875854,2.2311789989471436,1.3233835697174072,8.465344667434692,0.11585617065429688,0.08038973808288574,1.3884899616241455
8,5,14.246334075927734,-340.6119842529297,0.9062502980232239,0.4907032251358032,0.603781521320343,0.15040691196918488,12.881369829177856,2.2444345951080322,1.3649239540100098,9.005728721618652,0.11626768112182617,0.08114385604858398,1.391655445098877
8,6,14.509791851043701,-327.3299621582031,0.8732398748397827,0.5904715657234192,0.622859537601471,0.0845012217760086,13.161028861999512,2.23163104057312,1.3487236499786377,9.303828716278076,0.11643481254577637,0.08020329475402832,1.3866519927978516
8,7,14.041044235229492,-358.5085723876953,0.9192265868186951,0.48996639251708984,0.5534724593162537,0.1930723786354065,12.763675212860107,2.278879165649414,1.2773103713989258,8.847212314605713,0.1202235221862793,0.08214855194091797,1.3887476921081543
8,8,25.784406185150146,-347.8669464111328,0.9399281740188599,0.5080595016479492,0.582719624042511,0.12806877493858337,13.911545753479004,2.2231411933898926,11.872823476791382,10.051016330718994,0.11526775360107422,0.08095264434814453,1.3988051414489746
8,9,13.954951047897339,-364.60584716796876,0.8942978978157043,0.4956609308719635,0.5935363173484802,0.14069430530071259,12.680398225784302,2.250349998474121,1.2745168209075928,8.795332908630371,0.1153109073638916,0.08216643333435059,1.3942782878875732
8,10,14.143314361572266,-376.31682739257815,0.8820751905441284,0.5557193160057068,0.5591235756874084,0.18005937337875366,12.829757928848267,2.24214768409729,1.3135230541229248,8.964086532592773,0.11506247520446777,0.08015131950378418,1.386228084564209
8,11,15.884332418441772,-339.31928100585935,0.9526536464691162,0.527202844619751,0.5852077603340149,0.08529040217399597,14.658966541290283,2.2296478748321533,1.2253267765045166,10.805821895599365,0.1145479679107666,0.07993626594543457,1.386902093887329
8,12,14.026859998703003,-359.9498565673828,0.9925215244293213,0.39189404249191284,0.540138304233551,0.20982319116592407,12.760034084320068,2.2405130863189697,1.26678466796875,8.8916015625,0.1153097152709961,0.08164334297180176,1.3879554271697998
8,13,14.953282594680786,-336.05071411132815,0.9247695207595825,0.5163136720657349,0.574472188949585,0.08576352894306183,13.639369249343872,2.2404205799102783,1.313877820968628,9.768654108047485,0.11599302291870117,0.08126139640808105,1.391080617904663
8,14,14.781858444213867,-344.62530822753905,0.894648551940918,0.5322869420051575,0.5770045518875122,0.10791388899087906,13.51287317276001,2.331418037414551,1.2689290046691895,9.52126431465149,0.1311180591583252,0.08474183082580566,1.3905653953552246
8,15,24.96348762512207,-357.05608520507815,0.9199166893959045,0.5553325414657593,0.5543758273124695,0.12361931055784225,13.089150190353394,2.2176284790039062,11.874295711517334,9.236323118209839,0.11554288864135742,0.07945060729980469,1.3993737697601318
8,16,26.303632736206055,-352.93358459472654,0.8112293481826782,0.565493643283844,0.6355654001235962,0.11552493274211884,22.0529842376709,4.57590913772583,4.250537633895874,13.436664581298828,0.2306218147277832,0.1482832431793213,3.5769455432891846
8,17,26.231826543807983,-342.739697265625,0.7906247973442078,0.610083281993866,0.6672163009643555,0.07079194486141205,21.98653531074524,4.559705018997192,4.245181560516357,13.37564992904663,0.2350296974182129,0.1511991024017334,3.5797650814056396
8,18,27.45427966117859,-356.61350708007814,0.9045765995979309,0.5617581009864807,0.5537234544754028,0.16597287356853485,23.309954166412354,4.511038303375244,4.144210577011108,14.752308368682861,0.23629426956176758,0.1443617343902588,3.584158182144165
8,19,27.383591413497925,-359.22246704101565,0.8997940421104431,0.5044054388999939,0.604448139667511,0.1491728574037552,23.213412284851074,4.539868354797363,4.170061349868774,14.56953501701355,0.23684334754943848,0.14764928817749023,3.6356561183929443
8,20,28.660924673080444,-351.00084228515624,0.8574082851409912,0.5125842690467834,0.6469674110412598,0.1126537099480629,24.53780722618103,4.571117639541626,4.122997045516968,15.922527074813843,0.2339789867401123,0.14829206466674805,3.580519914627075
8,21,29.848013401031494,-316.8952606201172,0.9777703881263733,0.5147982239723206,0.5330458283424377,0.09041301906108856,25.69938850402832,4.67194128036499,4.14849328994751,16.980957508087158,0.2370593547821045,0.15000128746032715,3.575246572494507
8,22,27.77515697479248,-345.41708984375,0.930090606212616,0.4712648093700409,0.548454999923706,0.15651172399520874,23.67544198036194,4.608391284942627,4.099600791931152,15.043308973312378,0.2365248203277588,0.1477031707763672,3.5570833683013916
8,23,27.679447412490845,-348.4732421875,0.9074490666389465,0.49641191959381104,0.6256064772605896,0.13876685500144958,23.456567764282227,4.547588348388672,4.222754001617432,14.867538928985596,0.2361149787902832,0.1468672752380371,3.573770046234131
8,24,28.147655725479126,-343.5484985351562,0.8752859234809875,0.5606725811958313,0.6465898752212524,0.10184595733880997,24.00065588951111,4.572250604629517,4.146883010864258,15.38594388961792,0.23750090599060059,0.14651012420654297,3.5769522190093994
8,25,27.355741500854492,-342.48267822265626,0.9342032670974731,0.5145527124404907,0.49535974860191345,0.11220007389783859,23.13878893852234,4.590217590332031,4.216837167739868,14.306364297866821,0.2426767349243164,0.15105605125427246,3.7655651569366455
8,26,27.804644346237183,-330.15349731445315,0.8783367276191711,0.5784425139427185,0.5632351040840149,0.08181708306074142,23.686859130859375,4.537086725234985,4.117674112319946,15.113997459411621,0.2330172061920166,0.14555692672729492,3.5744500160217285
8,27,25.68396258354187,-358.97747802734375,0.9998999834060669,0.39998728036880493,0.3816429078578949,0.32954734563827515,21.57500386238098,4.700777530670166,4.108849048614502,12.818256616592407,0.23630666732788086,0.14726710319519043,3.5886013507843018
8,28,27.60346531867981,-352.62103881835935,0.9547252655029297,0.535887598991394,0.46561890840530396,0.16560758650302887,23.466914892196655,4.593303918838501,4.136443614959717,14.821150541305542,0.2337474822998047,0.14885926246643066,3.5853145122528076
8,29,26.436957120895386,-361.6349822998047,0.9059509038925171,0.4827594459056854,0.5354533791542053,0.1841726154088974,22.30114245414734,4.57032585144043,4.135704517364502,13.690284252166748,0.2343153953552246,0.1467301845550537,3.577195405960083
8,30,27.912107706069946,-346.0842315673828,0.970193088054657,0.4917018413543701,0.5487789511680603,0.15129975974559784,23.764444589614868,4.569507837295532,4.147550106048584,15.1583890914917,0.23575234413146973,0.14693689346313477,3.572490692138672
9,1,17.20671772956848,-1751.802099609375,0.9104757308959961,0.510877251625061,0.5708534121513367,0.10720247775316238,15.931126832962036,2.5259897708892822,1.275547981262207,11.770063638687134,0.11549925804138184,0.08199119567871094,1.3948955535888672
9,2,16.357535362243652,-1736.126611328125,0.9067868590354919,0.5302168130874634,0.569290816783905,0.10446208715438843,15.097073554992676,2.5404369831085205,1.2604212760925293,10.924170017242432,0.11591506004333496,0.0827798843383789,1.3907151222229004
9,3,15.854771137237549,-1776.9950439453125,0.8814924955368042,0.4911540746688843,0.5377599596977234,0.1095491424202919,14.499955654144287,2.5328409671783447,1.3547730445861816,10.33272099494934,0.1154184341430664,0.08100295066833496,1.3955867290496826
9,4,15.54179859161377,-1771.1140625,0.8793841004371643,0.5059241056442261,0.5445303320884705,0.10658185184001923,14.25347352027893,2.5355985164642334,1.288283348083496,10.092571020126343,0.11508655548095703,0.08202981948852539,1.3860647678375244
9,5,16.05349063873291,-1754.60166015625,0.9066268801689148,0.5256378650665283,0.55024653673172,0.11534590274095535,14.790889978408813,2.5194475650787354,1.262554407119751,10.642377853393555,0.11510634422302246,0.08186841011047363,1.3896088600158691
9,6,30.93738079071045,-1765.9282958984375,0.9099197387695312,0.5064690709114075,0.5364910364151001,0.11996584385633469,15.680502891540527,2.4922056198120117,15.256833553314209,10.834477663040161,0.11477041244506836,0.07976484298706055,2.1186940670013428
9,7,19.01462960243225,-4135.2884765625,0.8867949843406677,0.4967290163040161,0.5388044118881226,0.10274194926023483,17.728694677352905,2.8170201778411865,1.285914659500122,13.222850799560547,0.1428070068359375,0.08597040176391602,1.396310567855835
9,8,17.835760831832886,-4137.514306640625,0.88377845287323,0.4966331422328949,0.529987096786499,0.10216563940048218,16.39759874343872,2.749866008758545,1.4381449222564697,12.006815433502197,0.11755180358886719,0.08377957344055176,1.396761178970337
9,9,17.31202268600464,-4255.458251953125,0.8975896239280701,0.5420529842376709,0.5482909083366394,0.15269604325294495,16.05276370048523,2.6855690479278564,1.259242296218872,11.733282804489136,0.11500358581542969,0.08303451538085938,1.3939380645751953
9,10,18.46226191520691,-4121.587646484375,0.8930041193962097,0.49803775548934937,0.5336861610412598,0.09739898890256882,17.024837732315063,2.7168684005737305,1.4374070167541504,12.600419521331787,0.11543035507202148,0.08346271514892578,1.466299057006836
9,11,17.502471685409546,-4100.60693359375,0.8875226378440857,0.5040500164031982,0.5516802072525024,0.1222640872001648,16.23474407196045,2.689713954925537,1.2677125930786133,11.91256594657898,0.11426281929016113,0.08292484283447266,1.3929901123046875
9,12,31.159756660461426,-4040.666943359375,0.9152539372444153,0.5023496150970459,0.562138557434082,0.0996207594871521,17.86431622505188,2.6659388542175293,13.295421361923218,13.539365768432617,0.11717462539672852,0.08380341529846191,1.4156341552734375
9,13,18.472514152526855,-4166.95078125,0.8809724450111389,0.4950134754180908,0.539440393447876,0.09859544038772583,17.190017461776733,2.683473825454712,1.2824811935424805,12.866530179977417,0.11580371856689453,0.08291864395141602,1.3987164497375488
9,14,18.274629831314087,-4121.092993164062,0.9210801720619202,0.5146616101264954,0.5650171637535095,0.13597658276557922,16.995024919509888,2.69413423538208,1.2795875072479248,12.667046070098877,0.11599540710449219,0.0839078426361084,1.3913867473602295
9,15,18.303959608078003,-4148.17724609375,0.9149927496910095,0.5091456770896912,0.5754392743110657,0.15149083733558655,17.03782868385315,2.6773810386657715,1.2661159038543701,12.725133657455444,0.11571431159973145,0.08297204971313477,1.3938610553741455
9,16,33.467926263809204,-4177.35634765625,0.9057552218437195,0.5410510897636414,0.5474348068237305,0.1373174637556076,29.33845829963684,5.416747093200684,4.129387617111206,19.819886684417725,0.24013996124267578,0.1507892608642578,3.625288486480713
9,17,32.887046337127686,-4221.2580078125,0.9016985893249512,0.5423347353935242,0.548698365688324,0.14089778065681458,28.735491514205933,5.439575433731079,4.15147590637207,19.243783235549927,0.23427820205688477,0.1494762897491455,3.5848965644836426
9,18,34.01709580421448,-4135.4220703125,0.9134541153907776,0.507810652256012,0.5754446983337402,0.13385693728923798,29.87461805343628,5.603195428848267,4.142408132553101,20.113232612609863,0.2395169734954834,0.1521470546722412,3.6829466819763184
9,19,35.05881953239441,-4058.3481201171876,0.913936972618103,0.5001028776168823,0.5568954348564148,0.1163567453622818,30.9135639667511,5.414489984512329,4.14518666267395,21.45268487930298,0.23363780975341797,0.14751505851745605,3.583848237991333
9,20,33.462095975875854,-4206.0189453125,0.9056812524795532,0.518997848033905,0.5745781660079956,0.14282181859016418,29.29287624359131,5.447685956954956,4.16914176940918,19.780709505081177,0.23839306831359863,0.1505293846130371,3.592280149459839
9,21,33.631677865982056,-4133.251318359375,0.8942752480506897,0.49586811661720276,0.5208688974380493,0.1114920899271965,29.509231090545654,5.472198247909546,4.122383117675781,19.993659734725952,0.23676800727844238,0.14792966842651367,3.5757336616516113
9,22,33.128939390182495,-4147.965576171875,0.8872811198234558,0.5014359951019287,0.5620274543762207,0.1348578929901123,28.98502278327942,5.461147785186768,4.143855094909668,19.480402946472168,0.23542118072509766,0.14871740341186523,3.5765888690948486
9,23,34.85797166824341,-4117.10869140625,0.9277815818786621,0.49628984928131104,0.5894941091537476,0.14282700419425964,30.721328496932983,5.416078567504883,4.136575222015381,21.253463983535767,0.23349928855895996,0.14711546897888184,3.5883727073669434
9,24,34.56707143783569,-4011.5343017578125,0.9207531809806824,0.5032843351364136,0.5696763396263123,0.11328475922346115,30.276633977890015,5.413440465927124,4.290363788604736,20.81293535232544,0.23679900169372559,0.1497945785522461,3.5796234607696533
9,25,33.840845584869385,-4108.254248046875,0.888306200504303,0.49952274560928345,0.5402568578720093,0.09513766318559647,29.71414089202881,5.4339141845703125,4.126638650894165,20.217236280441284,0.2339169979095459,0.15034914016723633,3.5955045223236084
9,26,33.03591322898865,-4235.701220703125,0.90019690990448,0.5020315647125244,0.5639531016349792,0.1610236018896103,28.892061710357666,5.372734308242798,4.143783092498779,19.449273824691772,0.23614120483398438,0.14775300025939941,3.6048011779785156
9,27,35.47737169265747,-4097.334716796875,0.921754777431488,0.499652624130249,0.5881386399269104,0.150157168507576,31.318073272705078,5.4475321769714355,4.159237861633301,21.803903579711914,0.23569679260253906,0.14767813682556152,3.6016104221343994
9,28,32.34937620162964,-4239.365380859375,0.8956778645515442,0.543108344078064,0.5493693351745605,0.13228614628314972,28.241782665252686,5.436142683029175,4.107523679733276,18.744494438171387,0.23267221450805664,0.14891958236694336,3.598001718521118
9,29,33.2275595664978,-4210.534228515625,0.9013851284980774,0.5145885348320007,0.5708640813827515,0.1442651003599167,29.034193992614746,5.5217859745025635,4.193270683288574,19.463460445404053,0.23620057106018066,0.15021467208862305,3.580293655395508
9,30,34.16791296005249,-4097.912939453125,0.9301575422286987,0.5143517255783081,0.5836822986602783,0.13628725707530975,29.983572721481323,5.568026542663574,4.184257984161377,20.360050678253174,0.23673486709594727,0.15107035636901855,3.585761785507202
10,1,22.10216736793518,-6112.73515625,0.9773941040039062,0.47503775358200073,0.5563127994537354,0.07993155717849731,20.796146869659424,2.8233249187469482,1.3059751987457275,16.335014581680298,0.11527442932128906,0.08444046974182129,1.395615816116333
10,2,21.001850366592407,-6258.34033203125,0.9634286761283875,0.4789011478424072,0.5451697707176208,0.09017230570316315,19.705873489379883,2.916836738586426,1.2959189414978027,15.120009660720825,0.12808537483215332,0.0876619815826416,1.3990185260772705
10,3,31.264514684677124,-6186.72294921875,0.9604834914207458,0.49076589941978455,0.5449221730232239,0.07389158010482788,19.67978811264038,2.848972797393799,11.584677934646606,15.186164379119873,0.11606097221374512,0.08375430107116699,1.4022815227508545
10,4,20.05224084854126,-6289.926708984375,0.9567601680755615,0.47650232911109924,0.546356201171875,0.08912327885627747,18.76462721824646,2.9408700466156006,1.287564754486084,14.181695461273193,0.1166229248046875,0.08500123023986816,1.3976058959960938
10,5,20.760021686553955,-9668.13896484375,0.9065328240394592,0.5137434601783752,0.5617642998695374,0.15439845621585846,19.465532302856445,2.9727840423583984,1.2944386005401611,14.801912307739258,0.14450979232788086,0.08808708190917969,1.3941025733947754
10,6,20.661855697631836,-9571.20087890625,0.9111266136169434,0.5151954293251038,0.5887207984924316,0.13982735574245453,19.383750915527344,2.840578556060791,1.2780647277832031,14.907518863677979,0.11557435989379883,0.0839395523071289,1.3936069011688232
10,7,21.26353168487549,-9619.1880859375,0.9075635671615601,0.5061389803886414,0.5629929900169373,0.1483018845319748,19.990129232406616,2.904203414916992,1.273355484008789,15.445332288742065,0.11783051490783691,0.08534049987792969,1.3941679000854492
10,8,31.414454460144043,-9545.8279296875,0.8825032114982605,0.49478620290756226,0.5267717838287354,0.096526138484478,19.52355980873108,2.7721190452575684,11.890840291976929,15.107445001602173,0.11399626731872559,0.08280563354492188,1.405656337738037
10,9,21.065701007843018,-9553.231640625,0.8829482197761536,0.4959169626235962,0.5328156352043152,0.09730558097362518,19.77496337890625,2.871973991394043,1.2906920909881592,15.257350444793701,0.11601471900939941,0.08562469482421875,1.4012656211853027
10,10,20.39425253868103,-9689.0427734375,0.903282642364502,0.5170464515686035,0.5619091391563416,0.15879376232624054,19.087398529052734,2.813511371612549,1.306807518005371,14.36055302619934,0.1160888671875,0.08354973793029785,1.6713111400604248
10,11,19.793318033218384,-9749.0345703125,0.8967934846878052,0.5162652134895325,0.5668758749961853,0.16075386106967926,18.544109344482422,2.824127435684204,1.2491610050201416,14.085135459899902,0.11452722549438477,0.08519411087036133,1.3927083015441895
10,12,20.85368537902832,-9542.8267578125,0.882937490940094,0.4964747130870819,0.5302730798721313,0.09774129837751389,19.567535638809204,2.8343706130981445,1.2861099243164062,15.0919349193573,0.11616158485412598,0.08510255813598633,1.3974595069885254
10,13,30.324238538742065,-9636.17431640625,0.8764203190803528,0.4941413998603821,0.5251477956771851,0.10210525244474411,19.534330129623413,2.8212244510650635,10.789860486984253,15.073364734649658,0.11642575263977051,0.08443713188171387,1.396461009979248
10,14,20.977710723876953,-9597.128125,0.8784973621368408,0.49552714824676514,0.5190169215202332,0.09524037688970566,19.640437126159668,2.817985773086548,1.337233066558838,15.18182635307312,0.1156768798828125,0.08470988273620605,1.3982360363006592
10,15,21.66345524787903,-9501.07548828125,0.8890419602394104,0.49484783411026,0.5394605398178101,0.10292603820562363,20.387941360473633,2.847086191177368,1.2754690647125244,15.894636154174805,0.11715960502624512,0.08392167091369629,1.4025638103485107
10,16,38.12374520301819,-9568.0458984375,0.8800774216651917,0.4945305287837982,0.5336818695068359,0.09794971346855164,33.98246908187866,5.6865644454956055,4.1411497592926025,24.24874520301819,0.23620367050170898,0.14967131614685059,3.578238010406494
10,17,37.699816942214966,-9755.10849609375,0.9061601161956787,0.5109390616416931,0.561018705368042,0.1686210185289383,33.542274951934814,5.720240831375122,4.157415390014648,23.75474977493286,0.23565101623535156,0.15065264701843262,3.598344087600708
10,18,38.97624373435974,-9509.041015625,0.8904016017913818,0.5000608563423157,0.5433399081230164,0.1144188642501831,34.80260920524597,5.682509422302246,4.1735169887542725,25.067095518112183,0.23072171211242676,0.14893269538879395,3.591958999633789
10,19,38.67124605178833,-9614.09794921875,0.875627875328064,0.49630212783813477,0.5288479924201965,0.09534841775894165,34.50472092628479,5.7536537647247314,4.166367530822754,24.643100261688232,0.2465496063232422,0.1553792953491211,3.6201887130737305
10,20,39.304699182510376,-9458.2841796875,0.92738938331604,0.5160105228424072,0.5822857022285461,0.13876543939113617,35.197439670562744,5.6932573318481445,4.107146978378296,25.44258689880371,0.2327284812927246,0.15185761451721191,3.5926456451416016
10,21,38.898693323135376,-9493.1927734375,0.8864340782165527,0.4995945394039154,0.545723557472229,0.1153007447719574,34.72542452812195,5.712174892425537,4.173113107681274,24.969300985336304,0.23860430717468262,0.14981675148010254,3.572253704071045
10,22,38.49195742607117,-9562.72705078125,0.8778796195983887,0.4964088201522827,0.5336533784866333,0.09638579189777374,34.32114386558533,5.718932151794434,4.1706531047821045,24.542283296585083,0.2350175380706787,0.15127062797546387,3.5892157554626465
10,23,39.79981970787048,-9459.5939453125,0.8961144685745239,0.49764978885650635,0.5382530689239502,0.10312377661466599,35.69499182701111,5.739768981933594,4.1047070026397705,25.88547110557556,0.23618602752685547,0.15072274208068848,3.5989902019500732
10,24,39.89105582237244,-9472.2091796875,0.894554615020752,0.49719175696372986,0.5326924920082092,0.10420369356870651,35.69640874862671,5.742538928985596,4.194519996643066,25.895246744155884,0.23729896545410156,0.15128159523010254,3.587400436401367
10,25,38.13975214958191,-9663.546484375,0.9011700749397278,0.5137895345687866,0.5646845102310181,0.16251444816589355,34.01023840904236,5.75265908241272,4.1293816566467285,24.192219018936157,0.23105859756469727,0.15031170845031738,3.6009361743927
10,26,39.136786460876465,-9528.906640625,0.884648859500885,0.49482202529907227,0.5336161851882935,0.09263190627098083,34.95308232307434,5.782289505004883,4.183576583862305,25.11544132232666,0.2347123622894287,0.15180706977844238,3.5851831436157227
10,27,38.45619797706604,-9614.60068359375,0.880395233631134,0.4941169023513794,0.5294899344444275,0.09938453137874603,34.30818724632263,5.716019630432129,4.147861003875732,24.526010751724243,0.2391674518585205,0.15012788772583008,3.5941431522369385
10,28,38.95297408103943,-9541.809765625,0.8805261850357056,0.49457430839538574,0.5286813378334045,0.0949203372001648,34.80357527732849,5.722777843475342,4.149286985397339,25.020970582962036,0.23504257202148438,0.15083599090576172,3.5890510082244873
10,29,38.9930305480957,-9514.04541015625,0.8817431330680847,0.4971914291381836,0.5313922166824341,0.10094918310642242,34.85421109199524,5.702274560928345,4.1386799812316895,25.109352588653564,0.2327878475189209,0.14872074127197266,3.577977418899536
10,30,39.32786202430725,-9576.03818359375,0.8857629895210266,0.49337247014045715,0.5194128751754761,0.09695139527320862,35.14009404182434,5.725793123245239,4.187632322311401,25.340717792510986,0.23252654075622559,0.15159916877746582,3.605790376663208
11,1,23.74751591682434,-17891.5853515625,0.9203017950057983,0.4678853750228882,0.5230234265327454,0.10854563117027283,22.431875944137573,2.9645166397094727,1.3155970573425293,17.824926376342773,0.11633539199829102,0.0854499340057373,1.398648738861084
11,2,23.41147756576538,-17850.21328125,0.9187558889389038,0.46901842951774597,0.5265771746635437,0.10923627018928528,22.10589337348938,2.9729819297790527,1.3055343627929688,17.49019718170166,0.11614608764648438,0.08594369888305664,1.3979949951171875
11,3,47.38694500923157,-17910.062109375,0.9220110177993774,0.4976049065589905,0.5575360655784607,0.11177753657102585,22.85151958465576,3.442937135696411,24.535356760025024,17.706180095672607,0.145979642868042,0.08698225021362305,1.4046130180358887
11,4,48.045058250427246,-17866.46640625,0.9196699857711792,0.4571587145328522,0.5101166367530823,0.10839878767728806,23.61684274673462,3.5496673583984375,24.42814612388611,18.362797498703003,0.14298653602600098,0.08975529670715332,1.407041311264038
11,5,48.21337127685547,-17911.4048828125,0.9138543009757996,0.457690954208374,0.5144428610801697,0.10125890374183655,23.719193935394287,3.468644857406616,24.494107723236084,18.52872061729431,0.14730429649353027,0.09061527252197266,1.4184157848358154
11,6,47.8603515625,-17891.7451171875,0.9014291167259216,0.4582371115684509,0.5285206437110901,0.0918075442314148,23.42786979675293,3.458629846572876,24.432409048080444,18.251129388809204,0.15012121200561523,0.08856844902038574,1.4130940437316895
11,7,47.836796283721924,-17868.3099609375,0.9269514083862305,0.5002686381340027,0.5591961145401001,0.10753519833087921,23.410746335983276,3.4556798934936523,24.42597985267639,18.24623727798462,0.1479475498199463,0.08792424201965332,1.4070839881896973
11,8,47.84067177772522,-17939.0689453125,0.9064810872077942,0.45738154649734497,0.515968382358551,0.09825184941291809,23.409496784210205,3.5207607746124268,24.431105375289917,18.181280612945557,0.14944124221801758,0.09116959571838379,1.3995568752288818
11,9,47.63342761993408,-17922.7470703125,0.9270246624946594,0.5007300972938538,0.5507750511169434,0.11194387078285217,23.161661624908447,3.4498815536499023,24.47169327735901,18.004330158233643,0.14700913429260254,0.08901739120483398,1.4058701992034912
11,10,48.425896883010864,-17881.56328125,0.9269188642501831,0.4976189136505127,0.550033688545227,0.11054524034261703,23.900482654571533,3.5905659198760986,24.525350093841553,18.57119107246399,0.15190720558166504,0.09347414970397949,1.4261209964752197
11,11,47.522056102752686,-18029.6162109375,0.8946800231933594,0.457827091217041,0.5212125778198242,0.09673707187175751,22.930851459503174,3.4650368690490723,24.591134786605835,17.75745987892151,0.15191197395324707,0.088409423828125,1.4027373790740967
11,12,48.17887902259827,-17825.2060546875,0.9302194714546204,0.501018226146698,0.554983913898468,0.10638010501861572,23.661016941070557,3.467341899871826,24.517796516418457,18.477380514144897,0.14738774299621582,0.09127402305603027,1.4114859104156494
11,13,48.605839252471924,-17804.54296875,0.9074131846427917,0.46243488788604736,0.5173467993736267,0.0847201868891716,24.12052607536316,3.4802122116088867,24.48524260520935,18.928632736206055,0.14665794372558594,0.0886237621307373,1.410611629486084
11,14,47.803380489349365,-17950.0603515625,0.9140274524688721,0.46380677819252014,0.5186493992805481,0.10407942533493042,23.395508527755737,3.4815423488616943,24.40779447555542,18.20451068878174,0.14607930183410645,0.09082269668579102,1.4063458442687988
11,15,48.50309634208679,-17909.5876953125,0.9157723188400269,0.4598200023174286,0.5163166522979736,0.09979505091905594,23.98916506767273,3.4880504608154297,24.513852834701538,18.779123783111572,0.14844036102294922,0.09197878837585449,1.4140136241912842
11,16,45.5043830871582,-17768.9453125,0.9273890852928162,0.46479174494743347,0.520808219909668,0.105534128844738,41.28782939910889,5.941438913345337,4.216391324996948,31.306440591812134,0.23575496673583984,0.15059208869934082,3.571671724319458
11,17,45.05167031288147,-17761.453125,0.9209727048873901,0.4646560251712799,0.532291829586029,0.09993797540664673,40.862088441848755,6.010531902313232,4.189441204071045,30.787663221359253,0.2323167324066162,0.15207982063293457,3.597931385040283
11,18,45.87928342819214,-17752.666796875,0.9096904397010803,0.4570678174495697,0.5167642831802368,0.08812189847230911,41.60154676437378,5.9620301723480225,4.277556896209717,31.534542560577393,0.23858118057250977,0.15440130233764648,3.6272518634796143
11,19,45.739153146743774,-17865.6541015625,0.9172085523605347,0.4666076898574829,0.5110458731651306,0.10307079553604126,41.55726718902588,6.088512182235718,4.18175196647644,31.413169860839844,0.233781099319458,0.15406036376953125,3.5846500396728516
11,20,46.24358105659485,-17694.7330078125,0.9321916699409485,0.5000357627868652,0.5603413581848145,0.10466384887695312,42.04870271682739,6.124093532562256,4.194722652435303,31.861654043197632,0.23699259757995605,0.15211725234985352,3.5919713973999023
11,21,45.32970643043518,-17896.2458984375,0.9122487902641296,0.46158212423324585,0.5138418078422546,0.10501518845558167,41.16089129447937,6.035260915756226,4.168687582015991,31.05538582801819,0.2390146255493164,0.15190553665161133,3.596357583999634
11,22,46.06236028671265,-17933.4701171875,0.9056628346443176,0.45502355694770813,0.5186067819595337,0.09751883149147034,41.831942558288574,6.056215047836304,4.23028302192688,31.70289897918701,0.2357189655303955,0.1543576717376709,3.5996460914611816
11,23,45.5344614982605,-17832.8748046875,0.9240792393684387,0.4613283574581146,0.5084519982337952,0.101830393075943,41.35102558135986,6.012949228286743,4.183267116546631,31.27060103416443,0.239487886428833,0.15419387817382812,3.589252471923828
11,24,45.84778809547424,-17715.2712890625,0.9318500757217407,0.4980235695838928,0.5543869733810425,0.10661347210407257,41.71749258041382,5.9699647426605225,4.1301589012146,31.66611123085022,0.2383279800415039,0.15364909172058105,3.6062793731689453
11,25,44.94450545310974,-17869.8125,0.9106497168540955,0.458291232585907,0.5211036801338196,0.09437747299671173,40.751770973205566,6.05363392829895,4.192598581314087,30.623217821121216,0.2389693260192871,0.15504693984985352,3.597158670425415
11,26,44.32416796684265,-18064.5244140625,0.8994923233985901,0.45662713050842285,0.5172417759895325,0.10669910907745361,40.156736612319946,6.036681890487671,4.16728138923645,30.04687809944153,0.23871994018554688,0.15347886085510254,3.596665620803833
11,27,46.42000079154968,-17687.901953125,0.9071423411369324,0.4574539065361023,0.5239880681037903,0.08214674890041351,42.25164532661438,6.030444860458374,4.168231010437012,32.14137864112854,0.23460650444030762,0.151641845703125,3.6116743087768555
11,28,44.44670391082764,-17847.4626953125,0.9120793342590332,0.46008074283599854,0.5169282555580139,0.09616967290639877,40.151540756225586,6.026990652084351,4.2950074672698975,30.049368619918823,0.2373065948486328,0.15535807609558105,3.596097707748413
11,29,45.06388998031616,-17879.1677734375,0.9146888256072998,0.4579106569290161,0.5159856677055359,0.10299325734376907,40.899155378341675,5.9560816287994385,4.164579153060913,30.88178563117981,0.23549437522888184,0.15215587615966797,3.5899553298950195
11,30,45.79583549499512,-17890.0814453125,0.918188750743866,0.46130847930908203,0.5163407325744629,0.10228356719017029,41.66568207740784,6.033681869506836,4.130011320114136,31.54891610145569,0.2366185188293457,0.15950584411621094,3.6025004386901855
12,1,50.12312650680542,-50113.94609375,0.9188779592514038,0.4918983578681946,0.5302482843399048,0.16511651873588562,25.574813842773438,3.6254003047943115,24.54823327064514,20.233585119247437,0.14190196990966797,0.09278750419616699,1.4145534038543701
12,2,50.97326898574829,-50032.451171875,0.9222590923309326,0.49135538935661316,0.5284178853034973,0.16470438241958618,26.414795398712158,3.624006748199463,24.558394193649292,21.05929684638977,0.14828133583068848,0.09327244758605957,1.4226202964782715
12,3,50.154229402542114,-50382.807421875,0.9187992215156555,0.48826488852500916,0.5287572741508484,0.17104573547840118,25.697728633880615,3.6254985332489014,24.456425666809082,20.342434406280518,0.1517164707183838,0.09316825866699219,1.4182929992675781
12,4,50.425069093704224,-50136.6984375,0.9202807545661926,0.4868834912776947,0.5333889722824097,0.16648809611797333,25.94199824333191,3.6588172912597656,24.483001470565796,20.558945655822754,0.14893007278442383,0.09506368637084961,1.4134860038757324
12,5,49.894593238830566,-50280.000390625,0.9169331789016724,0.49393925070762634,0.5305309891700745,0.1652238965034485,25.419521808624268,3.6092164516448975,24.47499442100525,20.10017204284668,0.14382243156433105,0.09182429313659668,1.408517837524414
12,6,49.9276807308197,-50168.159375,0.9104165434837341,0.5115678906440735,0.5449521541595459,0.1717628687620163,25.38334035873413,3.6242358684539795,24.5442636013031,20.041298627853394,0.14896512031555176,0.09157848358154297,1.4111950397491455
12,7,51.63718247413635,-50097.6921875,0.9172831773757935,0.48822736740112305,0.5374437570571899,0.1639842540025711,27.05093789100647,3.696810722351074,24.5861759185791,20.123687982559204,0.15120172500610352,0.09399843215942383,2.9187376499176025
12,8,50.721901178359985,-50132.287109375,0.9202830195426941,0.4866659939289093,0.533758282661438,0.1658836156129837,26.033250093460083,3.7292745113372803,24.68858051300049,20.564788818359375,0.1555483341217041,0.0956716537475586,1.42118501663208
12,9,50.71277737617493,-50238.084375,0.9023153185844421,0.48374488949775696,0.5240421891212463,0.15767964720726013,26.148719310760498,3.6160202026367188,24.563980102539062,20.80704092979431,0.15287470817565918,0.09277534484863281,1.4152066707611084
12,10,50.379884004592896,-50007.874609375,0.9205187559127808,0.4915100336074829,0.5324740409851074,0.16268442571163177,25.871154069900513,3.6549408435821533,24.50865077972412,20.4947452545166,0.1430959701538086,0.09448409080505371,1.4181466102600098
12,11,50.4603750705719,-50152.11484375,0.9226723909378052,0.49164634943008423,0.5259875059127808,0.16673004627227783,25.7849440574646,3.58701229095459,24.67534875869751,20.487501621246338,0.14613723754882812,0.09091830253601074,1.408799409866333
12,12,50.43019986152649,-49984.976953125,0.9014686942100525,0.4877067506313324,0.5247036218643188,0.1525496542453766,25.86960005760193,3.6202056407928467,24.560519695281982,20.528196096420288,0.14692950248718262,0.09322667121887207,1.414829969406128
12,13,50.60168433189392,-49964.4953125,0.9218443036079407,0.49262601137161255,0.5272106528282166,0.16418403387069702,26.142287254333496,3.706458568572998,24.459315538406372,20.699713230133057,0.15384507179260254,0.0963134765625,1.4187686443328857
12,14,50.52782869338989,-50114.5609375,0.9207537174224854,0.4913725256919861,0.5272930264472961,0.16752757132053375,26.04880928993225,3.673748016357422,24.478942394256592,20.659963130950928,0.14775729179382324,0.0926504135131836,1.4099493026733398
12,15,50.03090262413025,-50146.276171875,0.9206495881080627,0.48817455768585205,0.5292259454727173,0.16868990659713745,25.49790930747986,3.6081430912017822,24.53292179107666,20.164103031158447,0.14663028717041016,0.09237289428710938,1.420846700668335
12,16,47.33114743232727,-50099.165625,0.9028564095497131,0.4861641526222229,0.5220112204551697,0.1556883156299591,43.07226753234863,6.3262951374053955,4.2587199211120605,32.644625186920166,0.23330044746398926,0.15769028663635254,3.626932382583618
12,17,46.85761308670044,-49943.8453125,0.9227049946784973,0.48960840702056885,0.5309321284294128,0.16301169991493225,42.5991473197937,6.269927263259888,4.258317947387695,32.25952363014221,0.2390596866607666,0.15677595138549805,3.5886619091033936
12,18,47.97359490394592,-50008.5453125,0.9042754173278809,0.4866204559803009,0.5233414173126221,0.1529223471879959,43.63817858695984,6.306742429733276,4.334836959838867,33.1795072555542,0.23551487922668457,0.15816187858581543,3.6715521812438965
12,19,47.40808582305908,-49809.24375,0.9249283075332642,0.48674702644348145,0.5304021835327148,0.1632564812898636,43.058770179748535,6.316226005554199,4.34916090965271,32.692524433135986,0.2355635166168213,0.15722012519836426,3.573335886001587
12,20,47.30152678489685,-50130.2875,0.9202205538749695,0.4901401996612549,0.530322790145874,0.16646534204483032,43.078500747680664,6.417519569396973,4.2228617668151855,32.562577962875366,0.23681426048278809,0.1561126708984375,3.622021198272705
12,21,47.30435085296631,-49963.91328125,0.9206982254981995,0.48884135484695435,0.53416907787323,0.16280728578567505,43.055116415023804,6.286520957946777,4.249065637588501,32.69549798965454,0.23607873916625977,0.15459823608398438,3.598872184753418
12,22,46.64191937446594,-50287.0765625,0.9195631146430969,0.49227777123451233,0.5267429947853088,0.16839714348316193,42.40155243873596,6.364020586013794,4.240221261978149,31.970325708389282,0.2350783348083496,0.15395426750183105,3.5952401161193848
12,23,46.213905572891235,-50365.898046875,0.9152387380599976,0.48738157749176025,0.5355101823806763,0.1683315485715866,41.97580051422119,6.2897422313690186,4.2379469871521,31.61407732963562,0.2370753288269043,0.1573164463043213,3.592075824737549
12,24,46.6325421333313,-49889.80546875,0.9152573347091675,0.512802004814148,0.5448378920555115,0.17025086283683777,42.38611841201782,6.250399351119995,4.2462544441223145,32.07037305831909,0.23586392402648926,0.15770411491394043,3.5861544609069824
12,25,46.6332221031189,-50105.011328125,0.9126505255699158,0.512933075428009,0.5429022312164307,0.1731656938791275,42.39331364631653,6.276588678359985,4.2397496700286865,32.03443694114685,0.2379286289215088,0.1553332805633545,3.6066155433654785
12,26,47.367647886276245,-50122.327734375,0.9220255613327026,0.4887133240699768,0.5298488140106201,0.1667533963918686,43.05216097831726,6.360159873962402,4.315314531326294,32.584707736968994,0.23306822776794434,0.1561431884765625,3.635902166366577
12,27,47.558156967163086,-50117.345703125,0.9187508821487427,0.48467493057250977,0.5359600186347961,0.16669489443302155,43.309858560562134,6.348926544189453,4.248140573501587,32.88523244857788,0.23463082313537598,0.1574692726135254,3.600163459777832
12,28,47.37974286079407,-49947.4921875,0.9128785729408264,0.5106278657913208,0.5467271208763123,0.17093485593795776,43.111000061035156,6.27319073677063,4.2685723304748535,32.66739320755005,0.23907470703125,0.15879058837890625,3.685328960418701
12,29,47.17797493934631,-50086.033984375,0.9192458391189575,0.4865065813064575,0.5356671810150146,0.16498751938343048,42.91789507865906,6.328996896743774,4.259896755218506,32.5109179019928,0.2366170883178711,0.15660548210144043,3.6006245613098145
12,30,47.505615234375,-49950.37109375,0.9145161509513855,0.5116860866546631,0.5432100892066956,0.17222903668880463,43.22290325164795,6.380481481552124,4.282490968704224,32.67436480522156,0.23876500129699707,0.1569995880126953,3.6882009506225586
13,1,55.011895418167114,-112845.64453125,0.9295148253440857,0.4788459837436676,0.5147547721862793,0.1691109538078308,30.44340968132019,3.7461318969726562,24.568394422531128,24.869617462158203,0.14872527122497559,0.0976259708404541,1.5155351161956787
13,2,54.3346312046051,-113219.765625,0.9223605990409851,0.4818960130214691,0.5249574184417725,0.16901767253875732,29.81842541694641,3.7877166271209717,24.51611638069153,24.196342706680298,0.14410400390625,0.10351061820983887,1.5199048519134521
13,3,55.305076122283936,-112784.8765625,0.9267478585243225,0.4839741289615631,0.5213661193847656,0.16646239161491394,30.727015018463135,3.767976760864258,24.57795763015747,25.121516942977905,0.14611268043518066,0.09912705421447754,1.5264904499053955
13,4,55.18879842758179,-112687.003125,0.9224010705947876,0.4863450825214386,0.5173457860946655,0.16340211033821106,30.62095284461975,3.7913691997528076,24.567750692367554,24.990132808685303,0.14593172073364258,0.09781694412231445,1.5289721488952637
13,5,56.78633642196655,-112128.0890625,0.9303522706031799,0.4820646345615387,0.5201202630996704,0.16116520762443542,32.27006936073303,3.744506359100342,24.516169548034668,25.83910346031189,0.14888477325439453,0.0984499454498291,2.3716626167297363
13,6,55.61234951019287,-112599.8734375,0.9245304465293884,0.48465362191200256,0.5170086622238159,0.1632905900478363,31.03423309326172,3.770720958709717,24.578016996383667,25.416409492492676,0.14993023872375488,0.09859156608581543,1.532196044921875
13,7,55.62849140167236,-112555.0453125,0.9327301979064941,0.47445711493492126,0.5177562236785889,0.1673125922679901,31.069936990737915,3.7575371265411377,24.558456659317017,25.289416790008545,0.14960908889770508,0.09935975074768066,1.7078030109405518
13,8,56.30080580711365,-112844.6375,0.9271603226661682,0.4821814000606537,0.5195807218551636,0.16490086913108826,31.347532272338867,3.762603998184204,24.95317578315735,25.74429416656494,0.15265631675720215,0.09830045700073242,1.522761344909668
13,9,55.30726766586304,-112950.77109375,0.9207382202148438,0.4847571849822998,0.5197193622589111,0.16440913081169128,30.650132417678833,3.7653403282165527,24.65704107284546,25.031500816345215,0.1447279453277588,0.09943485260009766,1.5431327819824219
13,10,55.38870859146118,-112960.4859375,0.9265813231468201,0.48365139961242676,0.5197246074676514,0.16863475739955902,30.819633960723877,3.917527437210083,24.568979501724243,25.049021244049072,0.14626502990722656,0.10329627990722656,1.5347156524658203
13,11,55.25569200515747,-112754.37734375,0.9340695738792419,0.4777255654335022,0.5147072672843933,0.16990330815315247,30.6831796169281,3.732776165008545,24.572418689727783,25.114506721496582,0.14697766304016113,0.0991981029510498,1.5232834815979004
13,12,55.35954713821411,-112475.08359375,0.9266506433486938,0.48589736223220825,0.5227050185203552,0.16330984234809875,30.812588930130005,3.644064426422119,24.54688000679016,25.349876165390015,0.134613037109375,0.10068178176879883,1.526707410812378
13,13,55.66434669494629,-112793.9171875,0.9284338355064392,0.4840334355831146,0.519651472568512,0.16657686233520508,31.084500789642334,3.748176097869873,24.57974886894226,25.304754495620728,0.14896178245544434,0.0984640121459961,1.7169158458709717
13,14,55.197181701660156,-112516.0234375,0.9297662377357483,0.4781234562397003,0.5214925408363342,0.1643841713666916,30.599238872528076,3.6752686500549316,24.597861766815186,25.101754903793335,0.14080142974853516,0.09852933883666992,1.5212445259094238
13,15,55.20940637588501,-112920.2640625,0.9288035035133362,0.47561806440353394,0.5215728878974915,0.16786475479602814,30.704116106033325,3.7361257076263428,24.505188703536987,25.142601490020752,0.15090227127075195,0.09979057312011719,1.5092039108276367
13,16,57.242231607437134,-112482.7875,0.929047167301178,0.4816456735134125,0.5220752954483032,0.1657605916261673,52.93107604980469,6.579877138137817,4.310938119888306,41.99796271324158,0.23853564262390137,0.16582155227661133,3.8645389080047607
13,17,56.725125312805176,-112513.82109375,0.9289863109588623,0.48224174976348877,0.5190095901489258,0.16366633772850037,52.28029131889343,6.582312822341919,4.44458532333374,41.40683031082153,0.23465704917907715,0.1611924171447754,3.808349132537842
13,18,56.653258323669434,-112513.85390625,0.9309728741645813,0.48032745718955994,0.5178205370903015,0.1648443639278412,52.317726373672485,6.54074501991272,4.335292339324951,41.4312801361084,0.23097562789916992,0.1611170768737793,3.8704099655151367
13,19,57.516315937042236,-112512.41484375,0.9290477633476257,0.48254695534706116,0.5196713805198669,0.16667364537715912,53.18084383010864,6.659912347793579,4.335259914398193,42.01905798912048,0.24303913116455078,0.1681065559387207,4.000182867050171
13,20,56.82084846496582,-112622.5171875,0.9298250079154968,0.48264747858047485,0.5199334025382996,0.16619352996349335,52.479785203933716,6.5893800258636475,4.340867042541504,41.52916121482849,0.23885464668273926,0.16544604301452637,3.8724193572998047
13,21,56.65269684791565,-112706.959375,0.9323885440826416,0.4767022132873535,0.5149450898170471,0.16840870678424835,52.231972217559814,6.6102294921875,4.420514822006226,41.30760216712952,0.23720598220825195,0.16593647003173828,3.8269145488739014
13,22,57.22410774230957,-112538.41015625,0.9289940595626831,0.48160067200660706,0.5227669477462769,0.16520871222019196,52.73324704170227,6.61302638053894,4.490637540817261,41.69003105163574,0.241288423538208,0.16693449020385742,3.936798334121704
13,23,56.110503911972046,-112738.55703125,0.9274494051933289,0.48002636432647705,0.5200498104095459,0.16623787581920624,51.759845495224,6.5944437980651855,4.3504321575164795,40.811981201171875,0.23633122444152832,0.16550421714782715,3.865708351135254
13,24,56.35326170921326,-112917.771875,0.9290667176246643,0.47955507040023804,0.5166356563568115,0.16836395859718323,51.98668837547302,6.667898178100586,4.3663694858551025,40.9860098361969,0.23552608489990234,0.16340923309326172,3.8490407466888428
13,25,56.33590006828308,-113261.896875,0.9264065027236938,0.47959205508232117,0.5174640417098999,0.17043770849704742,51.781489610672,6.640733480453491,4.554214000701904,40.67580509185791,0.247084379196167,0.16754436492919922,3.962489366531372
13,26,56.383368492126465,-113138.81875,0.9249458312988281,0.48451268672943115,0.5205415487289429,0.16861319541931152,51.85403847694397,6.626623630523682,4.5291197299957275,40.85342049598694,0.23394036293029785,0.16260528564453125,3.8949379920959473
13,27,56.32646441459656,-113077.33046875,0.9274954199790955,0.4823930561542511,0.5163481831550598,0.16783015429973602,51.96866822242737,6.662616729736328,4.3575804233551025,40.97116708755493,0.23825788497924805,0.16626906394958496,3.8445091247558594
13,28,57.324479818344116,-112791.99609375,0.9269430041313171,0.4830378293991089,0.5217971205711365,0.16700132191181183,52.99487638473511,6.586533308029175,4.32939600944519,41.963255167007446,0.24620890617370605,0.16639184951782227,3.9465322494506836
13,29,55.953343868255615,-112915.04453125,0.9317774176597595,0.4750722348690033,0.5182016491889954,0.17072342336177826,51.5691556930542,6.554533243179321,4.383995771408081,40.683812618255615,0.2352917194366455,0.16167044639587402,3.8515477180480957
13,30,57.47770309448242,-112876.9640625,0.9217392802238464,0.4820783734321594,0.5222697854042053,0.16383568942546844,53.118746757507324,6.726490020751953,4.35875678062439,42.0387749671936,0.23619604110717773,0.16308307647705078,3.8715980052948
14,1,61.77158308029175,-252476.334375,0.9371128082275391,0.47255948185920715,0.5137743949890137,0.17293675243854523,37.01704692840576,3.924635648727417,24.754403829574585,31.307342290878296,0.15299224853515625,0.11636948585510254,1.4482347965240479
14,2,60.76370906829834,-253014.4609375,0.933068573474884,0.4759756028652191,0.5149649977684021,0.17230109870433807,35.91933608055115,3.709148406982422,24.844232320785522,30.423455238342285,0.14489030838012695,0.11932706832885742,1.4586803913116455
14,3,63.116002559661865,-252697.240625,0.9369939565658569,0.4720619320869446,0.5117604732513428,0.17312869429588318,37.742177963256836,4.009100914001465,25.373677730560303,31.767614364624023,0.14200973510742188,0.1505756378173828,1.620373010635376
14,4,61.82895565032959,-252621.0015625,0.9354848861694336,0.473885178565979,0.5150519013404846,0.1717335283756256,36.78434729576111,3.95060658454895,25.044463872909546,30.86611270904541,0.1485590934753418,0.15330290794372559,1.6133227348327637
14,5,49.22412037849426,-253715.078125,0.9274603128433228,0.47991931438446045,0.5136632323265076,0.17313869297504425,37.05784010887146,3.951439380645752,12.166165113449097,31.32455062866211,0.14209866523742676,0.15889477729797363,1.4280035495758057
14,6,49.5436589717865,-253467.34375,0.9355237483978271,0.47220271825790405,0.5112156271934509,0.17531956732273102,36.967870235443115,3.966770648956299,12.575660705566406,31.03825545310974,0.14679574966430664,0.15830159187316895,1.6022047996520996
14,7,49.090863943099976,-252943.41875,0.9371694326400757,0.4705558717250824,0.5120436549186707,0.17411750555038452,36.55945301055908,3.856952667236328,12.531282901763916,30.81458616256714,0.1450514793395996,0.15357041358947754,1.5353515148162842
14,8,50.731037855148315,-252987.4296875,0.9318332672119141,0.4748663306236267,0.5146653652191162,0.1711502969264984,38.160614013671875,4.041680335998535,12.570316314697266,32.015687465667725,0.15275835990905762,0.1541767120361328,1.7404990196228027
14,9,50.66381001472473,-252151.528125,0.9389151930809021,0.47423407435417175,0.5115773677825928,0.17167282104492188,38.361037731170654,4.012649774551392,12.302635669708252,32.488616704940796,0.14562630653381348,0.15648818016052246,1.5041165351867676
14,10,48.90648317337036,-253637.36875,0.9367151260375977,0.4708705246448517,0.510216474533081,0.17725969851016998,36.440104722976685,4.041283369064331,12.466220140457153,30.48875403404236,0.14820432662963867,0.1591789722442627,1.5479159355163574
14,11,49.532021284103394,-252792.9375,0.9352117776870728,0.47498276829719543,0.5135090947151184,0.17252203822135925,37.23554706573486,3.9944729804992676,12.296347618103027,31.336987257003784,0.1430511474609375,0.15116286277770996,1.5576083660125732
14,12,49.37079119682312,-252667.521875,0.9363400340080261,0.47310465574264526,0.5135436654090881,0.17326153814792633,37.021867990493774,4.072704553604126,12.3488028049469,31.097315788269043,0.14405560493469238,0.1486198902130127,1.506988763809204
14,13,50.284353733062744,-253471.684375,0.9340620636940002,0.4731188416481018,0.511605978012085,0.17508304119110107,37.818439245224,4.797497272491455,12.465789318084717,31.000946283340454,0.1481320858001709,0.16671252250671387,1.650829553604126
14,14,51.222747564315796,-252600.446875,0.935177743434906,0.4740392863750458,0.5155366659164429,0.17159156501293182,38.820412158966064,4.550751686096191,12.402210474014282,32.40770387649536,0.15896034240722656,0.17455291748046875,1.471949815750122
14,15,50.5134220123291,-252457.128125,0.9370404481887817,0.4743320643901825,0.5108261704444885,0.17166447639465332,38.06725215911865,4.501450538635254,12.445990562438965,31.532065391540527,0.1589810848236084,0.16508793830871582,1.6482336521148682
14,16,68.64790987968445,-252380.034375,0.9379531741142273,0.4714964032173157,0.5124814510345459,0.17196078598499298,63.78257989883423,6.874279022216797,4.865009546279907,52.709532022476196,0.23212265968322754,0.17871832847595215,3.7018988132476807
14,17,67.49452352523804,-253054.284375,0.9363035559654236,0.4732791781425476,0.5102502703666687,0.17395922541618347,62.75818371772766,6.992725133895874,4.736047029495239,51.613555669784546,0.23602890968322754,0.17848873138427734,3.6524198055267334
14,18,67.16431093215942,-253553.94375,0.9352737069129944,0.4727897346019745,0.5101511478424072,0.17559443414211273,62.41553449630737,6.888521432876587,4.748504400253296,51.368908405303955,0.23372197151184082,0.17625999450683594,3.6610236167907715
14,19,68.02408909797668,-253031.66875,0.9323464632034302,0.4749419391155243,0.5134302973747253,0.17182239890098572,63.26741623878479,6.869364023208618,4.75632905960083,52.24272561073303,0.23697161674499512,0.1784505844116211,3.653167247772217
14,20,67.12157559394836,-252627.728125,0.9367716908454895,0.4735344350337982,0.5108195543289185,0.17261454463005066,62.31322264671326,6.912337064743042,4.808040380477905,51.142945289611816,0.24156880378723145,0.1826944351196289,3.7459261417388916
14,21,68.23035597801208,-252686.56875,0.9383982419967651,0.4699364900588989,0.5111938714981079,0.17407353222370148,63.442304372787476,6.90320611000061,4.787768602371216,52.3819305896759,0.2408428192138672,0.18164300918579102,3.64664888381958
14,22,67.75960063934326,-252785.6734375,0.9342002868652344,0.47444114089012146,0.5158693194389343,0.17190736532211304,62.9866578578949,6.937439680099487,4.772614240646362,51.90376305580139,0.2334444522857666,0.17800331115722656,3.6491153240203857
14,23,69.14362812042236,-253006.684375,0.9344078898429871,0.47489336133003235,0.5155298709869385,0.17171473801136017,64.28273630142212,7.091391563415527,4.860584735870361,53.02507996559143,0.24059081077575684,0.1816084384918213,3.6559901237487793
14,24,67.88208484649658,-252922.5234375,0.9363993406295776,0.47410765290260315,0.5119222402572632,0.173987478017807,63.1366024017334,6.922762155532837,4.745184421539307,52.04645848274231,0.23479604721069336,0.17948246002197266,3.6636078357696533
14,25,67.8831148147583,-252940.834375,0.9348978400230408,0.47586333751678467,0.5133627653121948,0.172288715839386,63.10097336769104,7.077049732208252,4.781845808029175,51.88562369346619,0.23869109153747559,0.1797337532043457,3.635483503341675
14,26,68.39401173591614,-252510.4015625,0.9378347992897034,0.4732152819633484,0.5093621015548706,0.17333592474460602,63.60312056541443,6.876770734786987,4.790579795837402,52.577983379364014,0.2372875213623047,0.18152832984924316,3.6420986652374268
14,27,68.61026048660278,-252575.63125,0.9366182684898376,0.473041296005249,0.5134418606758118,0.1732279509305954,63.83194065093994,6.952902793884277,4.778052806854248,52.68658375740051,0.23259854316711426,0.17837738990783691,3.6970112323760986
14,28,67.29746890068054,-253044.03125,0.9343219995498657,0.4757949411869049,0.5125571489334106,0.17357008159160614,62.5496289730072,6.909885406494141,4.747519254684448,51.483601331710815,0.23570680618286133,0.17960071563720703,3.653050422668457
14,29,68.06330728530884,-253512.1109375,0.931014358997345,0.4764886498451233,0.51228266954422,0.17288681864738464,63.10843825340271,6.958199977874756,4.954550743103027,51.948002576828,0.23597359657287598,0.17811346054077148,3.701728343963623
14,30,67.43702864646912,-253216.00625,0.9297782778739929,0.4770900309085846,0.5156044960021973,0.17011786997318268,62.663299798965454,6.824524641036987,4.773470401763916,51.68501353263855,0.23987126350402832,0.17910051345825195,3.6490302085876465
15,1,51.053605794906616,-565584.55,0.9458748698234558,0.4635048806667328,0.5011890530586243,0.18350140750408173,43.13764476776123,3.5620288848876953,7.915780782699585,37.75944781303406,0.11695098876953125,0.14101862907409668,1.5133867263793945
15,2,45.75807237625122,-565221.0,0.9457498788833618,0.46314284205436707,0.5040223002433777,0.1823546290397644,43.79607892036438,3.8252851963043213,1.9617974758148193,38.140180587768555,0.1412980556488037,0.14353251457214355,1.4798204898834229
15,3,46.046300411224365,-564601.975,0.9472982287406921,0.4624857008457184,0.5027075409889221,0.1826741099357605,44.038166999816895,3.7985663414001465,2.0079352855682373,38.41611838340759,0.13631987571716309,0.14546728134155273,1.4810431003570557
15,4,45.7741117477417,-565268.10625,0.9425731897354126,0.46566417813301086,0.5041937828063965,0.18140584230422974,43.750922203063965,3.7208728790283203,2.023002862930298,38.22253966331482,0.12903928756713867,0.14188766479492188,1.4813246726989746
15,5,45.54522776603699,-565733.46875,0.9490839838981628,0.46102604269981384,0.499190092086792,0.18667051196098328,43.58191251754761,3.6764719486236572,1.9631168842315674,38.13403344154358,0.11896038055419922,0.1351475715637207,1.4685306549072266
15,6,44.69214057922363,-565656.8,0.9482405781745911,0.46248653531074524,0.4995945692062378,0.1850333958864212,42.64820337295532,3.5913949012756348,2.0437440872192383,37.275038719177246,0.11616802215576172,0.13918209075927734,1.4809067249298096
15,7,48.95343589782715,-564625.5875,0.9459131360054016,0.46284595131874084,0.5033256411552429,0.18198435008525848,43.586716175079346,3.5578389167785645,5.366487503051758,38.2138888835907,0.11656665802001953,0.13828229904174805,1.5154948234558105
15,8,45.8022620677948,-565435.975,0.9460052251815796,0.4636456370353699,0.5019581913948059,0.1835356205701828,43.83714151382446,3.6050586700439453,1.964949369430542,38.45027017593384,0.11604571342468262,0.14022016525268555,1.479598045349121
15,9,45.53825759887695,-564871.81875,0.9508517980575562,0.4594961702823639,0.49800223112106323,0.1855079084634781,43.59131860733032,3.6372554302215576,1.946758508682251,38.17750096321106,0.11687541007995605,0.13867688179016113,1.4757049083709717
15,10,45.85866594314575,-565412.1125,0.9541673064231873,0.4572734832763672,0.4955117106437683,0.18929289281368256,43.905492544174194,3.825828790664673,1.9529764652252197,38.24857974052429,0.14281344413757324,0.14408135414123535,1.4781970977783203
15,11,45.633782386779785,-564884.78125,0.9490068554878235,0.4623260796070099,0.4996289312839508,0.18449343740940094,43.61625528335571,3.602281093597412,2.017357349395752,38.23937678337097,0.11533784866333008,0.1366288661956787,1.4779126644134521
15,12,51.651166677474976,-565041.54375,0.9480178952217102,0.46163755655288696,0.5015775561332703,0.18384315073490143,43.54763889312744,3.672299861907959,8.103322982788086,38.01417303085327,0.14242029190063477,0.13928985595703125,1.5125823020935059
15,13,44.8572096824646,-566024.475,0.9476670622825623,0.4617294371128082,0.4991573989391327,0.18522165715694427,42.833025217056274,3.67706298828125,2.0239901542663574,37.37120604515076,0.11826872825622559,0.1404871940612793,1.4786465167999268
15,14,44.92667841911316,-564990.80625,0.9476408362388611,0.4630993604660034,0.5001927018165588,0.1832675337791443,42.995147943496704,3.602811336517334,1.931361198425293,37.61636233329773,0.1154026985168457,0.14012694358825684,1.4752357006072998
15,15,45.44147086143494,-564482.7875,0.9480921626091003,0.46192553639411926,0.5021840929985046,0.1831011027097702,43.444944858551025,3.634822368621826,1.9963295459747314,38.01195812225342,0.12020206451416016,0.1401691436767578,1.4891784191131592
15,16,85.2010006904602,-564534.81875,0.9481738209724426,0.46130630373954773,0.5022823810577393,0.18332289159297943,77.96036434173584,7.192070007324219,7.240134954452515,66.10766983032227,0.2516193389892578,0.21977925300598145,3.85412859916687
15,17,84.07637882232666,-564509.88125,0.9446755647659302,0.465425044298172,0.5036407709121704,0.1803007572889328,78.15309596061707,7.362593412399292,5.922728776931763,66.41404724121094,0.248549222946167,0.2213592529296875,3.8142902851104736
15,18,84.2302610874176,-565762.91875,0.9497226476669312,0.45915472507476807,0.4992664158344269,0.1872795671224594,77.49429440498352,7.275346040725708,6.735430955886841,65.84560203552246,0.25066065788269043,0.21939492225646973,3.8097574710845947
15,19,84.11792182922363,-564733.55,0.9488073587417603,0.4608454704284668,0.5000882744789124,0.18373343348503113,78.25091123580933,7.200148582458496,5.866509675979614,66.5930347442627,0.28716421127319336,0.2401728630065918,3.8396506309509277
15,20,83.67139220237732,-565417.95625,0.9432305693626404,0.4658697247505188,0.504018247127533,0.18217156827449799,77.84091758728027,7.396693229675293,5.829970121383667,65.92557287216187,0.3638930320739746,0.24298429489135742,3.820596933364868
15,21,85.18466591835022,-564189.8625,0.9508236050605774,0.4601881206035614,0.4983809292316437,0.18477830290794373,79.522127866745,7.306678295135498,5.66203498840332,67.83989357948303,0.24882245063781738,0.22024226188659668,3.8157763481140137
15,22,83.3841860294342,-565953.89375,0.9490668177604675,0.4598013162612915,0.49841463565826416,0.18672898411750793,77.72161769866943,7.259762525558472,5.662046670913696,65.90107917785645,0.2622036933898926,0.2273261547088623,3.977710247039795
15,23,84.04945635795593,-564941.68125,0.9451361298561096,0.4655362069606781,0.502936840057373,0.18164615333080292,77.92662477493286,7.3250041007995605,6.122310638427734,66.15207195281982,0.2636134624481201,0.22321224212646484,3.867861747741699
15,24,83.3063006401062,-565058.68125,0.9495676755905151,0.4604405462741852,0.4990379214286804,0.184825137257576,77.45372557640076,7.123336315155029,5.852057456970215,66.04132151603699,0.2364518642425537,0.21190524101257324,3.7532098293304443
15,25,85.43458652496338,-565558.94375,0.947509229183197,0.4615718722343445,0.5004074573516846,0.18487848341464996,79.65336203575134,7.2410197257995605,5.780687093734741,67.77250719070435,0.34891605377197266,0.3532841205596924,3.847456932067871
15,26,83.75727200508118,-564468.1875,0.9481334686279297,0.4623984396457672,0.5017514228820801,0.1828911006450653,77.99282622337341,7.421652555465698,5.763951778411865,66.16218662261963,0.24298095703125,0.21697688102722168,3.8605973720550537
15,27,85.16225910186768,-563389.65,0.9548313617706299,0.46072033047676086,0.496910035610199,0.18456678092479706,79.10657548904419,7.3117334842681885,6.055166006088257,67.41641688346863,0.24273157119750977,0.2186882495880127,3.8274052143096924
15,28,84.10590815544128,-565755.96875,0.9439271092414856,0.4653823673725128,0.5024549961090088,0.18350118398666382,78.13759136199951,7.293884754180908,5.967820405960083,66.45386075973511,0.24966812133789062,0.22248268127441406,3.8267228603363037
15,29,83.95869135856628,-565190.3375,0.9482691884040833,0.46190133690834045,0.4994361996650696,0.18424254655838013,78.01657748222351,7.3116841316223145,5.941575765609741,66.3358645439148,0.24955058097839355,0.22272419929504395,3.8044145107269287
15,30,83.87708687782288,-565427.95625,0.9463893175125122,0.46165573596954346,0.5026357173919678,0.18341465294361115,78.05893659591675,7.18388295173645,5.817656517028809,66.50308513641357,0.25524306297302246,0.22001981735229492,3.805394172668457
16,1,51.56964945793152,-1255149.5875,0.9866992235183716,0.4266104996204376,0.46476829051971436,0.21706898510456085,48.986963748931885,3.7704052925109863,2.5823490619659424,43.36788368225098,0.11467432975769043,0.16352057456970215,1.5249478816986084
16,2,52.60824394226074,-1255511.025,0.9882897734642029,0.42556917667388916,0.4651021659374237,0.21897372603416443,49.898035526275635,4.031348466873169,2.7098748683929443,43.95866060256958,0.14662599563598633,0.16857147216796875,1.525665044784546
16,3,51.665735721588135,-1256455.8875,0.9862738251686096,0.42573150992393494,0.46412935853004456,0.21866410970687866,48.918498277664185,3.7280735969543457,2.746894121170044,43.28592395782471,0.11522507667541504,0.16382789611816406,1.5799975395202637
16,4,51.68222403526306,-1255756.3625,0.987339437007904,0.42443785071372986,0.4640481770038605,0.21834921836853027,49.07551383972168,3.7772433757781982,2.6063709259033203,43.43683123588562,0.11620903015136719,0.1653132438659668,1.5331170558929443
16,5,51.58252191543579,-1255161.95,0.9886153340339661,0.42461249232292175,0.46183329820632935,0.21952863037586212,48.99260854721069,3.775569438934326,2.5895752906799316,43.36568856239319,0.1154472827911377,0.16501545906066895,1.5248868465423584
16,6,52.11419463157654,-1256208.45,0.9849979281425476,0.4267984628677368,0.4662461578845978,0.2166968733072281,49.53812885284424,3.818925380706787,2.5757339000701904,43.863287687301636,0.11603999137878418,0.16480159759521484,1.529090166091919
16,7,60.88728857040405,-1255911.9,0.989589273929596,0.42236679792404175,0.46209409832954407,0.221589133143425,48.921613454818726,3.7759604454040527,11.965337991714478,43.28234004974365,0.11626052856445312,0.16373825073242188,1.5371208190917969
16,8,52.078874588012695,-1254786.2375,0.9893900156021118,0.4231465458869934,0.4625891447067261,0.21934044361114502,49.48092746734619,3.963740825653076,2.59761905670166,43.63375782966614,0.14042019844055176,0.16690421104431152,1.5124540328979492
16,9,52.29807376861572,-1256387.75,0.9885091185569763,0.426189661026001,0.46420034766197205,0.22013935446739197,49.668999910354614,3.926452875137329,2.628735065460205,43.853694438934326,0.13181543350219727,0.16730189323425293,1.5329475402832031
16,10,52.094269037246704,-1255818.725,0.9887919425964355,0.42334580421447754,0.46240779757499695,0.22014637291431427,49.39606189727783,3.8099653720855713,2.6978719234466553,43.722347021102905,0.11635065078735352,0.16345763206481934,1.5381355285644531
16,11,52.13795828819275,-1256488.15,0.9864509105682373,0.42615896463394165,0.46597135066986084,0.2185593843460083,49.53896117210388,3.77993106842041,2.598653793334961,43.9020893573761,0.11672472953796387,0.16524195671081543,1.5291390419006348
16,12,51.79550099372864,-1257013.425,0.985776424407959,0.42654696106910706,0.46512866020202637,0.21830350160598755,49.10646629333496,3.958052158355713,2.688689947128296,43.228461265563965,0.11742496490478516,0.1663205623626709,1.5900986194610596
16,13,51.58211064338684,-1255796.6625,0.9899006485939026,0.4234670400619507,0.4630530774593353,0.22177988290786743,48.9385666847229,3.7083795070648193,2.6432061195373535,43.367279291152954,0.11563777923583984,0.1626284122467041,1.5395312309265137
16,14,51.47225785255432,-1256946.025,0.9867520332336426,0.42303624749183655,0.46106982231140137,0.21975979208946228,48.839301347732544,3.898529052734375,2.6326236724853516,43.06087827682495,0.12816715240478516,0.16580677032470703,1.531606674194336
16,15,51.6251060962677,-1256027.2125,0.9893313646316528,0.42247915267944336,0.4625588357448578,0.22141669690608978,48.958120584487915,3.717665433883667,2.666654348373413,43.36904430389404,0.11545538902282715,0.16250395774841309,1.5484845638275146
16,16,88.76783514022827,-1255591.3125,0.9878085851669312,0.42516037821769714,0.4640020728111267,0.21895451843738556,80.99254703521729,7.469086408615112,7.774371385574341,69.04171562194824,0.24829387664794922,0.26968979835510254,3.875478982925415
16,17,88.1629364490509,-1256520.6875,0.9890618920326233,0.421301931142807,0.4613347351551056,0.22160197794437408,80.68548154830933,7.5374157428741455,7.476548671722412,68.69993853569031,0.24358677864074707,0.273087739944458,3.840142250061035
16,18,88.7857174873352,-1257325.7,0.9842527508735657,0.42748790979385376,0.4664933681488037,0.21731522679328918,81.24175190925598,7.585912466049194,7.542997121810913,69.03790044784546,0.25909924507141113,0.2744903564453125,3.9916741847991943
16,19,89.18272566795349,-1254524.9875,0.9879938960075378,0.4243890047073364,0.46383222937583923,0.21761979162693024,81.73387360572815,7.472736358642578,7.447971820831299,69.83282113075256,0.24342989921569824,0.27533674240112305,3.8156096935272217
16,20,92.45300602912903,-1256730.2625,0.9879825711250305,0.42305776476860046,0.462176114320755,0.2208988517522812,84.41597867012024,7.739369869232178,8.03608250617981,72.08572626113892,0.2509024143218994,0.29079604148864746,3.952815532684326
16,21,88.62886214256287,-1254805.5125,0.9877821803092957,0.4234391748905182,0.46381327509880066,0.21782784163951874,81.2466869354248,7.624549865722656,7.38125467300415,69.15841722488403,0.23543000221252441,0.28143882751464844,3.8561041355133057
16,22,91.70133519172668,-1256089.2875,0.9863105416297913,0.42561325430870056,0.46515312790870667,0.21836386620998383,84.30110192298889,7.561473369598389,7.399331569671631,72.26850438117981,0.23819446563720703,0.27680110931396484,3.8647823333740234
16,23,87.53779244422913,-1257734.525,0.9862963557243347,0.42568856477737427,0.463780015707016,0.21961313486099243,80.19326853752136,7.573771715164185,7.343592166900635,68.195960521698,0.23859643936157227,0.274747371673584,3.8180038928985596
16,24,88.8897590637207,-1255077.5,0.9888680577278137,0.4237212836742401,0.4637199938297272,0.21931546926498413,81.35152220726013,7.561622858047485,7.537289381027222,69.34646391868591,0.24645686149597168,0.27578186988830566,3.8293447494506836
16,25,90.18316888809204,-1255561.45,0.9850689172744751,0.4277699887752533,0.46631112694740295,0.21578921377658844,82.7894287109375,7.593982219696045,7.392860174179077,70.71665692329407,0.254591703414917,0.28182101249694824,3.849741220474243
16,26,88.51449751853943,-1257073.05,0.9862142205238342,0.4250434339046478,0.46358585357666016,0.21956580877304077,80.56503963470459,7.584479331970215,7.948503255844116,68.47748565673828,0.24255061149597168,0.282118558883667,3.8837151527404785
16,27,91.54651212692261,-1255358.625,0.9870557188987732,0.4241414964199066,0.4644757807254791,0.21828913688659668,84.13733434677124,7.5425708293914795,7.3959949016571045,72.15710282325745,0.24474787712097168,0.27565503120422363,3.8276374340057373
16,28,89.11518168449402,-1255339.175,0.9891169667243958,0.4240455627441406,0.46336889266967773,0.2199297994375229,81.17529463768005,7.594439744949341,7.938968896865845,68.73694944381714,0.24282097816467285,0.6449103355407715,3.8645079135894775
16,29,90.40801429748535,-1255891.0375,0.9868194460868835,0.4259207844734192,0.46402493119239807,0.21803869307041168,82.44115924835205,7.637377023696899,7.965951919555664,70.31339526176453,0.24604010581970215,0.2749965190887451,3.874091148376465
16,30,87.8843321800232,-1256622.3,0.9878621101379395,0.42471054196357727,0.46373602747917175,0.22031883895397186,80.32854080200195,7.512434005737305,7.55487847328186,68.33674097061157,0.24076604843139648,0.27271223068237305,3.8752288818359375
17,1,78.52144289016724,-2780205.95,0.9839633703231812,0.42522692680358887,0.46339958906173706,0.21604368090629578,61.41921806335449,3.853055000305176,17.10111355781555,55.47053599357605,0.11438274383544922,0.2177109718322754,1.7175321578979492
17,2,66.63515663146973,-2781431.675,0.985669732093811,0.4271247684955597,0.4663204550743103,0.2183218002319336,62.3738489151001,4.066141605377197,4.2601776123046875,56.18600368499756,0.13010096549987793,0.22577142715454102,1.7093925476074219
17,3,66.91762351989746,-2782146.45,0.9847209453582764,0.4265334904193878,0.46512845158576965,0.2182585895061493,62.62457895278931,4.153890371322632,4.291969060897827,56.671595096588135,0.13908052444458008,0.2280111312866211,1.369553565979004
17,4,65.9216537475586,-2781973.75,0.9856082201004028,0.42604804039001465,0.46528831124305725,0.21866418421268463,61.58807563781738,3.983687400817871,4.33244776725769,55.50202465057373,0.11648774147033691,0.22410106658935547,1.7153840065002441
17,5,65.97610640525818,-2780682.85,0.9857959747314453,0.42534151673316956,0.46457532048225403,0.2183045893907547,61.66872501373291,3.9360477924346924,4.306265592575073,55.64097023010254,0.11585450172424316,0.2232682704925537,1.7051303386688232
17,6,67.23959064483643,-2781719.375,0.985019862651825,0.42538803815841675,0.46432235836982727,0.21800675988197327,62.91265654563904,4.0678112506866455,4.325804710388184,56.7209095954895,0.13372325897216797,0.22659873962402344,1.7049946784973145
17,7,66.12095785140991,-2779530.775,0.9855977892875671,0.4264448881149292,0.4653901755809784,0.21763966977596283,61.82642483711243,3.891864061355591,4.293393135070801,55.84215450286865,0.11565256118774414,0.2204456329345703,1.7101283073425293
17,8,69.1686646938324,-2778198.725,0.9870529770851135,0.42611220479011536,0.46569621562957764,0.2181389182806015,64.88941788673401,4.365938425064087,4.278125524520874,58.36452579498291,0.14827919006347656,0.2522857189178467,1.701568841934204
17,9,65.65629696846008,-2781894.225,0.9830761551856995,0.42756012082099915,0.46680280566215515,0.21609875559806824,61.270371437072754,3.8782882690429688,4.384727239608765,55.61065363883972,0.12161827087402344,0.22240662574768066,1.3914129734039307
17,10,67.35850477218628,-2778818.575,0.9866929054260254,0.4270360469818115,0.46562498807907104,0.21795834600925446,62.72771072387695,3.9596240520477295,4.629676818847656,56.55283880233765,0.12350034713745117,0.22422027587890625,1.8203070163726807
17,11,67.73499822616577,-2781162.775,0.9844257235527039,0.4276541769504547,0.4664050340652466,0.21690168976783752,63.29357075691223,3.98468279838562,4.440194129943848,57.50240659713745,0.126662015914917,0.2326812744140625,1.3989050388336182
17,12,66.92229318618774,-2781577.5,0.9862704277038574,0.4289851188659668,0.4665520191192627,0.21902740001678467,62.53820443153381,4.013243198394775,4.382855415344238,56.393226146698,0.12519574165344238,0.2343153953552246,1.723724603652954
17,13,66.9311318397522,-2778049.425,0.9876370429992676,0.4245080351829529,0.46327534317970276,0.2191266417503357,62.54484701156616,3.934255361557007,4.385030031204224,56.481303453445435,0.12450695037841797,0.23541712760925293,1.7198097705841064
17,14,68.94257092475891,-2780436.65,0.9843900799751282,0.42756521701812744,0.46611297130584717,0.21651536226272583,64.57735705375671,4.215158939361572,4.36396336555481,58.2094361782074,0.13516449928283691,0.23591089248657227,1.7297260761260986
17,15,67.20466756820679,-2780224.75,0.9861888289451599,0.42559146881103516,0.4641636908054352,0.21838578581809998,62.75468111038208,3.9840340614318848,4.448746681213379,56.63512396812439,0.12676763534545898,0.23351168632507324,1.726039171218872
17,16,117.81730675697327,-2778787.95,0.9843701124191284,0.4260408580303192,0.4651263356208801,0.21554197371006012,106.4584732055664,7.808329820632935,11.356480121612549,93.73018836975098,0.2594871520996094,0.3665461540222168,4.196277379989624
17,17,116.36148858070374,-2781768.65,0.9871307611465454,0.4256879687309265,0.46529656648635864,0.2205374538898468,105.37627363204956,8.02654218673706,10.983125925064087,92.39541673660278,0.26172757148742676,0.37513041496276855,4.220100164413452
17,18,117.46796035766602,-2779770.675,0.9852758646011353,0.4277189075946808,0.46549081802368164,0.21718016266822815,106.2553277015686,7.7920145988464355,11.210184097290039,93.55801320075989,0.2514841556549072,0.3708500862121582,4.188887357711792
17,19,117.23898911476135,-2781413.475,0.9857472777366638,0.42649614810943604,0.4650520384311676,0.21843895316123962,106.2150297164917,7.814165353775024,11.021403074264526,93.31647229194641,0.24837088584899902,0.37396693229675293,4.366193532943726
17,20,113.54121613502502,-2780596.7,0.985366940498352,0.4263141453266144,0.464733362197876,0.21792545914649963,102.64069938659668,7.833719253540039,10.8983895778656,89.9394371509552,0.23996996879577637,0.3640933036804199,4.170242786407471
17,21,118.28779482841492,-2779608.075,0.9858052730560303,0.42570218443870544,0.4649089574813843,0.2176150679588318,106.94320940971375,7.833480596542358,11.342108011245728,94.13247299194336,0.266796350479126,0.37857604026794434,4.233942985534668
17,22,116.02745270729065,-2781741.925,0.9837727546691895,0.4280957579612732,0.4677121639251709,0.21653427183628082,105.06338238716125,7.88055682182312,10.961772918701172,92.96411490440369,0.23602724075317383,0.37357354164123535,3.5172295570373535
17,23,116.06115078926086,-2778027.25,0.9861359596252441,0.42552343010902405,0.4648928642272949,0.21731211245059967,105.12752199172974,7.808992862701416,10.931380033493042,92.406503200531,0.25255322456359863,0.3769557476043701,4.187622547149658
17,24,113.67248106002808,-2779779.45,0.9872366786003113,0.4258713722229004,0.46484896540641785,0.21941718459129333,102.30511927604675,7.813138246536255,11.365064144134521,89.55945920944214,0.24846148490905762,0.4342033863067627,4.1549108028411865
17,25,118.24546957015991,-2779848.175,0.9858689904212952,0.4257431626319885,0.4654277563095093,0.21809840202331543,106.84053826332092,7.876841306686401,11.402225732803345,93.70663976669312,0.2607138156890869,0.3757493495941162,4.521401882171631
17,26,117.94212436676025,-2781131.9,0.9838065505027771,0.42647168040275574,0.4654102623462677,0.21660296618938446,105.4657154083252,7.866291284561157,12.474010467529297,92.66983079910278,0.2556881904602051,0.3780190944671631,4.1993935108184814
17,27,118.04536294937134,-2781245.85,0.9852657914161682,0.42767003178596497,0.46703553199768066,0.21793225407600403,106.94439101219177,7.828208684921265,11.098793268203735,94.19902515411377,0.25462794303894043,0.3824288845062256,4.184520483016968
17,28,118.20450186729431,-2780738.175,0.9862056374549866,0.4270249307155609,0.46624240279197693,0.21832780539989471,107.03514671325684,7.899389266967773,11.167228937149048,94.16193342208862,0.25293827056884766,0.391277551651001,4.232956886291504
17,29,116.57467222213745,-2779532.825,0.9864585995674133,0.42571496963500977,0.46430790424346924,0.21859478950500488,105.08041858673096,7.804715633392334,11.491969108581543,93.02365279197693,0.2497708797454834,0.37288737297058105,3.5335986614227295
17,30,116.65428853034973,-2782186.4,0.9843817353248596,0.42644527554512024,0.4659472405910492,0.21762022376060486,105.67121744155884,7.913586854934692,10.9804527759552,92.60486841201782,0.2680935859680176,0.39319729804992676,4.388363361358643
18,1,87.13023805618286,-6147522.65,0.9821887016296387,0.42653989791870117,0.46592405438423157,0.2179533839225769,78.36071395874023,4.109771966934204,8.767121076583862,72.32270622253418,0.11672306060791016,0.37625694274902344,1.386028528213501
18,2,86.83758425712585,-6150521.5,0.9815828204154968,0.4277322590351105,0.46646595001220703,0.21817409992218018,78.5112292766571,4.341973304748535,8.324104309082031,72.22659230232239,0.1338663101196289,0.37340736389160156,1.3733816146850586
18,3,87.87930846214294,-6149278.25,0.980377197265625,0.4262448251247406,0.4657133221626282,0.2166305035352707,78.37776970863342,4.264074325561523,9.499145269393921,72.16431665420532,0.1295454502105713,0.3826446533203125,1.3759188652038574
18,4,91.96781015396118,-6151063.8,0.9816682934761047,0.4282439053058624,0.46761712431907654,0.2182270884513855,80.85452699661255,4.100948333740234,11.110720872879028,74.81601095199585,0.11845278739929199,0.38095569610595703,1.38893723487854
18,5,87.20131993293762,-6151921.65,0.9796066284179688,0.4264586865901947,0.465620219707489,0.2159409075975418,78.68851661682129,4.519037961959839,8.51026201248169,72.183345079422,0.14902257919311523,0.3833646774291992,1.3824963569641113
18,6,90.46706175804138,-6147308.0,0.982265293598175,0.4281613528728485,0.46655189990997314,0.2179080843925476,79.89261722564697,4.558182001113892,10.572056531906128,73.32951593399048,0.13561773300170898,0.4130706787109375,1.4031846523284912
18,7,87.0742256641388,-6151053.6,0.9822301268577576,0.42715904116630554,0.4670684337615967,0.21899747848510742,78.51565265655518,4.086196422576904,8.55611538887024,72.47811341285706,0.12602996826171875,0.3844478130340576,1.3913819789886475
18,8,85.85036706924438,-6147815.7,0.9808893799781799,0.4256472885608673,0.4647427797317505,0.21650537848472595,77.43354177474976,4.041075229644775,8.41443920135498,71.46554732322693,0.12456226348876953,0.3725137710571289,1.3810169696807861
18,9,86.22352290153503,-6148859.3,0.9807144999504089,0.4282689690589905,0.4674033522605896,0.21679377555847168,77.80390977859497,4.0371434688568115,8.417038679122925,71.75503849983215,0.12563037872314453,0.43088436126708984,1.4061551094055176
18,10,87.27612352371216,-6150043.45,0.9823611974716187,0.4282858967781067,0.4667012393474579,0.2185758501291275,78.66472244262695,4.055216073989868,8.609019756317139,72.66265678405762,0.12535929679870605,0.3876457214355469,1.3844687938690186
18,11,87.4180257320404,-6153697.6,0.9816038012504578,0.4292948842048645,0.4678495228290558,0.2190074771642685,78.72236347198486,4.24380087852478,8.69327998161316,72.49910807609558,0.13681960105895996,0.38219738006591797,1.3996686935424805
18,12,88.18459630012512,-6150035.3,0.9839303493499756,0.4301339089870453,0.468924880027771,0.22013743221759796,79.61527705192566,4.3430187702178955,8.566736459732056,73.26375412940979,0.1506638526916504,0.3979301452636719,1.3935134410858154
18,13,85.7594084739685,-6149802.45,0.9809402227401733,0.4252532124519348,0.46443283557891846,0.21737146377563477,77.11289167404175,4.084640026092529,8.644011497497559,71.07886242866516,0.12904715538024902,0.3747217655181885,1.3953735828399658
18,14,87.23427224159241,-6152624.0,0.9816666841506958,0.4281212091445923,0.4678052067756653,0.2188751995563507,78.62761974334717,4.1539998054504395,8.604329109191895,72.52925157546997,0.12762212753295898,0.3796720504760742,1.3871073722839355
18,15,85.87671065330505,-6150253.85,0.981994092464447,0.42678770422935486,0.46551311016082764,0.21866652369499207,77.3760199546814,4.19317889213562,8.498283624649048,71.23891472816467,0.13246774673461914,0.37583160400390625,1.381450891494751
18,16,152.39322710037231,-6148188.9,0.9812950491905212,0.4254929721355438,0.46523067355155945,0.21721027791500092,132.04701685905457,8.134916067123413,20.34172749519348,119.38967180252075,0.251894474029541,0.5684597492218018,3.6025776863098145
18,17,153.7033314704895,-6150635.95,0.9814714193344116,0.4272805452346802,0.46625983715057373,0.21787868440151215,134.2043330669403,8.193966388702393,19.494688987731934,121.51408195495605,0.24773025512695312,0.5699267387390137,3.5805611610412598
18,18,151.97760725021362,-6150444.2,0.9820430874824524,0.42777225375175476,0.4667002558708191,0.2185870110988617,132.81384706497192,8.172148942947388,19.159294605255127,120.13268566131592,0.2594780921936035,0.5739061832427979,3.575028657913208
18,19,154.69470238685608,-6149331.1,0.9823111295700073,0.4281197488307953,0.46690335869789124,0.21849524974822998,135.07179379463196,8.618987798690796,19.618568658828735,121.90305233001709,0.2854316234588623,0.5882833003997803,3.5696897506713867
18,20,152.12921357154846,-6148483.35,0.9801338911056519,0.4256516396999359,0.4647703468799591,0.21597690880298615,132.53796863555908,8.121451616287231,19.586942434310913,119.93520712852478,0.26456427574157715,0.5675346851348877,3.5493359565734863
18,21,150.96984267234802,-6149553.8,0.9812319278717041,0.4272801876068115,0.46672379970550537,0.21750608086585999,131.84059596061707,8.157214879989624,19.124707460403442,119.21961569786072,0.25607943534851074,0.5653536319732666,3.544501304626465
18,22,152.7935779094696,-6149052.65,0.9821469783782959,0.42587554454803467,0.46496668457984924,0.21832053363323212,132.81947803497314,8.081542015075684,19.969944953918457,120.27902102470398,0.25232577323913574,0.5597701072692871,3.547804832458496
18,23,153.6595299243927,-6151320.55,0.9809949398040771,0.42698919773101807,0.465896338224411,0.21778801083564758,134.19451212882996,8.204050064086914,19.460864543914795,121.55367302894592,0.23698854446411133,0.5580565929412842,3.5450217723846436
18,24,153.61923217773438,-6151271.15,0.9819816946983337,0.4277150332927704,0.466267466545105,0.21875101327896118,134.38648056983948,8.601811170578003,19.22840929031372,121.30872988700867,0.245208740234375,0.5680382251739502,3.56645131111145
18,25,153.31376028060913,-6149135.25,0.9815273284912109,0.4271179735660553,0.46608448028564453,0.21783249080181122,134.08554577827454,8.20442271232605,19.223546981811523,121.32760119438171,0.26511049270629883,0.5773227214813232,3.612117052078247
18,26,153.49578475952148,-6149516.5,0.9823840260505676,0.42809823155403137,0.4668104350566864,0.21866750717163086,133.78904247283936,8.296337842941284,19.702380657196045,120.99943804740906,0.25043368339538574,0.5710470676422119,3.5768096446990967
18,27,152.14134550094604,-6149260.45,0.9817019701004028,0.4284721314907074,0.4665602147579193,0.2176927626132965,132.59286737442017,8.233542203903198,19.544071435928345,119.87020874023438,0.26505255699157715,0.5707833766937256,3.55509352684021
18,28,153.5852575302124,-6147337.2,0.9817882776260376,0.4272417426109314,0.46566683053970337,0.2176746129989624,134.16928935050964,8.429984331130981,19.411598920822144,121.18980097770691,0.2818748950958252,0.5791101455688477,3.583749532699585
18,29,155.1223602294922,-6150027.8,0.9812597036361694,0.42721667885780334,0.46627795696258545,0.2177404910326004,135.64677834510803,8.187890768051147,19.471203804016113,122.92244100570679,0.26709532737731934,0.5598204135894775,3.6097495555877686
18,30,151.79737877845764,-6150915.55,0.9830883741378784,0.42881932854652405,0.46770381927490234,0.21973684430122375,132.60695624351501,8.256131410598755,19.18614149093628,119.81786632537842,0.26812028884887695,0.5782153606414795,3.584238052368164
19,1,134.5523498058319,-13642988.9,0.9721701741218567,0.43023398518562317,0.4698876440525055,0.22211748361587524,101.68489146232605,4.142609596252441,32.8611626625061,93.59451532363892,0.12529397010803223,0.4943838119506836,3.2797203063964844
19,2,130.28829216957092,-13643382.9,0.9715099334716797,0.4298790395259857,0.469611257314682,0.2215609848499298,101.86763715744019,4.1806628704071045,28.414636373519897,93.75222396850586,0.12410926818847656,0.5043270587921143,3.2553555965423584
19,3,128.26422762870789,-13647461.0,0.9711647033691406,0.42959722876548767,0.4695022404193878,0.2214583307504654,99.71573424339294,4.147859811782837,28.54236626625061,91.70604825019836,0.12289071083068848,0.46907973289489746,3.222660541534424
19,4,129.76290082931519,-13647593.4,0.9718495607376099,0.4304124712944031,0.47032061219215393,0.22261297702789307,101.08256268501282,4.225256443023682,28.67430019378662,93.41610527038574,0.12307929992675781,0.48049235343933105,2.7895700931549072
19,5,125.21005153656006,-13645969.0,0.972311794757843,0.4306381940841675,0.47006332874298096,0.22254177927970886,102.14665222167969,4.542443513870239,23.057308673858643,93.98734855651855,0.143906831741333,0.5149235725402832,2.885370969772339
19,6,125.54713177680969,-13643292.4,0.9720966815948486,0.4307663142681122,0.4700469374656677,0.22218698263168335,102.02754807472229,4.4593284130096436,23.51445484161377,93.91933846473694,0.12637925148010254,0.5118927955627441,2.960110902786255
19,7,124.00326776504517,-13644712.7,0.972618818283081,0.4310151934623718,0.47068163752555847,0.22303658723831177,100.64560627937317,4.505002498626709,23.352742910385132,94.00720310211182,0.14954686164855957,0.5112810134887695,1.3996021747589111
19,8,124.55606007575989,-13649689.0,0.9715225696563721,0.43056362867355347,0.47015878558158875,0.22237782180309296,102.54839634895325,4.494966506958008,22.002551794052124,95.90704774856567,0.1483142375946045,0.5159533023834229,1.4093129634857178
19,9,123.77288889884949,-13648419.6,0.9711935520172119,0.43077757954597473,0.4706304371356964,0.22194090485572815,101.8942539691925,4.55392050743103,21.873024225234985,93.79341268539429,0.14757776260375977,0.5176730155944824,2.809321641921997
19,10,127.90818047523499,-13648753.4,0.971905529499054,0.4303363263607025,0.469611257314682,0.22251828014850616,101.8792896270752,4.507272005081177,26.02373766899109,93.83953332901001,0.1484673023223877,0.515322208404541,2.793029546737671
19,11,124.66246128082275,-13648280.8,0.974500298500061,0.43213292956352234,0.47173354029655457,0.22481633722782135,100.34429788589478,4.605847358703613,24.31313180923462,93.59617304801941,0.1462416648864746,0.5154643058776855,1.406005859375
19,12,128.28574776649475,-13650583.8,0.9731370806694031,0.43221333622932434,0.4718404710292816,0.22357584536075592,102.36878728866577,4.526108741760254,25.91189742088318,94.33899879455566,0.1507244110107422,0.5107741355895996,2.769005298614502
19,13,130.28319573402405,-13642463.5,0.971042275428772,0.42973145842552185,0.4691438376903534,0.22116029262542725,101.74994826316833,4.210895538330078,28.52701473236084,93.61280608177185,0.12457728385925293,0.5007359981536865,3.2509889602661133
19,14,124.50535535812378,-13644388.6,0.9717140197753906,0.4310278594493866,0.470523864030838,0.2220490276813507,102.48388957977295,4.478132724761963,22.015488147735596,93.99461436271667,0.1442251205444336,0.5118100643157959,3.283396005630493
19,15,131.02751398086548,-13646255.6,0.9717389941215515,0.4304528534412384,0.4700680077075958,0.2222292423248291,100.88547849655151,4.208462238311768,30.136584997177124,93.25629019737244,0.12315154075622559,0.49736833572387695,2.7512218952178955
19,16,202.39756870269775,-13645345.0,0.9724729657173157,0.4315605163574219,0.47087806463241577,0.22293946146965027,166.51665592193604,8.382073879241943,35.87190246582031,150.68887543678284,0.25409603118896484,0.9559237957000732,6.132845163345337
19,17,204.96356344223022,-13643228.5,0.9712486267089844,0.42966485023498535,0.4695645272731781,0.22147466242313385,168.7858386039734,8.341885089874268,36.16909646987915,153.20522332191467,0.2517826557159424,0.9347226619720459,5.954146385192871
19,18,207.69453811645508,-13648483.1,0.9711394309997559,0.42976537346839905,0.4693605601787567,0.2215559184551239,171.1282320022583,8.628367900848389,36.55733609199524,155.12439441680908,0.2611386775970459,0.960237979888916,6.051269054412842
19,19,202.40824127197266,-13644211.3,0.9716582894325256,0.43016868829727173,0.4701665937900543,0.222013920545578,166.67776465415955,8.34033489227295,35.72180914878845,151.15465235710144,0.24123191833496094,0.9230890274047852,5.922202110290527
19,20,209.35053038597107,-13648204.9,0.9696521162986755,0.4278964400291443,0.4678015112876892,0.2198655605316162,172.05296516418457,8.361616373062134,37.28182768821716,158.60935044288635,0.24462437629699707,0.9375030994415283,3.6119589805603027
19,21,205.05199670791626,-13644386.6,0.9718226194381714,0.43072834610939026,0.4705737829208374,0.22210220992565155,169.42754578590393,8.721290588378906,35.615785121917725,153.3478820323944,0.26256752014160156,0.9444210529327393,6.050890684127808
19,22,204.8752405643463,-13646299.8,0.9715413451194763,0.4306895434856415,0.47039395570755005,0.2219790369272232,170.12861466407776,8.489988327026367,34.73814678192139,154.4308032989502,0.24144411087036133,0.9350831508636475,5.928478479385376
19,23,208.90508222579956,-13640985.8,0.9710934162139893,0.4283735752105713,0.4680970013141632,0.2206750214099884,174.04846739768982,8.627177238464355,34.84712862968445,157.10609889030457,0.2850935459136963,0.9547970294952393,6.966759204864502
19,24,205.21685433387756,-13646255.0,0.971921443939209,0.4309239685535431,0.4705791473388672,0.22218169271945953,168.86937141418457,8.412942886352539,36.33890771865845,155.60545110702515,0.2463512420654297,0.9388735294342041,3.5686769485473633
19,25,205.0690667629242,-13645847.6,0.9718949794769287,0.43091079592704773,0.4705788791179657,0.2223414182662964,168.96510410308838,8.414448738098145,36.095208168029785,153.25103497505188,0.24826264381408691,0.9427897930145264,6.009703874588013
19,26,202.91012001037598,-13645844.4,0.9719830751419067,0.4298073351383209,0.4695417582988739,0.22245171666145325,167.8128252029419,8.38250732421875,35.08867120742798,154.53945469856262,0.24328064918518066,0.9340825080871582,3.596635103225708
19,27,200.28058528900146,-13642710.9,0.9715675711631775,0.430311381816864,0.4703708589076996,0.2215799242258072,165.22030758857727,8.632715463638306,35.051682233810425,151.74495768547058,0.24082636833190918,0.9248859882354736,3.5822951793670654
19,28,204.72537183761597,-13645027.3,0.9696246981620789,0.42873436212539673,0.4684505760669708,0.21957367658615112,169.7291340827942,8.405196189880371,34.98770236968994,154.0110056400299,0.24345684051513672,0.9300158023834229,6.0298802852630615
19,29,206.19087028503418,-13641551.5,0.9726975560188293,0.43076759576797485,0.47035741806030273,0.22270682454109192,170.70129227638245,8.385422468185425,35.48012137413025,154.51785707473755,0.25684666633605957,0.9366743564605713,6.505099296569824
19,30,206.06420040130615,-13647428.8,0.9725175499916077,0.43146246671676636,0.47113704681396484,0.22326737642288208,170.52226996421814,8.5099515914917,35.53329658508301,157.10567259788513,0.2591531276702881,0.9465758800506592,3.6011335849761963
20,1,169.24866676330566,-30474034.4,0.9533124566078186,0.4336041510105133,0.4745166003704071,0.2320442944765091,134.55111932754517,4.439390182495117,34.686931133270264,119.87332701683044,0.1319105625152588,0.8138730525970459,1.4572563171386719
20,2,169.54412651062012,-30461529.8,0.9536855220794678,0.43330666422843933,0.474368155002594,0.2318028062582016,134.74783778190613,4.421404838562012,34.785762310028076,120.07128620147705,0.13055682182312012,0.7859945297241211,1.459754228591919
20,3,169.0497863292694,-30469867.8,0.9548591375350952,0.43431729078292847,0.4750259816646576,0.23272831737995148,134.56814575195312,4.485120534896851,34.471123456954956,119.85798144340515,0.13168668746948242,0.8025789260864258,1.4484679698944092
20,4,169.43900299072266,-30480750.4,0.9548560380935669,0.4344412684440613,0.47533783316612244,0.23326653242111206,134.6963529586792,4.402866840362549,34.73234581947327,120.01433372497559,0.13257336616516113,0.8331491947174072,1.4609849452972412
20,5,170.2799265384674,-30473790.2,0.9535622596740723,0.4339408278465271,0.4746357500553131,0.2319900244474411,134.99230194091797,4.4362452030181885,35.27702856063843,120.33687806129456,0.13221049308776855,0.8075110912322998,1.4639275074005127
20,6,171.01639771461487,-30479194.2,0.9535888433456421,0.43435683846473694,0.4751434326171875,0.23232421278953552,135.59640264511108,4.474240779876709,35.40951204299927,120.89492607116699,0.13194632530212402,0.8445935249328613,1.4649977684020996
20,7,170.23617482185364,-30480186.8,0.9551756978034973,0.4355829656124115,0.47646039724349976,0.23340073227882385,134.9166703224182,4.436542272567749,35.30905866622925,120.2189314365387,0.13119912147521973,0.8278594017028809,1.4598605632781982
20,8,170.74104237556458,-30476052.0,0.9538554549217224,0.43391042947769165,0.47446027398109436,0.23208019137382507,134.97637605667114,4.440136432647705,35.75411558151245,120.29918718338013,0.1322789192199707,0.8060805797576904,1.4624896049499512
20,9,170.35124707221985,-30482918.2,0.9531476497650146,0.43360286951065063,0.4747944176197052,0.23201511800289154,134.70190024375916,4.45028018951416,35.63880014419556,120.02583289146423,0.1326892375946045,0.806732177734375,1.4627454280853271
20,10,166.7726490497589,-30485992.4,0.9556055068969727,0.43526798486709595,0.47595900297164917,0.234124094247818,131.87170243263245,4.529205560684204,34.8906147480011,117.16942834854126,0.13123178482055664,0.7869277000427246,1.4542875289916992
20,11,170.34007859230042,-30482621.4,0.954074501991272,0.4339853525161743,0.4747177064418793,0.232724130153656,134.4928822517395,4.39942479133606,35.83661985397339,119.80231022834778,0.13182306289672852,0.8051073551177979,1.472886085510254
20,12,171.91980981826782,-30477088.2,0.953752338886261,0.434115469455719,0.4746967852115631,0.23211339116096497,136.10483980178833,4.479807615280151,35.80422616004944,121.33747053146362,0.12999677658081055,0.8617560863494873,1.452324390411377
20,13,172.1554398536682,-30482250.0,0.9542178511619568,0.4340047836303711,0.474714457988739,0.23251286149024963,136.64876294136047,4.496438503265381,35.495952129364014,121.92753481864929,0.13068866729736328,0.8461668491363525,1.455153465270996
20,14,170.38901019096375,-30486493.2,0.9554151296615601,0.4356672167778015,0.47642457485198975,0.23396548628807068,134.44813704490662,4.442188024520874,35.93012881278992,119.74221587181091,0.13251352310180664,0.8107302188873291,1.4539403915405273
20,15,172.48160886764526,-30468745.0,0.9540680646896362,0.4337455928325653,0.4748537540435791,0.2319054901599884,136.8813819885254,4.454153537750244,35.589393615722656,122.09913730621338,0.13168954849243164,0.8714866638183594,1.4658212661743164
20,16,273.5029616355896,-30477002.4,0.9541540741920471,0.43462592363357544,0.47509363293647766,0.2328985035419464,200.64442777633667,8.895031690597534,72.84144473075867,186.10309863090515,0.2714865207672119,1.6525342464447021,3.621004581451416
20,17,274.2007305622101,-30481299.2,0.9518147706985474,0.4315285384654999,0.47273269295692444,0.22988222539424896,200.97723603248596,8.95642352104187,73.20635628700256,186.37111449241638,0.2534759044647217,1.6589598655700684,3.63553524017334
20,18,278.8285484313965,-30475826.4,0.9529377818107605,0.43337884545326233,0.4743131995201111,0.23139522969722748,205.2357804775238,9.067744731903076,73.57518219947815,190.31054019927979,0.31072425842285156,1.6926727294921875,3.6845450401306152
20,19,269.2476634979248,-30480019.4,0.9557194113731384,0.43553319573402405,0.47626200318336487,0.23392298817634583,197.1535439491272,9.460782766342163,72.07683038711548,182.08244132995605,0.25041747093200684,1.6411845684051514,3.619234561920166
20,20,268.1737222671509,-30481507.0,0.9536327719688416,0.4340009391307831,0.47461971640586853,0.2321184128522873,195.3257052898407,8.908019781112671,72.83102107048035,180.80253314971924,0.25345635414123535,1.6347811222076416,3.628467559814453
20,21,270.6849377155304,-30486146.0,0.9540424346923828,0.43424898386001587,0.4746952950954437,0.2328203320503235,197.44319105148315,9.015288829803467,73.22458529472351,182.78028392791748,0.2744326591491699,1.6730170249938965,3.6044774055480957
20,22,268.3069770336151,-30472379.8,0.9542244672775269,0.4341709613800049,0.47489461302757263,0.2324562519788742,194.968327999115,9.30793285369873,73.32095909118652,180.022034406662,0.2546422481536865,1.6331689357757568,3.6492931842803955
20,23,270.5006523132324,-30487285.2,0.9554669857025146,0.4352363646030426,0.4766111373901367,0.2341170310974121,197.06812191009521,8.95925498008728,73.41539740562439,182.5110981464386,0.24665451049804688,1.629497766494751,3.6247851848602295
20,24,269.02341961860657,-30475345.8,0.9547570943832397,0.43427807092666626,0.47495603561401367,0.23271243274211884,196.09221863746643,9.0184006690979,72.9131669998169,181.41416215896606,0.2666802406311035,1.6451091766357422,3.646116018295288
20,25,271.4766364097595,-30485652.4,0.9516003131866455,0.4317348897457123,0.4725828468799591,0.229850172996521,197.9790723323822,9.088001251220703,73.48006582260132,183.18816757202148,0.2512366771697998,1.6863386631011963,3.6624889373779297
20,26,271.5800759792328,-30476658.4,0.9534012675285339,0.4334024488925934,0.474509596824646,0.2318839579820633,199.64050483703613,9.00432801246643,71.92256426811218,185.0369119644165,0.25388455390930176,1.6366055011749268,3.6106503009796143
20,27,264.77356791496277,-30476461.2,0.9536765217781067,0.4331638216972351,0.47391632199287415,0.23169346153736115,192.641907453537,8.826535940170288,72.11450672149658,178.18539571762085,0.25139880180358887,1.632103681564331,3.6501715183258057
20,28,270.6855788230896,-30474194.4,0.9532817602157593,0.4331468343734741,0.47413578629493713,0.2316991537809372,199.03957414627075,8.839199304580688,71.628751039505,184.57771396636963,0.2528645992279053,1.6364898681640625,3.6354153156280518
20,29,263.9481282234192,-30483688.0,0.9556606411933899,0.43535757064819336,0.4758395552635193,0.23409007489681244,192.88960695266724,8.786715984344482,71.04075765609741,178.50128531455994,0.24769186973571777,1.6283912658691406,3.6297295093536377
20,30,268.14581274986267,-30477035.0,0.953679084777832,0.4340949058532715,0.4750884771347046,0.23223049938678741,196.62021851539612,8.85877513885498,71.50849342346191,182.1544680595398,0.24696707725524902,1.6380047798156738,3.62300705909729
