{
    "theta": [
        0.9999899864196777,
        0.9296941161155701,
        0.6694105267524719,
        0.2792132794857025
    ],
    "best_ll": 0.9743996858596802,
    "time": 48.18046522140503
}