{
    "theta": [
        0.7503094673156738,
        0.5803797841072083,
        0.43891414999961853,
        0.18484614789485931
    ],
    "best_ll": -6841.9765625,
    "time": 95.57411623001099
}