{
    "theta": [
        0.748859703540802,
        0.5786020755767822,
        0.4414338767528534,
        0.18718764185905457
    ],
    "best_ll": -14565.30859375,
    "time": 96.09468078613281
}