{
    "theta": [
        0.7478286623954773,
        0.577707827091217,
        0.4426723122596741,
        0.1879865676164627
    ],
    "best_ll": -30678.49609375,
    "time": 95.79687833786011
}