{
    "theta": [
        0.748339056968689,
        0.5785471796989441,
        0.44270381331443787,
        0.18762129545211792
    ],
    "best_ll": -63675.46484375,
    "time": 96.46140432357788
}