{
    "theta": [
        0.7448623776435852,
        0.5760422945022583,
        0.44687071442604065,
        0.19016264379024506
    ],
    "best_ll": -131636.453125,
    "time": 97.43018388748169
}