{
    "theta": [
        0.744280219078064,
        0.5766502022743225,
        0.4476652443408966,
        0.18993456661701202
    ],
    "best_ll": -275238.875,
    "time": 96.15323114395142
}