{
    "theta": [
        0.74363774061203,
        0.5765639543533325,
        0.44870179891586304,
        0.19015522301197052
    ],
    "best_ll": -579585.375,
    "time": 95.97435879707336
}