{
    "theta": [
        0.7435618042945862,
        0.5762444138526917,
        0.4492855668067932,
        0.19019410014152527
    ],
    "best_ll": -1226824.875,
    "time": 95.79042863845825
}