{
    "theta": [
        0.7443945407867432,
        0.5762580037117004,
        0.44641000032424927,
        0.19023644924163818
    ],
    "best_ll": -2579604.25,
    "time": 94.89724230766296
}