{
    "theta": [
        0.747127890586853,
        0.5775456428527832,
        0.44150060415267944,
        0.18906205892562866
    ],
    "best_ll": -5398203.0,
    "time": 95.92182397842407
}