{
    "theta": [
        0.7984232306480408,
        0.5920016765594482,
        0.4193248152732849,
        0.19357876479625702
    ],
    "best_ll": -7.162167549133301,
    "time": 72.52110934257507
}