{
    "theta": [
        0.7473394274711609,
        0.5767560601234436,
        0.43942686915397644,
        0.19028174877166748
    ],
    "best_ll": -11218329.0,
    "time": 92.66580533981323
}