{
    "theta": [
        0.747652530670166,
        0.5764322876930237,
        0.43790823221206665,
        0.1902758628129959
    ],
    "best_ll": -23145802.0,
    "time": 93.42839884757996
}