{
    "theta": [
        0.7487804293632507,
        0.5772644877433777,
        0.4354519844055176,
        0.18989813327789307
    ],
    "best_ll": -47509536.0,
    "time": 95.27018618583679
}