{
    "theta": [
        0.7491571307182312,
        0.5775740742683411,
        0.4348308742046356,
        0.18991903960704803
    ],
    "best_ll": -97103088.0,
    "time": 98.92095685005188
}