{
    "theta": [
        0.7499975562095642,
        0.5780038833618164,
        0.43066635727882385,
        0.1901693344116211
    ],
    "best_ll": -197778320.0,
    "time": 104.7706503868103
}