{
    "theta": [
        0.7892909646034241,
        0.598639190196991,
        0.4260376989841461,
        0.18494302034378052
    ],
    "best_ll": -21.833526611328125,
    "time": 84.58612132072449
}