{
    "theta": [
        0.7429594397544861,
        0.5613060593605042,
        0.4011511504650116,
        0.18285515904426575
    ],
    "best_ll": -48.06664276123047,
    "time": 89.68751072883606
}