{
    "theta": [
        0.7686623930931091,
        0.593366801738739,
        0.42817312479019165,
        0.18601779639720917
    ],
    "best_ll": -131.1791534423828,
    "time": 91.75735664367676
}