{
    "theta": [
        0.3913043439388275,
        0.31442970037460327,
        0.22389234602451324,
        0.08695652335882187
    ],
    "best_ll": -1.4109348058700562,
    "time": 48.28292965888977
}