{
    "theta": [
        0.7400010228157043,
        0.5684424638748169,
        0.41505056619644165,
        0.18707586824893951
    ],
    "best_ll": -603.0673217773438,
    "time": 92.57298111915588
}