{
    "theta": [
        0.7462548017501831,
        0.5767254829406738,
        0.4270055890083313,
        0.18617388606071472
    ],
    "best_ll": -1452.44189453125,
    "time": 95.00753164291382
}