{
    "theta": [
        0.7458205223083496,
        0.5760858058929443,
        0.4395328462123871,
        0.18820999562740326
    ],
    "best_ll": -3195.564208984375,
    "time": 94.89748644828796
}