k,sample,total_time,best_ll,P00,P01,P10,P11,full_fit,gradient_gpu,init_cpu_gpu,mcmc_cpu,optimizer_gpu,transfer_pcie,warm_up_mcmc_cpu
1,1,106.54865670204163,-0.0004000663757324219,0.9998999834060669,9.999999747378752e-05,0.9998999834060669,9.999999747378752e-05,30.113320112228394,4.635768175125122,76.43528199195862,2.014960527420044,1.2383606433868408,0.18834996223449707,21.969341039657593
1,2,7.100445032119751,-0.0004000663757324219,0.9998999834060669,0.9998999834060669,9.999999747378752e-05,9.999999747378752e-05,5.723904132843018,2.003967046737671,1.3764805793762207,2.029054641723633,0.14113211631774902,0.0811622142791748,1.4037587642669678
1,3,5.768491506576538,0.0,0.8999999761581421,0.699999988079071,0.5,0.20000000298023224,4.323351860046387,1.791456937789917,1.4450888633728027,0.8667895793914795,0.14069366455078125,0.08194208145141602,1.3787956237792969
1,4,6.9287779331207275,-0.0004000663757324219,0.9998999834060669,0.9998999834060669,9.999999747378752e-05,9.999999747378752e-05,5.695063829421997,1.9995832443237305,1.2336585521697998,2.01383376121521,0.14029335975646973,0.08386373519897461,1.3900675773620605
1,5,7.294302463531494,-0.0004000663757324219,0.9998999834060669,9.999999747378752e-05,0.9998999834060669,9.999999747378752e-05,6.028382062911987,2.0087616443634033,1.2658560276031494,2.0175652503967285,0.14581966400146484,0.08292698860168457,1.7078661918640137
1,6,7.056011438369751,-0.0004000663757324219,0.9998999834060669,9.999999747378752e-05,0.9998999834060669,9.999999747378752e-05,5.733722686767578,1.9891886711120605,1.3222377300262451,2.030846118927002,0.14295578002929688,0.08133077621459961,1.4247119426727295
1,7,7.04112434387207,-0.0004000663757324219,0.9998999834060669,9.999999747378752e-05,0.9998999834060669,9.999999747378752e-05,5.717790603637695,2.01401424407959,1.3232736587524414,2.0129177570343018,0.1397237777709961,0.08281493186950684,1.4030959606170654
1,8,7.070801496505737,-0.0004000663757324219,0.9998999834060669,0.9998999834060669,9.999999747378752e-05,9.999999747378752e-05,5.727156400680542,1.9802899360656738,1.3435962200164795,2.0194711685180664,0.14027047157287598,0.08291196823120117,1.4381489753723145
1,9,6.992124080657959,-0.0004000663757324219,0.9998999834060669,9.999999747378752e-05,0.9998999834060669,9.999999747378752e-05,5.725614786148071,2.008953809738159,1.266456127166748,2.0406062602996826,0.1480884552001953,0.0828859806060791,1.3788182735443115
1,10,5.665189504623413,0.0,0.8999999761581421,0.699999988079071,0.5,0.20000000298023224,4.334157943725586,1.792942762374878,1.3309812545776367,0.8731083869934082,0.1398606300354004,0.08167147636413574,1.3816678524017334
1,11,7.175094127655029,-0.0004000663757324219,0.9998999834060669,9.999999747378752e-05,0.9998999834060669,9.999999747378752e-05,5.745875120162964,2.0072484016418457,1.4291682243347168,2.0272216796875,0.14520740509033203,0.08328557014465332,1.417294979095459
1,12,7.052813291549683,-0.0004000663757324219,0.9998999834060669,0.9998999834060669,9.999999747378752e-05,9.999999747378752e-05,5.75010871887207,1.990600347518921,1.3026518821716309,2.060457706451416,0.14289522171020508,0.08311796188354492,1.4070026874542236
1,13,6.970332860946655,-0.0004000663757324219,0.9998999834060669,0.9998999834060669,9.999999747378752e-05,9.999999747378752e-05,5.694457054138184,2.000901699066162,1.2758243083953857,2.014657974243164,0.14557123184204102,0.0838921070098877,1.3827378749847412
1,14,7.075387477874756,-0.0004000663757324219,0.9998999834060669,9.999999747378752e-05,0.9998999834060669,9.999999747378752e-05,5.788983106613159,1.980665922164917,1.2863490581512451,2.10012149810791,0.14215540885925293,0.08299398422241211,1.4169390201568604
1,15,7.023770332336426,-0.0004000663757324219,0.9998999834060669,0.9998999834060669,9.999999747378752e-05,9.999999747378752e-05,5.688721418380737,2.005481004714966,1.334998607635498,2.0106985569000244,0.1462535858154297,0.08353900909423828,1.3770499229431152
1,16,7.038012266159058,-0.0004000663757324219,0.9998999834060669,0.9998999834060669,9.999999747378752e-05,9.999999747378752e-05,5.694532871246338,1.9954311847686768,1.3434276580810547,2.0124950408935547,0.14621996879577637,0.08285951614379883,1.3919312953948975
1,17,5.60795259475708,0.0,0.8999999761581421,0.699999988079071,0.5,0.20000000298023224,4.332358360290527,1.7866551876068115,1.2755403518676758,0.8794307708740234,0.13963866233825684,0.08185148239135742,1.3800618648529053
1,18,7.019041061401367,-0.0004000663757324219,0.9998999834060669,0.9998999834060669,9.999999747378752e-05,9.999999747378752e-05,5.622565269470215,1.9535322189331055,1.3964264392852783,1.9931912422180176,0.1384263038635254,0.0827023983001709,1.3910281658172607
1,19,7.0066492557525635,-0.0004000663757324219,0.9998999834060669,9.999999747378752e-05,0.9998999834060669,9.999999747378752e-05,5.698990106582642,2.001310110092163,1.3076093196868896,2.0121960639953613,0.14142632484436035,0.08278298377990723,1.396183967590332
1,20,7.1549224853515625,-0.0004000663757324219,0.9998999834060669,9.999999747378752e-05,0.9998999834060669,9.999999747378752e-05,5.800958871841431,2.004765748977661,1.3539097309112549,2.0865931510925293,0.1418313980102539,0.08447432518005371,1.4171111583709717
1,21,6.80868124961853,-0.0004000663757324219,9.999999747378752e-05,9.999999747378752e-05,0.9998999834060669,9.999999747378752e-05,5.513138294219971,2.014080286026001,1.2954936027526855,1.7817578315734863,0.14278602600097656,0.08317017555236816,1.4236805438995361
1,22,7.044687986373901,-0.0004000663757324219,0.9998999834060669,0.9998999834060669,9.999999747378752e-05,9.999999747378752e-05,5.754841327667236,2.0331764221191406,1.2897870540618896,2.0093441009521484,0.143951416015625,0.0847315788269043,1.4164273738861084
1,23,7.053847789764404,-0.0004000663757324219,0.9998999834060669,0.9998999834060669,9.999999747378752e-05,9.999999747378752e-05,5.722126007080078,2.0130393505096436,1.3316724300384521,2.025242567062378,0.14672017097473145,0.08284735679626465,1.3881022930145264
1,24,7.079632997512817,-0.0004000663757324219,0.9998999834060669,0.9998999834060669,9.999999747378752e-05,9.999999747378752e-05,5.717651605606079,1.9732062816619873,1.361926555633545,2.0708022117614746,0.14143848419189453,0.08128070831298828,1.3862082958221436
1,25,7.0249035358428955,-0.0004000663757324219,0.9998999834060669,9.999999747378752e-05,0.9998999834060669,9.999999747378752e-05,5.70674991607666,2.0094332695007324,1.3181021213531494,2.010770559310913,0.14245176315307617,0.08528971672058105,1.390425205230713
1,26,6.9778828620910645,-0.0004000663757324219,0.9998999834060669,0.9998999834060669,9.999999747378752e-05,9.999999747378752e-05,5.669955730438232,1.9911494255065918,1.3078763484954834,2.0163049697875977,0.14310646057128906,0.08203434944152832,1.3717117309570312
1,27,7.079095840454102,-0.0004000663757324219,0.9998999834060669,0.9998999834060669,9.999999747378752e-05,9.999999747378752e-05,5.802516937255859,2.0075502395629883,1.276519775390625,2.067081928253174,0.14554500579833984,0.08267426490783691,1.4324862957000732
1,28,7.3970911502838135,-0.0004000663757324219,9.999999747378752e-05,0.9998999834060669,9.999999747378752e-05,9.999999747378752e-05,5.510862827301025,2.005138635635376,1.8861768245697021,1.792220115661621,0.14435029029846191,0.08294439315795898,1.4193062782287598
1,29,7.065924167633057,-0.0004000663757324219,0.9998999834060669,0.9998999834060669,9.999999747378752e-05,9.999999747378752e-05,5.769139289855957,2.0077927112579346,1.2967264652252197,2.079526424407959,0.14313006401062012,0.08460354804992676,1.387995958328247
1,30,7.057878255844116,-0.0004000663757324219,0.9998999834060669,9.999999747378752e-05,0.9998999834060669,9.999999747378752e-05,5.716346979141235,1.9935235977172852,1.3414742946624756,2.0001187324523926,0.1393601894378662,0.08383727073669434,1.4320454597473145
2,1,8.303949117660522,-4.838960647583008,0.9998999834060669,0.5453529953956604,0.5452620983123779,9.999999747378752e-05,6.917634725570679,2.144850015640259,1.3862533569335938,3.0860812664031982,0.14723682403564453,0.08373141288757324,1.388390064239502
2,2,9.003129482269287,-4.541520118713379,0.9998999834060669,0.6437390446662903,0.6965153217315674,9.999999747378752e-05,7.704484939575195,2.148167371749878,1.2985916137695312,3.859970808029175,0.14190196990966797,0.0840291976928711,1.404449462890625
2,3,8.858736753463745,-4.27910041809082,0.9998999834060669,0.8388009667396545,0.5044378042221069,9.999999747378752e-05,7.569696664810181,2.19159197807312,1.2889795303344727,3.6785728931427,0.14264345169067383,0.08396077156066895,1.40653395652771
2,4,9.797165870666504,-2.6161413192749023,0.9998999834060669,0.9998999834060669,0.7420316338539124,9.999999747378752e-05,8.478451490402222,2.19588041305542,1.3186612129211426,4.589865446090698,0.14177727699279785,0.0841219425201416,1.4009640216827393
2,5,8.472580671310425,-3.7935709953308105,0.9998999834060669,0.9998999834060669,0.23578868806362152,9.999999747378752e-05,7.127948760986328,2.1425344944000244,1.344578742980957,3.2808377742767334,0.1396007537841797,0.08352875709533691,1.4147498607635498
2,6,8.24341344833374,-4.495799541473389,0.5533134341239929,0.9998999834060669,0.29877904057502747,9.999999747378752e-05,6.9206061363220215,2.1416208744049072,1.322746753692627,3.0741987228393555,0.14263582229614258,0.08428335189819336,1.411390781402588
2,7,9.096485614776611,-4.5423308372497555,0.9998999834060669,0.6821083426475525,0.659832239151001,9.999999747378752e-05,7.771217584609985,2.1384360790252686,1.32521653175354,3.9558162689208984,0.14292526245117188,0.08447742462158203,1.3835406303405762
2,8,8.611028671264648,-3.715707302093506,0.8863195776939392,0.9998999834060669,0.23829340934753418,9.999999747378752e-05,7.299563884735107,2.1839451789855957,1.3114070892333984,3.422233819961548,0.14725899696350098,0.0839223861694336,1.3956785202026367
2,9,9.01438021659851,-4.27910041809082,0.9998999834060669,0.8388341665267944,0.5045128464698792,9.999999747378752e-05,7.609958648681641,2.160219669342041,1.4043750762939453,3.734743356704712,0.1442410945892334,0.08324074745178223,1.4227304458618164
2,10,7.923877716064453,-3.450592279434204,0.9998999834060669,0.3521285653114319,0.3770592510700226,9.999999747378752e-05,6.602524995803833,2.1606266498565674,1.321291446685791,2.7519471645355225,0.14472293853759766,0.08367228507995605,1.3949487209320068
2,11,7.367450475692749,-4.397591590881348,0.9998999834060669,0.5810825228691101,9.999999747378752e-05,0.2653115391731262,5.9799909591674805,2.1201865673065186,1.3874025344848633,2.1876213550567627,0.13974666595458984,0.08434319496154785,1.3802862167358398
2,12,8.673222303390503,-3.7933526039123535,0.9998999834060669,0.236201211810112,0.9998999834060669,9.999999747378752e-05,7.322681188583374,2.1523475646972656,1.3504884243011475,3.476489543914795,0.14413166046142578,0.08335137367248535,1.3994636535644531
2,13,9.031736135482788,-2.293990135192871,0.9998999834060669,0.9998999834060669,0.23468978703022003,9.999999747378752e-05,7.732260465621948,2.164052724838257,1.2994146347045898,3.8933401107788086,0.14310073852539062,0.08399844169616699,1.3805997371673584
2,14,9.12815523147583,-2.2939791679382324,0.9998999834060669,0.9998999834060669,0.23913219571113586,9.999999747378752e-05,7.764793872833252,2.151249885559082,1.3633036613464355,3.915088415145874,0.1417243480682373,0.08519887924194336,1.4036457538604736
2,15,7.932707786560059,-1.4898285865783691,0.9998999834060669,0.9641078114509583,9.999999747378752e-05,9.999999747378752e-05,6.581481456756592,2.150442600250244,1.3511734008789062,2.712820053100586,0.13885903358459473,0.08501625061035156,1.4267890453338623
2,16,8.766925811767578,-4.416008949279785,0.9998999834060669,0.4818491041660309,0.9998999834060669,9.999999747378752e-05,7.4670021533966064,2.1755127906799316,1.299863576889038,3.572770595550537,0.14232373237609863,0.08503389358520508,1.424142837524414
2,17,7.958503723144531,-4.416009426116943,0.9998999834060669,0.9998999834060669,0.48182931542396545,9.999999747378752e-05,6.634893178939819,1.722841501235962,1.323568344116211,3.2866127490997314,0.11548256874084473,0.08297109603881836,1.3834424018859863
2,18,9.995484113693237,-3.001199722290039,0.9998999834060669,0.9998999834060669,0.9998999834060669,9.999999747378752e-05,8.52659797668457,2.146568775177002,1.4688279628753662,4.707234859466553,0.13963603973388672,0.0845339298248291,1.3808269500732422
2,19,8.3051598072052,-4.838960647583008,0.9998999834060669,0.5453689694404602,0.5453299880027771,9.999999747378752e-05,6.926480770111084,2.153066873550415,1.3786284923553467,3.1000139713287354,0.142289400100708,0.08428502082824707,1.3803398609161377
2,20,8.637307167053223,-4.416008949279785,0.9998999834060669,0.9998999834060669,0.4823373258113861,9.999999747378752e-05,7.38460111618042,2.163609504699707,1.2526543140411377,3.524244546890259,0.14058184623718262,0.08418464660644531,1.4051201343536377
2,21,8.893635511398315,-4.27910041809082,0.9998999834060669,0.8388305902481079,0.5045524835586548,9.999999747378752e-05,7.5640974044799805,2.1743030548095703,1.3294856548309326,3.6911470890045166,0.14814376831054688,0.08366036415100098,1.3999223709106445
2,22,7.923123598098755,-1.4699920654296874,0.9998999834060669,0.9405481219291687,9.999999747378752e-05,9.999999747378752e-05,6.6319780349731445,2.1663289070129395,1.2910959720611572,2.753082036972046,0.14229202270507812,0.08343982696533203,1.4204065799713135
2,23,10.269435167312622,-1.5017995834350586,0.9998999834060669,0.9998999834060669,0.9998999834060669,9.999999747378752e-05,8.90789246559143,2.1450016498565674,1.3614919185638428,5.026687383651733,0.1427168846130371,0.08417177200317383,1.4435474872589111
2,24,8.168330907821655,-4.838961601257324,0.9998999834060669,0.5452696084976196,0.5452696084976196,9.999999747378752e-05,6.856863737106323,2.13142728805542,1.3114066123962402,3.0561532974243164,0.14207720756530762,0.08379030227661133,1.3767993450164795
2,25,7.0502028465271,-0.0004000663757324219,0.9998999834060669,9.999999747378752e-05,0.9998999834060669,9.999999747378752e-05,5.688209772109985,2.0018584728240967,1.3619322776794434,2.0127084255218506,0.14388227462768555,0.08347368240356445,1.3787147998809814
2,26,9.090598583221436,-4.529627799987793,0.9998999834060669,0.7135859727859497,0.6426453590393066,9.999999747378752e-05,7.762312412261963,2.161149740219116,1.328223705291748,3.875826835632324,0.1473073959350586,0.08449578285217285,1.427386999130249
2,27,8.186920166015625,-4.838961124420166,0.9998999834060669,0.5453404188156128,0.5452948212623596,9.999999747378752e-05,6.907212257385254,2.1428630352020264,1.2796497344970703,3.0651121139526367,0.14737200736999512,0.08472704887390137,1.4000275135040283
2,28,8.826871633529663,-4.416009426116943,0.9998999834060669,0.9998999834060669,0.48179709911346436,9.999999747378752e-05,7.430797815322876,2.1666836738586426,1.396026611328125,3.535487413406372,0.13956069946289062,0.08356571197509766,1.4388411045074463
2,29,8.495081424713135,-3.7962112426757812,0.9998999834060669,0.2500256299972534,0.9998999834060669,9.999999747378752e-05,7.123894214630127,2.155992269515991,1.3711354732513428,3.2746176719665527,0.14498257637023926,0.0838472843170166,1.3976192474365234
2,30,8.488880634307861,-3.7933549880981445,0.9998999834060669,0.2364731878042221,0.9998999834060669,9.999999747378752e-05,7.163167953491211,2.163991689682007,1.3256585597991943,3.3148622512817383,0.1433863639831543,0.08308672904968262,1.389972448348999
3,1,10.097461700439453,-14.827591896057129,0.9998999834060669,0.4721951186656952,0.6876879334449768,9.999999747378752e-05,8.80900526046753,2.2983129024505615,1.2884042263031006,4.807158470153809,0.1436154842376709,0.08557772636413574,1.407576322555542
3,2,10.247448205947876,-15.502571201324463,0.9998999834060669,0.676120400428772,0.5660694241523743,9.999999747378752e-05,8.897340059280396,2.311655282974243,1.3500580787658691,4.865124702453613,0.1432793140411377,0.08521008491516113,1.4246537685394287
3,3,10.003546237945557,-16.507722854614258,0.9928048849105835,0.7087099552154541,0.571918249130249,9.999999747378752e-05,8.716119766235352,2.302061080932617,1.2873802185058594,4.707124948501587,0.14285922050476074,0.08522224426269531,1.4119348526000977
3,4,10.932703018188477,-19.162073135375977,0.9998999834060669,0.5869132876396179,0.7173690795898438,0.07905282080173492,9.643284320831299,2.3091447353363037,1.2893683910369873,5.6485443115234375,0.14049839973449707,0.08482503890991211,1.3941943645477295
3,5,10.992686986923218,-15.74030122756958,0.9998999834060669,0.7139636874198914,0.6633579730987549,9.999999747378752e-05,9.694170475006104,2.3113420009613037,1.2984631061553955,5.62854266166687,0.13933610916137695,0.08406972885131836,1.4648594856262207
3,6,11.433588027954102,-13.589445114135742,0.9998999834060669,0.6136928796768188,0.9998999834060669,9.999999747378752e-05,10.118192911148071,2.302828550338745,1.3153398036956787,6.1372599601745605,0.14066791534423828,0.08331775665283203,1.387235164642334
3,7,11.609476804733276,-14.903626441955566,0.9998999834060669,0.7161194682121277,0.7836583256721497,9.999999747378752e-05,10.280311107635498,2.3237640857696533,1.3291161060333252,6.273353338241577,0.14128947257995605,0.0843665599822998,1.3905713558197021
3,8,11.102753639221191,-23.464774513244627,0.9998999834060669,0.6016321182250977,0.6997242569923401,0.1503434181213379,9.68764066696167,2.291273355484009,1.4150516986846924,5.716191053390503,0.14330220222473145,0.08442902565002441,1.3852438926696777
3,9,10.632373571395874,-14.72508487701416,0.9998999834060669,0.5632907152175903,0.6521335244178772,9.999999747378752e-05,9.285446166992188,2.28475022315979,1.3468782901763916,5.314144134521484,0.14075040817260742,0.08428835868835449,1.3949224948883057
3,10,10.218649625778198,-15.048211097717285,0.9998999834060669,0.6691640615463257,0.5544130206108093,9.999999747378752e-05,8.916548490524292,2.2826147079467773,1.3020498752593994,4.942180156707764,0.142913818359375,0.0832986831665039,1.399573564529419
3,11,10.712841033935547,-12.556941604614257,0.9998999834060669,0.3909728527069092,0.8020369410514832,9.999999747378752e-05,9.409548044204712,2.326003313064575,1.3032481670379639,5.378110408782959,0.14296269416809082,0.08423495292663574,1.411250352859497
3,12,11.45447850227356,-12.158336639404297,0.9998999834060669,0.9998999834060669,0.4391157627105713,9.999999747378752e-05,10.106336116790771,2.3202686309814453,1.3480825424194336,6.091816663742065,0.1465134620666504,0.08536338806152344,1.3933818340301514
3,13,10.599894762039185,-14.116576194763184,0.888290524482727,0.9998999834060669,0.556740939617157,9.999999747378752e-05,9.30628252029419,2.3164479732513428,1.2935609817504883,5.303715944290161,0.1392374038696289,0.08276939392089844,1.3983471393585205
3,14,9.461888790130615,-14.946478652954102,0.4533632695674896,0.7906886339187622,0.8219205141067505,9.999999747378752e-05,8.17182445526123,2.2879014015197754,1.2900066375732422,4.180220127105713,0.1420431137084961,0.08205604553222656,1.4141900539398193
3,15,11.6579110622406,-13.211224174499511,0.9998999834060669,0.825205385684967,0.4984549880027771,9.999999747378752e-05,10.211000919342041,2.272355556488037,1.4468531608581543,6.2536585330963135,0.13937854766845703,0.08356690406799316,1.3964903354644775
3,16,8.544129610061646,-9.809124088287353,0.36035674810409546,0.9998999834060669,0.36638256907463074,9.999999747378752e-05,7.139584541320801,2.323575973510742,1.4044866561889648,3.056452751159668,0.1453261375427246,0.08443260192871094,1.4628138542175293
3,17,11.335784435272217,-18.508180999755858,0.9998999834060669,0.8801031112670898,0.4952079653739929,0.0568808913230896,9.989548683166504,2.289839267730713,1.3461792469024658,6.0122740268707275,0.14714622497558594,0.08406233787536621,1.389749526977539
3,18,11.898829460144043,-16.20974464416504,0.9998999834060669,0.7251572012901306,0.6948876976966858,9.999999747378752e-05,10.536479473114014,2.3293235301971436,1.3623008728027344,6.504977464675903,0.14237308502197266,0.08427929878234863,1.4090449810028076
3,19,9.368462085723877,-15.938031482696534,0.7573298215866089,0.6512972116470337,0.6360905766487122,9.999999747378752e-05,8.062786102294922,2.08001971244812,1.3056328296661377,4.2693259716033936,0.13070058822631836,0.08405900001525879,1.4451794624328613
3,20,10.036766290664673,-19.43631706237793,0.9998999834060669,0.35545340180397034,0.6504725813865662,0.16093111038208008,8.608207941055298,2.2942755222320557,1.4284965991973877,4.619773864746094,0.14588451385498047,0.0853734016418457,1.396475076675415
3,21,9.278434991836548,-16.270463943481445,0.8502437472343445,0.7665323615074158,0.5438876748085022,9.999999747378752e-05,7.999546766281128,2.2844560146331787,1.2788350582122803,4.026318311691284,0.14305806159973145,0.08420348167419434,1.3946723937988281
3,22,10.237619638442993,-14.897308158874512,0.9998999834060669,0.6763638257980347,0.5326406359672546,9.999999747378752e-05,8.918805360794067,2.2899222373962402,1.3187546730041504,4.951172590255737,0.14165997505187988,0.0849609375,1.3852694034576416
3,23,9.196666717529297,-12.250704097747803,0.71763676404953,0.9998999834060669,0.2936197519302368,9.999999747378752e-05,7.843488931655884,2.3398125171661377,1.3531129360198975,3.796970844268799,0.14575695991516113,0.08587360382080078,1.40798020362854
3,24,10.487661600112915,-16.052246189117433,0.9998999834060669,0.5786535739898682,0.7592593431472778,9.999999747378752e-05,9.149742603302002,2.289208173751831,1.3378658294677734,5.131145000457764,0.1437358856201172,0.0834801197052002,1.436521291732788
3,25,10.651330471038818,-13.623070907592773,0.9998999834060669,0.4919380247592926,0.6195874810218811,9.999999747378752e-05,9.336560726165771,2.316939353942871,1.3147106170654297,5.334255218505859,0.13993477821350098,0.08371591567993164,1.3951313495635986
3,26,10.140904188156128,-15.079867362976074,0.9976873993873596,0.4540681838989258,0.9456287622451782,9.999999747378752e-05,8.8127601146698,2.277479648590088,1.32808518409729,4.851165533065796,0.14353537559509277,0.0842742919921875,1.3894002437591553
3,27,11.845881223678589,-11.748488330841065,0.9998999834060669,0.8399842381477356,0.4186156988143921,9.999999747378752e-05,10.415439367294312,2.3164103031158447,1.4303886890411377,6.375391244888306,0.1485738754272461,0.08353972434997559,1.4243321418762207
3,28,10.718604326248169,-17.413872146606444,0.9998999834060669,0.9369515180587769,0.2891070246696472,0.11437497287988663,9.431389808654785,2.3092801570892334,1.2871532440185547,5.422017335891724,0.1456284523010254,0.08468127250671387,1.4033403396606445
3,29,9.920507431030273,-11.747200012207031,0.9998999834060669,0.46173593401908875,0.5292326807975769,9.999999747378752e-05,8.592926502227783,2.292140245437622,1.327528715133667,4.609493732452393,0.14184284210205078,0.08360624313354492,1.3986499309539795
3,30,11.02756118774414,-13.816267204284667,0.9998999834060669,0.5012056827545166,0.9772233963012695,9.999999747378752e-05,9.531578063964844,2.077479600906372,1.495948314666748,5.775568008422852,0.12750816345214844,0.08322334289550781,1.4121019840240479
4,1,11.82014274597168,-44.94783020019531,0.8666630387306213,0.6202826499938965,0.6905176639556885,9.999999747378752e-05,10.50348973274231,2.4619109630584717,1.3165936470031738,6.298792123794556,0.1454167366027832,0.08499765396118164,1.445009469985962
4,2,12.732518196105957,-43.24525680541992,0.9998999834060669,0.5851965546607971,0.6656420826911926,9.999999747378752e-05,11.404812812805176,2.5026533603668213,1.3276474475860596,7.2159435749053955,0.14230895042419434,0.08461546897888184,1.3914005756378174
4,3,12.625032186508179,-37.10893630981445,0.9998999834060669,0.43024587631225586,0.6747077703475952,9.999999747378752e-05,11.282740116119385,2.4801042079925537,1.3422307968139648,7.113423824310303,0.14652180671691895,0.08635663986206055,1.388270378112793
4,4,10.275390148162842,-34.017621231079104,0.9222620129585266,0.4795498847961426,0.5617496967315674,9.999999747378752e-05,8.923166990280151,2.4183332920074463,1.3521716594696045,4.811301231384277,0.14525604248046875,0.08433890342712402,1.3967137336730957
4,5,12.629868984222412,-39.02337646484375,0.9998999834060669,0.5308168530464172,0.6067060232162476,9.999999747378752e-05,11.217822074890137,2.4962387084960938,1.4119961261749268,7.01593279838562,0.1396346092224121,0.08617091178894043,1.4120852947235107
4,6,11.445434331893921,-45.48482551574707,0.9998999834060669,0.3992350101470947,0.6527307033538818,0.05832052230834961,10.118370771408081,2.440275192260742,1.3270018100738525,5.963666677474976,0.14753961563110352,0.08414673805236816,1.4157440662384033
4,7,11.735573530197144,-35.891173934936525,0.9998999834060669,0.41159144043922424,0.6743587255477905,9.999999747378752e-05,10.328510284423828,2.478835344314575,1.407001256942749,6.1477532386779785,0.14118456840515137,0.08440160751342773,1.4090626239776611
4,8,11.963979244232178,-44.18875923156738,0.888255774974823,0.583273708820343,0.7145957946777344,9.999999747378752e-05,10.666285276412964,2.443842887878418,1.2976410388946533,6.536348581314087,0.1419391632080078,0.0839545726776123,1.393738031387329
4,9,10.926724910736084,-33.46374702453613,0.8738128542900085,0.33920955657958984,0.7861074805259705,9.999999747378752e-05,9.573641300201416,2.471097230911255,1.3530325889587402,5.421919345855713,0.14483308792114258,0.08478474617004395,1.3842246532440186
4,10,11.123544931411743,-39.71591911315918,0.9648789167404175,0.6555213928222656,0.4937322437763214,9.999999747378752e-05,9.818861722946167,2.421313762664795,1.3046221733093262,5.68379282951355,0.14539885520935059,0.08394002914428711,1.4180305004119873
4,11,11.598061323165894,-35.676669692993165,0.9998999834060669,0.5926480889320374,0.465044766664505,9.999999747378752e-05,10.312943935394287,2.4555563926696777,1.2850666046142578,6.161311864852905,0.14212274551391602,0.0836172103881836,1.404099464416504
4,12,13.743587255477905,-45.4400276184082,0.9998999834060669,0.6419591307640076,0.6813664436340332,9.999999747378752e-05,12.470544815063477,2.468137741088867,1.2729828357696533,8.274939775466919,0.14094185829162598,0.08458924293518066,1.4349346160888672
4,13,11.786954879760742,-42.72150192260742,0.8973061442375183,0.767021894454956,0.5207434296607971,9.999999747378752e-05,10.462523937225342,2.4695119857788086,1.3243718147277832,6.27086067199707,0.14455461502075195,0.0841519832611084,1.426119327545166
4,14,11.7344810962677,-30.866030120849608,0.9998999834060669,0.45357102155685425,0.5216411352157593,9.999999747378752e-05,10.424722909927368,2.502506971359253,1.3096942901611328,6.230518102645874,0.1416027545928955,0.08475184440612793,1.3983714580535889
4,15,12.872025966644287,-45.48547630310058,0.9998999834060669,0.6963133811950684,0.5721216797828674,9.999999747378752e-05,11.465341567993164,2.547489643096924,1.4066219329833984,7.176660776138306,0.14053654670715332,0.08413887023925781,1.4501922130584717
4,16,12.380336046218872,-40.451210021972656,0.9998999834060669,0.6132789254188538,0.5360686779022217,9.999999747378752e-05,10.929437637329102,2.4074251651763916,1.4508461952209473,6.799014568328857,0.14868593215942383,0.08462405204772949,1.4214849472045898
4,17,12.306774854660034,-47.21671752929687,0.9998999834060669,0.6264256834983826,0.6185578107833862,0.038826338946819305,10.888498306274414,2.458829641342163,1.4182260036468506,6.739436149597168,0.14999175071716309,0.08616304397583008,1.3859763145446777
4,18,11.744784832000732,-39.267906951904294,0.9586536884307861,0.5626324415206909,0.5773531794548035,9.999999747378752e-05,10.331859588623047,2.467791795730591,1.412865400314331,6.184508800506592,0.1433100700378418,0.08394765853881836,1.3849055767059326
4,19,11.090917110443115,-42.716691970825195,0.8673657178878784,0.6335693001747131,0.6215271949768066,9.999999747378752e-05,9.773860216140747,2.4497463703155518,1.3169963359832764,5.573302507400513,0.14471101760864258,0.08573722839355469,1.4523844718933105
4,20,11.500923871994019,-41.48154983520508,0.9770004153251648,0.6879754066467285,0.5029937624931335,9.999999747378752e-05,10.151095867156982,2.4391982555389404,1.3497750759124756,6.023127555847168,0.14374256134033203,0.08317232131958008,1.395749568939209
4,21,12.639615535736084,-37.90850563049317,0.9998999834060669,0.6490738987922668,0.49906396865844727,9.999999747378752e-05,11.290660381317139,2.4624431133270264,1.348888635635376,7.145907878875732,0.1403050422668457,0.08514571189880371,1.3903160095214844
4,22,11.18042778968811,-29.123524856567382,0.9998999834060669,0.42205506563186646,0.5001221299171448,9.999999747378752e-05,9.826990365982056,2.448038339614868,1.3533823490142822,5.694120645523071,0.1430058479309082,0.08458924293518066,1.3890786170959473
4,23,11.941398620605469,-34.80887680053711,0.9998999834060669,0.5346666574478149,0.4939213693141937,9.999999747378752e-05,10.591220140457153,2.4643447399139404,1.3501262664794922,6.438650131225586,0.1405646800994873,0.08484292030334473,1.3947627544403076
4,24,12.06942105293274,-35.80699119567871,0.9998999834060669,0.6607174873352051,0.4337652325630188,9.999999747378752e-05,10.693472623825073,2.4326329231262207,1.3758888244628906,6.570998430252075,0.1463320255279541,0.08486318588256836,1.392545461654663
4,25,12.846920013427734,-45.93765144348144,0.9998999834060669,0.607221782207489,0.6889755725860596,9.999999747378752e-05,11.490049600601196,2.4787068367004395,1.3568196296691895,7.315818786621094,0.14692187309265137,0.08545589447021484,1.3963398933410645
4,26,11.77682900428772,-36.88946762084961,0.9998999834060669,0.5154200792312622,0.5650848150253296,9.999999747378752e-05,10.413907051086426,2.44128155708313,1.3628590106964111,6.2693564891815186,0.1411573886871338,0.08426570892333984,1.4109320640563965
4,27,13.57335376739502,-39.252450180053714,0.9998999834060669,0.5423728823661804,0.6324536800384521,9.999999747378752e-05,12.270009756088257,2.45827317237854,1.3032915592193604,8.108704566955566,0.15360641479492188,0.08475208282470703,1.3978826999664307
4,28,13.377538681030273,-44.270150375366214,0.9998999834060669,0.6845712065696716,0.6125712394714355,9.999999747378752e-05,12.004236698150635,2.4233052730560303,1.3732409477233887,7.890820741653442,0.15076208114624023,0.0846865177154541,1.387519121170044
4,29,12.914050817489624,-39.88603973388672,0.9998999834060669,0.7255990505218506,0.45906007289886475,9.999999747378752e-05,11.560502290725708,2.447997808456421,1.353489637374878,7.42755913734436,0.14516258239746094,0.0844569206237793,1.3882393836975098
4,30,13.056387662887573,-36.36612892150879,0.9998999834060669,0.6220375895500183,0.46261435747146606,9.999999747378752e-05,11.692434072494507,2.4970381259918213,1.3638944625854492,7.497405767440796,0.1420276165008545,0.08550834655761719,1.4024267196655273
5,1,14.498298168182373,-120.89110412597657,0.9326977133750916,0.7003961801528931,0.6118462085723877,0.049893006682395935,13.170870542526245,2.5978097915649414,1.32737135887146,8.826214075088501,0.1417379379272461,0.08551263809204102,1.4529378414154053
5,2,17.679901123046875,-123.41026992797852,0.9998999834060669,0.6698464155197144,0.5633124113082886,0.0195977371186018,16.351826429367065,2.6108503341674805,1.3280136585235596,12.02585244178772,0.13942861557006836,0.08503079414367676,1.4238028526306152
5,3,13.26813006401062,-114.38841171264649,0.8235809206962585,0.7499949336051941,0.5928676724433899,9.999999747378752e-05,11.965625524520874,2.5815086364746094,1.302443027496338,7.6964147090911865,0.1404891014099121,0.08454585075378418,1.3963041305541992
5,4,15.334134578704834,-104.56862945556641,0.9998999834060669,0.6273527145385742,0.5355222225189209,9.999999747378752e-05,13.959341287612915,2.57839298248291,1.3747258186340332,9.677527904510498,0.14836359024047852,0.0838615894317627,1.405595302581787
5,5,14.982397079467773,-102.72916412353516,0.9798174500465393,0.7207721471786499,0.46347033977508545,9.999999747378752e-05,13.578176498413086,2.5987558364868164,1.4041671752929688,9.249162435531616,0.1432933807373047,0.08427906036376953,1.4356098175048828
5,6,15.202936172485352,-109.96926498413086,0.9998999834060669,0.6165393590927124,0.5817331075668335,9.999999747378752e-05,13.927204132080078,2.5791807174682617,1.2756807804107666,9.629835844039917,0.14862322807312012,0.0852363109588623,1.4161319732666016
5,7,16.29632830619812,-109.7229248046875,0.9998999834060669,0.5781356692314148,0.6250669956207275,9.999999747378752e-05,14.9909508228302,2.5791094303131104,1.3053128719329834,10.72511100769043,0.14440464973449707,0.08598756790161133,1.3893380165100098
5,8,16.868720769882202,-143.54947357177736,0.9608213305473328,0.7057794332504272,0.6737852096557617,0.022221218794584274,15.52030611038208,2.602034568786621,1.3483562469482422,11.209109783172607,0.14498090744018555,0.08404922485351562,1.4134705066680908
5,9,15.13706374168396,-113.78351745605468,0.9608910083770752,0.5582630634307861,0.6845912337303162,9.999999747378752e-05,13.772818803787231,2.6084065437316895,1.364192247390747,9.14182424545288,0.14272236824035645,0.08336949348449707,1.7304251194000244
5,10,14.038229942321777,-109.06588134765624,0.9998999834060669,0.5581139922142029,0.5898779630661011,0.02134408988058567,12.66027045249939,2.5981523990631104,1.377892017364502,8.35440182685852,0.1459193229675293,0.0847480297088623,1.4102585315704346
5,11,16.032878637313843,-122.87247848510742,0.9998999834060669,0.587107241153717,0.5871985554695129,0.03308941423892975,14.689406871795654,2.6123530864715576,1.343412160873413,10.381276845932007,0.1446225643157959,0.08490419387817383,1.3991949558258057
5,12,15.012526750564575,-101.72992172241212,0.9998999834060669,0.6380358934402466,0.5084613561630249,9.999999747378752e-05,13.633442640304565,2.5795435905456543,1.379032850265503,9.341115713119507,0.14391517639160156,0.08408856391906738,1.4175353050231934
5,13,14.49243950843811,-84.59887619018555,0.9998999834060669,0.5618741512298584,0.47458699345588684,9.999999747378752e-05,13.194796800613403,2.597269058227539,1.2975833415985107,8.911476135253906,0.14789867401123047,0.08490943908691406,1.386610746383667
5,14,14.302304029464722,-107.45669784545899,0.9116254448890686,0.6719574332237244,0.5576089024543762,9.999999747378752e-05,12.908250570297241,2.564725399017334,1.3939976692199707,8.60386872291565,0.147216796875,0.08405685424804688,1.441988229751587
5,15,13.73929762840271,-116.9994987487793,0.9998999834060669,0.6884093284606934,0.4484611451625824,0.04862213134765625,12.376039505004883,2.614434003829956,1.3631961345672607,8.067850351333618,0.14248132705688477,0.08493590354919434,1.3997600078582764
5,16,14.710658311843872,-127.3682975769043,0.9998999834060669,0.627537190914154,0.5649232864379883,0.03173621743917465,13.371408462524414,2.6074793338775635,1.3391962051391602,9.081565380096436,0.14375877380371094,0.0848548412322998,1.3871254920959473
5,17,16.18454623222351,-142.12967529296876,0.9998999834060669,0.6663706302642822,0.6511316895484924,0.05156722292304039,14.798903226852417,2.5803382396698,1.38557767868042,10.487011432647705,0.1446382999420166,0.08557605743408203,1.4346654415130615
5,18,15.469202280044556,-112.52621002197266,0.9853801131248474,0.727220892906189,0.5033488869667053,9.999999747378752e-05,14.144497632980347,2.5946733951568604,1.3246488571166992,9.860647439956665,0.14248323440551758,0.08471798896789551,1.3952343463897705
5,19,15.887019157409668,-120.40139389038086,0.9972699284553528,0.6611173748970032,0.5924400687217712,9.999999747378752e-05,14.596111059188843,2.5886406898498535,1.290846586227417,10.322747707366943,0.14380145072937012,0.08504986763000488,1.389089822769165
5,20,13.059457540512085,-100.37257385253906,0.9993851780891418,0.43336284160614014,0.6376247406005859,0.0088502811267972,11.659161567687988,2.562134027481079,1.4002439975738525,7.400057077407837,0.14552855491638184,0.08536338806152344,1.3995108604431152
5,21,16.009536266326904,-108.77610244750977,0.9998999834060669,0.6126005053520203,0.5827500224113464,9.999999747378752e-05,14.711077451705933,2.5338659286499023,1.298405408859253,10.486479997634888,0.14045071601867676,0.08514571189880371,1.398021936416626
5,22,16.141955137252808,-110.262548828125,0.9998999834060669,0.5725963115692139,0.6436418890953064,9.999999747378752e-05,14.807452201843262,2.5891966819763184,1.3344535827636719,10.510324954986572,0.14294672012329102,0.08405756950378418,1.4145796298980713
5,23,16.595046997070312,-114.24090118408203,0.9998999834060669,0.5453585982322693,0.6654467582702637,0.046908557415008545,15.290578365325928,2.6283812522888184,1.3044078350067139,10.964661359786987,0.14484381675720215,0.08583521842956543,1.3994135856628418
5,24,14.62332534790039,-119.15711669921875,0.9364181756973267,0.6336087584495544,0.6532347798347473,9.999999747378752e-05,13.27285623550415,2.605983257293701,1.3504180908203125,8.948145151138306,0.14444947242736816,0.08548426628112793,1.421560525894165
5,25,12.954713344573975,-136.40636291503907,0.8800504207611084,0.6034967303276062,0.6167692542076111,0.057795725762844086,11.670156240463257,2.571852445602417,1.284503698348999,7.405126333236694,0.14673876762390137,0.0847313404083252,1.394585371017456
5,26,15.063774585723877,-110.36816329956055,0.9998999834060669,0.6241060495376587,0.5592828392982483,9.999999747378752e-05,13.69390058517456,2.5871479511260986,1.3698177337646484,9.409602880477905,0.14031386375427246,0.0844416618347168,1.4063477516174316
5,27,14.175858974456787,-108.41615829467773,0.9579855799674988,0.5603845715522766,0.6522192358970642,9.999999747378752e-05,12.865231275558472,2.5627684593200684,1.3105673789978027,8.614844560623169,0.13962483406066895,0.08526754379272461,1.396212100982666
5,28,13.952805280685425,-116.86845245361329,0.8810208439826965,0.7043877243995667,0.6044946908950806,9.999999747378752e-05,12.56240200996399,2.6106653213500977,1.3903427124023438,8.259748935699463,0.14533615112304688,0.08571147918701172,1.3922441005706787
5,29,16.208999395370483,-112.23840637207032,0.92022305727005,0.7208338975906372,0.5424101948738098,9.999999747378752e-05,13.52292013168335,2.6235408782958984,2.686028003692627,9.189575672149658,0.1439497470855713,0.0849466323852539,1.4140963554382324
5,30,16.557676792144775,-105.15522689819336,0.9998999834060669,0.49933934211730957,0.677333652973175,9.999999747378752e-05,15.166948556900024,2.580958604812622,1.390674114227295,10.86487603187561,0.1449737548828125,0.08561921119689941,1.4221854209899902
6,1,10.611637353897095,-26.00777225494385,0.9998999834060669,0.44756442308425903,0.3700264096260071,0.010143771767616272,9.27033257484436,2.4506616592407227,1.341245174407959,5.1133763790130615,0.14457154273986816,0.08459329605102539,1.4098143577575684
6,2,12.132612943649292,-14.7726469039917,0.9998999834060669,0.7726178765296936,0.5345830917358398,9.999999747378752e-05,10.81070351600647,2.307685375213623,1.3218510150909424,6.818260669708252,0.13971614837646484,0.0840463638305664,1.3941090106964111
6,3,10.666229248046875,-29.957372665405273,0.8502445816993713,0.5440667867660522,0.43894699215888977,9.999999747378752e-05,9.307470560073853,2.4521267414093018,1.3586921691894531,5.118352890014648,0.14651226997375488,0.0850224494934082,1.4393937587738037
6,4,11.352442502975464,-27.607793426513673,0.9353429675102234,0.4831371009349823,0.41621696949005127,9.999999747378752e-05,10.043779134750366,2.446699380874634,1.3086028099060059,5.907508134841919,0.14820265769958496,0.08503413200378418,1.3873014450073242
6,5,11.653531789779663,-25.758077812194824,0.9998999834060669,0.44566747546195984,0.3815774917602539,9.999999747378752e-05,10.27420687675476,2.459886074066162,1.3792650699615479,6.114980936050415,0.14267420768737793,0.08577895164489746,1.4025640487670898
6,6,9.272899389266968,-16.624501037597657,0.7648447155952454,0.9998999834060669,0.5920138955116272,9.999999747378752e-05,7.9859466552734375,1.8068656921386719,1.2869153022766113,4.531059741973877,0.11566901206970215,0.08109474182128906,1.4085519313812256
6,7,12.206918239593506,-24.789399719238283,0.9998999834060669,0.4082285165786743,0.40491393208503723,9.999999747378752e-05,10.851271629333496,2.423482656478882,1.3555877208709717,6.739279508590698,0.14527034759521484,0.08408498764038086,1.3914461135864258
6,8,12.722744226455688,-25.74007568359375,0.9970605969429016,0.47378724813461304,0.36605262756347656,9.999999747378752e-05,11.402090549468994,2.486536979675293,1.3205976486206055,7.224164247512817,0.14299845695495605,0.08463597297668457,1.396864891052246
6,9,11.911056995391846,-14.820917892456055,0.9998999834060669,0.786015510559082,0.5187737941741943,9.999999747378752e-05,10.57464075088501,2.2969040870666504,1.3363673686981201,6.592099666595459,0.1425495147705078,0.08446574211120605,1.391817331314087
6,10,10.934160947799683,-16.98470973968506,0.8560042977333069,0.8952952027320862,0.6015481948852539,9.999999747378752e-05,9.6263427734375,2.3096799850463867,1.30775785446167,5.632216453552246,0.1430954933166504,0.0851292610168457,1.3880019187927246
6,11,11.743685245513916,-24.734599113464355,0.9998999834060669,0.4975811243057251,0.32565033435821533,9.999999747378752e-05,10.4073965549469,2.4216346740722656,1.336235761642456,5.61213755607605,0.14329791069030762,0.08440232276916504,2.0790815353393555
6,12,11.199495553970337,-23.752246475219728,0.9998999834060669,0.3838931918144226,0.40617093443870544,9.999999747378752e-05,9.91175389289856,2.4670944213867188,1.2876806259155273,5.763333320617676,0.14412522315979004,0.08530712127685547,1.38582444190979
6,13,10.865782260894775,-28.05574150085449,0.8964913487434387,0.5536024570465088,0.3876546025276184,9.999999747378752e-05,9.568408012390137,2.4396605491638184,1.2973132133483887,5.4438745975494385,0.14294171333312988,0.08480954170227051,1.3905644416809082
6,14,10.941977977752686,-17.37307815551758,0.7135586738586426,0.7191237211227417,0.90813148021698,9.999999747378752e-05,9.616493463516235,2.3064157962799072,1.3254308700561523,5.5495078563690186,0.14345765113830566,0.08408403396606445,1.4659342765808105
6,15,10.819229364395142,-29.485985565185548,0.8753446340560913,0.49133867025375366,0.4655809700489044,9.999999747378752e-05,9.482001304626465,2.4603519439697266,1.337172031402588,5.329736232757568,0.1421034336090088,0.0849006175994873,1.397559404373169
6,16,10.630119323730469,-17.402051544189455,0.761633038520813,0.7034437656402588,0.8689740896224976,9.999999747378752e-05,9.280568361282349,2.3146023750305176,1.349498987197876,5.281500577926636,0.1413125991821289,0.08383321762084961,1.3922913074493408
6,17,11.11093258857727,-28.011841583251954,0.9119257926940918,0.5278748869895935,0.3952007293701172,9.999999747378752e-05,9.688356161117554,2.4417173862457275,1.422513723373413,5.4734861850738525,0.1456139087677002,0.08516383171081543,1.4741404056549072
6,18,10.577881813049316,-16.883380508422853,0.9668132066726685,0.7732993960380554,0.6120584607124329,9.999999747378752e-05,9.253287315368652,2.3126847743988037,1.3245353698730469,5.241147994995117,0.14568161964416504,0.08475542068481445,1.4018206596374512
6,19,10.634319305419922,-30.142881011962892,0.8244656324386597,0.44060343503952026,0.5620842576026917,9.999999747378752e-05,9.333798885345459,2.4666779041290283,1.300466537475586,5.169976472854614,0.14568328857421875,0.08522844314575195,1.3980867862701416
6,20,11.480063199996948,-16.83765354156494,0.7999857068061829,0.6101161241531372,0.9442771673202515,9.999999747378752e-05,10.133705139160156,2.2940945625305176,1.3463051319122314,6.160675525665283,0.14304566383361816,0.08538436889648438,1.3830337524414062
6,21,10.77477240562439,-28.216699028015135,0.9195523858070374,0.43736493587493896,0.4784816801548004,9.999999747378752e-05,9.489277124404907,2.4988160133361816,1.28544282913208,5.313234329223633,0.1408090591430664,0.084381103515625,1.3846192359924316
6,22,10.267457246780396,-26.230305099487303,0.9998999834060669,0.41708287596702576,0.41513556241989136,9.999999747378752e-05,8.927525758743286,2.4244930744171143,1.3398799896240234,4.8229382038116455,0.14858436584472656,0.08396053314208984,1.381986379623413
6,23,11.292155027389526,-16.644041442871092,0.9953581690788269,0.6445697546005249,0.711702823638916,9.999999747378752e-05,9.920487642288208,2.346545696258545,1.3715999126434326,5.872244358062744,0.14531350135803223,0.08618044853210449,1.4028005599975586
6,24,12.627625465393066,-21.076569175720216,0.9998999834060669,0.3935212790966034,0.37775468826293945,9.999999747378752e-05,11.281706809997559,2.4548418521881104,1.345870018005371,7.139108419418335,0.1475849151611328,0.08432626724243164,1.388749122619629
6,25,10.562807083129883,-26.575214195251466,0.9998999834060669,0.31226906180381775,0.5402965545654297,9.999999747378752e-05,9.280963897705078,2.466585397720337,1.2817790508270264,5.1203858852386475,0.14231252670288086,0.08473372459411621,1.4003019332885742
6,26,11.968881607055664,-26.17925567626953,0.9991167187690735,0.4167533814907074,0.42395347356796265,9.999999747378752e-05,10.641635417938232,2.512859344482422,1.327195644378662,6.445103883743286,0.14266347885131836,0.08591032028198242,1.389324426651001
6,27,11.480854988098145,-25.7760799407959,0.9998999834060669,0.4446662366390228,0.39043623208999634,9.999999747378752e-05,10.103060483932495,2.4020097255706787,1.3777427673339844,6.017312288284302,0.1426374912261963,0.08615875244140625,1.3884427547454834
6,28,10.31915807723999,-17.00821876525879,0.8664738535881042,0.8856213092803955,0.5952596664428711,9.999999747378752e-05,9.008378982543945,2.286996603012085,1.3107256889343262,4.982770681381226,0.14353466033935547,0.08507084846496582,1.4432742595672607
6,29,10.520804166793823,-26.375386238098145,0.9998999834060669,0.44793257117271423,0.3818395733833313,9.999999747378752e-05,9.233558416366577,2.4807446002960205,1.2871901988983154,5.0734686851501465,0.14392685890197754,0.0855720043182373,1.3812880516052246
6,30,11.112641096115112,-16.550734329223634,0.7712984681129456,0.9998999834060669,0.5786187052726746,9.999999747378752e-05,9.81797456741333,2.3058695793151855,1.294612169265747,5.822045564651489,0.14411139488220215,0.08449769020080566,1.3945608139038086
7,1,19.434813976287842,-660.1991149902344,0.9060007333755493,0.6124823689460754,0.6138608455657959,0.005058568902313709,18.111536979675293,2.8818936347961426,1.3232142925262451,13.486222743988037,0.14287519454956055,0.08404874801635742,1.4488563537597656
7,2,19.973254680633545,-646.2658630371094,0.9648796916007996,0.5786620378494263,0.6113250255584717,0.053129054605960846,18.643640756607056,2.909417152404785,1.329561471939087,14.036292552947998,0.14069914817810059,0.08405494689941406,1.406337022781372
7,3,18.47026038169861,-656.1910095214844,0.9103370904922485,0.6174986958503723,0.5898289680480957,0.01016037818044424,17.156684637069702,2.9040024280548096,1.3135128021240234,12.532665729522705,0.14467835426330566,0.08379125595092773,1.4252853393554688
7,4,20.377922534942627,-656.1715942382813,0.9640783667564392,0.6161479353904724,0.5777831673622131,0.050966184586286545,18.936250925064087,2.879171848297119,1.4416162967681885,14.34675121307373,0.14693546295166016,0.08403325080871582,1.4121952056884766
7,5,19.55282425880432,-642.472509765625,0.9699308276176453,0.5720424056053162,0.5978938937187195,0.013926603831350803,18.20372748374939,2.8785343170166016,1.349046230316162,13.628092765808105,0.14356350898742676,0.08461713790893555,1.4022643566131592
7,6,19.33465337753296,-691.0223327636719,0.9770826101303101,0.5422309041023254,0.5955843329429626,0.03150194510817528,18.01353693008423,2.88966703414917,1.3210554122924805,13.426483154296875,0.14542055130004883,0.08498501777648926,1.3999428749084473
7,7,19.09846019744873,-675.9296142578125,0.9038106799125671,0.5892559289932251,0.6276578903198242,9.999999747378752e-05,17.806986331939697,2.899524450302124,1.2914197444915771,13.200894594192505,0.14823603630065918,0.0847020149230957,1.406057596206665
7,8,19.485018491744995,-676.6054382324219,0.9156449437141418,0.591683030128479,0.6345709562301636,0.03182178735733032,18.156594276428223,2.9045586585998535,1.3283629417419434,13.545800924301147,0.14484524726867676,0.08488869667053223,1.4094343185424805
7,9,21.67126727104187,-638.5881958007812,0.9286043643951416,0.5871759653091431,0.6200806498527527,9.999999747378752e-05,20.36018443107605,2.9193813800811768,1.3110153675079346,15.747602224349976,0.14262080192565918,0.08516144752502441,1.397035837173462
7,10,18.714736700057983,-659.7211364746094,0.9302082657814026,0.601127028465271,0.6187161207199097,0.0512213334441185,17.377627849578857,2.895568609237671,1.3370473384857178,12.786836624145508,0.14070701599121094,0.08403968811035156,1.403534173965454
7,11,19.756470680236816,-629.4059326171875,0.9605492353439331,0.6128692030906677,0.5797489881515503,0.0178234800696373,18.474741220474243,2.924765110015869,1.2816569805145264,13.791017532348633,0.14317774772644043,0.08524394035339355,1.4632797241210938
7,12,19.466075658798218,-741.8838623046875,0.9998999834060669,0.5338711738586426,0.5589971542358398,0.0537392683327198,18.18135714530945,2.8635141849517822,1.2846577167510986,13.636319160461426,0.1434931755065918,0.08484148979187012,1.3869860172271729
7,13,20.212709188461304,-672.8470153808594,0.9998999834060669,0.5968521237373352,0.5554498434066772,0.05094531551003456,18.72613024711609,2.8769514560699463,1.4865238666534424,14.144165277481079,0.14344382286071777,0.08505749702453613,1.409987449645996
7,14,18.53585171699524,-681.6804321289062,0.9288365244865417,0.5642287135124207,0.6170933246612549,0.017067844048142433,17.189605236053467,2.8795886039733887,1.3461837768554688,12.555385828018188,0.14351177215576172,0.08449912071228027,1.460174322128296
7,15,19.260566473007202,-647.1853088378906,0.9327573776245117,0.6360659599304199,0.5680148601531982,0.046754833310842514,17.98815155029297,2.8848917484283447,1.2723510265350342,13.415919065475464,0.14090299606323242,0.08522558212280273,1.394822120666504
7,16,19.363724946975708,-651.0462707519531,0.9331526160240173,0.6280836462974548,0.5704823732376099,0.004095467273145914,18.03261137008667,2.877774238586426,1.3310575485229492,13.46714448928833,0.14224672317504883,0.08567380905151367,1.3914847373962402
7,17,21.19114089012146,-650.7485961914062,0.9628502130508423,0.6041303277015686,0.5782108306884766,0.051059938967227936,19.857933521270752,2.752744197845459,1.33317232131958,15.416711330413818,0.13463783264160156,0.08345150947570801,1.4098484516143799
7,18,19.5862934589386,-624.956982421875,0.9392029047012329,0.596941351890564,0.5977664589881897,9.999999747378752e-05,18.218055486679077,2.900146484375,1.3681750297546387,13.620829582214355,0.14233183860778809,0.08557677268981934,1.4009482860565186
7,19,19.7416775226593,-632.1122436523438,0.9885337948799133,0.5682530403137207,0.5818783044815063,0.00497819110751152,18.447834730148315,2.949122667312622,1.2937822341918945,13.795323371887207,0.1422560214996338,0.08503985404968262,1.4088773727416992
7,20,18.870166778564453,-652.8162414550782,0.8820642232894897,0.613746166229248,0.6404293775558472,0.04855663329362869,17.40828561782837,2.917917251586914,1.4618148803710938,12.760820627212524,0.14643287658691406,0.08373761177062988,1.4318435192108154
7,21,20.698243618011475,-635.9329895019531,0.9590758681297302,0.6129277348518372,0.5766853094100952,0.01130661927163601,19.330310821533203,2.8798279762268066,1.36788010597229,14.756195306777954,0.14679384231567383,0.08297252655029297,1.3980016708374023
7,22,19.989940881729126,-646.7023498535157,0.9089441299438477,0.5805212259292603,0.6484827399253845,0.01051340065896511,18.653489589691162,2.891986608505249,1.336395502090454,14.066288709640503,0.14443254470825195,0.08394813537597656,1.3995063304901123
7,23,20.511810302734375,-647.1114868164062,0.9977052807807922,0.566772997379303,0.5895955562591553,0.03444971889257431,19.219989776611328,2.9018261432647705,1.2917606830596924,14.590558767318726,0.14473938941955566,0.0850834846496582,1.4294707775115967
7,24,20.99969482421875,-635.2726501464844,0.9374066591262817,0.5894883871078491,0.6159623265266418,0.02235272526741028,18.523558855056763,2.869291305541992,2.4760730266571045,13.959429264068604,0.14348578453063965,0.08443903923034668,1.3999183177947998
7,25,19.326715230941772,-667.7473999023438,0.9461234211921692,0.5935413837432861,0.5721958875656128,0.014085335657000542,17.96386218070984,2.8867461681365967,1.3627943992614746,13.236093044281006,0.15008950233459473,0.08513355255126953,1.538187026977539
7,26,20.101697206497192,-647.8347900390625,0.9417814016342163,0.5708986520767212,0.6254749298095703,0.03155066445469856,18.78128409385681,2.887110710144043,1.3203520774841309,14.199236869812012,0.14491057395935059,0.08411931991577148,1.3985896110534668
7,27,18.83645796775818,-732.6020629882812,0.9396947622299194,0.5700976848602295,0.600156307220459,0.04933053255081177,17.51509165763855,2.9081084728240967,1.3212993144989014,12.904528141021729,0.13954782485961914,0.08490943908691406,1.4109869003295898
7,28,20.1327908039093,-637.8952453613281,0.9505879878997803,0.5886833071708679,0.6073455810546875,0.035823412239551544,18.809326887130737,2.8857061862945557,1.3234031200408936,14.165924787521362,0.14496660232543945,0.08434128761291504,1.461812973022461
7,29,19.352935791015625,-661.91416015625,0.9325740337371826,0.6142511367797852,0.6075440645217896,0.03170682489871979,18.05614471435547,2.9273183345794678,1.296738624572754,13.418725728988647,0.1465778350830078,0.08557271957397461,1.409919261932373
7,30,20.40858554840088,-631.9495300292969,0.9638721346855164,0.6054714918136597,0.5653380751609802,0.029008395969867706,18.888840436935425,2.876511335372925,1.519683599472046,14.312059164047241,0.1459975242614746,0.08437919616699219,1.4022693634033203
8,1,21.182831525802612,-1222.08681640625,0.9733898043632507,0.5370972752571106,0.5458114743232727,0.006771911401301622,19.8269522190094,3.0222110748291016,1.3558268547058105,15.108702898025513,0.14185190200805664,0.08591699600219727,1.4007277488708496
8,2,20.479199171066284,-1258.1094970703125,0.9681019186973572,0.5561276078224182,0.5482563972473145,0.018192389979958534,19.109936714172363,3.049994468688965,1.3691952228546143,14.359267950057983,0.14212965965270996,0.08562636375427246,1.407331943511963
8,3,20.40118098258972,-1186.4709106445312,0.9658159017562866,0.5639891028404236,0.5378154516220093,0.01622624509036541,18.97393536567688,3.040621042251587,1.4271950721740723,14.203464031219482,0.14714574813842773,0.08805251121520996,1.4262349605560303
8,4,21.03795027732849,-1214.0728271484375,0.9863630533218384,0.5527100563049316,0.5291825532913208,0.010448276996612549,19.772536277770996,3.040950059890747,1.2653534412384033,15.017329692840576,0.14119839668273926,0.08650732040405273,1.4182853698730469
8,5,20.587852001190186,-1212.9769897460938,0.9774110913276672,0.553687572479248,0.5227903127670288,0.04907287284731865,19.233035802841187,3.065829038619995,1.3547616004943848,14.42769479751587,0.14447450637817383,0.08596348762512207,1.4422149658203125
8,6,21.137470960617065,-1215.0575317382813,0.9769607186317444,0.5292304754257202,0.5631789565086365,0.03778129816055298,19.794218063354492,3.0379490852355957,1.3431923389434814,15.045203924179077,0.14495325088500977,0.08691692352294922,1.4111278057098389
8,7,19.4425106048584,-1207.4128540039062,0.9440271258354187,0.55128413438797,0.5688897967338562,0.0191098153591156,18.076574087142944,3.056779384613037,1.365882158279419,13.329639434814453,0.14372682571411133,0.08740925788879395,1.3918020725250244
8,8,20.0306236743927,-1201.3644653320312,0.9520894885063171,0.5560271739959717,0.5526129007339478,0.0219552181661129,18.72033381462097,3.091561794281006,1.310237169265747,13.920461177825928,0.14664530754089355,0.0863037109375,1.4079852104187012
8,9,20.02355456352234,-1188.4053344726562,0.9669094681739807,0.5496215224266052,0.5444815754890442,0.025807885453104973,18.714215993881226,3.0041308403015137,1.3092732429504395,14.020068883895874,0.14539551734924316,0.08653450012207031,1.3912856578826904
8,10,19.823872804641724,-1209.7990234375,0.9823071956634521,0.5359817743301392,0.5311293005943298,0.030717631801962852,18.475948095321655,2.5529706478118896,1.347881555557251,14.242552518844604,0.11459040641784668,0.08252429962158203,1.4404926300048828
8,11,20.776488780975342,-1222.46220703125,0.9792402386665344,0.541792631149292,0.5533652305603027,0.03220873326063156,19.47523045539856,3.058445692062378,1.3011977672576904,14.716862440109253,0.14441609382629395,0.0853719711303711,1.403398036956787
8,12,20.25872039794922,-1219.5256591796874,0.9678162336349487,0.546123206615448,0.5537740588188171,0.027915917336940765,18.85826015472412,3.090489387512207,1.400404930114746,14.049388885498047,0.14656519889831543,0.0871725082397461,1.4173812866210938
8,13,19.965647220611572,-1209.2476684570313,0.937671959400177,0.5472992062568665,0.5784600973129272,0.018101118505001068,18.66450023651123,3.073089361190796,1.301091194152832,13.901957750320435,0.14668583869934082,0.08531832695007324,1.389988660812378
8,14,19.914273262023926,-1204.3052612304687,0.9624225497245789,0.5609257817268372,0.541097104549408,0.041708093136548996,18.593291521072388,3.0548410415649414,1.3209190368652344,13.833762645721436,0.1436915397644043,0.08641481399536133,1.407209873199463
8,15,19.399635314941406,-1250.9283447265625,0.9447588324546814,0.5653958916664124,0.5403799414634705,0.007323381491005421,18.0762882232666,3.026102304458618,1.3232951164245605,13.371984243392944,0.13688087463378906,0.08512043952941895,1.3888640403747559
8,16,21.954853773117065,-1187.1299560546875,0.9770002961158752,0.5463464260101318,0.5464301109313965,0.01861121878027916,20.620702505111694,3.030165433883667,1.3340821266174316,15.873593091964722,0.14152097702026367,0.08509945869445801,1.4236183166503906
8,17,20.22814631462097,-1280.0669677734375,0.9675033092498779,0.5322666168212891,0.5520313382148743,0.015327779576182365,18.892088413238525,3.0442073345184326,1.3359897136688232,14.13945198059082,0.14789319038391113,0.08584737777709961,1.407123327255249
8,18,20.616277933120728,-1226.812890625,0.974303126335144,0.5498024225234985,0.5504863858222961,0.04475940763950348,19.204642057418823,3.071418285369873,1.4115722179412842,14.413188457489014,0.1443321704864502,0.08602714538574219,1.4224982261657715
8,19,20.555224657058716,-1216.9877197265625,0.9890143871307373,0.5446849465370178,0.5395971536636353,0.05323241278529167,19.151732921600342,3.025893211364746,1.4034318923950195,14.429502964019775,0.14371156692504883,0.08674263954162598,1.3987386226654053
8,20,20.010043144226074,-1218.7290649414062,0.9313849806785583,0.5702419877052307,0.5629400610923767,0.015089142136275768,18.701580286026,3.032651901245117,1.3084123134613037,13.967533349990845,0.14325189590454102,0.0856475830078125,1.4047164916992188
8,21,19.886103630065918,-1193.7086059570313,0.942205011844635,0.5604502558708191,0.5523094534873962,0.02956974506378174,18.56229281425476,3.0703647136688232,1.3237481117248535,13.780227661132812,0.14011526107788086,0.08743977546691895,1.4163029193878174
8,22,20.56917715072632,-1279.9759765625,0.9934771656990051,0.5160233378410339,0.5748909711837769,0.03940654918551445,19.17752766609192,3.056213140487671,1.3915834426879883,14.42016053199768,0.14463162422180176,0.08624386787414551,1.403571367263794
8,23,21.06968665122986,-1200.6636962890625,0.9579447507858276,0.5438820719718933,0.5456087589263916,0.0415412038564682,19.724823236465454,3.0495290756225586,1.3448114395141602,14.98209547996521,0.1459805965423584,0.08647012710571289,1.3934240341186523
8,24,20.421919584274292,-1171.428515625,0.9636235237121582,0.53929203748703,0.5549003481864929,0.04716045409440994,19.161818742752075,3.0470874309539795,1.2600369453430176,14.407371520996094,0.14121294021606445,0.08727550506591797,1.4103670120239258
8,25,19.701560020446777,-1260.0442993164063,0.9542658925056458,0.55667644739151,0.5517725944519043,0.022049017250537872,18.350373029708862,3.016166925430298,1.3511261940002441,13.591216564178467,0.1412944793701172,0.08383345603942871,1.4528756141662598
8,26,20.031834602355957,-1248.3539672851562,0.956271767616272,0.5608276128768921,0.5542001128196716,0.04459039494395256,18.717521905899048,3.028538703918457,1.3142452239990234,13.976192235946655,0.14583468437194824,0.08643245697021484,1.4129395484924316
8,27,21.60690188407898,-1197.8462280273438,0.9998999834060669,0.5261979103088379,0.5432496070861816,0.05105910450220108,20.279459476470947,3.046297550201416,1.3273885250091553,15.536520719528198,0.13780546188354492,0.08647274971008301,1.4053373336791992
8,28,20.235097646713257,-1213.9860473632812,0.9644460678100586,0.5403748154640198,0.551282525062561,0.009039517492055893,18.90486741065979,3.036203145980835,1.330169916152954,14.169077634811401,0.14006638526916504,0.08707427978515625,1.4037115573883057
8,29,21.223658800125122,-1194.4207397460937,0.9653639197349548,0.5390534400939941,0.5526477098464966,0.006697084289044142,19.925387144088745,2.9905073642730713,1.2982301712036133,15.21188235282898,0.1398181915283203,0.08675694465637207,1.432650089263916
8,30,21.370946645736694,-1197.2461303710938,0.9838223457336426,0.5502094626426697,0.5288355350494385,0.006035394035279751,20.024845600128174,3.029679775238037,1.3460373878479004,15.258299112319946,0.14271140098571777,0.08522462844848633,1.442558765411377
9,1,28.250998497009277,-4202.904443359375,0.9714471101760864,0.581512987613678,0.5670852065086365,0.03496884927153587,26.858709573745728,3.2042765617370605,1.3922700881958008,21.90331768989563,0.14848804473876953,0.08647775650024414,1.4482512474060059
9,2,28.636590242385864,-4161.7673828125,0.9633527398109436,0.592107892036438,0.5637559294700623,0.03167464956641197,27.278212785720825,3.1833012104034424,1.3583605289459229,22.368061304092407,0.144486665725708,0.08706068992614746,1.4281527996063232
9,3,29.310124158859253,-4289.752490234375,0.9787121415138245,0.561019241809845,0.563358724117279,0.045875757932662964,27.93899393081665,3.2254467010498047,1.371112585067749,22.972057819366455,0.14520835876464844,0.08787679672241211,1.4411613941192627
9,4,27.913084745407104,-4272.174658203125,0.9720335602760315,0.583241879940033,0.551600456237793,0.042009852826595306,26.609150171279907,3.1970138549804688,1.303917646408081,21.703107357025146,0.14290189743041992,0.08693528175354004,1.412351369857788
9,5,27.355994939804077,-4275.760400390625,0.9616907238960266,0.5721972584724426,0.5825935006141663,0.04410235583782196,26.032702684402466,3.1859395503997803,1.3232746124267578,21.1296865940094,0.14841103553771973,0.08637166023254395,1.4148235321044922
9,6,27.661341190338135,-4242.784375,0.9722708463668823,0.5834921002388,0.5723570585250854,0.04161328449845314,26.367584466934204,3.209561347961426,1.293736457824707,21.462202548980713,0.14209413528442383,0.08637213706970215,1.4005074501037598
9,7,29.255457401275635,-4148.75166015625,0.9840721487998962,0.5691832900047302,0.5697703957557678,0.03122892789542675,27.937106609344482,3.194079875946045,1.3183314800262451,23.013026475906372,0.14518117904663086,0.08762645721435547,1.429332971572876
9,8,27.582619428634644,-4303.67919921875,0.949869692325592,0.5675340294837952,0.5943414568901062,0.03953400254249573,26.232061624526978,3.203146457672119,1.3505418300628662,21.285216569900513,0.14833521842956543,0.08694672584533691,1.4401524066925049
9,9,28.41309094429016,-4235.5400390625,0.9822676777839661,0.5725338459014893,0.5678966045379639,0.04361777752637863,27.012823820114136,3.155588388442993,1.4002482891082764,22.1153781414032,0.1438305377960205,0.08720231056213379,1.4447746276855469
9,10,26.52121591567993,-4334.076904296875,0.9390839338302612,0.581229031085968,0.5898707509040833,0.03933987021446228,25.16880488395691,3.1992568969726562,1.3523914813995361,20.264821767807007,0.14394307136535645,0.08726978302001953,1.4060783386230469
9,11,27.876161336898804,-4226.9763671875,0.9650667309761047,0.5795661807060242,0.5744270086288452,0.03325632959604263,26.49794292449951,3.287658929824829,1.3782005310058594,21.50216770172119,0.14290547370910645,0.08795022964477539,1.4105088710784912
9,12,28.484203338623047,-4191.07099609375,0.9512856602668762,0.5965688228607178,0.5812029242515564,0.033572375774383545,27.164778470993042,3.1720404624938965,1.3194057941436768,22.28807044029236,0.14374446868896484,0.08818697929382324,1.4049665927886963
9,13,27.00170612335205,-4166.83515625,0.9499931335449219,0.6038919687271118,0.5740426182746887,0.028545072302222252,25.660237312316895,3.199375867843628,1.3414490222930908,20.758780002593994,0.14113712310791016,0.08720660209655762,1.4058609008789062
9,14,27.431557416915894,-4302.76748046875,0.9565930366516113,0.59639573097229,0.5635126829147339,0.04156787693500519,26.05168914794922,3.191760301589966,1.3798480033874512,21.125349044799805,0.14334368705749512,0.08775997161865234,1.436263084411621
9,15,28.351478338241577,-4218.91845703125,0.9531408548355103,0.5785108208656311,0.5925679802894592,0.0319925881922245,26.989717721939087,3.1786141395568848,1.3617427349090576,22.112496614456177,0.14447546005249023,0.0870208740234375,1.3990211486816406
9,16,27.745210886001587,-4234.36337890625,0.9702431559562683,0.5756393074989319,0.5695479512214661,0.04041166231036186,26.382001161575317,3.2029831409454346,1.3631925582885742,21.440672636032104,0.14416289329528809,0.08660435676574707,1.440185308456421
9,17,27.869476795196533,-4227.09013671875,0.9702901840209961,0.5762659311294556,0.5706332921981812,0.03653750941157341,26.57738423347473,3.2080111503601074,1.2920739650726318,21.64459800720215,0.14412832260131836,0.08745169639587402,1.4258575439453125
9,18,28.19815158843994,-4125.673388671875,0.9655733704566956,0.5746942162513733,0.5885193347930908,0.029269937425851822,26.792571306228638,3.1923398971557617,1.4055633544921875,21.82775115966797,0.14608049392700195,0.08708500862121582,1.472024917602539
9,19,27.810771942138672,-4309.669287109375,0.9506692290306091,0.5869770646095276,0.5782111287117004,0.04182691127061844,26.46871328353882,3.2091689109802246,1.3420395851135254,21.521560430526733,0.14439034461975098,0.08811235427856445,1.4376945495605469
9,20,28.37064003944397,-4243.190576171875,0.9722995758056641,0.5561012625694275,0.581993818283081,0.041201233863830566,27.021995782852173,3.197849988937378,1.3486263751983643,22.084423780441284,0.14818811416625977,0.08803009986877441,1.435044288635254
9,21,28.95756220817566,-4304.595703125,0.975847601890564,0.5857183337211609,0.5525276064872742,0.04479924961924553,27.62675404548645,3.2058746814727783,1.3307890892028809,22.66430354118347,0.14561009407043457,0.08790373802185059,1.4541327953338623
9,22,29.10141921043396,-4205.49755859375,0.9602236151695251,0.575969934463501,0.5878545641899109,0.03083660826086998,27.724693775177002,3.197261095046997,1.3767073154449463,22.78450894355774,0.14185595512390137,0.08713388442993164,1.4454927444458008
9,23,28.846099853515625,-4137.33173828125,0.9771772623062134,0.5701462030410767,0.5785776376724243,0.02929280698299408,27.32999324798584,3.187652826309204,1.5160877704620361,22.431001663208008,0.1442713737487793,0.08787035942077637,1.4112732410430908
9,24,27.939110279083252,-4307.180517578125,0.9600957036018372,0.5543787479400635,0.5888115763664246,0.04233729839324951,26.571214199066162,3.24446439743042,1.3678765296936035,21.60990595817566,0.14469289779663086,0.08833098411560059,1.4156370162963867
9,25,27.31169843673706,-4346.615478515625,0.9592822194099426,0.58589768409729,0.5664293169975281,0.04568528011441231,25.831693410873413,3.17069149017334,1.479987382888794,20.92018699645996,0.14154529571533203,0.08725571632385254,1.4447288513183594
9,26,26.897119760513306,-4159.56611328125,0.9391659498214722,0.5705036520957947,0.6061522364616394,0.031217234209179878,25.556885957717896,3.190176010131836,1.3402163982391357,20.624106645584106,0.14611339569091797,0.08702898025512695,1.4427425861358643
9,27,27.510069847106934,-4131.673486328125,0.9648782014846802,0.5858473777770996,0.5731433629989624,0.028770508244633675,26.147531270980835,3.2029128074645996,1.3625171184539795,21.190537691116333,0.1434633731842041,0.08783292770385742,1.4544103145599365
9,28,28.57715630531311,-4117.897509765625,0.9553928375244141,0.6076958179473877,0.5664728879928589,0.02440967597067356,27.183329820632935,3.1603522300720215,1.3938064575195312,22.298872232437134,0.1452348232269287,0.08747124671936035,1.4232335090637207
9,29,28.34875226020813,-4370.620361328125,0.9799095988273621,0.5723909139633179,0.556806743144989,0.04662879928946495,26.897148847579956,3.1917903423309326,1.451585292816162,21.972978115081787,0.14387106895446777,0.08616232872009277,1.435455322265625
9,30,28.84215235710144,-4240.007763671875,0.9657118320465088,0.5740759372711182,0.5812166333198547,0.036778632551431656,27.545512199401855,3.2111244201660156,1.2966229915618896,22.565218210220337,0.14037823677062988,0.08815860748291016,1.4719767570495605
10,1,35.30514049530029,-10403.7212890625,0.9817224144935608,0.5572549700737,0.5627590417861938,0.053619083017110825,33.98980951309204,3.33626651763916,1.3153116703033447,28.937682390213013,0.1452341079711914,0.09003281593322754,1.4115638732910156
10,2,34.144726037979126,-10418.7046875,0.9806408286094666,0.5593967437744141,0.5598955154418945,0.054024435579776764,32.82314658164978,2.8533787727355957,1.3215577602386475,28.268189668655396,0.11443877220153809,0.08519220352172852,1.4580740928649902
10,3,35.255042552948,-10505.07109375,0.9795174598693848,0.5534119606018066,0.562176525592804,0.05685121566057205,33.85106110572815,3.342703342437744,1.4039585590362549,28.787972688674927,0.14329838752746582,0.08983230590820312,1.418494701385498
10,4,34.72810482978821,-10290.14931640625,0.9730063676834106,0.569205641746521,0.5644142627716064,0.04625172168016434,33.41188907623291,3.3112127780914307,1.3161969184875488,28.32970118522644,0.14271116256713867,0.08934330940246582,1.4699785709381104
10,5,35.54117965698242,-10521.158203125,0.9756333231925964,0.5626720786094666,0.5587828755378723,0.05586768686771393,34.131484508514404,3.350250720977783,1.4096765518188477,29.06795334815979,0.1458883285522461,0.08926987648010254,1.4083518981933594
10,6,35.634765625,-10294.540625,0.9863226413726807,0.553441047668457,0.5551087260246277,0.05377934128046036,34.237207651138306,3.3398454189300537,1.3975374698638916,29.152610063552856,0.1423652172088623,0.09112906455993652,1.4420454502105713
10,7,35.416083097457886,-10528.61005859375,0.9939583539962769,0.5471215844154358,0.5577628016471863,0.06280209124088287,34.01473307609558,3.34153413772583,1.4013307094573975,28.91961646080017,0.14089560508728027,0.08967137336730957,1.4561731815338135
10,8,34.64734148979187,-10525.5599609375,0.9806340336799622,0.559270977973938,0.5541294813156128,0.05750906094908714,33.28386116027832,3.329345464706421,1.3634593486785889,28.209346532821655,0.14658236503601074,0.08822274208068848,1.4429879188537598
10,9,35.22707176208496,-10472.28857421875,0.9807112216949463,0.5580832958221436,0.5537135004997253,0.058575380593538284,33.920297384262085,3.310894250869751,1.3067541122436523,28.910480737686157,0.1438922882080078,0.08799219131469727,1.4003758430480957
10,10,36.27857041358948,-10282.85634765625,0.9861476421356201,0.5665988922119141,0.5527545213699341,0.053318090736866,34.76193308830261,3.3397951126098633,1.5166170597076416,29.66568112373352,0.14468789100646973,0.08947014808654785,1.4539918899536133
10,11,34.16481685638428,-10453.7537109375,0.9817290902137756,0.5594077110290527,0.5502960681915283,0.05927269160747528,32.74229335784912,3.3410582542419434,1.4225008487701416,27.696238040924072,0.14273738861083984,0.08863592147827148,1.4052278995513916
10,12,34.74112582206726,-10513.83251953125,0.9854970574378967,0.5544885993003845,0.5559681057929993,0.05624636262655258,33.37255024909973,3.2995805740356445,1.3685550689697266,28.337942123413086,0.14443516731262207,0.08985304832458496,1.4336304664611816
10,13,35.86848497390747,-10384.67724609375,0.987472653388977,0.5589687824249268,0.5625614523887634,0.05216816067695618,34.48265719413757,3.323807954788208,1.3858063220977783,29.43526005744934,0.14470767974853516,0.08872056007385254,1.4226727485656738
10,14,35.8943989276886,-10292.5833984375,0.9815186858177185,0.5575528740882874,0.558838963508606,0.053393494337797165,34.434170722961426,3.32420015335083,1.4602077007293701,29.361464977264404,0.14432311058044434,0.08824777603149414,1.4474117755889893
10,15,34.039976358413696,-10393.87724609375,0.9647241830825806,0.570123553276062,0.5615864396095276,0.050143029540777206,32.54454469680786,3.3659961223602295,1.4954118728637695,27.44913077354431,0.14542317390441895,0.09082579612731934,1.4232332706451416
10,16,34.63902449607849,-10377.170703125,0.97758549451828,0.5555095076560974,0.5556865334510803,0.05425373092293739,33.26268792152405,3.3161377906799316,1.3763175010681152,28.219645261764526,0.14816594123840332,0.08938384056091309,1.4214437007904053
10,17,35.3881676197052,-10425.0875,0.9885874390602112,0.5631897449493408,0.5492085218429565,0.05784476175904274,33.95434021949768,3.3279428482055664,1.433809757232666,28.830892324447632,0.14677762985229492,0.08943796157836914,1.4900224208831787
10,18,34.59527230262756,-10531.741796875,0.9928995966911316,0.5479178428649902,0.5540069937705994,0.05948874354362488,33.20215702056885,3.3430895805358887,1.3930950164794922,28.132622003555298,0.14403820037841797,0.08921051025390625,1.4259939193725586
10,19,35.1436333656311,-10417.95361328125,0.9816190004348755,0.5603486895561218,0.5618157386779785,0.054716695100069046,33.81980347633362,3.31500244140625,1.3238065242767334,28.752070665359497,0.14601349830627441,0.09009027481079102,1.4474921226501465
10,20,36.28811311721802,-10414.20205078125,0.9942497611045837,0.5410705804824829,0.5422050952911377,0.058688685297966,34.975409746170044,3.317906141281128,1.3126826286315918,29.94090962409973,0.14325237274169922,0.08919906616210938,1.4169750213623047
10,21,35.932822704315186,-10494.4314453125,0.9707912802696228,0.5711877942085266,0.5593997240066528,0.05563334748148918,34.58787155151367,3.3657774925231934,1.344930648803711,29.493226528167725,0.14260220527648926,0.08972024917602539,1.4282081127166748
10,22,35.85657358169556,-10407.4642578125,0.9836133122444153,0.5579025745391846,0.5553990006446838,0.05527710169553757,34.56856870651245,3.3443164825439453,1.2879836559295654,29.270429134368896,0.14175748825073242,0.08959221839904785,1.6553962230682373
10,23,36.22343587875366,-10334.79404296875,0.983110249042511,0.5515967011451721,0.5616649389266968,0.05380306392908096,34.89082980155945,3.3305492401123047,1.3325872421264648,29.80139970779419,0.14384818077087402,0.08925580978393555,1.4579505920410156
10,24,35.03415513038635,-10311.80224609375,0.9934893250465393,0.5527170896530151,0.5518979430198669,0.054770585149526596,33.70202398300171,3.3536109924316406,1.332108497619629,28.62416124343872,0.14649415016174316,0.08933067321777344,1.4195425510406494
10,25,35.66913437843323,-10351.0939453125,0.9764679670333862,0.5647444725036621,0.564734935760498,0.051782067865133286,34.32686758041382,3.3314716815948486,1.3422470092773438,29.244768857955933,0.14280295372009277,0.08925652503967285,1.450976848602295
10,26,34.729217290878296,-10448.704296875,0.9913755655288696,0.5584449172019958,0.5518783330917358,0.060476791113615036,33.40167546272278,3.3317410945892334,1.3275210857391357,28.35513687133789,0.13963890075683594,0.08916568756103516,1.4178094863891602
10,27,35.42582821846008,-10410.4216796875,0.9802893996238708,0.5532292127609253,0.566863477230072,0.055590301752090454,33.94140577316284,3.327796697616577,1.4843971729278564,28.890640258789062,0.14481043815612793,0.08930850028991699,1.4213495254516602
10,28,36.126296043395996,-10280.18359375,0.9774691462516785,0.5682368278503418,0.5571672916412354,0.050905536860227585,34.629619121551514,3.344618082046509,1.4966566562652588,29.503885984420776,0.14209794998168945,0.08857464790344238,1.4821391105651855
10,29,36.300668478012085,-10356.8568359375,0.9967562556266785,0.5542817115783691,0.5449517965316772,0.05666632950305939,34.90330266952515,3.3677217960357666,1.3973443508148193,29.817723035812378,0.14642858505249023,0.09024381637573242,1.4115204811096191
10,30,36.18170523643494,-10534.86494140625,0.9805670380592346,0.5551372170448303,0.5579831600189209,0.05913360044360161,34.81939911842346,3.3378360271453857,1.3622846603393555,29.74462914466858,0.1459972858428955,0.08960890769958496,1.4336481094360352
11,1,45.24314212799072,-24989.128515625,0.9998999834060669,0.5444803833961487,0.5385171175003052,0.07278980314731598,43.843419313430786,3.476963520050049,1.399651288986206,38.56469941139221,0.14390969276428223,0.0911719799041748,1.4989924430847168
11,2,44.8908588886261,-25249.80234375,0.9884592890739441,0.5444680452346802,0.5433071255683899,0.06955897808074951,43.56069278717041,3.4994759559631348,1.33009672164917,38.337082386016846,0.14114856719970703,0.0913388729095459,1.42348313331604
11,3,46.248923540115356,-25008.23984375,0.9998999834060669,0.5443251729011536,0.5380938649177551,0.07260137796401978,44.82433462142944,3.4606754779815674,1.4245285987854004,39.55442523956299,0.14469480514526367,0.09150838851928711,1.5049684047698975
11,4,44.739322662353516,-25239.326953125,0.9966400265693665,0.5450575351715088,0.5439465641975403,0.07649041712284088,43.31924104690552,3.5345356464385986,1.420013427734375,38.040467739105225,0.13913536071777344,0.09184908866882324,1.4463539123535156
11,5,44.116170167922974,-24983.319140625,0.9998999834060669,0.5468841195106506,0.5412277579307556,0.07172197103500366,42.759334564208984,3.552233934402466,1.3567614555358887,37.45239472389221,0.14587903022766113,0.09215807914733887,1.4493670463562012
11,6,43.68452477455139,-25225.328125,0.9962095618247986,0.5391649007797241,0.5416144728660583,0.07208507508039474,42.32182955741882,3.468984842300415,1.362623691558838,37.08175015449524,0.14575695991516113,0.09189367294311523,1.4651660919189453
11,7,44.28899621963501,-25207.4203125,0.9966384768486023,0.5449631810188293,0.5436462759971619,0.07307391613721848,42.94517111778259,3.4771218299865723,1.3437652587890625,37.731112241744995,0.14518284797668457,0.09164857864379883,1.4324352741241455
11,8,45.60927152633667,-25166.836328125,0.9953886866569519,0.5527074933052063,0.5369088649749756,0.07153043150901794,44.209128856658936,3.4759483337402344,1.4000797271728516,39.009275913238525,0.1446974277496338,0.09202742576599121,1.41908597946167
11,9,44.15325975418091,-25188.85625,0.9915874600410461,0.5487806797027588,0.5410583019256592,0.07313133776187897,42.774275064468384,3.5097434520721436,1.3789138793945312,37.52007007598877,0.14847612380981445,0.09131288528442383,1.436586618423462
11,10,43.784693241119385,-25324.407421875,0.9996767044067383,0.5377967357635498,0.539228081703186,0.07751817256212234,42.45835041999817,2.9641807079315186,1.3262939453125,37.8193085193634,0.11427617073059082,0.08711457252502441,1.4303200244903564
11,11,44.226109981536865,-25132.2111328125,0.9998999834060669,0.5437971949577332,0.5369346141815186,0.07507011294364929,42.818336486816406,3.471527576446533,1.4077122211456299,37.621668577194214,0.14348816871643066,0.0917043685913086,1.4225800037384033
11,12,44.5675368309021,-25319.7759765625,0.9984995722770691,0.5406408905982971,0.5452024936676025,0.07556414604187012,43.230539321899414,3.4743080139160156,1.3369266986846924,38.009735345840454,0.14882659912109375,0.09158754348754883,1.4375
11,13,44.553102016448975,-25138.2845703125,0.9908844232559204,0.5385357141494751,0.5563623309135437,0.07087671756744385,43.093183517456055,3.489774703979492,1.4598441123962402,37.85726070404053,0.14329743385314941,0.09187126159667969,1.443436861038208
11,14,44.99923086166382,-25139.5228515625,0.9977965354919434,0.5460200309753418,0.5370270609855652,0.07244271039962769,43.63037729263306,3.529315948486328,1.368778944015503,38.3571240901947,0.14601588249206543,0.09265446662902832,1.436138391494751
11,15,44.59774971008301,-25273.70859375,0.9998999834060669,0.5441516041755676,0.5381263494491577,0.07841312140226364,43.24861526489258,3.478649377822876,1.3490636348724365,37.99195694923401,0.1469254493713379,0.09067606925964355,1.4723470211029053
11,16,44.66719913482666,-25150.8501953125,0.9964749813079834,0.5470842719078064,0.5417234897613525,0.07327935844659805,43.31747317314148,3.519523859024048,1.3496594429016113,38.05962014198303,0.14402103424072266,0.09328866004943848,1.4311490058898926
11,17,45.18802809715271,-25244.4005859375,0.9998999834060669,0.5422354936599731,0.5407839417457581,0.07555170357227325,43.79864740371704,3.536444664001465,1.3893182277679443,38.517449378967285,0.1437993049621582,0.09251809120178223,1.4390230178833008
11,18,44.480661153793335,-24897.65859375,0.9955565929412842,0.5455340147018433,0.5519825220108032,0.06844425201416016,43.082175493240356,3.4951844215393066,1.3984293937683105,37.819663286209106,0.1479625701904297,0.09170794486999512,1.4585626125335693
11,19,46.25153064727783,-25000.045703125,0.9998999834060669,0.5448403358459473,0.5426010489463806,0.07240510731935501,44.83798575401306,3.490041494369507,1.4134752750396729,39.557180404663086,0.14624691009521484,0.09111380577087402,1.4851007461547852
11,20,44.24995183944702,-25225.68515625,0.9968369603157043,0.5427112579345703,0.5428354740142822,0.07223357260227203,42.84790778160095,3.4660263061523438,1.4019718170166016,37.64870619773865,0.1485137939453125,0.09142160415649414,1.4256584644317627
11,21,46.31195831298828,-24998.2640625,0.9998999834060669,0.540844738483429,0.5418225526809692,0.07243546843528748,44.805612564086914,3.4777915477752686,1.5062758922576904,39.603190898895264,0.14454388618469238,0.09203910827636719,1.4197254180908203
11,22,46.24304986000061,-24895.066015625,0.9991389513015747,0.5496153235435486,0.5391523838043213,0.06835291534662247,44.94682598114014,3.5405139923095703,1.2961504459381104,39.67960286140442,0.14553284645080566,0.09093022346496582,1.4224367141723633
11,23,44.70306897163391,-25137.6984375,0.9936137795448303,0.5475037097930908,0.5467126965522766,0.07093433290719986,43.340319871902466,3.484731435775757,1.3626787662506104,38.11685347557068,0.1452939510345459,0.09111905097961426,1.4338757991790771
11,24,43.47222423553467,-25028.7201171875,0.9983401894569397,0.5423988103866577,0.5428974628448486,0.07108261436223984,42.115126609802246,3.4649455547332764,1.357029676437378,36.935734033584595,0.13982915878295898,0.09144330024719238,1.415632963180542
11,25,44.80996084213257,-25140.978515625,0.9998999834060669,0.5341482162475586,0.5496262907981873,0.07378848642110825,43.40034890174866,3.473085641860962,1.4095392227172852,38.19809341430664,0.14398813247680664,0.0912313461303711,1.4260950088500977
11,26,44.93081092834473,-25045.781640625,0.9952583909034729,0.5421087741851807,0.547760546207428,0.0716884508728981,43.56226134300232,3.456923723220825,1.368485450744629,38.328712701797485,0.144134521484375,0.09039831161499023,1.4735453128814697
11,27,42.85384678840637,-25254.967578125,0.992388904094696,0.5519487857818604,0.5413999557495117,0.07641039788722992,41.527512550354004,3.498161554336548,1.326267957687378,36.30720043182373,0.1455848217010498,0.09127044677734375,1.4178736209869385
11,28,45.36219382286072,-25075.86484375,0.9994926452636719,0.5442624688148499,0.5386444330215454,0.07123134285211563,44.0201210975647,3.499401330947876,1.34200119972229,38.767627477645874,0.1472015380859375,0.0928955078125,1.4438035488128662
11,29,45.218069553375244,-24942.640625,0.9998999834060669,0.5483449101448059,0.5374710559844971,0.07078004628419876,43.85431957244873,3.4588239192962646,1.363684892654419,38.661248207092285,0.1458442211151123,0.09100770950317383,1.4295485019683838
11,30,43.91861295700073,-25184.483203125,0.9992630481719971,0.5430463552474976,0.5420690178871155,0.07315969467163086,42.58464789390564,3.475815534591675,1.3338954448699951,37.39227890968323,0.14037537574768066,0.0917809009552002,1.4159436225891113
12,1,52.16076135635376,-57460.730859375,0.9998999834060669,0.5336639285087585,0.5317542552947998,0.08459305018186569,50.77076601982117,3.610126495361328,1.3899171352386475,45.387513160705566,0.1430351734161377,0.09278154373168945,1.4687657356262207
12,2,52.00506806373596,-59515.15,0.9998999834060669,0.536348283290863,0.534244179725647,0.08789466321468353,50.64717411994934,3.6087896823883057,1.3578581809997559,45.29650115966797,0.14348983764648438,0.09457731246948242,1.4362292289733887
12,3,53.0155394077301,-59410.285546875,0.9998999834060669,0.5365602374076843,0.5352258682250977,0.0862433910369873,51.59848761558533,3.6146130561828613,1.4170174598693848,46.2067666053772,0.14410614967346191,0.09533333778381348,1.4684650897979736
12,4,51.272279024124146,-59980.5296875,0.9998999834060669,0.5313196182250977,0.5391833782196045,0.08868145197629929,49.90468740463257,3.6262049674987793,1.3675572872161865,44.52772045135498,0.14409875869750977,0.09454798698425293,1.4439613819122314
12,5,52.268234729766846,-59752.725,0.9998999834060669,0.5355837345123291,0.5339242815971375,0.08799899369478226,50.64177393913269,3.618218421936035,1.6264276504516602,45.276612997055054,0.1456296443939209,0.09552621841430664,1.436903953552246
12,6,52.130918741226196,-59470.27421875,0.9998999834060669,0.5305934548377991,0.5345730185508728,0.08358768373727798,50.68136548995972,3.7023186683654785,1.4495213031768799,45.23377275466919,0.14243078231811523,0.09634971618652344,1.4366192817687988
12,7,53.20247030258179,-59671.36328125,0.9998999834060669,0.5395079851150513,0.5317988395690918,0.08864737302064896,51.82560706138611,3.6355690956115723,1.3768305778503418,46.42020320892334,0.14235496520996094,0.09438681602478027,1.4646728038787842
12,8,50.54455041885376,-59929.21171875,0.9998999834060669,0.5340893864631653,0.534250020980835,0.08942881226539612,49.21991276741028,3.6080479621887207,1.3246042728424072,43.8223090171814,0.14538216590881348,0.09411764144897461,1.482081413269043
12,9,52.557496786117554,-59584.9296875,0.9998999834060669,0.5334450006484985,0.5359579920768738,0.08885038644075394,51.17184019088745,3.6390438079833984,1.3856236934661865,45.71302008628845,0.14868903160095215,0.09605026245117188,1.5054922103881836
12,10,52.28732252120972,-59735.27265625,0.9998999834060669,0.5296154618263245,0.5379188656806946,0.08979106694459915,50.85545039176941,3.62534236907959,1.4318406581878662,45.48929286003113,0.14717411994934082,0.09517216682434082,1.429555892944336
12,11,52.639166831970215,-59772.840625,0.9998999834060669,0.5346253514289856,0.533315122127533,0.08757480978965759,51.241435050964355,3.7067878246307373,1.3976967334747314,45.69631028175354,0.14583563804626465,0.09603691101074219,1.5281462669372559
12,12,53.15513253211975,-59322.260546875,0.9998999834060669,0.5342128276824951,0.533855140209198,0.0834493488073349,51.766947984695435,3.6286427974700928,1.3881490230560303,46.34583520889282,0.14394783973693848,0.0945899486541748,1.4848058223724365
12,13,50.98630166053772,-59554.3,0.9998999834060669,0.5354682207107544,0.5370407104492188,0.08626893162727356,49.514434814453125,3.1754138469696045,1.4718291759490967,44.519410610198975,0.11709189414978027,0.0920717716217041,1.56502103805542
12,14,53.164180755615234,-59620.87578125,0.9998999834060669,0.5371088981628418,0.5331610441207886,0.08701467514038086,51.707494497299194,3.650150775909424,1.4566504955291748,46.26309084892273,0.14701628684997559,0.0956106185913086,1.4828097820281982
12,15,53.09077858924866,-59412.84609375,0.9998999834060669,0.5323531031608582,0.5371813774108887,0.08684250712394714,51.7054660320282,3.6329610347747803,1.3852770328521729,46.3174250125885,0.14731287956237793,0.09476399421691895,1.444711685180664
12,16,51.898435831069946,-59831.165625,0.9998999834060669,0.5349342823028564,0.5311806797981262,0.08927123993635178,50.55154609680176,3.631932258605957,1.3468570709228516,45.171703815460205,0.14456796646118164,0.09475517272949219,1.4401543140411377
12,17,52.39737844467163,-59335.82890625,0.9998999834060669,0.5338990688323975,0.5369886159896851,0.08404521644115448,51.02660512924194,3.6555635929107666,1.3707396984100342,45.63660979270935,0.14391303062438965,0.09491300582885742,1.4269773960113525
12,18,52.923640727996826,-59646.2109375,0.9998999834060669,0.5350024700164795,0.5366652607917786,0.08529957383871078,51.44699263572693,3.6763298511505127,1.4766123294830322,46.02716636657715,0.14629650115966797,0.09486126899719238,1.433279275894165
12,19,52.388254165649414,-59720.668359375,0.9998999834060669,0.5383353233337402,0.5304000377655029,0.08737605810165405,50.91399431228638,3.689328908920288,1.4742262363433838,45.415555000305176,0.14300155639648438,0.09520363807678223,1.5026984214782715
12,20,53.26536512374878,-59800.26796875,0.9998999834060669,0.5345529913902283,0.5357668995857239,0.09193091094493866,51.8311824798584,3.6456823348999023,1.4341468811035156,46.441404819488525,0.14551258087158203,0.09614872932434082,1.4323320388793945
12,21,51.82520365715027,-59753.650390625,0.9998999834060669,0.534320056438446,0.5351918339729309,0.08669110387563705,50.36677837371826,3.631399393081665,1.4583897590637207,44.98049807548523,0.14620518684387207,0.0945134162902832,1.4456260204315186
12,22,52.01575756072998,-59500.11640625,0.9998999834060669,0.5356936454772949,0.5330473184585571,0.08789188414812088,50.670198917388916,3.6258175373077393,1.3455259799957275,45.30863165855408,0.14431405067443848,0.09531784057617188,1.426616907119751
12,23,52.69295597076416,-59878.120703125,0.9998999834060669,0.5364333391189575,0.5317803621292114,0.08801917731761932,51.34046816825867,3.7044949531555176,1.3524539470672607,45.89249777793884,0.1486341953277588,0.09495091438293457,1.4321417808532715
12,24,52.891218185424805,-59564.6984375,0.9998999834060669,0.5347906351089478,0.535771369934082,0.08556357026100159,51.40949296951294,3.642946481704712,1.4816925525665283,46.004923820495605,0.1446523666381836,0.09476590156555176,1.4541022777557373
12,25,51.46669673919678,-59950.9828125,0.9998999834060669,0.5371061563491821,0.5337528586387634,0.08757656812667847,50.0567581653595,3.6489813327789307,1.409902811050415,44.648449659347534,0.1430225372314453,0.09543561935424805,1.4517936706542969
12,26,53.40860390663147,-59878.93125,0.9998999834060669,0.5337389707565308,0.5302923321723938,0.090007483959198,51.99739599227905,3.656954765319824,1.411172866821289,46.56761145591736,0.14290833473205566,0.09505009651184082,1.4671127796173096
12,27,50.267125368118286,-60014.015234375,0.9998999834060669,0.5356787443161011,0.5299271941184998,0.08961845189332962,48.863847970962524,3.1346182823181152,1.4032433032989502,44.04522895812988,0.11469173431396484,0.09087800979614258,1.43459153175354
12,28,51.91623663902283,-59477.4640625,0.9998999834060669,0.5344708561897278,0.543814480304718,0.08723419159650803,50.528728008270264,3.358001232147217,1.3874690532684326,45.461385011672974,0.11857795715332031,0.09357285499572754,1.4508099555969238
12,29,52.54406237602234,-59523.854296875,0.9998999834060669,0.5358853936195374,0.5356422066688538,0.08647548407316208,51.15811896324158,3.7690083980560303,1.385906457901001,45.647526264190674,0.14830732345581055,0.09665322303771973,1.4271907806396484
12,30,52.62989091873169,-59752.46015625,0.9998999834060669,0.5327884554862976,0.5361509323120117,0.08737330138683319,51.236130714416504,3.6470742225646973,1.3937253952026367,45.86236262321472,0.1418900489807129,0.0940554141998291,1.4231493473052979
13,1,66.52154874801636,-140112.46875,0.9998999834060669,0.5286480784416199,0.5328463315963745,0.1000848338007927,65.02284598350525,3.89302396774292,1.498610496520996,59.22362518310547,0.14670252799987793,0.10536074638366699,1.584092617034912
13,2,67.71668529510498,-139264.5125,0.9998999834060669,0.5269288420677185,0.5264919996261597,0.09502577781677246,66.15290808677673,3.8148093223571777,1.563692569732666,60.44462585449219,0.1423170566558838,0.10014152526855469,1.5816552639007568
13,3,68.56119537353516,-140050.3890625,0.9998999834060669,0.5276732444763184,0.5293536186218262,0.0981130599975586,66.99209809303284,3.804591178894043,1.5689942836761475,61.320598125457764,0.14620399475097656,0.10341405868530273,1.5476322174072266
13,4,68.24270534515381,-139562.55625,0.9998999834060669,0.5287389159202576,0.5275945663452148,0.09682441502809525,66.76590919494629,3.7661898136138916,1.4766910076141357,61.16422724723816,0.14426088333129883,0.09990191459655762,1.5233681201934814
13,5,67.68820190429688,-140585.8734375,0.9998999834060669,0.5276135802268982,0.5274564027786255,0.10156281292438507,66.19657588005066,3.6326889991760254,1.491546869277954,60.73358678817749,0.13349342346191406,0.0991363525390625,1.537109613418579
13,6,67.9820909500122,-140365.9203125,0.9998999834060669,0.5262119174003601,0.5284023284912109,0.1011718213558197,66.09370255470276,3.826394557952881,1.888291835784912,60.374573707580566,0.14313912391662598,0.1045694351196289,1.575223445892334
13,7,68.44568800926208,-140160.39375,0.9998999834060669,0.5280608534812927,0.5274186134338379,0.10146772861480713,66.91850233078003,3.746798038482666,1.527090072631836,61.33192801475525,0.14069199562072754,0.10073304176330566,1.5306317806243896
13,8,68.9037299156189,-139852.73125,0.9998999834060669,0.5291221141815186,0.5274611115455627,0.10164670646190643,67.4161286354065,3.7805919647216797,1.487511396408081,61.72511672973633,0.14376235008239746,0.10398292541503906,1.5933780670166016
13,9,68.25163793563843,-139702.396875,0.9998999834060669,0.5292524099349976,0.5290892720222473,0.09838339686393738,66.73187971115112,3.771138906478882,1.51967191696167,61.05865240097046,0.14206480979919434,0.10143017768859863,1.5907089710235596
13,10,67.69981741905212,-139407.290625,0.9998999834060669,0.5297620296478271,0.5285741686820984,0.09855290502309799,66.19925713539124,3.7911465167999268,1.5004658699035645,60.56061053276062,0.14577817916870117,0.10244870185852051,1.5302720069885254
13,11,73.04652333259583,-139449.7421875,0.9998999834060669,0.5276539325714111,0.5316212177276611,0.09721669554710388,67.13673448562622,3.800177574157715,5.909695148468018,61.46315145492554,0.14630699157714844,0.10528111457824707,1.549807071685791
13,12,71.05929780006409,-140002.828125,0.9998999834060669,0.5290536880493164,0.5267410278320312,0.09985686838626862,69.50786209106445,3.7926883697509766,1.5513389110565186,63.82727789878845,0.14481496810913086,0.10469722747802734,1.5689928531646729
13,13,68.53542160987854,-139873.03125,0.9998999834060669,0.5291987061500549,0.5265762805938721,0.0988071858882904,66.98854541778564,3.809007406234741,1.546785831451416,61.30011534690857,0.148392915725708,0.10523080825805664,1.554323434829712
13,14,68.28194236755371,-140054.5875,0.9998999834060669,0.529570996761322,0.5300909876823425,0.10022331774234772,66.45981574058533,3.777078866958618,1.8220369815826416,60.754233598709106,0.14300274848937988,0.1008615493774414,1.6163380146026611
13,15,68.3817389011383,-140037.66875,0.9998999834060669,0.5276582837104797,0.5282185077667236,0.09928375482559204,66.8651909828186,3.8041648864746094,1.5164556503295898,61.14623785018921,0.14206457138061523,0.10469627380371094,1.5984420776367188
13,16,68.41166830062866,-139521.1828125,0.9998999834060669,0.5297521948814392,0.5301433801651001,0.09865965694189072,66.8317015171051,3.715050458908081,1.5798873901367188,61.254655599594116,0.13587331771850586,0.10434770584106445,1.5589063167572021
13,17,67.48194932937622,-139713.275,0.9998999834060669,0.5276923179626465,0.5307718515396118,0.09968706965446472,65.99839115142822,3.7610275745391846,1.4834606647491455,60.34032583236694,0.14153122901916504,0.1013634204864502,1.5854828357696533
13,18,67.40447497367859,-139741.0875,0.9998999834060669,0.5309240221977234,0.5304864645004272,0.10021867603063583,65.93031859397888,3.7901854515075684,1.4740569591522217,60.25364017486572,0.1456902027130127,0.10087156295776367,1.5720441341400146
13,19,69.53947591781616,-139814.7640625,0.9998999834060669,0.5277462005615234,0.52835613489151,0.0998963788151741,68.00537776947021,3.7338054180145264,1.5339970588684082,62.39816379547119,0.14283537864685059,0.10219287872314453,1.5604526996612549
13,20,67.459308385849,-140249.1484375,0.9998999834060669,0.5275307893753052,0.5288761258125305,0.0998619869351387,65.90831327438354,3.7907321453094482,1.5508921146392822,60.175981283187866,0.14545726776123047,0.10362410545349121,1.622154951095581
13,21,68.59295845031738,-139492.528125,0.9998999834060669,0.5292071104049683,0.5275733470916748,0.09916325658559799,67.06044363975525,3.780285596847534,1.5324280261993408,61.4222297668457,0.14409661293029785,0.10374975204467773,1.5407888889312744
13,22,67.59490537643433,-140832.1953125,0.9998999834060669,0.5275625586509705,0.5298931002616882,0.10433290153741837,66.05013084411621,3.7662787437438965,1.5446820259094238,60.41390013694763,0.14348745346069336,0.10360026359558105,1.5534982681274414
13,23,67.66328883171082,-139934.5109375,0.9998999834060669,0.5278906226158142,0.5289467573165894,0.09959828853607178,66.1230239868164,3.783379077911377,1.5401639938354492,60.432307958602905,0.14349579811096191,0.10412716865539551,1.5907337665557861
13,24,67.3724672794342,-140624.5890625,0.9998999834060669,0.5252354741096497,0.5281788110733032,0.10008896887302399,65.88584160804749,3.786303758621216,1.486525058746338,60.21343421936035,0.1430823802947998,0.10369586944580078,1.5699849128723145
13,25,67.24682307243347,-140475.1046875,0.9998999834060669,0.5281237959861755,0.5286701321601868,0.09973415732383728,65.75801753997803,3.8070530891418457,1.488706350326538,60.06934952735901,0.1443779468536377,0.10381317138671875,1.5625512599945068
13,26,67.30948519706726,-139987.9140625,0.9998999834060669,0.5309743881225586,0.5272870063781738,0.1010497584939003,65.8338360786438,3.8181967735290527,1.4755523204803467,60.10538053512573,0.14682579040527344,0.10453510284423828,1.5890212059020996
13,27,68.10915017127991,-140337.3578125,0.9998999834060669,0.5285428762435913,0.5276564359664917,0.10324696451425552,66.58033227920532,3.7935938835144043,1.5287201404571533,60.8726646900177,0.1450328826904297,0.10386061668395996,1.5966827869415283
13,28,68.0231556892395,-140216.5703125,0.9998999834060669,0.5269660353660583,0.5273052453994751,0.09868775308132172,66.45256066322327,3.786425828933716,1.570495843887329,60.780689001083374,0.14756083488464355,0.10397219657897949,1.5637171268463135
13,29,67.07627129554749,-140403.853125,0.9998999834060669,0.5331586599349976,0.5276943445205688,0.10181067883968353,65.18023324012756,3.7715272903442383,1.895939826965332,59.48668313026428,0.14395880699157715,0.10454630851745605,1.6057348251342773
13,30,68.10279059410095,-139829.821875,0.9998999834060669,0.5286185145378113,0.5291779041290283,0.09866669028997421,66.63168716430664,3.784700632095337,1.4710040092468262,60.967788219451904,0.14583706855773926,0.10467648506164551,1.5592880249023438
14,1,87.7891321182251,-326594.7875,0.9998999834060669,0.5244700908660889,0.5226761102676392,0.11228197813034058,86.0748815536499,3.9907567501068115,1.7141151428222656,80.1667697429657,0.14490365982055664,0.12414813041687012,1.5772907733917236
14,2,91.59913420677185,-325268.284375,0.9998999834060669,0.5232454538345337,0.5222458243370056,0.10929867625236511,89.8640353679657,3.938873529434204,1.7349622249603271,84.05235505104065,0.14156484603881836,0.12197136878967285,1.539555311203003
14,3,87.76476526260376,-326784.471875,0.9998999834060669,0.5227972269058228,0.5243275165557861,0.11166846007108688,85.76854491233826,3.9344356060028076,1.9960882663726807,79.96191763877869,0.1403486728668213,0.1197211742401123,1.543154239654541
14,4,88.09774589538574,-326342.846875,0.9998999834060669,0.5237237811088562,0.5208193063735962,0.11045132577419281,86.37965822219849,3.9533543586730957,1.717961072921753,80.55030655860901,0.14829301834106445,0.12407064437866211,1.532407522201538
14,5,88.62670755386353,-324662.553125,0.9998999834060669,0.5256021618843079,0.5263174772262573,0.1108405739068985,86.80308294296265,4.042631149291992,1.8234875202178955,80.83774590492249,0.14766860008239746,0.12767720222473145,1.5754358768463135
14,6,88.21365070343018,-326798.6125,0.9998999834060669,0.5199658274650574,0.5229030847549438,0.10959365218877792,86.5367751121521,3.9924983978271484,1.6767406463623047,80.6283950805664,0.14052939414978027,0.1188194751739502,1.5862421989440918
14,7,89.03317332267761,-326333.8,0.9998999834060669,0.5218288898468018,0.5219730138778687,0.11196096241474152,87.34867119789124,3.973088502883911,1.684363603591919,81.53619384765625,0.1436145305633545,0.12569093704223633,1.499718427658081
14,8,86.10772562026978,-326176.39375,0.9998999834060669,0.5229126811027527,0.5215263366699219,0.11058998852968216,84.33733677864075,3.5270795822143555,1.7702765464782715,78.99723744392395,0.11587357521057129,0.12253046035766602,1.528864860534668
14,9,88.45460391044617,-325955.45,0.9998999834060669,0.5242227911949158,0.5216196179389954,0.11117665469646454,86.70938158035278,3.9698877334594727,1.7450883388519287,80.89829659461975,0.14350342750549316,0.1258089542388916,1.500352144241333
14,10,88.27949666976929,-325129.315625,0.9998999834060669,0.5229542255401611,0.5234899520874023,0.10873251408338547,86.4688355922699,3.962029457092285,1.8105361461639404,80.60270857810974,0.1437854766845703,0.12519216537475586,1.564734935760498
14,11,88.7654824256897,-325484.66875,0.9998999834060669,0.5216954350471497,0.5243484377861023,0.10951657593250275,86.9140853881836,3.966477394104004,1.8512561321258545,81.08846688270569,0.14367198944091797,0.12534666061401367,1.5179393291473389
14,12,88.50399518013,-325080.503125,0.9998999834060669,0.5207588076591492,0.5242317914962769,0.10923140496015549,86.80095505714417,3.9418911933898926,1.7029187679290771,80.98921513557434,0.14352869987487793,0.12359380722045898,1.53236722946167
14,13,91.55768656730652,-325273.1125,0.9998999834060669,0.5243083834648132,0.5214928984642029,0.10760730504989624,89.85823702812195,3.962204933166504,1.6993117332458496,84.03987669944763,0.14613103866577148,0.12549424171447754,1.5132429599761963
14,14,89.03643536567688,-325938.415625,0.9998999834060669,0.5236926674842834,0.521998405456543,0.11069825291633606,87.28205227851868,3.9631738662719727,1.7542388439178467,81.45641899108887,0.1462550163269043,0.1245737075805664,1.5199849605560303
14,15,88.5053961277008,-325897.0625,0.9998999834060669,0.5198745131492615,0.5205799341201782,0.10774282366037369,86.72707271575928,3.9339096546173096,1.7781744003295898,80.87717175483704,0.14807605743408203,0.12357592582702637,1.5742285251617432
14,16,88.251948595047,-325785.68125,0.9998999834060669,0.5209094882011414,0.5219302177429199,0.11129453778266907,86.51149082183838,4.058582544326782,1.740323543548584,80.57366442680359,0.14779210090637207,0.12586259841918945,1.5359201431274414
14,17,86.75598120689392,-326650.9125,0.9998999834060669,0.5226243138313293,0.5214711427688599,0.11070278286933899,84.99022054672241,4.044132232666016,1.765620231628418,79.11280179023743,0.14351272583007812,0.12606048583984375,1.4919438362121582
14,18,88.88127660751343,-324740.125,0.9998999834060669,0.5227755904197693,0.5236974954605103,0.1092056855559349,87.17429518699646,3.9796905517578125,1.7068402767181396,81.35799860954285,0.1439685821533203,0.12649083137512207,1.4946160316467285
14,19,87.87633275985718,-325405.175,0.9998999834060669,0.5230535268783569,0.52278071641922,0.11097730696201324,86.09967756271362,3.847917079925537,1.7765376567840576,80.35174441337585,0.1306297779083252,0.12155628204345703,1.5891714096069336
14,20,86.9667239189148,-325921.465625,0.9998999834060669,0.5222769975662231,0.5221483707427979,0.10959426313638687,85.1119818687439,3.9519007205963135,1.8546156883239746,79.29742980003357,0.1462705135345459,0.1240091323852539,1.5227389335632324
14,21,87.52856969833374,-325718.4125,0.9998999834060669,0.5241225361824036,0.5220780372619629,0.10996705293655396,85.63335824012756,3.9842593669891357,1.8950772285461426,79.78630566596985,0.14408159255981445,0.12417817115783691,1.5244240760803223
14,22,89.148353099823,-325659.73125,0.9998999834060669,0.5230388045310974,0.5208590030670166,0.10909414291381836,87.42541432380676,3.9732606410980225,1.7227904796600342,81.59045743942261,0.1452019214630127,0.12398242950439453,1.522819995880127
14,23,88.59531569480896,-325902.18125,0.9998999834060669,0.5214110016822815,0.5234054327011108,0.11019601672887802,86.76149344444275,3.98099946975708,1.8336834907531738,80.94259428977966,0.14281916618347168,0.12398552894592285,1.500551462173462
14,24,88.5055136680603,-324967.9375,0.9998999834060669,0.5239934921264648,0.5223820209503174,0.11010963469743729,86.75272870063782,3.970331907272339,1.752645492553711,80.95155835151672,0.1417069435119629,0.12196135520935059,1.4979324340820312
14,25,88.3280463218689,-325674.784375,0.9998999834060669,0.523989737033844,0.5219531059265137,0.10974018275737762,86.52838349342346,3.9274208545684814,1.7995178699493408,80.77393078804016,0.14328742027282715,0.11836886405944824,1.4964139461517334
14,26,89.12274622917175,-325899.79375,0.9998999834060669,0.5229355096817017,0.521349310874939,0.11035442352294922,87.42534470558167,3.9882307052612305,1.697265625,81.57428121566772,0.14370465278625488,0.12558794021606445,1.523625135421753
14,27,88.13548350334167,-325782.175,0.9998999834060669,0.5230711102485657,0.5226564407348633,0.1100427657365799,86.4512460231781,4.045547008514404,1.6841051578521729,80.52415466308594,0.14760994911193848,0.12476801872253418,1.5387353897094727
14,28,87.91806244850159,-325991.246875,0.9998999834060669,0.5241961479187012,0.5215228199958801,0.1097758486866951,86.17484760284424,3.936893939971924,1.7430822849273682,80.40699911117554,0.14422869682312012,0.12061429023742676,1.4972808361053467
14,29,88.38560390472412,-325952.125,0.9998999834060669,0.5235415101051331,0.5227811932563782,0.10967428237199783,86.66983485221863,3.9549684524536133,1.715630054473877,80.88902997970581,0.14245390892028809,0.12287378311157227,1.4899654388427734
14,30,89.88720297813416,-326181.3,0.9998999834060669,0.5228990316390991,0.5231117010116577,0.11082124710083008,88.2102746963501,3.9444587230682373,1.6767935752868652,82.43047547340393,0.1469862461090088,0.12424945831298828,1.4941537380218506
15,1,222.7957203388214,-754880.50625,0.9998999834060669,0.5173097848892212,0.5172606110572815,0.12121038883924484,141.49474549293518,6.779972791671753,81.30081629753113,108.64566087722778,0.57275390625,0.30740976333618164,25.138815879821777
15,2,118.4565498828888,-754007.48125,0.9998999834060669,0.5170321464538574,0.5185815095901489,0.12003948539495468,115.29102540016174,3.860867977142334,3.165374279022217,108.21175193786621,0.15608572959899902,0.14707422256469727,2.845867872238159
15,3,117.81869268417358,-754897.0375,0.9998999834060669,0.5159944295883179,0.5173623561859131,0.12087356299161911,114.18626427650452,3.7004356384277344,3.6322391033172607,107.72570514678955,0.13608002662658691,0.15094780921936035,2.422055244445801
15,4,119.27022099494934,-754554.95,0.9998999834060669,0.5166146755218506,0.5165802836418152,0.11995350569486618,116.29633951187134,3.6772983074188232,2.9737305641174316,107.53672051429749,0.13405609130859375,0.15685510635375977,4.740809440612793
15,5,116.33478832244873,-754053.89375,0.9998999834060669,0.5176824331283569,0.5168103575706482,0.1209915429353714,113.16402554512024,3.6559503078460693,3.170585870742798,107.38338851928711,0.13143062591552734,0.14531469345092773,1.798731803894043
15,6,119.73581957817078,-754666.25625,0.9998999834060669,0.5181607604026794,0.5168654918670654,0.1206851601600647,114.97208261489868,3.668926954269409,4.763584613800049,108.72255563735962,0.1354811191558838,0.14945673942565918,2.2460498809814453
15,7,116.14675736427307,-755344.0,0.9998999834060669,0.51705002784729,0.5171877145767212,0.12129910290241241,113.30352449417114,3.653879165649414,2.84305477142334,106.9111270904541,0.13040733337402344,0.1456155776977539,2.413604497909546
15,8,120.56189799308777,-752801.14375,0.9998999834060669,0.5178703665733337,0.5178497433662415,0.1194891631603241,116.2824034690857,3.711028575897217,4.279321908950806,109.93426418304443,0.13388347625732422,0.1611170768737793,2.2911136150360107
15,9,115.5639660358429,-755465.2125,0.9998999834060669,0.5177650451660156,0.5161455869674683,0.12017780542373657,113.38310432434082,3.6825172901153564,2.180713415145874,107.76077723503113,0.1339879035949707,0.1491544246673584,1.6060314178466797
15,10,116.49361824989319,-753962.1,0.9998999834060669,0.5173182487487793,0.5177503228187561,0.12018875032663345,114.29229784011841,3.6826887130737305,2.201169490814209,108.6880054473877,0.13323760032653809,0.15167760848999023,1.5857079029083252
15,11,116.9103045463562,-753480.3875,0.9998999834060669,0.5160706639289856,0.5160454511642456,0.11898370832204819,114.66553497314453,3.6824121475219727,2.244582176208496,109.05136752128601,0.13300013542175293,0.15603113174438477,1.5928797721862793
15,12,116.62208271026611,-753003.7,0.9998999834060669,0.5172180533409119,0.5174422264099121,0.11947056651115417,114.35454368591309,3.689570426940918,2.267357349395752,108.76552033424377,0.13301563262939453,0.1508948802947998,1.5654070377349854
15,13,117.35100960731506,-752964.45,0.9998999834060669,0.5171661376953125,0.5175043344497681,0.12042536586523056,115.13354468345642,3.7595040798187256,2.2172727584838867,109.44002199172974,0.1378626823425293,0.15800142288208008,1.5857741832733154
15,14,116.7499041557312,-753938.1875,0.9998999834060669,0.5177096724510193,0.5166377425193787,0.12044575065374374,114.42236757278442,3.873950719833374,2.3273801803588867,108.59884214401245,0.1352677345275879,0.15124130249023438,1.6114554405212402
15,15,116.43984603881836,-753848.3875,0.9998999834060669,0.5169797539710999,0.5172421932220459,0.11991825699806213,114.11570501327515,3.771791458129883,2.323961019515991,108.4118103981018,0.13433122634887695,0.15217256546020508,1.594472885131836
15,16,116.53215980529785,-752651.64375,0.9998999834060669,0.5166434645652771,0.517143726348877,0.11925313621759415,114.15201354026794,3.6771955490112305,2.3799619674682617,108.56746435165405,0.1324758529663086,0.14995694160461426,1.5749108791351318
15,17,116.42938613891602,-754363.34375,0.9998999834060669,0.5170413255691528,0.5175689458847046,0.12112246453762054,114.29813933372498,3.9765398502349854,2.131061553955078,108.35271310806274,0.15621089935302734,0.1519637107849121,1.5881354808807373
15,18,115.78781795501709,-754198.6625,0.9998999834060669,0.5172433257102966,0.5178396105766296,0.12055238336324692,113.64087700843811,3.679250717163086,2.146763324737549,108.0723147392273,0.13194727897644043,0.15594029426574707,1.552232027053833
15,19,117.18916082382202,-754310.99375,0.9998999834060669,0.5172408223152161,0.515960693359375,0.11979851871728897,115.02640843391418,3.6960182189941406,2.1626017093658447,109.41634392738342,0.13476824760437012,0.15117287635803223,1.5770537853240967
15,20,114.79568839073181,-754036.63125,0.9998999834060669,0.5185513496398926,0.5169276595115662,0.12042908370494843,112.65418934822083,3.707258462905884,2.141345262527466,107.05813837051392,0.13213562965393066,0.15073418617248535,1.5568103790283203
15,21,117.11251044273376,-753826.175,0.9998999834060669,0.5165634751319885,0.5184593200683594,0.12090299278497696,114.95731854438782,3.675217628479004,2.1550393104553223,109.40298891067505,0.13251495361328125,0.14598441123962402,1.5508403778076172
15,22,116.82087421417236,-753326.1875,0.9998999834060669,0.5167878270149231,0.5195671319961548,0.12092160433530807,114.71479892730713,3.66945743560791,2.1059117317199707,109.16767144203186,0.13189220428466797,0.1468358039855957,1.5496876239776611
15,23,117.11248278617859,-753918.45,0.9998999834060669,0.5169343948364258,0.5182781219482422,0.11996637284755707,114.9746446609497,3.7522132396698,2.137660026550293,109.30572581291199,0.13631057739257812,0.1549968719482422,1.573256492614746
15,24,116.36818838119507,-755012.33125,0.9998999834060669,0.517528772354126,0.5174894332885742,0.12066971510648727,114.21954607963562,3.6638593673706055,2.1484851837158203,108.665762424469,0.13383102416992188,0.14685297012329102,1.5598220825195312
15,25,116.20572590827942,-753710.08125,0.9998999834060669,0.5170806646347046,0.518171489238739,0.1209496483206749,114.02836084365845,3.7195725440979004,2.1771798133850098,108.40680599212646,0.13457179069519043,0.15289878845214844,1.5638253688812256
15,26,116.26680159568787,-754538.59375,0.9998999834060669,0.5172200798988342,0.5177916288375854,0.12049312889575958,114.03748655319214,3.6874513626098633,2.2291667461395264,108.44900941848755,0.13369536399841309,0.1547400951385498,1.5617406368255615
15,27,115.65938687324524,-754608.94375,0.9998999834060669,0.51775723695755,0.5183719396591187,0.12072159349918365,113.50884079933167,3.6542601585388184,2.150395631790161,107.96034622192383,0.13617181777954102,0.14559721946716309,1.5623774528503418
15,28,116.36555600166321,-753925.1375,0.9998999834060669,0.5164071917533875,0.5170072913169861,0.11968781799077988,114.24935054779053,3.6641013622283936,2.1160311698913574,108.70717358589172,0.13202524185180664,0.14438939094543457,1.5526278018951416
15,29,116.13175916671753,-754287.9375,0.9998999834060669,0.5188689827919006,0.5196478962898254,0.12208036333322525,113.97005295753479,3.662720203399658,2.1615617275238037,108.42790937423706,0.13249468803405762,0.14605450630187988,1.5513877868652344
15,30,116.32544922828674,-754413.3375,0.9998999834060669,0.5181094408035278,0.516017735004425,0.12007520347833633,114.20161628723145,3.729926586151123,2.12365460395813,108.57130098342896,0.13526082038879395,0.15017247200012207,1.5641131401062012
16,1,143.71355485916138,-1738653.5625,0.9998999834060669,0.5128860473632812,0.5111069083213806,0.1308121532201767,140.4519214630127,4.290624618530273,3.2612483501434326,134.3241913318634,0.14151287078857422,0.17377877235412598,1.4498343467712402
16,2,144.09532761573792,-1737764.4375,0.9998999834060669,0.5128172636032104,0.5118753910064697,0.13040949404239655,140.78730988502502,4.253796100616455,3.30761981010437,134.46366834640503,0.14493370056152344,0.17156219482421875,1.6816277503967285
16,3,143.78601336479187,-1735465.975,0.9998999834060669,0.5124646425247192,0.5118643045425415,0.12958793342113495,140.4483184814453,4.280885457992554,3.33729887008667,134.09466743469238,0.14702939987182617,0.1712946891784668,1.682676076889038
16,4,145.07624411582947,-1736850.5875,0.9998999834060669,0.5122378468513489,0.51198410987854,0.13025791943073273,141.7875566482544,4.253282308578491,3.2882907390594482,135.69040846824646,0.14014649391174316,0.18686270713806152,1.4443891048431396
16,5,144.24319434165955,-1739438.5625,0.9998999834060669,0.5122330188751221,0.5113387107849121,0.130427286028862,140.859845161438,4.284373998641968,3.382969617843628,134.74264097213745,0.14675164222717285,0.1715555191040039,1.4431583881378174
16,6,142.8097333908081,-1738306.4875,0.9998999834060669,0.5124191045761108,0.5116806030273438,0.13089393079280853,139.54869198799133,3.9351892471313477,3.260676860809326,133.56105375289917,0.1277635097503662,0.1858384609222412,1.68174147605896
16,7,142.8686716556549,-1738419.0,0.9998999834060669,0.5108889937400818,0.5139523148536682,0.13061808049678802,139.5788929462433,4.249762773513794,3.2894086837768555,133.27293872833252,0.14708995819091797,0.16575050354003906,1.672954797744751
16,8,145.69600009918213,-1736766.35,0.9998999834060669,0.5106371641159058,0.5115178823471069,0.1295275092124939,142.38369607925415,4.25350022315979,3.3119122982025146,136.0489959716797,0.1471269130706787,0.17195391654968262,1.6908690929412842
16,9,145.96836519241333,-1735257.625,0.9998999834060669,0.5118719935417175,0.5130985379219055,0.12997937202453613,142.68692684173584,4.300266265869141,3.2810463905334473,136.31396651268005,0.14432668685913086,0.1710357666015625,1.6854631900787354
16,10,144.12757277488708,-1735838.025,0.9998999834060669,0.5129287838935852,0.5117155909538269,0.13029251992702484,140.80433917045593,4.250228643417358,3.3228394985198975,134.474600315094,0.1449580192565918,0.1715559959411621,1.6911778450012207
16,11,143.57586002349854,-1736833.65,0.9998999834060669,0.512033224105835,0.5119225978851318,0.1299542337656021,140.25617218017578,4.2501842975616455,3.3193013668060303,133.94595432281494,0.14244508743286133,0.16875171661376953,1.6772825717926025
16,12,144.29095482826233,-1736547.75,0.9998999834060669,0.5125325918197632,0.511921763420105,0.13046380877494812,140.94656682014465,4.245623588562012,3.3440051078796387,134.59045267105103,0.14564204216003418,0.20191621780395508,1.690913438796997
16,13,143.86426854133606,-1738187.2125,0.9998999834060669,0.5118465423583984,0.51263028383255,0.13053394854068756,140.5906662940979,4.236372232437134,3.2732107639312744,134.29407000541687,0.14296722412109375,0.17203497886657715,1.674238681793213
16,14,145.17668533325195,-1738507.725,0.9998999834060669,0.5127027630805969,0.5117344260215759,0.131159245967865,141.83931016921997,4.277700662612915,3.3369882106781006,135.494695186615,0.1430342197418213,0.1717684268951416,1.680107831954956
16,15,143.38755249977112,-1736863.1375,0.9998999834060669,0.5119209289550781,0.5118255019187927,0.13073134422302246,140.11477041244507,4.237270832061768,3.2724063396453857,133.82774448394775,0.14139962196350098,0.1630556583404541,1.6756293773651123
16,16,145.2360680103302,-1738462.5375,0.9998999834060669,0.5129824280738831,0.5109328031539917,0.13021205365657806,141.8863229751587,4.253157377243042,3.3493523597717285,135.55437421798706,0.14667916297912598,0.1717681884765625,1.688636302947998
16,17,145.75986170768738,-1736830.175,0.9998999834060669,0.5126459002494812,0.5117552876472473,0.13106392323970795,142.53664422035217,4.235973358154297,3.222827434539795,136.24577021598816,0.14359188079833984,0.16665244102478027,1.6736996173858643
16,18,145.0079493522644,-1737446.725,0.9998999834060669,0.5121527910232544,0.5125746130943298,0.13047273457050323,141.6059708595276,4.277992010116577,3.4015848636627197,135.24951362609863,0.14610767364501953,0.17096209526062012,1.6898822784423828
16,19,143.39168047904968,-1737349.075,0.9998999834060669,0.5118669271469116,0.5120388269424438,0.1304907202720642,140.0381851196289,4.254052400588989,3.353102207183838,133.72614669799805,0.14257359504699707,0.1672368049621582,1.6776857376098633
16,20,144.3279583454132,-1737209.8,0.9998999834060669,0.5141909122467041,0.5145547986030579,0.13249646127223969,140.99735808372498,4.24035382270813,3.3302133083343506,134.70488333702087,0.14471983909606934,0.16237783432006836,1.6742939949035645
16,21,150.02510571479797,-1738501.1,0.9998999834060669,0.5127660632133484,0.5115644931793213,0.13086189329624176,146.6894919872284,4.286902666091919,3.3352293968200684,140.31837964057922,0.14622044563293457,0.17231082916259766,1.693481206893921
16,22,143.48878693580627,-1735612.3125,0.9998999834060669,0.5121777653694153,0.5120424628257751,0.13050200045108795,140.15399312973022,3.7172110080718994,3.334437847137451,134.6760959625244,0.11324048042297363,0.16133975982666016,1.440030813217163
16,23,144.49498844146729,-1737283.7875,0.9998999834060669,0.5129832029342651,0.5113309621810913,0.13087104260921478,141.20135307312012,4.262800931930542,3.2932374477386475,135.09682941436768,0.15007877349853516,0.17148256301879883,1.448376178741455
16,24,145.7464849948883,-1738079.975,0.9998999834060669,0.5121358633041382,0.5116553902626038,0.13091035187244415,142.39522552490234,4.264501094818115,3.3508710861206055,136.0655825138092,0.14351201057434082,0.17110514640808105,1.6789326667785645
16,25,143.51202774047852,-1739208.3125,0.9998999834060669,0.5121265649795532,0.51230788230896,0.13086022436618805,140.20159935951233,4.266053676605225,3.3100364208221436,133.85751795768738,0.14968490600585938,0.17292356491088867,1.6824288368225098
16,26,144.14018082618713,-1737262.75,0.9998999834060669,0.5117125511169434,0.5122577548027039,0.13043877482414246,140.73156905174255,4.263717889785767,3.4082248210906982,134.39683628082275,0.14782142639160156,0.17029285430908203,1.681694507598877
16,27,143.9923231601715,-1737852.6875,0.9998999834060669,0.512424647808075,0.5125152468681335,0.13035230338573456,140.6696057319641,4.363420724868774,3.3223283290863037,134.22754669189453,0.1477346420288086,0.17322421073913574,1.6842710971832275
16,28,144.49454188346863,-1737597.425,0.9998999834060669,0.5132913589477539,0.5133167505264282,0.1320750117301941,141.1657693386078,4.351325035095215,3.328385591506958,134.73816394805908,0.14483308792114258,0.1730213165283203,1.685196876525879
16,29,146.97006797790527,-1736935.9125,0.9998999834060669,0.5121257901191711,0.5120028257369995,0.13061220943927765,143.52049946784973,4.276259183883667,3.4491634368896484,137.16817998886108,0.14292669296264648,0.1726541519165039,1.6895322799682617
16,30,144.05240392684937,-1738328.325,0.9998999834060669,0.5125277042388916,0.5115883946418762,0.1310347318649292,140.70414018630981,4.308791637420654,3.3478665351867676,134.31424236297607,0.145599365234375,0.17173480987548828,1.6923625469207764
17,1,199.56866788864136,-3990941.625,0.9998999834060669,0.5065487623214722,0.5069268941879272,0.14110659062862396,193.73962807655334,4.061798572540283,5.828291893005371,187.73834037780762,0.1337118148803711,0.25563693046569824,1.4978368282318115
17,2,197.84590601921082,-3992041.475,0.9998999834060669,0.5056626796722412,0.5064699053764343,0.14117667078971863,191.92766213417053,4.062691688537598,5.9174957275390625,185.91240453720093,0.13543224334716797,0.25913286209106445,1.5046954154968262
17,3,199.184180021286,-3993240.9,0.9998999834060669,0.5062555074691772,0.50613933801651,0.14109717309474945,193.2160289287567,4.106262683868408,5.96741795539856,187.14021182060242,0.13582134246826172,0.25963735580444336,1.5215861797332764
17,4,195.26533555984497,-3990916.975,0.9998999834060669,0.5065211057662964,0.5061391592025757,0.14107099175453186,189.37354731559753,4.0363171100616455,5.891104459762573,183.4197928905487,0.13426852226257324,0.24562692642211914,1.4864082336425781
17,5,197.16373419761658,-3990781.975,0.9998999834060669,0.5060166120529175,0.5063334703445435,0.1413726955652237,191.35942316055298,4.104837656021118,5.803609609603882,185.31392550468445,0.13376641273498535,0.25093603134155273,1.5043575763702393
17,6,198.9193308353424,-3992200.275,0.9998999834060669,0.5069125294685364,0.5062854290008545,0.1414305865764618,192.9387125968933,4.0361411571502686,5.979907989501953,186.9495038986206,0.13518238067626953,0.2606031894683838,1.5044867992401123
17,7,200.111971616745,-3991550.45,0.9998999834060669,0.505607008934021,0.506615400314331,0.14137858152389526,194.17154216766357,4.254669189453125,5.939684867858887,187.91875839233398,0.15736699104309082,0.26465487480163574,1.4999315738677979
17,8,196.98277258872986,-3992415.35,0.9998999834060669,0.5044655799865723,0.5041167140007019,0.13897253572940826,191.1286768913269,4.062628507614136,5.853408575057983,185.12839317321777,0.1347486972808838,0.2537970542907715,1.4971837997436523
17,9,196.16032528877258,-3994499.325,0.9998999834060669,0.5064895153045654,0.5058518052101135,0.14137840270996094,190.23821020126343,4.042608976364136,5.921394348144531,184.27640223503113,0.13416385650634766,0.24280762672424316,1.491614818572998
17,10,198.22393250465393,-3994508.65,0.9998999834060669,0.5060833096504211,0.506056547164917,0.14152298867702484,192.2976016998291,4.078399181365967,5.925593137741089,186.26603031158447,0.13568854331970215,0.2579467296600342,1.5073010921478271
17,11,198.45154190063477,-3995848.95,0.9998999834060669,0.5063983201980591,0.5057965517044067,0.14163659512996674,192.53131341934204,4.051188945770264,5.91951060295105,186.5289807319641,0.1347794532775879,0.2593080997467041,1.504319190979004
17,12,199.7767391204834,-3992268.85,0.9998999834060669,0.5063038468360901,0.5060589909553528,0.14131900668144226,193.77997970581055,4.091148853302002,5.9960596561431885,187.758131980896,0.13552141189575195,0.25657176971435547,1.4860599040985107
17,13,200.6675820350647,-3993149.55,0.9998999834060669,0.5067532062530518,0.5063562989234924,0.14174392819404602,194.6918430328369,4.072188854217529,5.975019931793213,188.66074895858765,0.13638091087341309,0.2581603527069092,1.5116331577301025
17,14,200.9322431087494,-3991815.425,0.9998999834060669,0.5060374736785889,0.5069590210914612,0.1414002925157547,195.06560611724854,4.030722141265869,5.865943431854248,189.08134770393372,0.13634896278381348,0.25393033027648926,1.5112786293029785
17,15,198.02180242538452,-3991877.7,0.9998999834060669,0.505938708782196,0.5062682032585144,0.14126206934452057,192.1630916595459,4.051305770874023,5.858010292053223,186.16629576683044,0.1359708309173584,0.24991559982299805,1.5076878070831299
17,16,202.18646049499512,-3992110.825,0.9998999834060669,0.5036318302154541,0.5043510794639587,0.13893863558769226,196.20626616477966,4.116144418716431,5.979472398757935,190.10986471176147,0.1381974220275879,0.26017117500305176,1.52925705909729
17,17,201.13238263130188,-3995103.05,0.9998999834060669,0.5062914490699768,0.505934476852417,0.14154158532619476,195.17202734947205,4.045222043991089,5.959635972976685,189.18232464790344,0.13608717918395996,0.25428199768066406,1.502418041229248
17,18,199.30510354042053,-3990241.7,0.9998999834060669,0.5061999559402466,0.5061488151550293,0.1412324160337448,193.38994073867798,4.047762870788574,5.914438247680664,187.39426374435425,0.13573932647705078,0.2581634521484375,1.501452922821045
17,19,199.8988664150238,-3993013.05,0.9998999834060669,0.5054994225502014,0.5056192874908447,0.14039573073387146,194.02587962150574,4.3167500495910645,5.872265338897705,187.71362447738647,0.15528488159179688,0.2675650119781494,1.506678581237793
17,20,200.37884426116943,-3996365.4,0.9998999834060669,0.504922091960907,0.5060349106788635,0.1409270018339157,194.28031206130981,4.293907165527344,6.09778094291687,187.95625376701355,0.1575014591217041,0.26998090744018555,1.528878927230835
17,21,196.59113001823425,-3993425.325,0.9998999834060669,0.5063136219978333,0.506424605846405,0.14194528758525848,190.5812439918518,4.031006336212158,6.009162425994873,184.61433124542236,0.13721942901611328,0.2507002353668213,1.4957542419433594
17,22,204.0886082649231,-3989207.5,0.9998999834060669,0.5070791244506836,0.5063982009887695,0.141519695520401,198.10347199440002,4.1209800243377686,5.984412431716919,192.01331281661987,0.13579726219177246,0.2617199420928955,1.5181663036346436
17,23,196.8606789112091,-3993311.2,0.9998999834060669,0.5060280561447144,0.5063047409057617,0.14152076840400696,190.89853072166443,4.006177663803101,5.961438179016113,184.97257566452026,0.1332387924194336,0.24506449699401855,1.490441083908081
17,24,198.37562608718872,-3990923.3,0.9998999834060669,0.506158173084259,0.5064793229103088,0.14096780121326447,192.39102721214294,4.263482570648193,5.983855485916138,186.13052105903625,0.15477776527404785,0.2577793598175049,1.5094618797302246
17,25,201.62629866600037,-3991269.175,0.9998999834060669,0.5061976313591003,0.5068066120147705,0.14098437130451202,195.6331479549408,4.072784423828125,5.9924280643463135,189.61651587486267,0.13646173477172852,0.25885438919067383,1.4955596923828125
17,26,201.26227450370789,-3990948.55,0.9998999834060669,0.5063810348510742,0.5062282085418701,0.14096899330615997,195.33626556396484,4.191267251968384,5.925278425216675,189.10171794891357,0.14627861976623535,0.31437230110168457,1.516106367111206
17,27,196.95371460914612,-3991311.65,0.9998999834060669,0.5065657496452332,0.5068535208702087,0.1410563439130783,191.1426818370819,4.017853736877441,5.810348749160767,184.80669522285461,0.13409209251403809,0.2434370517730713,1.8893072605133057
17,28,200.73406147956848,-3990031.5,0.9998999834060669,0.5067568421363831,0.5061331987380981,0.14079119265079498,194.88452243804932,4.042923927307129,5.848832845687866,188.9008514881134,0.13437461853027344,0.251589298248291,1.503007411956787
17,29,196.54302787780762,-3992072.95,0.9998999834060669,0.5069183111190796,0.5063642263412476,0.14190366864204407,190.69733810424805,4.321831941604614,5.844950199127197,184.39534640312195,0.15072083473205566,0.25455522537231445,1.5002741813659668
17,30,200.11297750473022,-3993846.45,0.9998999834060669,0.5060614347457886,0.5062182545661926,0.1413915604352951,194.10365986824036,4.078276634216309,6.00859522819519,188.0370101928711,0.13550829887390137,0.28766322135925293,1.5127818584442139
18,1,351.10368824005127,-9174238.9,0.9998999834060669,0.5006060004234314,0.5003930330276489,0.15387757122516632,284.377765417099,6.533962726593018,66.72449469566345,259.08282351493835,0.8677475452423096,0.4539000988006592,15.691858768463135
18,2,277.2437779903412,-9175442.1,0.9998999834060669,0.4999711215496063,0.5008745193481445,0.154012992978096,264.8852803707123,4.115595817565918,12.357081413269043,256.96250915527344,0.12456297874450684,0.3728306293487549,1.5678441524505615
18,3,273.2422034740448,-9174114.0,0.9998999834060669,0.5004943013191223,0.5004846453666687,0.15365442633628845,260.9254846572876,4.121646881103516,12.315280675888062,253.12799787521362,0.12120437622070312,0.35698699951171875,1.561401605606079
18,4,279.3993217945099,-9175834.5,0.9998999834060669,0.49993571639060974,0.5003054738044739,0.15366464853286743,265.2894198894501,4.061645984649658,14.108501434326172,257.4184651374817,0.11703109741210938,0.3669404983520508,1.5675163269042969
18,5,278.9272983074188,-9174340.8,0.9998999834060669,0.5005341172218323,0.49956271052360535,0.15335403382778168,266.8340046405792,4.306108474731445,12.091870069503784,258.86382842063904,0.12463212013244629,0.3807075023651123,1.5707261562347412
18,6,278.15222930908203,-9173807.5,0.9998999834060669,0.5022725462913513,0.5022828578948975,0.1557011753320694,266.02610754966736,4.0328209400177,12.124722480773926,258.1033148765564,0.11916208267211914,0.363095760345459,1.5727291107177734
18,7,277.7041335105896,-9173174.8,0.9998999834060669,0.5003080368041992,0.5006254315376282,0.1541077196598053,265.5564696788788,4.073017358779907,12.14626145362854,257.6390438079834,0.11788201332092285,0.36823391914367676,1.5652165412902832
18,8,274.31414103507996,-9173171.8,0.9998999834060669,0.501509428024292,0.5011405944824219,0.15470653772354126,262.375075340271,4.033692359924316,11.937679529190063,254.40138363838196,0.11716675758361816,0.36034083366394043,1.5621013641357422
18,9,277.9611003398895,-9173963.0,0.9998999834060669,0.5011653900146484,0.501367449760437,0.15482890605926514,265.77911400794983,4.119436740875244,12.180586338043213,257.8805191516876,0.11967849731445312,0.36919069290161133,1.5710883140563965
18,10,277.15323877334595,-9172634.7,0.9998999834060669,0.5001417994499207,0.5000646710395813,0.1535583883523941,265.0298969745636,4.05193567276001,12.12194299697876,257.1550691127777,0.11812067031860352,0.3672921657562256,1.568216323852539
18,11,276.75105714797974,-9179979.7,0.9998999834060669,0.4995541572570801,0.4999808967113495,0.15349604189395905,264.71811628341675,4.3399577140808105,12.031569242477417,256.800984621048,0.12611985206604004,0.37921857833862305,1.5596985816955566
18,12,286.47720432281494,-9167067.9,0.9998999834060669,0.5001182556152344,0.4997454285621643,0.15290631353855133,274.41648030281067,4.169734001159668,12.059318542480469,266.4181685447693,0.12291526794433594,0.3720881938934326,1.5696508884429932
18,13,278.1477289199829,-9171084.2,0.9998999834060669,0.500836968421936,0.5001506209373474,0.15366686880588531,265.83221888542175,4.09990668296814,12.314113140106201,257.84092712402344,0.11865544319152832,0.36505627632141113,1.571974754333496
18,14,280.1496911048889,-9172160.1,0.9998999834060669,0.5004321336746216,0.5005294680595398,0.15377305448055267,268.1633388996124,4.493483066558838,11.984960317611694,260.1167690753937,0.12977814674377441,0.3857550621032715,1.5735220909118652
18,15,275.8320212364197,-9177097.0,0.9998999834060669,0.5009616017341614,0.5002295970916748,0.153850257396698,263.8081102371216,4.219428539276123,12.022521018981934,255.81349515914917,0.12382721900939941,0.3728938102722168,1.563246250152588
18,16,277.19943356513977,-9170690.6,0.9998999834060669,0.5018742084503174,0.5023833513259888,0.1554143875837326,265.12954592704773,4.0387256145477295,12.068507432937622,257.16989493370056,0.11728215217590332,0.35861754417419434,1.5590159893035889
18,17,277.4736659526825,-9173735.1,0.9998999834060669,0.5002766251564026,0.5000218152999878,0.15363213419914246,265.3944900035858,4.365344285964966,12.077766180038452,257.35014605522156,0.1265556812286377,0.379136323928833,1.6442286968231201
18,18,276.5201542377472,-9174101.8,0.9998999834060669,0.5004555583000183,0.5003169775009155,0.15386047959327698,264.28176760673523,4.114942789077759,12.236946821212769,256.38352823257446,0.12276482582092285,0.3752937316894531,1.567392110824585
18,19,276.8866105079651,-9174029.4,0.9998999834060669,0.5002953410148621,0.4997600018978119,0.1535409688949585,264.6515085697174,4.1969170570373535,12.233681678771973,256.6891579627991,0.12291932106018066,0.3657705783843994,1.578824758529663
18,20,279.64415168762207,-9173434.7,0.9998999834060669,0.5003474354743958,0.500544548034668,0.15393929183483124,265.93693947792053,4.13141131401062,13.705782890319824,258.0042848587036,0.11674642562866211,0.3696556091308594,1.5809624195098877
18,21,279.5462975502014,-9170017.9,0.9998999834060669,0.5007039308547974,0.5005948543548584,0.15398691594600677,267.3797528743744,4.313003063201904,12.165112018585205,259.4073705673218,0.12324953079223633,0.3765835762023926,1.5792222023010254
18,22,280.81165051460266,-9171056.3,0.9998999834060669,0.500953197479248,0.5005121827125549,0.1538666933774948,268.5769536495209,4.164381265640259,12.233229637145996,260.6556615829468,0.11924028396606445,0.38021421432495117,1.5714879035949707
18,23,282.2823648452759,-9176165.1,0.9998999834060669,0.4972462058067322,0.4981449246406555,0.15111836791038513,269.79841232299805,4.386627674102783,12.48253321647644,261.70808959007263,0.12445712089538574,0.38973164558410645,1.5630550384521484
18,24,279.5769073963165,-9172923.4,0.9998999834060669,0.5004392266273499,0.5003442168235779,0.15399117767810822,267.39135694503784,4.46988320350647,12.184086084365845,259.34446477890015,0.1277940273284912,0.38377976417541504,1.5780773162841797
18,25,281.37256264686584,-9171682.5,0.9998999834060669,0.500249445438385,0.5011404156684875,0.1541874259710312,269.2055335044861,4.214901685714722,12.165566682815552,261.1844756603241,0.12278890609741211,0.38059186935424805,1.5835556983947754
18,26,272.8157489299774,-9174964.3,0.9998999834060669,0.5000030398368835,0.5002787113189697,0.1533999890089035,260.84312200546265,4.01358962059021,11.971230268478394,253.03902745246887,0.11565566062927246,0.3507833480834961,1.5563464164733887
18,27,280.07045793533325,-9174614.3,0.9998999834060669,0.5004668235778809,0.5003459453582764,0.15382084250450134,267.9888367652893,4.346835374832153,12.08017897605896,259.97638177871704,0.12732481956481934,0.38248562812805176,1.574798345565796
18,28,279.041047334671,-9171873.3,0.9998999834060669,0.5007476210594177,0.5007357001304626,0.15402601659297943,265.83657026290894,4.268589973449707,13.203058004379272,257.8347878456116,0.12259531021118164,0.37410426139831543,1.5707042217254639
18,29,281.63027453422546,-9174316.6,0.9998999834060669,0.501305103302002,0.5010218024253845,0.15491965413093567,269.2519543170929,4.060710906982422,12.376837968826294,261.2819073200226,0.11879992485046387,0.3767218589782715,1.5788702964782715
18,30,278.41977739334106,-9171961.1,0.9998999834060669,0.5008212924003601,0.5010771751403809,0.1540176272392273,266.48076272010803,4.420847654342651,11.937623977661133,258.5362317562103,0.1283276081085205,0.3815453052520752,1.571363925933838
19,1,401.5411603450775,-21185008.6,0.9998999834060669,0.49401023983955383,0.49427419900894165,0.16709795594215393,375.1129879951477,4.226299047470093,26.423588275909424,362.35941648483276,0.12767696380615234,0.5172555446624756,1.6846723556518555
19,2,403.3011178970337,-21184484.0,0.9998999834060669,0.49381229281425476,0.4938828647136688,0.16694365441799164,376.75013399124146,4.225061893463135,26.54637098312378,363.95313787460327,0.12769770622253418,0.5358400344848633,1.698887586593628
19,3,406.5031599998474,-21180233.6,0.9998999834060669,0.49436861276626587,0.49402010440826416,0.16720496118068695,377.01486992836,4.261112928390503,29.483200073242188,364.4032278060913,0.1391916275024414,0.5647919178009033,1.7008960247039795
19,4,412.4223794937134,-21181374.4,0.9998999834060669,0.49345260858535767,0.493802011013031,0.1665705144405365,386.00723671913147,4.616941690444946,26.410500526428223,373.3954031467438,0.1372509002685547,0.5727221965789795,1.6981549263000488
19,5,408.58664727211,-21177657.2,0.9998999834060669,0.49434226751327515,0.4941015839576721,0.16707226634025574,382.070152759552,4.198300123214722,26.5115647315979,369.4589190483093,0.133836030960083,0.565455436706543,1.7088260650634766
19,6,399.0163571834564,-21178770.0,0.9998999834060669,0.49325254559516907,0.49308186769485474,0.16604536771774292,372.3520939350128,4.224117994308472,26.659600019454956,359.80308270454407,0.13201498985290527,0.5535211563110352,1.6864616870880127
19,7,403.98242235183716,-21178299.4,0.9998999834060669,0.49398112297058105,0.4942297339439392,0.16694988310337067,377.2080047130585,4.6009438037872314,26.769754648208618,364.49783182144165,0.1411592960357666,0.601571798324585,1.6885452270507812
19,8,403.88372445106506,-21174114.0,0.9998999834060669,0.4942764341831207,0.493982195854187,0.16667887568473816,377.0633342266083,4.4412946701049805,26.815757036209106,364.4867479801178,0.13576722145080566,0.5571873188018799,1.6885426044464111
19,9,405.1364347934723,-21189723.2,0.9998999834060669,0.4940955340862274,0.49399837851524353,0.16720907390117645,378.80590415000916,4.56710410118103,26.325899600982666,366.0738728046417,0.13840246200561523,0.6043331623077393,1.7092363834381104
19,10,403.9647800922394,-21177650.0,0.9998999834060669,0.49359238147735596,0.4938715994358063,0.16657011210918427,377.6379199028015,4.391402006149292,26.32216477394104,364.921594619751,0.13586711883544922,0.6405074596405029,1.6907660961151123
19,11,403.12552785873413,-21183348.4,0.9998999834060669,0.49488404393196106,0.495082288980484,0.16799943149089813,376.6072428226471,4.559077262878418,26.513657569885254,363.93287801742554,0.13705086708068848,0.5653018951416016,1.69869065284729
19,12,401.8956730365753,-21178709.6,0.9998999834060669,0.4937323331832886,0.4936715066432953,0.16654595732688904,375.56183648109436,4.275121450424194,26.329166889190674,363.0126805305481,0.13293743133544922,0.5340580940246582,1.6908037662506104
19,13,401.1652412414551,-21180656.8,0.9998999834060669,0.4944179058074951,0.49382176995277405,0.16704334318637848,374.81250739097595,4.26737642288208,26.348052263259888,362.2265238761902,0.12863993644714355,0.5309829711914062,1.6930632591247559
19,14,413.474404335022,-21185915.6,0.9998999834060669,0.49407851696014404,0.49373048543930054,0.167154461145401,382.41008019447327,4.244029998779297,31.05922222137451,369.80864119529724,0.14056634902954102,0.5570871829986572,1.7107605934143066
19,15,405.97338700294495,-21180339.4,0.9998999834060669,0.4955309331417084,0.4953534007072449,0.16831789910793304,379.32419443130493,4.498533248901367,26.644471883773804,366.66475105285645,0.13679027557373047,0.560762882232666,1.7124810218811035
19,16,405.6787552833557,-21176060.4,0.9998999834060669,0.49392104148864746,0.49402591586112976,0.1669905036687851,379.0324709415436,4.352351427078247,26.64151096343994,366.45574140548706,0.13227462768554688,0.5550243854522705,1.706862211227417
19,17,407.13157844543457,-21176903.0,0.9998999834060669,0.4945613741874695,0.49480825662612915,0.16751806437969208,379.6995973587036,4.4408721923828125,27.427372455596924,367.1001121997833,0.13428711891174316,0.5712037086486816,1.70322847366333
19,18,406.0209913253784,-21181728.0,0.9998999834060669,0.4942554235458374,0.49418631196022034,0.16710278391838074,379.30694031715393,4.534123420715332,26.70927858352661,366.6783285140991,0.13762211799621582,0.5907785892486572,1.6980383396148682
19,19,405.8082365989685,-21183195.6,0.9998999834060669,0.4939921796321869,0.4941181540489197,0.16694314777851105,379.42288732528687,4.454959869384766,26.38072109222412,366.79218077659607,0.13572025299072266,0.5623764991760254,1.7018718719482422
19,20,403.8656313419342,-21175649.6,0.9998999834060669,0.4941052496433258,0.49432629346847534,0.16716846823692322,377.30499148368835,4.532773017883301,26.556003093719482,364.6411805152893,0.1371467113494873,0.582552433013916,1.689857006072998
19,21,403.55838799476624,-21180689.0,0.9998999834060669,0.4952889680862427,0.49521610140800476,0.16821908950805664,376.9732565879822,4.435242176055908,26.580471515655518,364.31977367401123,0.13537168502807617,0.562633752822876,1.687976598739624
19,22,401.7235851287842,-21180769.8,0.9998999834060669,0.49615079164505005,0.49603360891342163,0.1688556671142578,375.48774313926697,4.456535577774048,26.23119306564331,362.94362616539,0.13158607482910156,0.5317490100860596,1.6976230144500732
19,23,397.799113035202,-21180335.2,0.9998999834060669,0.4937950372695923,0.49409595131874084,0.16672295331954956,371.7949860095978,4.230130434036255,25.99945640563965,359.22609758377075,0.12826824188232422,0.5187926292419434,1.6828296184539795
19,24,445.02983832359314,-21186836.0,0.9998999834060669,0.49431127309799194,0.4945792555809021,0.16748319566249847,382.3497636318207,4.260981798171997,62.67491340637207,362.1297056674957,0.14173221588134766,0.5655415058135986,9.322280168533325
19,25,407.18853878974915,-21185276.6,0.9998999834060669,0.4940718710422516,0.49398213624954224,0.16711793839931488,380.48083424568176,4.2720489501953125,26.703014373779297,367.87419724464417,0.1303863525390625,0.5698184967041016,1.6994402408599854
19,26,404.73358702659607,-21184000.6,0.9998999834060669,0.49583700299263,0.4957563281059265,0.16888076066970825,377.7419533729553,4.532095909118652,26.9868586063385,365.1247696876526,0.1397693157196045,0.5696349143981934,1.7126810550689697
19,27,397.61160826683044,-21186066.2,0.9998999834060669,0.4946829080581665,0.49488577246665955,0.16791629791259766,370.9702134132385,4.273282289505005,26.636787176132202,358.4035258293152,0.13060426712036133,0.5383827686309814,1.6873064041137695
19,28,407.22931599617004,-21180644.8,0.9998999834060669,0.49433633685112,0.49394690990448,0.16719654202461243,380.4411897659302,4.3001415729522705,26.78332829475403,367.6910078525543,0.1327345371246338,0.6635646820068359,1.7068538665771484
19,29,401.1763105392456,-21187168.0,0.9998999834060669,0.4939559996128082,0.4938391149044037,0.16700144112110138,372.62094354629517,4.2460548877716064,28.550623178482056,360.01371908187866,0.12993669509887695,0.5272951126098633,1.7062740325927734
19,30,407.7509126663208,-21172016.8,0.9998999834060669,0.49416446685791016,0.49420231580734253,0.16690269112586975,381.1591362953186,4.245403051376343,26.587005138397217,368.59945845603943,0.12860679626464844,0.5485165119171143,1.7008147239685059
20,1,600.7209396362305,-49248908.8,0.9998999834060669,0.4880228340625763,0.48801589012145996,0.18102598190307617,541.5621402263641,5.15788722038269,59.14796733856201,522.8686335086823,0.139817476272583,1.001420259475708,1.8857548236846924
20,2,604.3874313831329,-49286148.0,0.9998999834060669,0.4876880943775177,0.48736730217933655,0.1810096949338913,528.7863032817841,5.119064569473267,75.59034538269043,506.42168378829956,0.13765501976013184,0.9537184238433838,5.631943941116333
20,3,596.1921076774597,-49264206.4,0.9998999834060669,0.4877987504005432,0.4876820743083954,0.18099284172058105,536.8134503364563,5.105441570281982,59.36770820617676,517.7872705459595,0.13896703720092773,1.3921289443969727,1.8784844875335693
20,4,586.4976079463959,-49268280.0,0.9998999834060669,0.48767775297164917,0.4874418377876282,0.18062551319599152,528.7161870002747,5.20922327041626,57.77089738845825,510.15105414390564,0.13925671577453613,0.9517395496368408,1.858795404434204
20,5,600.337660074234,-49277549.6,0.9998999834060669,0.48782190680503845,0.4878307580947876,0.18116693198680878,540.8449449539185,5.177330017089844,59.48178291320801,522.1712868213654,0.14020395278930664,1.0096492767333984,1.8651776313781738
20,6,580.3960037231445,-49286261.2,0.9998999834060669,0.48779982328414917,0.48770707845687866,0.1812477707862854,523.0584604740143,5.094980716705322,57.327062368392944,504.50954365730286,0.13695764541625977,0.9410867691040039,1.8485968112945557
20,7,600.8469324111938,-49265837.2,0.9998999834060669,0.48782461881637573,0.4879593551158905,0.1810239553451538,542.0281708240509,5.167987108230591,58.80790138244629,523.3941202163696,0.14046764373779297,0.9923701286315918,1.8781793117523193
20,8,605.2388844490051,-49279263.6,0.9998999834060669,0.48760902881622314,0.4879823923110962,0.1812136173248291,530.0821874141693,5.0936198234558105,75.14581394195557,508.5336859226227,0.13882923126220703,0.949944019317627,4.844668388366699
20,9,601.9191191196442,-49281842.8,0.9998999834060669,0.48790442943573,0.48815011978149414,0.18122424185276031,543.0290105342865,5.17422890663147,58.87933278083801,523.9813740253448,0.14118409156799316,1.4218766689300537,1.8619499206542969
20,10,598.2261867523193,-49269675.2,0.9998999834060669,0.4876876771450043,0.4880044758319855,0.18118242919445038,538.5996608734131,4.907278060913086,59.61563563346863,520.0022628307343,0.13963055610656738,0.9904196262359619,1.8546991348266602
20,11,585.8182761669159,-49268100.8,0.9998999834060669,0.4879947900772095,0.48781731724739075,0.18107390403747559,528.0968399047852,5.125494480133057,57.71066379547119,509.4914927482605,0.13834595680236816,0.9997735023498535,1.8550727367401123
20,12,599.2128961086273,-49260001.2,0.9998999834060669,0.4876292645931244,0.4874107539653778,0.18056538701057434,540.0762362480164,5.162214994430542,59.1258020401001,521.4465487003326,0.14047884941101074,0.9949638843536377,1.8680644035339355
20,13,602.827152967453,-49252606.8,0.9998999834060669,0.48793238401412964,0.4878837466239929,0.1809127777814865,543.2981805801392,5.19674825668335,59.51819849014282,524.5825922489166,0.14459490776062012,1.0193462371826172,1.8853979110717773
20,14,664.8552341461182,-49279025.6,0.9998999834060669,0.4877610504627228,0.48786693811416626,0.18116158246994019,552.3534977436066,5.298152685165405,112.49083828926086,522.6360323429108,0.14277148246765137,0.999323844909668,12.908856630325317
20,15,600.1026682853699,-49291526.4,0.9998999834060669,0.4874427020549774,0.48750045895576477,0.18081672489643097,540.6626091003418,5.305670738220215,59.429264307022095,521.9639706611633,0.1460721492767334,1.0044100284576416,1.8649346828460693
20,16,598.4365410804749,-49283171.2,0.9998999834060669,0.4874441921710968,0.48750633001327515,0.1808750480413437,539.255028963089,5.215458869934082,59.170759439468384,520.5929505825043,0.14094233512878418,0.9990406036376953,1.8785688877105713
20,17,598.0233073234558,-49274496.4,0.9998999834060669,0.48783978819847107,0.48785001039505005,0.1810815930366516,538.7365500926971,5.188169956207275,59.27600646018982,520.0562837123871,0.142195463180542,1.0163354873657227,1.8496384620666504
20,18,599.8659510612488,-49298981.6,0.9998999834060669,0.4881184995174408,0.4876556396484375,0.18146547675132751,540.7092070579529,5.217712879180908,59.14597201347351,522.0103824138641,0.1442708969116211,1.0114569664001465,1.8713364601135254
20,19,603.6956605911255,-49267929.6,0.9998999834060669,0.48775535821914673,0.4880189299583435,0.1809813231229782,544.6138842105865,5.246206283569336,59.07100009918213,525.7316122055054,0.1408092975616455,1.1950500011444092,1.8850297927856445
20,20,650.1303110122681,-49276495.2,0.9998999834060669,0.4878690242767334,0.4877050220966339,0.18125960230827332,542.8059558868408,5.149397611618042,107.31354212760925,512.5699696540833,0.14016389846801758,0.9732415676116943,13.464449882507324
20,21,598.9132709503174,-49268614.0,0.9998999834060669,0.4876754879951477,0.4873442053794861,0.1805659383535385,539.6826655864716,5.112316131591797,59.21978759765625,520.9844281673431,0.14105534553527832,0.9889707565307617,1.9032602310180664
20,22,590.9649848937988,-49278042.8,0.9998999834060669,0.48785749077796936,0.48775824904441833,0.18112528324127197,532.8056793212891,4.796226739883423,58.148640871047974,514.1642353534698,0.138261079788208,0.9866232872009277,1.8614208698272705
20,23,599.2517795562744,-49279934.4,0.9998999834060669,0.48786547780036926,0.4880612790584564,0.18109530210494995,539.7964479923248,4.805469751358032,59.44458198547363,521.0882556438446,0.14499616622924805,1.054633617401123,1.8677184581756592
20,24,600.2950599193573,-49275977.2,0.9998999834060669,0.4879860281944275,0.48780328035354614,0.18109215795993805,540.5800943374634,5.146536827087402,59.70413589477539,521.9315767288208,0.14061284065246582,1.0105149745941162,1.8712801933288574
20,25,607.8840353488922,-49265887.6,0.9998999834060669,0.487615168094635,0.48779481649398804,0.1809919774532318,548.9142467975616,5.017223119735718,58.95895266532898,530.051216840744,0.14859795570373535,1.164219617843628,1.8774609565734863
20,26,653.6359348297119,-49285846.0,0.9998999834060669,0.48792093992233276,0.48784762620925903,0.18124723434448242,546.6873927116394,5.162855625152588,106.93792963027954,519.4595973491669,0.14378666877746582,1.0130012035369873,10.40838623046875
20,27,581.6270890235901,-49279460.4,0.9998999834060669,0.48794084787368774,0.4880574345588684,0.18140584230422974,522.5698537826538,5.072532415390015,59.046361446380615,504.0140128135681,0.13746094703674316,0.9325556755065918,1.845712661743164
20,28,601.8522243499756,-49299792.4,0.9998999834060669,0.4875906705856323,0.48749229311943054,0.18117904663085938,542.2917191982269,5.108881235122681,59.54965615272522,523.6260168552399,0.1408243179321289,0.9932141304016113,1.8784642219543457
20,29,614.5827555656433,-49259711.6,0.9998999834060669,0.48778924345970154,0.4881718158721924,0.18094481527805328,554.9946849346161,4.90677547454834,59.577266454696655,536.3153603076935,0.1418154239654541,1.001410961151123,1.8768608570098877
20,30,583.9640605449677,-49275056.0,0.9998999834060669,0.4882107973098755,0.48797792196273804,0.18127329647541046,525.8623824119568,5.1464316844940186,58.09113144874573,506.7805743217468,0.14441800117492676,1.404477596282959,1.8662693500518799
21,1,974.6140162944794,-115073174.4,0.9998999834060669,0.4808954894542694,0.4805499315261841,0.19811499118804932,819.4217228889465,5.676499605178833,155.16933488845825,767.7490265369415,0.48145174980163574,1.8244152069091797,7.103399753570557
21,2,974.5907425880432,-115054187.2,0.9998999834060669,0.48088014125823975,0.48072317242622375,0.19803215563297272,827.8024122714996,5.176836729049683,146.7607741355896,782.0303144454956,0.14485669136047363,1.8405787944793701,2.150090456008911
21,3,980.6657474040985,-115099594.4,0.9998999834060669,0.48041924834251404,0.48055073618888855,0.19811195135116577,834.6056170463562,5.167406320571899,146.0327045917511,787.853755235672,0.14420723915100098,1.8583807945251465,2.137956380844116
21,4,974.5960886478424,-115122099.2,0.9998999834060669,0.48040568828582764,0.48028257489204407,0.1978701651096344,841.2281911373138,5.234160661697388,133.3449788093567,804.1273021697998,0.1430065631866455,1.8895506858825684,2.193178653717041
21,5,970.2824697494507,-115068203.2,0.9998999834060669,0.4807959794998169,0.4807398319244385,0.19805678725242615,834.4713225364685,5.226888418197632,135.78767561912537,787.5320537090302,0.15084290504455566,1.851552963256836,2.3460423946380615
21,6,1025.4860820770264,-115076036.8,0.9998999834060669,0.4807564616203308,0.48058879375457764,0.19793228805065155,841.9484548568726,5.120928049087524,183.51479244232178,793.4203383922577,0.14255547523498535,1.8701732158660889,13.64754033088684
21,7,1013.4313616752625,-115075147.2,0.9998999834060669,0.48090147972106934,0.48050034046173096,0.1980898082256317,829.8652129173279,5.21123194694519,183.5391664505005,771.5782153606415,0.14338135719299316,1.866523027420044,13.654733180999756
21,8,999.0882804393768,-115150219.2,0.9995485544204712,0.4780243933200836,0.47771570086479187,0.1955702304840088,850.9075407981873,5.585815191268921,148.15738654136658,803.9324207305908,0.1520226001739502,1.965336799621582,2.178128957748413
21,9,956.7022836208344,-115118333.6,0.9998999834060669,0.48055365681648254,0.4804717004299164,0.1981780081987381,824.8824777603149,5.06936502456665,131.79757046699524,787.9937155246735,0.1405351161956787,1.7748334407806396,2.1377556324005127
21,10,964.1972081661224,-115069223.2,0.9998999834060669,0.48126354813575745,0.4813992977142334,0.19865694642066956,832.7072155475616,5.104078769683838,131.46694087982178,795.7201278209686,0.14158058166503906,1.8135986328125,2.168872356414795
21,11,975.350786447525,-115076444.8,0.9998999834060669,0.48036450147628784,0.4803112745285034,0.19778163731098175,830.6457049846649,5.288158655166626,144.6778883934021,782.9643895626068,0.14409470558166504,2.580709218978882,2.152498245239258
21,12,987.4599659442902,-115110465.6,0.9998999834060669,0.48002180457115173,0.47996026277542114,0.19750742614269257,844.5285632610321,5.216135501861572,142.90448379516602,806.8167412281036,0.14907264709472656,2.5108304023742676,2.18098521232605
21,13,975.6307842731476,-115066232.0,0.9998999834060669,0.4807870388031006,0.4804475009441376,0.1979501098394394,832.5656118392944,5.416597604751587,143.0417582988739,785.7140593528748,0.14504718780517578,1.9098377227783203,2.1501030921936035
21,14,1016.283609867096,-115158596.8,0.9998999834060669,0.4834953248500824,0.4836534261703491,0.2014940083026886,889.4165670871735,5.2961204051971436,126.8441789150238,842.625917673111,0.15001893043518066,2.279761791229248,2.1080188751220703
21,15,1000.7864265441895,-115124683.2,0.9998999834060669,0.47874686121940613,0.47875967621803284,0.19642898440361023,834.6964540481567,4.952617883682251,166.06755757331848,790.3719685077667,0.14125585556030273,1.8206334114074707,9.546833992004395
21,16,995.1688003540039,-115084408.0,0.9998999834060669,0.4806726574897766,0.4806975722312927,0.19809164106845856,837.575740814209,5.250532865524292,157.56553745269775,783.3190886974335,0.14693117141723633,1.9230420589447021,9.483852624893188
21,17,999.0839107036591,-115099749.6,0.9998999834060669,0.48055407404899597,0.4807157516479492,0.19828012585639954,869.0662007331848,5.213451623916626,129.9947943687439,822.8597416877747,0.14856266975402832,2.108311414718628,2.136547803878784
21,18,974.4023275375366,-115097384.0,0.9998999834060669,0.4807561933994293,0.48049724102020264,0.1982588768005371,845.5398600101471,5.274994134902954,128.83930468559265,808.3591194152832,0.14998674392700195,2.012596368789673,2.105966091156006
21,19,967.9438245296478,-115089247.2,0.9998999834060669,0.48059216141700745,0.48080721497535706,0.19809521734714508,837.0620739459991,5.194845676422119,130.85833644866943,790.2085590362549,0.15078020095825195,1.8936920166015625,2.1734018325805664
21,20,1002.9198803901672,-115108705.6,0.9998999834060669,0.47935619950294495,0.4791845679283142,0.1967180371284485,875.5811469554901,5.254582643508911,127.31631517410278,829.4301731586456,0.1495223045349121,2.172868490219116,2.0890862941741943
21,21,957.6849493980408,-115104819.2,0.9998999834060669,0.47993627190589905,0.48002058267593384,0.19801178574562073,829.1875405311584,5.238613605499268,128.4746971130371,792.2407910823822,0.14363837242126465,1.8173325061798096,2.141378879547119
21,22,948.9719030857086,-115106299.2,0.9998999834060669,0.4807310998439789,0.4805041253566742,0.1982656866312027,820.0959737300873,5.092929363250732,128.85273337364197,773.3618161678314,0.14762377738952637,1.7930662631988525,2.1251611709594727
21,23,940.7670767307281,-115118609.6,0.9998999834060669,0.48066020011901855,0.4805028438568115,0.19847261905670166,802.5950040817261,4.99801230430603,138.14890694618225,756.8265693187714,0.1446382999420166,1.785341501235962,2.121046543121338
21,24,971.787406206131,-115099744.0,0.9998999834060669,0.48050838708877563,0.4807532727718353,0.19825401902198792,842.6084294319153,5.284233808517456,129.1561906337738,804.7369115352631,0.1486194133758545,2.6865999698638916,2.1280462741851807
21,25,976.671324968338,-115115996.8,0.9998999834060669,0.4807283282279968,0.48046526312828064,0.198267862200737,834.1186618804932,5.293770790100098,142.52898931503296,787.3901255130768,0.14590978622436523,1.851487636566162,2.1525866985321045
21,26,953.7009680271149,-115067839.2,0.9998999834060669,0.48072537779808044,0.4806617796421051,0.1981603503227234,824.1904170513153,5.5144853591918945,129.4822907447815,778.533851146698,0.1551969051361084,1.9412298202514648,2.119745969772339
21,27,944.2373216152191,-115086350.4,0.9998999834060669,0.4785361588001251,0.4785037636756897,0.19581104815006256,817.2704961299896,4.998651742935181,126.9442229270935,771.3890781402588,0.1441502571105957,1.8497562408447266,2.1048054695129395
21,28,994.5654063224792,-115109462.4,0.9998999834060669,0.48036321997642517,0.48035845160484314,0.19789960980415344,850.6166248321533,5.177425146102905,143.92621779441833,810.2371551990509,0.14679813385009766,1.9788775444030762,5.403139352798462
21,29,958.134407043457,-115109852.0,0.9998999834060669,0.4804207980632782,0.4804968535900116,0.1982766091823578,814.1780652999878,4.998824119567871,143.9328920841217,764.3340103626251,0.14161920547485352,1.758692741394043,5.357793569564819
21,30,999.7749488353729,-115060470.4,0.9998999834060669,0.48084697127342224,0.4805687665939331,0.19809022545814514,821.1459064483643,4.967129707336426,178.60670518875122,764.2339415550232,0.14287590980529785,1.7910330295562744,13.675466060638428
22,1,1646.1275207996368,-268306513.6,0.9989013075828552,0.4687095880508423,0.468776136636734,0.22589407861232758,1346.1886188983917,5.362745046615601,299.8919360637665,1253.3835270404816,0.14581823348999023,3.7459661960601807,2.51928448677063
22,2,1587.7996020317078,-268210761.6,0.9982705116271973,0.46871182322502136,0.4682573676109314,0.22533218562602997,1279.079338312149,5.564049482345581,308.65803599357605,1201.792882680893,0.14832210540771484,3.5860962867736816,2.5853850841522217
22,3,1770.9844236373901,-268200022.4,0.9990628361701965,0.46853500604629517,0.4680487811565399,0.22581909596920013,1440.987173318863,5.524945497512817,329.9479432106018,1346.9932601451874,0.15250015258789062,4.232195615768433,2.5725133419036865
22,4,1571.0138461589813,-268270339.2,0.9998999834060669,0.47084760665893555,0.47068706154823303,0.22726134955883026,1271.8205049037933,5.159207582473755,299.1453695297241,1194.7225425243378,0.1423349380493164,3.3990116119384766,2.5853564739227295
22,5,1556.6565957069397,-268305640.0,0.9962384104728699,0.46624472737312317,0.465952605009079,0.22327904403209686,1273.6952962875366,5.175018548965454,282.913455247879,1181.191049337387,0.14536380767822266,3.488114595413208,2.539539337158203
22,6,1560.8690583705902,-268210883.2,0.9998999834060669,0.4699782729148865,0.46943312883377075,0.22642236948013306,1275.9133746623993,5.221694707870483,284.9082701206207,1183.3980350494385,0.14564228057861328,3.386209726333618,2.5411899089813232
22,7,1559.5496590137482,-268289441.6,0.9984254240989685,0.46802395582199097,0.46827223896980286,0.22549253702163696,1272.73699092865,5.069563865661621,286.76407384872437,1195.5831365585327,0.14257383346557617,3.49843692779541,2.557589292526245
22,8,1571.699547290802,-268249164.8,0.9985664486885071,0.4680863916873932,0.4677511155605316,0.2258613258600235,1289.0526208877563,5.3563714027404785,282.60006737709045,1211.7887217998505,0.14588093757629395,3.5650475025177,2.529202461242676
22,9,1582.9276254177094,-268145619.2,0.9985632300376892,0.4686994254589081,0.468764990568161,0.22523090243339539,1269.8141829967499,5.36180305480957,313.05637788772583,1176.5770823955536,0.14909982681274414,3.407376766204834,2.588712215423584
22,10,1653.7834537029266,-268150366.4,0.9986293315887451,0.46826326847076416,0.4685038626194,0.224879652261734,1368.6695744991302,5.650554895401001,285.06651067733765,1276.070196390152,0.15018296241760254,3.943695306777954,2.5200138092041016
22,11,1664.233252286911,-268324480.0,0.9998999834060669,0.4711516499519348,0.4711756706237793,0.22812332212924957,1364.4087336063385,5.392046928405762,299.7768235206604,1267.6496715545654,0.14856386184692383,3.8818745613098145,6.575742721557617
22,12,1591.1737990379333,-268233491.2,0.998088538646698,0.46841076016426086,0.4681958258152008,0.2253386229276657,1293.0513446331024,5.2840704917907715,298.074581861496,1214.0306231975555,0.14887213706970215,3.686969518661499,4.156714200973511
22,13,1566.5652105808258,-268262412.8,0.9980571269989014,0.4682135581970215,0.4686247706413269,0.2257969230413437,1270.1488573551178,5.523282527923584,296.35490107536316,1192.8967010974884,0.14805912971496582,3.5293285846710205,2.5686745643615723
22,14,1600.5143949985504,-268181960.0,0.9998999834060669,0.4700569212436676,0.47005021572113037,0.22681058943271637,1279.6108539104462,5.328500509262085,320.85532879829407,1184.074004650116,0.14708471298217773,3.4958391189575195,5.482975006103516
22,15,1648.1173813343048,-268250486.4,0.9977401494979858,0.4675825238227844,0.46788161993026733,0.2250165194272995,1365.8245198726654,5.489403247833252,282.2456603050232,1273.1018526554108,0.14901423454284668,3.9062628746032715,2.553311824798584
22,16,1693.0408849716187,-268203299.2,0.9990443587303162,0.4685409963130951,0.4681985676288605,0.22593149542808533,1411.7156093120575,5.58861517906189,281.2785165309906,1333.7387881278992,0.15421199798583984,4.312676668167114,2.51608943939209
22,17,1637.5922031402588,-268133430.4,0.9979858994483948,0.46801161766052246,0.46780237555503845,0.22459878027439117,1355.7090265750885,5.430186033248901,281.83566880226135,1262.9225418567657,0.1509237289428711,3.816847085952759,2.5343000888824463
22,18,1574.8922007083893,-268330417.6,0.9997251629829407,0.4697442054748535,0.46965524554252625,0.22678343951702118,1287.9898147583008,5.27665114402771,286.8548562526703,1210.7490766048431,0.14879870414733887,3.491334915161133,2.571155071258545
22,19,1589.197764635086,-268232817.6,0.9970971345901489,0.4673176407814026,0.4671689569950104,0.2244100421667099,1275.1008138656616,5.302784442901611,314.0485939979553,1181.7305810451508,0.1428072452545166,3.5652151107788086,2.5539112091064453
22,20,1621.6115510463715,-268215993.6,0.9983837604522705,0.4681187570095062,0.46771183609962463,0.22571542859077454,1339.31498837471,5.3922998905181885,282.2497224807739,1246.5608758926392,0.14738917350769043,3.678844451904297,2.5539705753326416
22,21,1556.059739112854,-268195179.2,0.9984617829322815,0.4682617783546448,0.46839791536331177,0.22496525943279266,1270.5422449111938,5.605410814285278,285.4696669578552,1193.460375547409,0.1443803310394287,3.4167466163635254,2.571033239364624
22,22,1625.4472377300262,-268223936.0,0.9982699155807495,0.46860530972480774,0.46861153841018677,0.22546523809432983,1299.15620303154,7.30164647102356,326.24372816085815,1190.8415026664734,0.6265552043914795,3.820291757583618,15.477782726287842
22,23,1594.5699892044067,-268213366.4,0.9981986284255981,0.46744704246520996,0.46751824021339417,0.22439463436603546,1280.6186301708221,5.305388689041138,313.8944158554077,1187.339548587799,0.14436674118041992,3.40783953666687,2.5879263877868652
22,24,1567.1560881137848,-268243809.6,0.9988310933113098,0.4682120680809021,0.4677408039569855,0.22591805458068848,1269.474582195282,5.4421491622924805,297.6348955631256,1173.6279020309448,0.15201044082641602,3.317413806915283,6.151856899261475
22,25,1551.6071162223816,-268160227.2,0.9985215663909912,0.46845367550849915,0.4685553014278412,0.22530683875083923,1252.5631909370422,5.230098724365234,298.9955735206604,1171.820865392685,0.14180302619934082,3.4044668674468994,6.239128828048706
22,26,1659.7949826717377,-268226764.8,0.9984780550003052,0.4679322838783264,0.46783825755119324,0.22553962469100952,1330.7461392879486,5.4039857387542725,328.9879615306854,1234.3473119735718,0.14724278450012207,3.732605457305908,6.16589617729187
22,27,1748.284755706787,-268300704.0,0.998789370059967,0.4685836136341095,0.4683302938938141,0.2263442575931549,1434.5569562911987,5.532216787338257,313.6752004623413,1341.2976138591766,0.15198159217834473,4.083117723464966,2.865004777908325
22,28,1725.6063630580902,-268214574.4,0.9998999834060669,0.4707315266132355,0.47046080231666565,0.2272101491689682,1392.3302385807037,5.591450929641724,333.222119808197,1299.362417459488,0.1521458625793457,4.0270795822143555,2.5327863693237305
22,29,1703.86368393898,-268238646.4,0.997819185256958,0.4681214392185211,0.4681628942489624,0.22510161995887756,1416.6723637580872,6.049090623855591,287.14344811439514,1323.3919999599457,0.15636420249938965,4.166201591491699,2.540595293045044
22,30,1576.4251062870026,-268331198.4,0.9962192177772522,0.466175377368927,0.4663639962673187,0.22318217158317566,1289.9164168834686,5.163069486618042,286.46076560020447,1198.2614767551422,0.14325308799743652,3.4448401927948,2.555821657180786
23,1,2738.9426317214966,-621744172.8,0.973993718624115,0.4700053632259369,0.4702078700065613,0.2483135163784027,2087.0106110572815,6.086893796920776,651.8297982215881,1918.9515368938446,0.15579915046691895,8.149028778076172,3.1290390491485596
23,2,2560.9794204235077,-621747001.6,0.9726744294166565,0.46926450729370117,0.4686518907546997,0.24725575745105743,1870.8527176380157,5.497833013534546,690.0252416133881,1669.3466696739197,0.14525532722473145,6.444079399108887,9.924223184585571
23,3,2624.3516488075256,-621768377.6,0.9738010764122009,0.4700157940387726,0.46993938088417053,0.2483668327331543,1893.9009704589844,5.839097738265991,730.3497812747955,1692.1980867385864,0.15604043006896973,6.62468695640564,7.324625492095947
23,4,2591.1370429992676,-621701881.6,0.9735084176063538,0.46944162249565125,0.4691634476184845,0.24744565784931183,1935.6730337142944,5.8191375732421875,655.3622004985809,1738.0710408687592,0.14689159393310547,7.055603504180908,3.087745428085327
23,5,2546.464400291443,-621730656.0,0.9739575982093811,0.47022369503974915,0.4699935019016266,0.24830298125743866,1885.9307947158813,5.508262634277344,660.4319777488708,1688.830926656723,0.14119839668273926,6.741664171218872,3.049009323120117
23,6,2534.508973836899,-621812492.8,0.9732914566993713,0.46956270933151245,0.46920046210289,0.24756686389446259,1883.4323844909668,5.719233989715576,650.9753878116608,1686.0421245098114,0.14887523651123047,6.532920598983765,3.129746198654175
23,7,2711.6581149101257,-621771929.6,0.9734082221984863,0.46925583481788635,0.4694553315639496,0.2475954294204712,1871.8457427024841,5.508336544036865,839.7125265598297,1695.2637362480164,0.14157700538635254,6.610687494277954,13.214258909225464
23,8,3738.535889863968,-621720678.4,0.9730578064918518,0.46928921341896057,0.4692281484603882,0.24764157831668854,1864.5468122959137,5.5671515464782715,1873.887853860855,1667.076226234436,0.1419374942779541,6.464386940002441,5.928819894790649
23,9,3498.1632826328278,-621753728.0,0.9732668995857239,0.4697570204734802,0.4693108797073364,0.24777156114578247,1878.4760015010834,5.830367803573608,1619.5867896080017,1681.1980311870575,0.15491533279418945,6.591768503189087,3.0743298530578613
23,10,3519.9119551181793,-621601491.2,0.9742015600204468,0.470272034406662,0.46985986828804016,0.24817481637001038,1893.0267970561981,5.9255547523498535,1626.783925294876,1697.0506823062897,0.15988707542419434,6.718210220336914,3.136998414993286
23,11,3384.0911948680878,-621755872.0,0.973768949508667,0.46981847286224365,0.4698593318462372,0.2483111321926117,1891.1832599639893,5.610674619674683,1492.8086936473846,1681.5206484794617,0.14733099937438965,6.540540933609009,15.803319692611694
23,12,2533.929474592209,-621640716.8,0.9741373658180237,0.47027409076690674,0.4699103832244873,0.2482009381055832,1860.5312538146973,5.662719488143921,673.2964537143707,1659.1102533340454,0.1470198631286621,6.4271767139434814,7.821974277496338
23,13,2551.142426252365,-621730572.8,0.9735164642333984,0.4698512852191925,0.4698534309864044,0.24811629951000214,1877.7930221557617,5.64036226272583,673.2461941242218,1676.171721458435,0.14933109283447266,6.436861515045166,7.877415895462036
23,14,2620.245629787445,-621723641.6,0.9733497500419617,0.46967729926109314,0.46961256861686707,0.2479676902294159,1946.901648759842,8.07336688041687,673.2429127693176,1771.5140829086304,1.061269760131836,7.090907573699951,8.491860628128052
23,15,2524.1537988185883,-621554822.4,0.9736242890357971,0.46974390745162964,0.4690953493118286,0.2472197413444519,1864.6119751930237,6.032896041870117,659.4403131008148,1697.9462966918945,0.15308141708374023,6.795900344848633,3.1289303302764893
23,16,2469.5148866176605,-621580051.2,0.9731225967407227,0.4693596661090851,0.46914178133010864,0.24717456102371216,1831.092092514038,5.583254098892212,638.3232119083405,1634.8390038013458,0.146087646484375,6.316075801849365,3.0244734287261963
23,17,2547.9145033359528,-622024454.4,0.9728991389274597,0.46933797001838684,0.4687575101852417,0.2476664036512375,1893.059764623642,5.7492592334747314,654.7535281181335,1695.602133989334,0.14834976196289062,6.6834986209869385,3.084110736846924
23,18,2485.4671914577484,-621651225.6,0.9741308689117432,0.47004571557044983,0.47010576725006104,0.24821770191192627,1844.4782447814941,5.51033616065979,640.8894989490509,1650.1048736572266,0.14259910583496094,6.391499042510986,3.0565102100372314
23,19,2581.01500582695,-621762828.8,0.9736232757568359,0.4700305759906769,0.46973568201065063,0.24827031791210175,1904.0498740673065,5.583284616470337,676.8630242347717,1705.8709688186646,0.14572572708129883,6.793010473251343,3.111116886138916
23,20,2534.7846970558167,-621616697.6,0.97350013256073,0.469922810792923,0.46989789605140686,0.24786099791526794,1880.6033508777618,5.680899381637573,654.0803198814392,1683.5067558288574,0.1515355110168457,6.566190242767334,3.0591180324554443
23,21,2521.961658477783,-621695667.2,0.9735267162322998,0.46973007917404175,0.4693881571292877,0.24758851528167725,1855.569911956787,5.757987022399902,666.2902762889862,1688.8903954029083,0.1508159637451172,6.853623151779175,3.084362745285034
23,22,2488.1374666690826,-621677472.0,0.9734538197517395,0.4697205722332001,0.46975213289260864,0.24784807860851288,1836.6644549369812,5.502069473266602,651.3731324672699,1670.4870746135712,0.14470505714416504,6.40269136428833,3.0687098503112793
23,23,2525.329247713089,-621847347.2,0.9714556336402893,0.46699923276901245,0.46732527017593384,0.24533818662166595,1834.3838820457458,5.9225335121154785,690.844316482544,1658.69979596138,0.14434480667114258,6.404435634613037,12.60490608215332
23,24,2513.553346157074,-621763142.4,0.9729544520378113,0.4694213271141052,0.4689711928367615,0.24752014875411987,1845.208233833313,7.93854546546936,668.2440586090088,1669.520497560501,0.7591359615325928,6.784156084060669,9.347290992736816
23,25,2626.6740283966064,-621760179.2,0.9736036062240601,0.4701487123966217,0.46954357624053955,0.24807368218898773,1880.2548534870148,5.870945930480957,746.3187484741211,1671.5908274650574,0.15746307373046875,6.490888595581055,14.779953479766846
23,26,2622.3518369197845,-621747916.8,0.9749841690063477,0.4708828032016754,0.47072282433509827,0.24895553290843964,1910.4469447135925,6.082947254180908,711.7998280525208,1713.9336037635803,0.15588927268981934,6.840381622314453,3.1556828022003174
23,27,2558.7838304042816,-621716121.6,0.9734219312667847,0.46962910890579224,0.4691207706928253,0.24748580157756805,1894.6004474163055,5.498224258422852,664.0799751281738,1685.820224761963,0.14248204231262207,6.584226846694946,14.837755918502808
23,28,2678.858725786209,-621697049.6,0.9739834666252136,0.47015100717544556,0.46994733810424805,0.24827852845191956,2008.9050397872925,6.036430358886719,669.84912109375,1802.802034854889,0.15341877937316895,7.374722480773926,8.200751304626465
23,29,2677.4997510910034,-621706675.2,0.9736074209213257,0.4700598120689392,0.4698299169540405,0.24811118841171265,2007.4880096912384,5.860793590545654,669.9125692844391,1799.5965414047241,0.15283441543579102,8.453981637954712,8.158809661865234
23,30,2607.4818847179413,-621761369.6,0.973606526851654,0.4695776104927063,0.4696987271308899,0.24786007404327393,1872.4315927028656,5.6684489250183105,734.9476902484894,1705.7992746829987,0.15273642539978027,6.769852638244629,3.0879929065704346
