k,sample,total_time,best_ll,P00,P01,P10,P11,full_fit,gradient_gpu,init_cpu_gpu,mcmc_cpu,optimizer_gpu,transfer_pcie,warm_up_mcmc_cpu
1,1,6.329373836517334,-0.0004000663757324219,0.9998999834060669,9.999999747378752e-05,0.9998999834060669,9.999999747378752e-05,4.9217424392700195,1.5152804851531982,1.4075968265533447,1.772493839263916,0.11503458023071289,0.0831441879272461,1.3914692401885986
1,2,4.847346782684326,0.0,0.8999999761581421,0.699999988079071,0.5,0.20000000298023224,3.498415231704712,1.2784111499786377,1.3489000797271729,0.5998258590698242,0.11396288871765137,0.08110880851745605,1.3823978900909424
1,3,6.7141335010528564,-0.0004000663757324219,0.9998999834060669,0.9998999834060669,9.999999747378752e-05,9.999999747378752e-05,5.387223482131958,1.8464412689208984,1.3268611431121826,1.887178897857666,0.12856125831604004,0.08644962310791016,1.3821697235107422
1,4,6.270824432373047,-0.0004000663757324219,0.9998999834060669,0.9998999834060669,9.999999747378752e-05,9.999999747378752e-05,4.930929660797119,1.5146236419677734,1.3398582935333252,1.7840149402618408,0.11509466171264648,0.0829157829284668,1.389937400817871
1,5,6.403562068939209,-0.0004000663757324219,0.9998999834060669,9.999999747378752e-05,0.9998999834060669,9.999999747378752e-05,4.893570184707642,1.512812614440918,1.5099530220031738,1.7621557712554932,0.1138620376586914,0.08119034767150879,1.3793354034423828
1,6,6.5978803634643555,-0.0004000663757324219,0.9998999834060669,0.9998999834060669,9.999999747378752e-05,9.999999747378752e-05,5.262894630432129,1.6350629329681396,1.334934949874878,1.957815408706665,0.13915061950683594,0.08773088455200195,1.383044719696045
1,7,6.387922048568726,-0.0004000663757324219,0.9998999834060669,0.9998999834060669,9.999999747378752e-05,9.999999747378752e-05,4.974535703659058,1.5481364727020264,1.4133458137512207,1.781430959701538,0.1170351505279541,0.08341526985168457,1.3986833095550537
1,8,6.257537603378296,-0.0004000663757324219,0.9998999834060669,9.999999747378752e-05,0.9998999834060669,9.999999747378752e-05,4.919842004776001,1.5321996212005615,1.3376615047454834,1.7649924755096436,0.11379051208496094,0.08155989646911621,1.3834562301635742
1,9,6.653776407241821,-0.0004000663757324219,0.9998999834060669,0.9998999834060669,9.999999747378752e-05,0.9998999834060669,5.184888124465942,1.6477913856506348,1.4688518047332764,1.8712339401245117,0.11828207969665527,0.08798599243164062,1.41264009475708
1,10,6.336672306060791,-0.0004000663757324219,0.9998999834060669,0.9998999834060669,9.999999747378752e-05,9.999999747378752e-05,4.924717664718628,1.5292589664459229,1.4119136333465576,1.7597815990447998,0.1151435375213623,0.08345484733581543,1.3920948505401611
1,11,6.239742279052734,-0.0004000663757324219,0.9998999834060669,9.999999747378752e-05,0.9998999834060669,9.999999747378752e-05,4.916614532470703,1.5115573406219482,1.323094367980957,1.7725369930267334,0.11506843566894531,0.08234357833862305,1.390207290649414
1,12,7.44384241104126,-0.0004000663757324219,0.9998999834060669,0.9998999834060669,9.999999747378752e-05,9.999999747378752e-05,4.982722282409668,1.5350077152252197,2.4610836505889893,1.785374641418457,0.11645197868347168,0.08343648910522461,1.4171254634857178
1,13,6.247716188430786,-0.0004000663757324219,0.9998999834060669,9.999999747378752e-05,0.9998999834060669,9.999999747378752e-05,4.927238941192627,1.5103378295898438,1.3204424381256104,1.7897982597351074,0.11419105529785156,0.08148550987243652,1.387376308441162
1,14,6.258373022079468,-0.0004000663757324219,0.9998999834060669,0.9998999834060669,9.999999747378752e-05,9.999999747378752e-05,4.935924291610718,1.521583080291748,1.322413682937622,1.7892446517944336,0.11404728889465332,0.08207225799560547,1.3846352100372314
1,15,7.620092868804932,-0.0004000663757324219,0.9998999834060669,0.9998999834060669,9.999999747378752e-05,9.999999747378752e-05,5.0517189502716064,1.6035528182983398,2.5683348178863525,1.7474541664123535,0.1163177490234375,0.08440113067626953,1.4548394680023193
1,16,4.866145849227905,0.0,0.8999999761581421,0.699999988079071,0.5,0.20000000298023224,3.5158119201660156,1.2896981239318848,1.3502938747406006,0.601262092590332,0.11380791664123535,0.08191680908203125,1.3853991031646729
1,17,6.3306403160095215,-0.0004000663757324219,9.999999747378752e-05,0.9998999834060669,9.999999747378752e-05,9.999999747378752e-05,4.682878255844116,1.5343194007873535,1.6477293968200684,1.523503065109253,0.11588072776794434,0.08194327354431152,1.3830492496490479
1,18,7.4357757568359375,-0.0004000663757324219,0.9998999834060669,9.999999747378752e-05,0.9998999834060669,9.999999747378752e-05,4.9617955684661865,1.5417401790618896,2.4739463329315186,1.758380651473999,0.11693167686462402,0.08361029624938965,1.4157698154449463
1,19,5.950825929641724,-0.0004000663757324219,9.999999747378752e-05,0.9998999834060669,9.999999747378752e-05,9.999999747378752e-05,4.634049892425537,1.494213581085205,1.3167340755462646,1.5128052234649658,0.11457419395446777,0.08222222328186035,1.3854846954345703
1,20,6.430018663406372,-0.0004000663757324219,0.9998999834060669,0.9998999834060669,9.999999747378752e-05,9.999999747378752e-05,4.992436170578003,1.5963983535766602,1.4375479221343994,1.7513396739959717,0.11553263664245605,0.08456587791442871,1.3998851776123047
1,21,6.2647864818573,-0.0004000663757324219,0.9998999834060669,0.9998999834060669,9.999999747378752e-05,9.999999747378752e-05,4.896733045578003,1.5191497802734375,1.3680181503295898,1.7502782344818115,0.11472916603088379,0.0822286605834961,1.386160135269165
1,22,6.3141515254974365,-0.0004000663757324219,0.9998999834060669,9.999999747378752e-05,0.9998999834060669,9.999999747378752e-05,5.011038303375244,1.5269184112548828,1.3030788898468018,1.8574790954589844,0.11511373519897461,0.08335471153259277,1.3840012550354004
1,23,4.931000709533691,0.0,0.8999999761581421,0.699999988079071,0.5,0.20000000298023224,3.529062271118164,1.286210298538208,1.4019050598144531,0.6216092109680176,0.1135406494140625,0.0820927619934082,1.3828630447387695
1,24,7.584475040435791,-0.0004000663757324219,0.9998999834060669,9.999999747378752e-05,0.9998999834060669,9.999999747378752e-05,5.072347164154053,1.6025748252868652,2.5120933055877686,1.7729840278625488,0.11610889434814453,0.08490991592407227,1.4510157108306885
1,25,6.0564799308776855,-0.0004000663757324219,9.999999747378752e-05,0.9998999834060669,9.999999747378752e-05,9.999999747378752e-05,4.6866614818573,1.5304930210113525,1.3697834014892578,1.5122017860412598,0.11490726470947266,0.08345198631286621,1.3995661735534668
1,27,4.874601364135742,0.0,0.8999999761581421,0.699999988079071,0.5,0.20000000298023224,3.557668447494507,1.3186957836151123,1.3169007301330566,0.6197223663330078,0.11479783058166504,0.08273577690124512,1.3789708614349365
1,28,6.560893535614014,-0.0004000663757324219,0.9998999834060669,0.9998999834060669,9.999999747378752e-05,9.999999747378752e-05,5.2449445724487305,1.6427736282348633,1.3159008026123047,1.941976547241211,0.1313927173614502,0.0837099552154541,1.3796789646148682
1,29,6.27595329284668,-0.0004000663757324219,0.9998999834060669,0.9998999834060669,9.999999747378752e-05,9.999999747378752e-05,4.892107725143433,1.5192553997039795,1.383810043334961,1.7482614517211914,0.11561369895935059,0.08205842971801758,1.382622480392456
1,30,6.422703981399536,-0.0004000663757324219,0.9998999834060669,0.9998999834060669,9.999999747378752e-05,9.999999747378752e-05,5.075768232345581,1.6166584491729736,1.3468999862670898,1.7504732608795166,0.12776780128479004,0.13459134101867676,1.4000370502471924
2,1,8.54291582107544,-4.115540504455566,0.9998999834060669,0.7420120239257812,0.9998999834060669,9.999999747378752e-05,7.17578125,1.682417631149292,1.367100477218628,3.8496551513671875,0.11535024642944336,0.08469843864440918,1.3973538875579834
2,2,7.504523515701294,-4.838960647583008,0.9998999834060669,0.5453412532806396,0.5453283190727234,9.999999747378752e-05,6.1316893100738525,1.6842734813690186,1.3727970123291016,2.79194712638855,0.11606264114379883,0.09406757354736328,1.4000327587127686
2,3,9.299273252487183,-1.5017995834350586,0.9998999834060669,0.9998999834060669,0.9998999834060669,9.999999747378752e-05,7.930150270462036,1.6538102626800537,1.3690805435180664,4.645128011703491,0.11400556564331055,0.08238458633422852,1.390517234802246
2,4,7.619715690612793,-3.517402505874634,0.9998999834060669,0.796057939529419,0.26963570713996887,9.999999747378752e-05,6.302006006240845,1.6534957885742188,1.317664623260498,3.0288071632385254,0.11382699012756348,0.08237528800964355,1.3796985149383545
2,5,8.484723091125488,-3.715695858001709,0.8780816197395325,0.9998999834060669,9.999999747378752e-05,0.24602743983268738,5.955023527145386,1.6892335414886475,2.5296647548675537,2.5799670219421387,0.11680269241333008,0.08449792861938477,1.4381563663482666
2,6,8.610499620437622,-5.677828311920166,0.6400962471961975,0.9998999834060669,0.2756248116493225,0.2588726282119751,7.245209693908691,1.653421401977539,1.3652544021606445,3.957404851913452,0.11403250694274902,0.08311915397644043,1.3927347660064697
2,7,6.4505674839019775,-0.0004000663757324219,0.9998999834060669,0.9998999834060669,9.999999747378752e-05,9.999999747378752e-05,5.146705150604248,1.6291446685791016,1.3038289546966553,1.7983343601226807,0.11909699440002441,0.08555865287780762,1.4686799049377441
2,8,8.374449729919434,-6.890371322631836,0.9998999834060669,0.9259883761405945,0.4524531960487366,0.21616457402706146,7.037672758102417,1.6883924007415771,1.3367352485656738,3.7046737670898438,0.11546754837036133,0.08358430862426758,1.4010412693023682
2,9,7.663924932479858,-3.5073097944259644,0.9998999834060669,0.276295006275177,0.7813090085983276,9.999999747378752e-05,6.306780099868774,1.6726839542388916,1.3571109771728516,3.0038721561431885,0.1150050163269043,0.08330273628234863,1.3872323036193848
2,10,8.029916524887085,-4.397592067718506,0.9998999834060669,0.2652987539768219,0.5810745358467102,9.999999747378752e-05,5.53615403175354,1.6788666248321533,2.493720054626465,2.2119882106781006,0.11618185043334961,0.08423638343811035,1.3989195823669434
2,11,7.691144943237305,-3.7933902740478516,0.9998999834060669,0.9998999834060669,0.23288315534591675,9.999999747378752e-05,6.326825141906738,1.6547749042510986,1.3642768859863281,3.0387394428253174,0.11498284339904785,0.08309602737426758,1.3905792236328125
2,12,9.645718574523926,-6.469185638427734,0.9998999834060669,0.815933108329773,0.9998999834060669,0.3482876718044281,8.282393217086792,1.7483954429626465,1.3632676601409912,4.86948037147522,0.1253492832183838,0.08639144897460938,1.3892488479614258
2,13,6.305156946182251,-0.0004000663757324219,0.9998999834060669,0.9998999834060669,9.999999747378752e-05,9.999999747378752e-05,4.943522214889526,1.5506434440612793,1.3615994453430176,1.753117561340332,0.11609268188476562,0.08525943756103516,1.3919856548309326
2,14,8.837185621261597,-3.001199722290039,0.9998999834060669,0.9998999834060669,0.9998999834060669,9.999999747378752e-05,7.508700370788574,1.6620213985443115,1.328449010848999,4.21682071685791,0.11438202857971191,0.08254194259643555,1.3880491256713867
2,15,9.04424524307251,-6.756404399871826,0.9998999834060669,0.7143936157226562,0.9584811925888062,0.1907711774110794,7.489804744720459,1.7934343814849854,1.554389476776123,4.000691652297974,0.12876176834106445,0.08850526809692383,1.4225821495056152
2,16,8.652750968933105,-4.115540981292725,0.9998999834060669,0.9998999834060669,0.7423394918441772,9.999999747378752e-05,7.162459373474121,1.6874580383300781,1.490257978439331,3.833106756210327,0.11530470848083496,0.08434748649597168,1.396144151687622
2,17,7.704701900482178,-0.0015997886657714844,0.9998999834060669,0.9998999834060669,9.999999747378752e-05,9.999999747378752e-05,6.369769811630249,1.7067627906799316,1.3348705768585205,3.022250175476074,0.11890649795532227,0.08494377136230469,1.3885016441345215
2,18,7.177334308624268,-3.4527804851531982,0.9998999834060669,0.35888874530792236,0.37682682275772095,9.999999747378752e-05,5.810680866241455,1.677586555480957,1.3666181564331055,2.4953420162200928,0.11516261100769043,0.08462882041931152,1.3921422958374023
2,19,7.699211359024048,-3.4991101264953612,0.9998999834060669,0.26963096857070923,0.7747717499732971,9.999999747378752e-05,6.338078498840332,1.694793701171875,1.3610827922821045,3.011084794998169,0.1150209903717041,0.08379244804382324,1.3886525630950928
2,20,8.007011651992798,-7.671199798583984,0.9998999834060669,0.4399687647819519,0.6057869791984558,0.4808467924594879,6.646826267242432,1.7530078887939453,1.3601455688476562,3.2636466026306152,0.11675429344177246,0.08539509773254395,1.3829402923583984
2,21,17.009624242782593,-5.694972038269043,0.7918193936347961,0.7918021082878113,0.6034537553787231,9.999999747378752e-05,15.63581919670105,1.6877291202545166,1.3737678527832031,12.298495292663574,0.11622238159179688,0.08551502227783203,1.4020335674285889
2,22,15.63674259185791,-5.636470317840576,0.8396902680397034,0.8372637033462524,0.5305545926094055,9.999999747378752e-05,14.199135780334473,1.8167378902435303,1.4375591278076172,10.628288507461548,0.13140177726745605,0.08505129814147949,1.4737398624420166
2,23,7.706258535385132,-0.0015997886657714844,0.9998999834060669,9.999999747378752e-05,0.9998999834060669,9.999999747378752e-05,6.3824121952056885,1.6518054008483887,1.3238117694854736,3.1077799797058105,0.11367392539978027,0.0823061466217041,1.3823776245117188
2,24,8.475756645202637,-4.52850489616394,0.9998999834060669,0.628964364528656,0.7216978073120117,9.999999747378752e-05,7.155419111251831,1.7847917079925537,1.320302963256836,3.670105218887329,0.11916351318359375,0.08708930015563965,1.448239803314209
2,25,8.686480045318604,-7.0301899909973145,0.9998999834060669,0.8316071629524231,0.9648621678352356,0.1733352392911911,7.31959342956543,1.6654489040374756,1.3668508529663086,4.017362356185913,0.11525464057922363,0.08310723304748535,1.3939430713653564
2,26,7.145385980606079,-3.575492191314697,0.9998999834060669,0.37346455454826355,0.344791054725647,9.999999747378752e-05,5.8205788135528564,1.6680269241333008,1.3247654438018799,2.5257091522216797,0.11440634727478027,0.0836641788482666,1.383925199508667
2,27,9.466448545455933,-7.7250162124633786,0.9998999834060669,0.5809953212738037,0.9998999834060669,0.18739354610443115,6.94170069694519,1.6801018714904785,2.524711847305298,3.5870919227600098,0.11599612236022949,0.08380627632141113,1.4295299053192139
2,28,8.982776880264282,-5.862937021255493,0.7657462358474731,0.9998999834060669,0.9998999834060669,0.23077739775180817,7.638146162033081,1.6653025150299072,1.344590663909912,4.33590841293335,0.11463785171508789,0.08266091346740723,1.3945679664611816
2,29,8.764780521392822,-4.115541458129883,0.9998999834060669,0.9998999834060669,0.7420082688331604,9.999999747378752e-05,7.43394136428833,1.762857437133789,1.3307785987854004,4.00996994972229,0.13122105598449707,0.08690834045410156,1.3849151134490967
2,30,7.844433784484863,-5.183793067932129,0.6578342318534851,0.8109725117683411,0.9998999834060669,9.999999747378752e-05,6.398218631744385,1.7727744579315186,1.446176290512085,2.97157621383667,0.11836600303649902,0.0867013931274414,1.4021875858306885
3,1,10.211738109588623,-18.667095756530763,0.9998999834060669,0.4684697687625885,0.96901935338974,0.05349394306540489,8.899399042129517,1.8382256031036377,1.3123035430908203,5.424561500549316,0.1155545711517334,0.08368158340454102,1.3927521705627441
3,2,10.408530712127686,-15.15585298538208,0.8473134636878967,0.6921589374542236,0.5200049877166748,9.999999747378752e-05,7.883505344390869,1.828796148300171,2.5249905586242676,4.366659879684448,0.11629152297973633,0.08487129211425781,1.441495418548584
3,3,9.039109945297241,-21.09539031982422,0.9308104515075684,0.8377623558044434,0.4422226548194885,0.10896138846874237,7.700454473495483,1.7964012622833252,1.3386132717132568,4.2701311111450195,0.11439156532287598,0.08410882949829102,1.3905065059661865
3,4,9.985809564590454,-17.053378105163574,0.8840979337692261,0.8112759590148926,0.642364501953125,9.999999747378752e-05,8.533222913742065,1.8033623695373535,1.4525458812713623,5.0906829833984375,0.12435770034790039,0.08227133750915527,1.389014720916748
3,5,9.119431734085083,-15.249221801757812,0.9998999834060669,0.6623820662498474,0.5039925575256348,9.999999747378752e-05,7.659615755081177,1.790931224822998,1.4597816467285156,4.239484071731567,0.11382389068603516,0.0832216739654541,1.387686014175415
3,6,10.521751880645752,-16.123141860961915,0.9834578633308411,0.6950382590293884,0.5817098021507263,9.999999747378752e-05,9.176901578903198,1.9185433387756348,1.3447988033294678,5.588171720504761,0.13673758506774902,0.0870211124420166,1.389451503753662
3,7,9.636643886566162,-21.83716526031494,0.7608639001846313,0.2792840301990509,0.9998999834060669,0.2839416265487671,8.276761770248413,1.8305869102478027,1.359839916229248,4.805724859237671,0.11503362655639648,0.08393645286560059,1.3963642120361328
3,8,8.49010682106018,-21.655577659606934,0.9901193976402283,0.42170241475105286,0.5661182403564453,0.1856166422367096,7.139051675796509,1.8031020164489746,1.3510103225708008,3.695793867111206,0.1140298843383789,0.0834810733795166,1.3983988761901855
3,9,11.085265398025513,-15.437387180328368,0.9998999834060669,0.3712101876735687,0.5952903032302856,0.08130164444446564,8.472137451171875,1.7894184589385986,2.6130809783935547,5.022205114364624,0.11391973495483398,0.08354735374450684,1.4191508293151855
3,10,10.238484621047974,-16.27555274963379,0.9998999834060669,0.7454454898834229,0.7321467995643616,9.999999747378752e-05,8.84884238243103,1.7958974838256836,1.3896021842956543,5.425217151641846,0.11395621299743652,0.08326196670532227,1.385763168334961
3,11,14.693534851074219,-16.798245239257813,0.9592469334602356,0.6238334774971008,0.6701204180717468,9.999999747378752e-05,7.698810577392578,1.7927496433258057,6.994682550430298,4.275346517562866,0.11441159248352051,0.0833280086517334,1.388770341873169
3,12,10.123446226119995,-24.368959808349608,0.8319692611694336,0.6226017475128174,0.8694629073143005,0.11841127276420593,8.787909984588623,1.795032024383545,1.335500955581665,5.365281343460083,0.11343216896057129,0.08312296867370605,1.3870742321014404
3,13,9.535477876663208,-14.254002666473388,0.9558795690536499,0.6206679940223694,0.48365461826324463,9.999999747378752e-05,8.212228775024414,1.9176244735717773,1.323213815689087,4.569978713989258,0.11820483207702637,0.08648562431335449,1.474013090133667
3,14,10.475242853164673,-15.728434181213379,0.9998999834060669,0.6934344172477722,0.6859629154205322,9.999999747378752e-05,9.128147602081299,1.8435800075531006,1.3470563888549805,5.636234998703003,0.11828041076660156,0.08498930931091309,1.3989920616149902
3,15,9.517848253250122,-25.737468719482422,0.9998999834060669,0.5772625803947449,0.49826568365097046,0.2652873694896698,8.142914056777954,1.9559032917022705,1.3748843669891357,4.511543035507202,0.13672995567321777,0.08806705474853516,1.388904333114624
3,16,7.908240795135498,-9.382280731201172,0.5042927861213684,0.23391255736351013,0.9998999834060669,9.999999747378752e-05,6.551711797714233,1.7921204566955566,1.3564884662628174,3.128136157989502,0.11473727226257324,0.08287596702575684,1.3889105319976807
3,17,8.105619192123413,-13.37069616317749,0.3512123227119446,0.9655153155326843,0.6884713768959045,9.999999747378752e-05,6.736524343490601,1.7854304313659668,1.3690531253814697,3.324317216873169,0.11384129524230957,0.08246779441833496,1.3861794471740723
3,18,12.73729133605957,-18.426870918273927,0.9998999834060669,0.9998999834060669,0.6404590010643005,0.04118208959698677,10.192571878433228,1.8324506282806396,2.544685125350952,6.704299449920654,0.11542820930480957,0.08392786979675293,1.411752462387085
3,19,10.24817967414856,-14.43565320968628,0.9493911862373352,0.9998999834060669,0.4195634424686432,9.999999747378752e-05,8.88216495513916,1.832829236984253,1.3659791946411133,5.4046125411987305,0.11641645431518555,0.08436131477355957,1.3981349468231201
3,20,13.433670997619629,-16.30547962188721,0.7860267162322998,0.5602325797080994,0.8084492683410645,9.999999747378752e-05,8.270138025283813,1.9084830284118652,5.16349720954895,4.690133810043335,0.11756205558776855,0.08762049674987793,1.4200913906097412
3,21,9.628408432006836,-14.295601844787598,0.9998999834060669,0.5878453254699707,0.603627622127533,9.999999747378752e-05,8.192947387695312,1.7966630458831787,1.4354214668273926,4.76519513130188,0.11399078369140625,0.08459234237670898,1.3878223896026611
3,22,8.832423448562622,-14.463898658752441,0.9998999834060669,0.47137707471847534,0.6036795973777771,9.999999747378752e-05,7.471327066421509,1.7842040061950684,1.361053466796875,3.919323205947876,0.11388325691223145,0.08145546913146973,1.4768726825714111
3,23,10.65699553489685,-16.151599502563478,0.9998999834060669,0.8538773059844971,0.8161678314208984,9.999999747378752e-05,9.314266443252563,1.7989156246185303,1.3426930904388428,5.886676788330078,0.11443090438842773,0.08285188674926758,1.3866198062896729
3,24,9.84589147567749,-19.42812099456787,0.9998999834060669,0.9485105872154236,0.45537060499191284,0.046374596655368805,8.499977111816406,1.9570519924163818,1.3458564281463623,4.874034404754639,0.13459038734436035,0.08827567100524902,1.3860831260681152
3,25,8.868637561798096,-20.393982315063475,0.9795321226119995,0.5273956656455994,0.5532671809196472,0.1074003055691719,7.450757741928101,1.8125841617584229,1.4178457260131836,4.007837533950806,0.11446714401245117,0.08402633666992188,1.3879752159118652
3,26,9.690323829650879,-22.277101707458495,0.7838448882102966,0.8496273159980774,0.7713630795478821,0.0609392412006855,8.345231056213379,1.809178352355957,1.3450508117675781,4.9055335521698,0.11514043807983398,0.08397650718688965,1.3864424228668213
3,27,11.519537925720215,-19.942366790771484,0.8287210464477539,0.44036561250686646,0.8790294528007507,0.07621875405311584,7.757016897201538,1.8201179504394531,3.7624857425689697,4.243281841278076,0.11606192588806152,0.08431529998779297,1.4481542110443115
3,28,10.187462568283081,-12.638120460510255,0.9998999834060669,0.789111852645874,0.3946985602378845,9.999999747378752e-05,8.72865629196167,1.8292129039764404,1.4587628841400146,5.24900484085083,0.1163170337677002,0.08503103256225586,1.4032025337219238
3,29,10.065428018569946,-19.91972541809082,0.9998999834060669,0.5981395244598389,0.977279007434845,0.05881289392709732,8.683886051177979,1.922407627105713,1.381497859954834,5.087786436080933,0.1280219554901123,0.08648443222045898,1.4129488468170166
3,30,9.694507598876953,-17.551091766357423,0.744690477848053,0.7722205519676208,0.8141579627990723,9.999999747378752e-05,8.32731032371521,1.8261489868164062,1.3671550750732422,4.851433038711548,0.11629176139831543,0.08424878120422363,1.4037413597106934
4,1,11.89888882637024,-63.924814987182614,0.8875637650489807,0.7104406952857971,0.6427533030509949,0.07843606919050217,10.465635776519775,2.007660388946533,1.4332106113433838,6.806187152862549,0.11796903610229492,0.0850362777709961,1.4037306308746338
4,2,10.77449107170105,-46.43722381591797,0.7426995635032654,0.800959050655365,0.6566636562347412,9.999999747378752e-05,9.44358229637146,1.9468293190002441,1.3308684825897217,5.865965843200684,0.11413359642028809,0.08319592475891113,1.389420986175537
4,3,12.702692985534668,-47.10167770385742,0.9998999834060669,0.5909212827682495,0.803417980670929,9.999999747378752e-05,11.311243295669556,1.942836046218872,1.3914105892181396,7.740178108215332,0.11421537399291992,0.08270502090454102,1.387472152709961
4,4,11.703840494155884,-46.74253158569336,0.8592804074287415,0.802263617515564,0.5970633625984192,9.999999747378752e-05,10.315601110458374,1.9464335441589355,1.3882050514221191,6.740901708602905,0.11487817764282227,0.08370494842529297,1.3847968578338623
4,5,12.65009593963623,-39.2748607635498,0.9704861044883728,0.4275311231613159,0.763178825378418,9.999999747378752e-05,11.333176851272583,2.1106221675872803,1.31687593460083,7.499905347824097,0.11814069747924805,0.08761048316955566,1.4704842567443848
4,6,11.859079122543335,-49.57398376464844,0.7140606045722961,0.7692703604698181,0.8256341218948364,9.999999747378752e-05,10.498758554458618,2.0863306522369385,1.360262155532837,6.700462818145752,0.14603328704833984,0.08610725402832031,1.412752628326416
4,7,16.503340005874634,-53.64880256652832,0.6895617246627808,0.7931299209594727,0.7538024187088013,0.0290016271173954,9.620157957077026,1.972792625427246,6.883144378662109,5.987006187438965,0.11745071411132812,0.08481645584106445,1.4128360748291016
4,8,10.685727596282959,-53.816581344604494,0.8042420744895935,0.6370376944541931,0.6739152669906616,0.04967984929680824,9.278242111206055,1.9715852737426758,1.407444953918457,5.658204793930054,0.11669039726257324,0.08534097671508789,1.400322437286377
4,9,15.259547472000122,-56.06964454650879,0.84998619556427,0.760448694229126,0.6417555212974548,0.03052428737282753,10.220421314239502,1.969583511352539,5.03908634185791,6.599634885787964,0.11620545387268066,0.08421540260314941,1.40547513961792
4,10,11.593962669372559,-56.079895401000975,0.7920618653297424,0.8142309188842773,0.7073754072189331,0.019092023372650146,10.001330375671387,1.9698193073272705,1.592594861984253,6.37997841835022,0.11625027656555176,0.08441805839538574,1.4053635597229004
4,11,12.501282930374146,-46.79959144592285,0.79522705078125,0.6277632117271423,0.8080267906188965,9.999999747378752e-05,9.923411130905151,1.9721086025238037,2.577838182449341,6.295288801193237,0.11616826057434082,0.08438515663146973,1.4097259044647217
4,12,10.57085394859314,-50.93130760192871,0.7940991520881653,0.5709869265556335,0.8391476273536682,0.02174639329314232,9.184927463531494,1.9363505840301514,1.3858911991119385,5.610430002212524,0.11459469795227051,0.08388829231262207,1.3952548503875732
4,13,14.806148767471313,-42.26923713684082,0.9369891285896301,0.6221025586128235,0.593078076839447,9.999999747378752e-05,9.64876389503479,1.9632210731506348,5.15734338760376,6.000957489013672,0.1159818172454834,0.08500409126281738,1.4381847381591797
4,14,12.0381498336792,-42.38348541259766,0.9998999834060669,0.6518997550010681,0.5619716644287109,9.999999747378752e-05,10.63955044746399,1.941401481628418,1.3985576629638672,7.062170505523682,0.11399054527282715,0.08306765556335449,1.3946857452392578
4,15,11.838114023208618,-40.43931541442871,0.9148062467575073,0.5412198305130005,0.6426123380661011,9.999999747378752e-05,9.365185976028442,1.9687554836273193,2.4728920459747314,5.745992422103882,0.11626076698303223,0.08454656600952148,1.4043593406677246
4,16,14.074256896972656,-48.5811710357666,0.9998999834060669,0.5293372869491577,0.7942796349525452,0.019330382347106934,12.69369626045227,2.110499858856201,1.3805110454559326,8.888981342315674,0.14331698417663574,0.0879974365234375,1.3950252532958984
4,17,17.915705680847168,-44.63187789916992,0.9998999834060669,0.6573168039321899,0.6258028745651245,9.999999747378752e-05,10.605486869812012,1.9256436824798584,7.310183525085449,7.0514750480651855,0.11354231834411621,0.08338809013366699,1.3871629238128662
4,18,12.384639978408813,-53.282229614257815,0.9857951402664185,0.6627140045166016,0.6551570892333984,0.041386719793081284,11.03461766242981,1.9382028579711914,1.3499870300292969,7.465450286865234,0.11432981491088867,0.082733154296875,1.3899874687194824
4,19,17.786260843276978,-48.392202377319336,0.8803367614746094,0.6734558343887329,0.7328470349311829,9.999999747378752e-05,9.982818126678467,1.9917175769805908,7.803400278091431,6.334009647369385,0.11687445640563965,0.08497500419616699,1.4092061519622803
4,20,11.950588703155518,-41.916082763671874,0.9998999834060669,0.6957265138626099,0.5189850330352783,9.999999747378752e-05,10.611601114273071,1.9294087886810303,1.3389523029327393,7.054367303848267,0.11341643333435059,0.08264660835266113,1.3874609470367432
4,21,10.84926962852478,-46.91583137512207,0.8294176459312439,0.7724409103393555,0.6299012899398804,9.999999747378752e-05,9.512786149978638,1.936734914779663,1.3364484310150146,5.866711854934692,0.11294102668762207,0.08220815658569336,1.4705023765563965
4,22,11.75163459777832,-38.760209274291995,0.9998999834060669,0.6024779677391052,0.5395384430885315,9.999999747378752e-05,10.401992797851562,1.9474458694458008,1.3496088981628418,6.821069955825806,0.11443495750427246,0.08459115028381348,1.3898677825927734
4,23,11.740013599395752,-65.25161514282226,0.7808321714401245,0.7294759750366211,0.6345179080963135,0.11029066145420074,10.377825260162354,2.0868964195251465,1.3621280193328857,6.6189868450164795,0.1344919204711914,0.08792662620544434,1.3915531635284424
4,24,11.456004858016968,-49.81108474731445,0.8000714182853699,0.7832587361335754,0.7265123128890991,9.999999747378752e-05,10.105832815170288,2.0009078979492188,1.350121021270752,6.468614816665649,0.11456656455993652,0.08394145965576172,1.3919916152954102
4,25,11.549448728561401,-63.127742004394534,0.8368770480155945,0.8132498860359192,0.6240622401237488,0.0692572146654129,10.233500957489014,1.9923946857452393,1.3158879280090332,6.59967303276062,0.12145185470581055,0.08442878723144531,1.3878452777862549
4,26,11.440420866012573,-63.78146324157715,0.7406104207038879,0.7654761075973511,0.7983779907226562,0.08752240985631943,10.103677749633789,1.9535458087921143,1.3367066383361816,6.5151708126068115,0.11464357376098633,0.08393311500549316,1.3923892974853516
4,27,11.241594314575195,-53.2247989654541,0.8274518251419067,0.6791015863418579,0.7207865715026855,0.022365715354681015,9.892541885375977,1.9312942028045654,1.349017858505249,6.328989267349243,0.11407876014709473,0.08322310447692871,1.3905911445617676
4,28,13.35593557357788,-56.50184516906738,0.8549053072929382,0.696916401386261,0.7766779065132141,0.02221526950597763,10.98452639579773,1.9879670143127441,2.3713653087615967,7.342580795288086,0.11609911918640137,0.08538269996643066,1.4067895412445068
4,29,11.56913685798645,-60.23149528503418,0.8943787813186646,0.5992488861083984,0.7169531583786011,0.06543106585741043,10.18492865562439,1.9742193222045898,1.3841679096221924,6.56229043006897,0.11657285690307617,0.08448219299316406,1.4014699459075928
4,30,11.610177278518677,-47.55150604248047,0.7985726594924927,0.7056474089622498,0.7313318252563477,9.999999747378752e-05,9.992057800292969,2.0717198848724365,1.6180791854858398,6.25185751914978,0.11848235130310059,0.0874490737915039,1.4159681797027588
5,1,12.664802312850952,-142.8669204711914,0.8377509117126465,0.6231729388237,0.7053231000900269,0.04254691302776337,11.261584043502808,2.0857317447662354,1.4031808376312256,7.533098459243774,0.11557769775390625,0.08373212814331055,1.3986225128173828
5,2,13.00441026687622,-146.59593048095704,0.9601417183876038,0.5766944885253906,0.5299898386001587,0.1127554327249527,11.659351825714111,2.111368179321289,1.3450186252593994,7.91183614730835,0.11594462394714355,0.08610701560974121,1.3895323276519775
5,3,14.469770193099976,-105.36462173461913,0.9998999834060669,0.5579544305801392,0.6155697107315063,9.999999747378752e-05,13.104970693588257,2.093482255935669,1.3647582530975342,9.377134799957275,0.11384892463684082,0.08249306678771973,1.3943331241607666
5,4,12.69531536102295,-114.5931495666504,0.7936484813690186,0.6442481279373169,0.7071263194084167,0.029784176498651505,11.300390720367432,2.2601237297058105,1.3948826789855957,7.221552133560181,0.11869239807128906,0.15113568305969238,1.5029380321502686
5,5,14.427186727523804,-176.97298431396484,0.9493938684463501,0.6472882032394409,0.5768955945968628,0.1180841475725174,13.02397108078003,2.1125755310058594,1.4031813144683838,9.262817144393921,0.1162261962890625,0.08539652824401855,1.4015908241271973
5,6,19.164904356002808,-136.9794662475586,0.8286978602409363,0.6633065938949585,0.693332850933075,0.026927728205919266,11.601335287094116,2.1058690547943115,7.563532114028931,7.85802960395813,0.1134023666381836,0.08380389213562012,1.3964509963989258
5,7,13.701054334640503,-167.10506744384764,0.8239182829856873,0.6853010654449463,0.7566031813621521,0.048748526722192764,12.337620496749878,2.1149978637695312,1.363389015197754,8.591775178909302,0.11409521102905273,0.08440566062927246,1.3879163265228271
5,8,13.891698122024536,-118.58654861450195,0.7964456081390381,0.8080423474311829,0.5919450521469116,9.999999747378752e-05,11.471902847290039,2.1140778064727783,2.4197566509246826,7.71304726600647,0.11559367179870605,0.08501219749450684,1.398421287536621
5,9,12.80942177772522,-133.27645263671874,0.9361853003501892,0.5781449675559998,0.6293005347251892,0.03578132390975952,11.426815509796143,2.090216875076294,1.3825671672821045,7.698846817016602,0.11466288566589355,0.08402037620544434,1.3942575454711914
5,10,18.332459926605225,-137.65414733886718,0.9950562119483948,0.3906804621219635,0.6302477717399597,0.14858472347259521,11.28108525276184,2.0732479095458984,7.051339387893677,7.5754358768463135,0.11446785926818848,0.08405089378356934,1.3896512985229492
5,11,13.200496196746826,-133.81603393554687,0.8364841938018799,0.6999776363372803,0.7100369334220886,0.053243108093738556,11.816016674041748,2.094658851623535,1.3844430446624756,8.085582733154297,0.11507034301757812,0.08438873291015625,1.3916542530059814
5,12,18.488234758377075,-151.5075698852539,0.7526993155479431,0.7066572904586792,0.8069722652435303,0.02417556196451187,12.175067901611328,2.1595804691314697,6.3131303787231445,8.351998567581177,0.11797499656677246,0.08667445182800293,1.4123239517211914
5,13,15.659332752227783,-155.62430114746093,0.9401893615722656,0.7921456694602966,0.6415620446205139,0.03588540479540825,14.275481462478638,2.119277000427246,1.3838133811950684,10.502431154251099,0.11587810516357422,0.08478093147277832,1.4082024097442627
5,14,12.255102157592773,-147.68972473144532,0.8170579075813293,0.7171005606651306,0.6325215697288513,0.05887037515640259,10.868087768554688,2.1201679706573486,1.386979103088379,7.103742599487305,0.11532282829284668,0.0847475528717041,1.3994009494781494
5,15,15.263174772262573,-120.43558197021484,0.9908536672592163,0.6079239249229431,0.6683613061904907,9.999999747378752e-05,13.93873906135559,2.097379684448242,1.3243963718414307,10.205755472183228,0.11485505104064941,0.08521080017089844,1.391007423400879
5,16,13.638679265975952,-151.40465545654297,0.8531585335731506,0.6851533651351929,0.6749095320701599,0.04595321789383888,12.213942766189575,2.088771104812622,1.4246981143951416,8.497740983963013,0.1139073371887207,0.08336997032165527,1.385955572128296
5,17,13.503366231918335,-167.9498764038086,0.9439547061920166,0.5318670868873596,0.6225271821022034,0.1367376744747162,12.04402232170105,2.0859241485595703,1.459303379058838,8.324868202209473,0.11451053619384766,0.08374905586242676,1.3912601470947266
5,18,12.893826723098755,-109.77893905639648,0.9962111711502075,0.5421030521392822,0.6301740407943726,0.038734856992959976,11.534920930862427,2.0910589694976807,1.3588664531707764,7.806360721588135,0.11382889747619629,0.08373808860778809,1.3954243659973145
5,19,14.132536888122559,-165.72430419921875,0.9933276176452637,0.6177364587783813,0.5913354158401489,0.09301719814538956,12.705978393554688,2.1449198722839355,1.4265084266662598,8.907733678817749,0.12330365180969238,0.08615231513977051,1.391983985900879
5,20,13.615506649017334,-134.2393768310547,0.9998999834060669,0.5175895690917969,0.6144861578941345,0.06051427125930786,12.259695529937744,2.0842173099517822,1.3557612895965576,8.536957263946533,0.11411929130554199,0.08417057991027832,1.3958806991577148
5,21,14.441847085952759,-146.73329467773436,0.8639129996299744,0.6580146551132202,0.6699212789535522,0.05514489859342575,13.047850608825684,2.2497434616088867,1.3939597606658936,9.131900548934937,0.13110566139221191,0.08762478828430176,1.3904609680175781
5,22,13.361667156219482,-140.3778823852539,0.9998999834060669,0.5800833702087402,0.6631187200546265,0.045936744660139084,12.026744842529297,2.130427837371826,1.3348746299743652,8.257786273956299,0.11516571044921875,0.08470940589904785,1.3938448429107666
5,23,12.324772119522095,-116.96984329223633,0.7506739497184753,0.734660804271698,0.6778018474578857,9.999999747378752e-05,10.991870641708374,2.2011499404907227,1.3328495025634766,7.131457805633545,0.1271977424621582,0.08731198310852051,1.3907246589660645
5,24,13.424473285675049,-138.11522979736327,0.7914807200431824,0.7912117838859558,0.6360246539115906,0.022964967414736748,12.032124757766724,2.072894811630249,1.3923075199127197,8.32422137260437,0.11420369148254395,0.0830526351928711,1.3929529190063477
5,25,16.518782377243042,-127.66693878173828,0.9046304821968079,0.6154409646987915,0.7631928324699402,9.999999747378752e-05,15.092867136001587,2.188302755355835,1.425877332687378,11.265278100967407,0.11679220199584961,0.08621811866760254,1.3905539512634277
5,26,13.68950605392456,-152.29037322998047,0.7788377404212952,0.727523148059845,0.6885894536972046,0.042436376214027405,12.35538387298584,2.2536261081695557,1.334061861038208,8.38131833076477,0.15390849113464355,0.09049201011657715,1.4044058322906494
5,27,13.768805027008057,-127.88993911743164,0.8647817969322205,0.5860427021980286,0.7557047009468079,0.010961435735225677,12.413763046264648,2.1336491107940674,1.3550057411193848,8.633258819580078,0.11561775207519531,0.08498716354370117,1.4007911682128906
5,28,12.27435851097107,-101.41623992919922,0.820739209651947,0.5753336548805237,0.6813867092132568,9.999999747378752e-05,10.918623447418213,2.121969223022461,1.35569429397583,7.145442485809326,0.1166374683380127,0.0856027603149414,1.4032444953918457
5,29,11.578866720199585,-109.60860443115234,0.6602386832237244,0.7232411503791809,0.7290195822715759,9.999999747378752e-05,10.200079679489136,2.225963830947876,1.378727912902832,6.307638645172119,0.13344168663024902,0.08629965782165527,1.3876607418060303
5,30,15.205543518066406,-147.3028793334961,0.9886304140090942,0.6212294101715088,0.6370208263397217,0.03524482995271683,13.876415252685547,2.082240343093872,1.3290860652923584,10.161582946777344,0.11414480209350586,0.08394694328308105,1.3902125358581543
7,1,15.237403392791748,-178.1719482421875,0.8511873483657837,0.5714057683944702,0.5098938345909119,9.999999747378752e-05,10.803189277648926,2.2732343673706055,4.434171199798584,6.878684043884277,0.11568260192871094,0.08504796028137207,1.4047977924346924
7,2,13.126118898391724,-177.99268646240233,0.8519911170005798,0.547510027885437,0.5343438982963562,9.999999747378752e-05,11.776327133178711,2.2619211673736572,1.349754810333252,7.863960027694702,0.11585092544555664,0.08684945106506348,1.4015817642211914
7,3,16.917417526245117,-177.52345123291016,0.8587049841880798,0.5542804002761841,0.49988606572151184,9.999999747378752e-05,11.617583274841309,2.254138946533203,5.29979395866394,7.713743448257446,0.11566710472106934,0.0845026969909668,1.404935359954834
7,4,12.917362451553345,-174.63135833740233,0.919746458530426,0.5030701160430908,0.5052269101142883,9.999999747378752e-05,11.392883062362671,2.2601075172424316,1.524444818496704,7.480697870254517,0.11631917953491211,0.08600807189941406,1.4040577411651611
7,5,16.64566421508789,-175.63945617675782,0.8739222288131714,0.5485085248947144,0.4998885989189148,9.999999747378752e-05,11.537786483764648,2.213242292404175,5.1078410148620605,7.6919543743133545,0.11356925964355469,0.08338236808776855,1.391251564025879
7,6,12.28424334526062,-179.66295013427734,0.8619222044944763,0.5561777949333191,0.537324845790863,9.999999747378752e-05,10.921201705932617,2.2209115028381348,1.3630077838897705,7.068838357925415,0.11437702178955078,0.08423137664794922,1.3882818222045898
7,7,18.23511028289795,-174.2889389038086,0.916196346282959,0.49635234475135803,0.5291584134101868,9.999999747378752e-05,11.588159322738647,2.3858988285064697,6.646888732910156,7.488176584243774,0.1445319652557373,0.08815836906433105,1.4131348133087158
7,8,12.171032905578613,-179.9025909423828,0.8243072628974915,0.5387864708900452,0.5649306774139404,9.999999747378752e-05,10.787575721740723,2.2496676445007324,1.3834214210510254,6.9016807079315186,0.11582565307617188,0.08366823196411133,1.3922686576843262
7,9,18.322951316833496,-175.71571502685546,0.8912209868431091,0.5588917136192322,0.5267713665962219,9.999999747378752e-05,11.201339483261108,2.2565953731536865,7.121571779251099,7.2844016551971436,0.11702394485473633,0.08633184432983398,1.4114704132080078
7,10,12.647184371948242,-177.33497467041016,0.8657602071762085,0.5281857848167419,0.5504164695739746,9.999999747378752e-05,11.247811555862427,2.232273578643799,1.3993330001831055,7.373386383056641,0.11536431312561035,0.08410978317260742,1.3979310989379883
7,11,20.804063320159912,-173.64654541015625,0.9014668464660645,0.516272246837616,0.5172865390777588,9.999999747378752e-05,11.121081829071045,2.2620980739593506,9.682943344116211,7.1961469650268555,0.11660218238830566,0.08740234375,1.4132938385009766
7,12,12.33474063873291,-177.24873962402344,0.9129669666290283,0.5311973094940186,0.5316134095191956,9.999999747378752e-05,10.929710149765015,2.2547569274902344,1.4049952030181885,7.031408071517944,0.11698555946350098,0.08529376983642578,1.395622968673706
7,13,12.33961820602417,-175.51153564453125,0.8844895362854004,0.531157910823822,0.5127403736114502,9.999999747378752e-05,10.96970009803772,2.2422046661376953,1.369882583618164,7.0925612449646,0.11438608169555664,0.08424997329711914,1.391388177871704
7,14,11.89268159866333,-181.1887176513672,0.8139556646347046,0.5801557898521423,0.5409421920776367,9.999999747378752e-05,10.563422918319702,2.261209011077881,1.3292205333709717,6.67070746421814,0.1147012710571289,0.08471989631652832,1.3875188827514648
7,15,12.731221675872803,-172.97010803222656,0.9382271766662598,0.4861743152141571,0.5191128849983215,9.999999747378752e-05,11.22580623626709,2.2489376068115234,1.5053741931915283,7.343358516693115,0.11451315879821777,0.08383941650390625,1.391010046005249
7,16,12.135792255401611,-178.01997985839844,0.8534482717514038,0.5463953614234924,0.5338535308837891,9.999999747378752e-05,10.806461811065674,2.2429864406585693,1.329296588897705,6.933397531509399,0.11451148986816406,0.08328700065612793,1.3880746364593506
7,17,12.439234733581543,-178.4226303100586,0.8455725312232971,0.5620037317276001,0.5242955088615417,9.999999747378752e-05,11.036916494369507,2.265275001525879,1.4022619724273682,7.130687475204468,0.11919879913330078,0.08485937118530273,1.389056921005249
7,18,12.421322107315063,-181.017626953125,0.8166324496269226,0.5781047344207764,0.5378923416137695,9.999999747378752e-05,11.057797908782959,2.233419179916382,1.363480806350708,7.181532621383667,0.11562395095825195,0.08373546600341797,1.3991289138793945
7,19,12.262062311172485,-176.36876983642577,0.8865569233894348,0.5492115020751953,0.5189480781555176,9.999999747378752e-05,10.930434703826904,2.2486283779144287,1.3315916061401367,7.050026178359985,0.11474990844726562,0.08407306671142578,1.3890156745910645
7,20,12.57829213142395,-172.1039566040039,0.8919772505760193,0.511012613773346,0.5285269021987915,9.999999747378752e-05,11.24451494216919,2.221895217895508,1.3337419033050537,7.3888630867004395,0.11400198936462402,0.08414363861083984,1.3912115097045898
7,21,12.812602043151855,-179.25800476074218,0.8463202118873596,0.5600904226303101,0.5290715098381042,9.999999747378752e-05,11.473752498626709,2.2185165882110596,1.3388147354125977,7.627999544143677,0.1138455867767334,0.0835409164428711,1.385817289352417
7,22,12.74993085861206,-175.5240921020508,0.8790603876113892,0.5092641115188599,0.5480337738990784,9.999999747378752e-05,11.384453535079956,2.2287867069244385,1.3654367923736572,7.523510456085205,0.11411166191101074,0.08437609672546387,1.3892896175384521
7,23,12.527355432510376,-177.7566879272461,0.8574133515357971,0.5468530058860779,0.5307314991950989,9.999999747378752e-05,11.157881498336792,2.2643516063690186,1.3694403171539307,7.26265287399292,0.11615562438964844,0.08367609977722168,1.3866984844207764
7,24,14.329296827316284,-167.5739486694336,0.9702536463737488,0.505150318145752,0.45964643359184265,9.999999747378752e-05,12.697449684143066,2.382730007171631,1.6318111419677734,8.64722752571106,0.11892580986022949,0.0872650146484375,1.4153621196746826
7,25,12.750022172927856,-176.47686157226562,0.8655285239219666,0.4835990071296692,0.5803199410438538,0.02816525474190712,11.421331405639648,2.2200207710266113,1.3286564350128174,7.566044807434082,0.11501669883728027,0.0834205150604248,1.3925817012786865
7,26,12.784483432769775,-174.83355865478515,0.8806342482566833,0.534711480140686,0.5174511075019836,9.999999747378752e-05,11.40030312538147,2.2634174823760986,1.384138822555542,7.503378391265869,0.1151583194732666,0.08456039428710938,1.3892943859100342
7,27,12.353104829788208,-177.53348693847656,0.8769506216049194,0.5395417213439941,0.5209342241287231,0.013262703083455563,11.010094404220581,2.2401087284088135,1.3429689407348633,7.137221813201904,0.11529421806335449,0.08362412452697754,1.3895297050476074
7,28,12.770496845245361,-173.74815521240234,0.8957160711288452,0.5189966559410095,0.5032636523246765,9.999999747378752e-05,11.384408950805664,2.2642154693603516,1.3860454559326172,7.484954357147217,0.11470890045166016,0.08516407012939453,1.390627145767212
7,29,13.680630683898926,-167.12125244140626,0.9379671812057495,0.5263104438781738,0.4695865213871002,9.999999747378752e-05,12.323659181594849,2.275862216949463,1.3569316864013672,8.414931058883667,0.1153111457824707,0.0837094783782959,1.3896534442901611
7,30,14.778557777404785,-170.30602569580077,0.9228391647338867,0.49675995111465454,0.5122561454772949,9.999999747378752e-05,13.39006781578064,2.454800844192505,1.3884315490722656,9.239474296569824,0.14622950553894043,0.09140253067016602,1.3906655311584473
8,1,17.66178059577942,-1488.488330078125,0.7963021993637085,0.6654060482978821,0.6356788277626038,0.007758286315947771,16.271013736724854,2.574279308319092,1.3907277584075928,12.043392896652222,0.11649417877197266,0.0854337215423584,1.405402421951294
8,2,17.886396169662476,-1582.57177734375,0.8411238193511963,0.6169927716255188,0.6307623386383057,0.022939464077353477,16.433821201324463,2.5701181888580322,1.4525361061096191,12.208634376525879,0.1155848503112793,0.08539724349975586,1.4082119464874268
8,3,17.016193628311157,-1606.4206909179688,0.8361070156097412,0.6201527714729309,0.6088137030601501,0.026058301329612732,15.65346074104309,2.5339410305023193,1.3626842498779297,11.478456258773804,0.11508893966674805,0.08476901054382324,1.3967490196228027
8,4,16.713176012039185,-1514.5707641601562,0.8200676441192627,0.6265106201171875,0.6460593342781067,0.014327148906886578,15.309391498565674,2.5253853797912598,1.4037463665008545,11.146831035614014,0.11485838890075684,0.08346271514892578,1.39375901222229
8,5,16.767798900604248,-1555.08115234375,0.7873267531394958,0.6604011058807373,0.6449822783470154,0.014415591023862362,15.443398714065552,2.7233264446258545,1.324357509613037,11.020415544509888,0.11765766143798828,0.09251976013183594,1.4428472518920898
8,6,17.58046269416809,-1523.5891967773437,0.8517837524414062,0.6193639039993286,0.6250778436660767,0.024952678009867668,16.172648429870605,2.541553258895874,1.4077751636505127,11.986156463623047,0.11597943305969238,0.08501052856445312,1.3987531661987305
8,7,16.442106008529663,-1544.372998046875,0.8033700585365295,0.6536010503768921,0.6284348964691162,0.016386838629841805,15.119404792785645,2.6112303733825684,1.3226573467254639,10.866096258163452,0.11641907691955566,0.08545899391174316,1.3946373462677002
8,8,18.79682207107544,-1536.8491333007812,0.8833110332489014,0.598293125629425,0.6097908020019531,0.019387537613511086,17.37626886367798,2.521033763885498,1.4205152988433838,13.214009761810303,0.11433172225952148,0.08430218696594238,1.3981647491455078
8,9,17.104548692703247,-1581.4019409179687,0.8320040106773376,0.6207742094993591,0.6161019802093506,0.0267893485724926,15.731321573257446,2.5307226181030273,1.3731825351715088,11.564493656158447,0.11461186408996582,0.08493161201477051,1.391737461090088
8,10,18.438547611236572,-1543.9458129882812,0.8257838487625122,0.6226471066474915,0.6427879929542542,0.014580175280570984,16.059953212738037,2.7146801948547363,2.378556251525879,11.664374113082886,0.11820530891418457,0.08727169036865234,1.4290611743927002
8,11,16.869723796844482,-1515.2659057617188,0.8185431361198425,0.6386154890060425,0.629862904548645,0.009893950074911118,15.455805540084839,2.7397143840789795,1.4138739109039307,11.042332649230957,0.11847925186157227,0.08893394470214844,1.419025182723999
8,12,16.80523109436035,-1489.1896606445312,0.8139905333518982,0.6360228657722473,0.6435428857803345,0.007687938865274191,15.34434175491333,2.5256290435791016,1.460843801498413,11.181070804595947,0.11419391632080078,0.08440780639648438,1.3939495086669922
8,13,16.93517255783081,-1572.614697265625,0.8243932723999023,0.6414283514022827,0.6335722208023071,0.02308756858110428,15.586485624313354,2.532711982727051,1.3486425876617432,11.419057369232178,0.11452913284301758,0.08444952964782715,1.3912575244903564
8,14,17.05658507347107,-1586.9526611328124,0.831160306930542,0.622179388999939,0.6320716738700867,0.02231660671532154,15.719287872314453,2.610365390777588,1.3372423648834229,11.465710401535034,0.11621236801147461,0.08662748336791992,1.3935418128967285
8,15,16.438757181167603,-1567.2021850585938,0.8037707209587097,0.6573359966278076,0.6270866394042969,0.030202116817235947,15.121960401535034,2.5342795848846436,1.3167531490325928,10.947909593582153,0.11599922180175781,0.08412289619445801,1.3943545818328857
8,16,16.99205207824707,-1581.1453125,0.8231697082519531,0.6298385262489319,0.6268731355667114,0.02097414992749691,15.645643472671509,2.527226448059082,1.3463659286499023,11.483606338500977,0.11435532569885254,0.08456635475158691,1.3909082412719727
8,17,17.360215425491333,-1523.5028442382813,0.8270275592803955,0.645902156829834,0.64248126745224,0.04535643756389618,15.982423543930054,2.530289888381958,1.3777494430541992,11.815949201583862,0.11344194412231445,0.08469343185424805,1.3939220905303955
8,18,16.862894773483276,-1529.4468994140625,0.8193541765213013,0.6196831464767456,0.6567471623420715,0.010916114784777164,15.465154647827148,2.528895854949951,1.3976976871490479,11.297894477844238,0.11423325538635254,0.08510708808898926,1.3943397998809814
8,19,17.057673931121826,-1545.9203247070313,0.8074970245361328,0.6334500908851624,0.6417472958564758,0.015264215879142284,15.734219074249268,2.5981950759887695,1.323399543762207,11.485303163528442,0.1209707260131836,0.08834362030029297,1.3900294303894043
8,20,17.04838991165161,-1575.2425415039063,0.830743134021759,0.6261170506477356,0.6408794522285461,0.02740730717778206,15.70895504951477,2.526639938354492,1.33939528465271,11.541082859039307,0.11476349830627441,0.0841665267944336,1.3974072933197021
8,21,17.7080979347229,-1480.711767578125,0.8327229022979736,0.6372866034507751,0.6326716542243958,0.010404693894088268,16.368541479110718,2.526024103164673,1.3395147323608398,12.203856229782104,0.11545252799987793,0.0845022201538086,1.3938839435577393
8,22,17.075341939926147,-1544.6440063476562,0.8284324407577515,0.6314608454704285,0.6249920129776001,0.012129544280469418,15.740682601928711,2.5166800022125244,1.3346185684204102,11.589484453201294,0.11489129066467285,0.08379626274108887,1.3909687995910645
8,23,16.532357931137085,-1593.4644287109375,0.8115189075469971,0.6261879205703735,0.6352975368499756,0.025536108762025833,15.140014886856079,2.5268237590789795,1.3923068046569824,10.976147651672363,0.11543488502502441,0.08422136306762695,1.3928964138031006
8,24,17.91373109817505,-1447.749462890625,0.8140637874603271,0.6525768637657166,0.6368134021759033,0.010504703968763351,16.554462432861328,2.6725142002105713,1.3592054843902588,12.212036609649658,0.13144493103027344,0.08817338943481445,1.3936347961425781
8,25,16.951672077178955,-1594.5264282226562,0.8193530440330505,0.6376352310180664,0.6153841614723206,0.024881593883037567,15.579139471054077,2.533562660217285,1.3724937438964844,11.404925346374512,0.11451005935668945,0.08396768569946289,1.3975040912628174
8,26,16.804667234420776,-1611.8817626953125,0.8435029983520508,0.6162114143371582,0.6060857176780701,0.0312076173722744,15.468661069869995,2.5489988327026367,1.3359675407409668,11.282811880111694,0.1147005558013916,0.08468985557556152,1.3926787376403809
8,27,16.804451942443848,-1551.9101684570312,0.8353762626647949,0.6232739090919495,0.6260770559310913,0.01572861336171627,15.424957752227783,2.5522620677948,1.3794567584991455,11.237226724624634,0.11418652534484863,0.0845639705657959,1.3920934200286865
8,28,17.766182899475098,-1552.8134765625,0.8372877240180969,0.6355950236320496,0.6119681000709534,0.020657602697610855,16.40746521949768,2.5503103733062744,1.3586816787719727,12.21609616279602,0.11512041091918945,0.08530998229980469,1.3950772285461426
8,29,16.443877696990967,-1558.2344848632813,0.8158721327781677,0.6320282816886902,0.6397098898887634,0.025235984474420547,15.073780059814453,2.5562126636505127,1.370058536529541,10.881064891815186,0.11486458778381348,0.0848388671875,1.3918964862823486
8,30,17.278236865997314,-1566.515625,0.8212460875511169,0.6447739601135254,0.6196366548538208,0.017524585127830505,15.906164646148682,2.5610649585723877,1.372032880783081,11.706676959991455,0.1143791675567627,0.08516883850097656,1.3940041065216064
9,1,21.14251136779785,-4116.2635498046875,0.8543709516525269,0.622069776058197,0.6182662844657898,0.03738715872168541,19.727290391921997,2.727642297744751,1.4152040481567383,15.35342288017273,0.11550664901733398,0.08609223365783691,1.3992111682891846
9,2,20.741416931152344,-4173.3462890625,0.8572606444358826,0.6097469329833984,0.6112990975379944,0.05122790485620499,19.401208877563477,2.6734397411346436,1.3401892185211182,15.089900016784668,0.11320757865905762,0.08401799201965332,1.3961830139160156
9,3,21.058757305145264,-4318.358154296875,0.8564243316650391,0.605964183807373,0.6070513129234314,0.059278689324855804,19.650798320770264,2.760281562805176,1.40794038772583,15.226624727249146,0.12290811538696289,0.08899617195129395,1.402259349822998
9,4,21.428480625152588,-4165.74287109375,0.8509569764137268,0.6042979955673218,0.6121264100074768,0.04646267369389534,20.028788328170776,2.7163548469543457,1.399667739868164,15.649048805236816,0.11685633659362793,0.08706212043762207,1.4126613140106201
9,5,20.40715217590332,-4141.544775390625,0.8426348567008972,0.6088732481002808,0.6295960545539856,0.04168536514043808,19.05390167236328,2.73706316947937,1.3532323837280273,14.653604984283447,0.11676716804504395,0.0870213508605957,1.4125709533691406
9,6,21.140411376953125,-4196.00341796875,0.840033233165741,0.6162136197090149,0.6248776912689209,0.04589615389704704,19.73013210296631,2.713045120239258,1.4102609157562256,15.351054191589355,0.11807942390441895,0.08627676963806152,1.4147729873657227
9,7,20.38148283958435,-4045.13427734375,0.840659499168396,0.6182529926300049,0.643862247467041,0.035478927195072174,19.003976106643677,2.7264816761016846,1.3774864673614502,14.622210264205933,0.11908984184265137,0.0856943130493164,1.4028851985931396
9,8,22.263789653778076,-4001.4395263671877,0.8460114598274231,0.6250687837600708,0.6270527839660645,0.029857179149985313,20.610031366348267,2.7162363529205322,1.6537361145019531,16.229516744613647,0.11801719665527344,0.08748221397399902,1.411128044128418
9,9,21.29090142250061,-4214.15419921875,0.8652545809745789,0.599571943283081,0.6119157075881958,0.05289570242166519,19.7830867767334,2.672408103942871,1.5077948570251465,15.470669746398926,0.11381697654724121,0.08424949645996094,1.3975985050201416
9,10,21.367372035980225,-4117.17685546875,0.8517932891845703,0.605133056640625,0.6292003393173218,0.04005129635334015,20.044602632522583,2.699587106704712,1.3227522373199463,15.702567338943481,0.1145470142364502,0.08474063873291016,1.3976647853851318
9,11,20.829674005508423,-4123.972705078125,0.8457780480384827,0.6328095197677612,0.6067913770675659,0.04092324525117874,19.483357667922974,2.7371749877929688,1.346299648284912,15.09470534324646,0.11772823333740234,0.0872659683227539,1.3986587524414062
9,12,20.91564440727234,-4224.89267578125,0.8470714688301086,0.6163219809532166,0.6279352307319641,0.05329723656177521,19.557966232299805,2.7240357398986816,1.3576598167419434,15.176158428192139,0.11550641059875488,0.08634281158447266,1.409674882888794
9,13,20.725067615509033,-4130.01904296875,0.8421654105186462,0.6283237934112549,0.6175112724304199,0.04026205465197563,19.27659773826599,2.7288198471069336,1.4484505653381348,14.88684630393982,0.11697053909301758,0.08768391609191895,1.4095361232757568
9,14,20.82524800300598,-4254.2080078125,0.8561471700668335,0.62076336145401,0.6086365580558777,0.059848248958587646,19.46597409248352,2.6730058193206787,1.3592529296875,15.144977807998657,0.1143190860748291,0.08544731140136719,1.4029946327209473
9,15,20.952172994613647,-4186.38271484375,0.8680107593536377,0.6212652325630188,0.5915867686271667,0.04933631792664528,19.540032148361206,2.6776716709136963,1.4121222496032715,15.2162606716156,0.11582398414611816,0.08556199073791504,1.3988866806030273
9,16,21.290504217147827,-4109.065380859375,0.8388544321060181,0.6264529228210449,0.6248428225517273,0.03391854092478752,19.810261011123657,2.6727781295776367,1.4802236557006836,15.48593544960022,0.11530947685241699,0.08514833450317383,1.4057869911193848
9,17,21.443188190460205,-4184.009814453125,0.8648622035980225,0.6133063435554504,0.6038421988487244,0.04552211984992027,20.078819751739502,2.6572141647338867,1.364351749420166,15.782651901245117,0.11406564712524414,0.08471894264221191,1.3954956531524658
9,18,19.912457942962646,-4202.16826171875,0.8323298096656799,0.6238441467285156,0.6375842094421387,0.047470200806856155,18.564061164855957,2.745701789855957,1.348379373550415,14.175503492355347,0.11529278755187988,0.0855712890625,1.3967680931091309
9,19,21.15426015853882,-4137.961474609375,0.8598045110702515,0.6192216873168945,0.6037017107009888,0.04122518375515938,19.818124532699585,2.6847712993621826,1.3361096382141113,15.48933744430542,0.11501884460449219,0.08517599105834961,1.3989696502685547
9,20,24.53230619430542,-4110.4871826171875,0.8439547419548035,0.6045884490013123,0.6327428221702576,0.03911855071783066,20.90538740158081,2.679563283920288,3.626899003982544,16.56218457221985,0.1160268783569336,0.08519315719604492,1.4171240329742432
9,21,20.0691339969635,-4115.153759765625,0.8216913938522339,0.6204737424850464,0.6508764028549194,0.03655093163251877,18.701781034469604,2.6857848167419434,1.3673324584960938,14.37560486793518,0.11402606964111328,0.08475899696350098,1.39640474319458
9,22,20.811365604400635,-4227.07509765625,0.8466683626174927,0.6145605444908142,0.6208762526512146,0.0497940294444561,19.460277557373047,2.6776323318481445,1.3510687351226807,15.134830713272095,0.11589598655700684,0.08585381507873535,1.400486946105957
9,23,20.308289527893066,-4207.023779296875,0.8548762798309326,0.6268680095672607,0.6137186288833618,0.05661588907241821,18.981712818145752,2.684248685836792,1.3265578746795654,14.654341220855713,0.1143798828125,0.08607935905456543,1.397249460220337
9,24,26.39590549468994,-4163.529833984375,0.8487749695777893,0.6139541864395142,0.6191018223762512,0.04359861835837364,19.55972123146057,2.6505401134490967,6.836166620254517,15.2580726146698,0.11356282234191895,0.0840296745300293,1.4089365005493164
9,25,20.88293766975403,-4143.8951171875,0.8414648175239563,0.6168299317359924,0.6299763917922974,0.04276451840996742,19.533286094665527,2.7254796028137207,1.3496344089508057,15.157383680343628,0.11663508415222168,0.0869455337524414,1.4015557765960693
9,26,20.11641788482666,-4267.821435546875,0.8554149270057678,0.6189327239990234,0.6016350388526917,0.05545886233448982,18.74204111099243,2.6712284088134766,1.3743572235107422,14.429209232330322,0.11431694030761719,0.08399200439453125,1.3988065719604492
9,27,21.172447681427002,-4102.112060546875,0.8658513426780701,0.6086279153823853,0.6168932318687439,0.03985554724931717,19.836214542388916,2.676179885864258,1.3362135887145996,15.509424209594727,0.1151120662689209,0.08487915992736816,1.4049546718597412
9,28,23.982754230499268,-4236.484765625,0.8584543466567993,0.6190634369850159,0.6072742938995361,0.049514371901750565,19.204009532928467,2.713270425796509,4.778726577758789,14.822340488433838,0.11636972427368164,0.0863943099975586,1.420118808746338
9,29,20.776498079299927,-4164.277294921875,0.8490970730781555,0.6215647459030151,0.6168428659439087,0.04317369684576988,19.396421670913696,2.667205333709717,1.380056381225586,15.082373142242432,0.11422944068908691,0.08477640151977539,1.4029808044433594
9,30,20.722447395324707,-4220.37744140625,0.8594298958778381,0.602988064289093,0.6280819177627563,0.0545661523938179,19.295827865600586,2.6926510334014893,1.4265985488891602,14.9597749710083,0.11466193199157715,0.08620476722717285,1.3973195552825928
10,1,27.828177452087402,-11691.3880859375,0.8812174201011658,0.6031455993652344,0.608119547367096,0.07125624269247055,26.427759885787964,2.8461720943450928,1.400395154953003,21.92250680923462,0.11758542060852051,0.08831119537353516,1.4069037437438965
10,2,26.851215839385986,-11734.0080078125,0.8817827701568604,0.5945605039596558,0.610352635383606,0.07687128335237503,25.51990246772766,2.8342864513397217,1.331294298171997,21.03959846496582,0.11497306823730469,0.08717656135559082,1.3984181880950928
10,3,26.971564292907715,-11746.799609375,0.8874538540840149,0.597540557384491,0.6001666188240051,0.07765502482652664,25.579649209976196,2.8129372596740723,1.3918933868408203,21.11404538154602,0.1138455867767334,0.08724761009216309,1.4065639972686768
10,4,26.76692843437195,-11858.81728515625,0.8906468749046326,0.5947510600090027,0.5971980094909668,0.08489055931568146,25.350041389465332,2.828673839569092,1.4168672561645508,20.86917996406555,0.11592531204223633,0.0873103141784668,1.4038441181182861
10,5,26.202072143554688,-11902.234375,0.875308096408844,0.6016545295715332,0.5971459746360779,0.0803685337305069,24.77485942840576,3.0347888469696045,1.4271905422210693,20.027872323989868,0.1185917854309082,0.0902397632598877,1.456531047821045
10,6,26.14495277404785,-11896.55595703125,0.8804200291633606,0.6110950112342834,0.6100834012031555,0.08342591673135757,24.720154285430908,2.846719980239868,1.4247753620147705,20.204843282699585,0.11629533767700195,0.0878758430480957,1.4185683727264404
10,7,26.762786865234375,-11738.51416015625,0.8746262192726135,0.6116385459899902,0.6066988706588745,0.07373495399951935,25.377550840377808,2.8257501125335693,1.3852128982543945,20.89647889137268,0.11532855033874512,0.0875253677368164,1.406712293624878
10,8,27.131420850753784,-11827.093359375,0.8787214159965515,0.6022348999977112,0.6063053011894226,0.07994344830513,25.772342920303345,3.0132687091827393,1.3590576648712158,21.061553239822388,0.1346724033355713,0.0941612720489502,1.4061400890350342
10,9,26.47480344772339,-11889.458203125,0.8793628215789795,0.5995392203330994,0.6071632504463196,0.0809139683842659,25.106022834777832,2.9275734424591064,1.3687586784362793,20.507930517196655,0.11782097816467285,0.08918476104736328,1.4166309833526611
10,10,26.61401891708374,-11823.50087890625,0.8926264643669128,0.6041915416717529,0.5860157608985901,0.07954540848731995,25.17718744277954,2.8798370361328125,1.4368128776550293,20.63060760498047,0.1168212890625,0.08948898315429688,1.4133422374725342
10,11,26.96184492111206,-11927.80439453125,0.8790643811225891,0.603028416633606,0.6001486778259277,0.08169777691364288,25.59100651741028,2.939910650253296,1.3708181381225586,20.965097904205322,0.12829971313476562,0.09227252006530762,1.4098546504974365
10,12,26.235182762145996,-11751.01318359375,0.8776829242706299,0.6013771295547485,0.6100764870643616,0.0771891176700592,24.82322597503662,2.863994598388672,1.411935567855835,20.292280197143555,0.11663031578063965,0.08907032012939453,1.4147353172302246
10,13,26.13145160675049,-11815.42490234375,0.8776592016220093,0.6096123456954956,0.6039417386054993,0.07975086569786072,24.75191879272461,2.882885217666626,1.3795111179351807,20.217486143112183,0.11554479598999023,0.08774089813232422,1.4030535221099854
10,14,26.619431257247925,-11873.7685546875,0.8799126148223877,0.6019176840782166,0.5992114543914795,0.0826806128025055,25.263620615005493,2.836057424545288,1.3557894229888916,20.768483638763428,0.11729216575622559,0.08852410316467285,1.4059851169586182
10,15,26.57459568977356,-11662.555859375,0.8751558065414429,0.6108777523040771,0.608834981918335,0.06885010004043579,25.123480081558228,2.8681488037109375,1.4510955810546875,20.591426134109497,0.1160435676574707,0.08891057968139648,1.4116992950439453
10,16,27.79179811477661,-11746.74765625,0.891679048538208,0.6003588438034058,0.5979222655296326,0.07700419425964355,26.291107654571533,2.813230037689209,1.50067138671875,21.821157693862915,0.1147756576538086,0.0876924991607666,1.4093189239501953
10,17,26.140695810317993,-11937.7373046875,0.874511182308197,0.6013906002044678,0.600175142288208,0.07875611633062363,24.71337628364563,2.825542688369751,1.4272985458374023,20.238401651382446,0.11473679542541504,0.08716154098510742,1.4027369022369385
10,18,27.141245365142822,-11880.3265625,0.879973292350769,0.6027842164039612,0.6009644865989685,0.08236461877822876,25.772570610046387,2.827702522277832,1.3686556816101074,21.29260015487671,0.11519455909729004,0.08630681037902832,1.4065649509429932
10,19,27.01465916633606,-11851.7869140625,0.8793596029281616,0.6083568334579468,0.6047347187995911,0.07648205012083054,25.54673981666565,2.8326914310455322,1.4679005146026611,21.06150197982788,0.1141965389251709,0.08879804611206055,1.4038169384002686
10,20,26.36254644393921,-11743.116796875,0.8814775943756104,0.6019467711448669,0.6038265228271484,0.07545709609985352,24.985758543014526,2.8231091499328613,1.3767683506011963,20.517669916152954,0.11417269706726074,0.08699846267700195,1.398751974105835
10,21,26.775881052017212,-11858.6619140625,0.8900141716003418,0.6016238927841187,0.5991936922073364,0.0800899863243103,25.439141511917114,2.8211517333984375,1.3367187976837158,20.96221113204956,0.11716771125793457,0.08817100524902344,1.4046258926391602
10,22,26.20751667022705,-11764.1435546875,0.8762648105621338,0.601457953453064,0.6072995662689209,0.07433921098709106,24.72367787361145,2.831753969192505,1.4838194847106934,20.23991847038269,0.1146390438079834,0.0877835750579834,1.4039020538330078
10,23,26.42148232460022,-11905.41025390625,0.8787182569503784,0.5977933406829834,0.6054614186286926,0.08051770180463791,25.08056092262268,2.8305504322052,1.34089994430542,20.595726013183594,0.11478447914123535,0.08841657638549805,1.4055254459381104
10,24,26.677286863327026,-11823.9427734375,0.8805669546127319,0.596514880657196,0.6070942282676697,0.0789652019739151,25.249780654907227,2.9321138858795166,1.4274799823760986,20.645046710968018,0.12585973739624023,0.09078240394592285,1.4020726680755615
10,25,27.463874101638794,-11652.86005859375,0.885955810546875,0.6001697778701782,0.6103917956352234,0.07538515329360962,26.11764693260193,2.8211727142333984,1.346207857131958,21.643720626831055,0.11493587493896484,0.08864140510559082,1.4030168056488037
10,26,26.940934658050537,-11782.51884765625,0.8819330334663391,0.6111385822296143,0.600353479385376,0.07737177610397339,25.562769174575806,2.845374822616577,1.378147840499878,21.056232213974,0.11600279808044434,0.08856511116027832,1.410982370376587
10,27,26.747914791107178,-11770.63291015625,0.8762191534042358,0.6085672378540039,0.6054542660713196,0.07349546253681183,25.251148223876953,2.8259615898132324,1.4967460632324219,20.77459716796875,0.11478137969970703,0.0877072811126709,1.4020991325378418
10,28,26.745219945907593,-11896.23427734375,0.8766873478889465,0.6025548577308655,0.5994848012924194,0.08244019746780396,24.786622285842896,2.8715546131134033,1.9585769176483154,20.26138186454773,0.11540961265563965,0.08686017990112305,1.406395673751831
10,29,27.000335931777954,-11738.4310546875,0.885285496711731,0.5958617925643921,0.6022642850875854,0.07549750804901123,25.58508610725403,2.8207345008850098,1.415231704711914,21.11115574836731,0.11402750015258789,0.08761715888977051,1.4062700271606445
10,30,28.13719367980957,-11734.84560546875,0.8784450888633728,0.6093022227287292,0.5997393727302551,0.07459839433431625,26.750855684280396,2.8112525939941406,1.3863160610198975,22.290785551071167,0.11397504806518555,0.08674025535583496,1.4030847549438477
11,1,33.5146279335022,-31871.741796875,0.8895785212516785,0.5966798067092896,0.5912034511566162,0.10956907272338867,32.134459257125854,3.268848419189453,1.380105972290039,27.139968395233154,0.14539313316345215,0.09858584403991699,1.4114134311676025
11,2,33.26639127731323,-31662.4412109375,0.8869707584381104,0.5988512635231018,0.5929777026176453,0.1048680767416954,31.870046377182007,2.992810010910034,1.3962981700897217,27.20712447166443,0.1160881519317627,0.09068059921264648,1.4171252250671387
11,3,33.14317059516907,-31813.5642578125,0.8941177725791931,0.5934004187583923,0.5909122824668884,0.10765615105628967,31.78146243095398,3.0556552410125732,1.3616344928741455,27.050594329833984,0.12159466743469238,0.09236025810241699,1.4106090068817139
11,4,33.960792541503906,-31748.9859375,0.9022701382637024,0.5854582190513611,0.5902696847915649,0.11116989701986313,32.59083604812622,3.0008769035339355,1.3699040412902832,27.923572301864624,0.11500358581542969,0.09041023254394531,1.4149634838104248
11,5,33.205843925476074,-31971.5640625,0.8875129222869873,0.5962356328964233,0.5897322297096252,0.111168771982193,31.822373151779175,3.0059726238250732,1.3834223747253418,27.159024715423584,0.1146230697631836,0.08962655067443848,1.4075922966003418
11,6,33.81895136833191,-31606.4609375,0.8851580023765564,0.5992786884307861,0.5976758599281311,0.10307673364877701,32.47302484512329,3.1687252521514893,1.345860481262207,27.604488611221313,0.13249945640563965,0.09542012214660645,1.4107167720794678
11,7,32.75112986564636,-31981.7328125,0.8976895809173584,0.5817162394523621,0.5908122658729553,0.11437828838825226,31.317153215408325,2.9925320148468018,1.4339258670806885,26.65653967857361,0.11496663093566895,0.08955049514770508,1.4180490970611572
11,8,33.19222617149353,-31917.9482421875,0.892855703830719,0.5900819301605225,0.5911301374435425,0.10957669466733932,31.83365273475647,2.9661900997161865,1.3585286140441895,27.208177089691162,0.11440062522888184,0.08961081504821777,1.4101266860961914
11,9,33.99157953262329,-31830.997265625,0.892839789390564,0.5897029638290405,0.5974370837211609,0.10696393996477127,32.567171573638916,3.179060220718384,1.4243590831756592,27.60686182975769,0.11967015266418457,0.09310364723205566,1.520622968673706
11,10,33.864506006240845,-31815.179296875,0.900287389755249,0.5882160067558289,0.5897151827812195,0.10986075550317764,32.450326919555664,3.01611328125,1.4141345024108887,27.76806402206421,0.11520004272460938,0.09042167663574219,1.4147579669952393
11,11,36.07474756240845,-31825.258203125,0.8930827379226685,0.5933318138122559,0.5938248038291931,0.10778273642063141,32.371333360672,3.1050753593444824,3.703340530395508,27.591259717941284,0.12123823165893555,0.09298348426818848,1.410240888595581
11,12,34.95049047470093,-31719.92578125,0.8905095458030701,0.5914831757545471,0.5958864092826843,0.10631386190652847,31.594998598098755,3.031468629837036,3.3554415702819824,26.8929762840271,0.11633157730102539,0.09110093116760254,1.4163811206817627
11,13,33.02498698234558,-31592.93828125,0.8803014755249023,0.5993923544883728,0.5966879725456238,0.10124745219945908,31.639108657836914,2.996246814727783,1.385824203491211,26.9778995513916,0.11402511596679688,0.09006285667419434,1.4143683910369873
11,14,33.75397205352783,-31811.1423828125,0.8931282162666321,0.5905352830886841,0.5937556624412537,0.10892300307750702,32.39343237876892,2.9533863067626953,1.3604891300201416,27.781713485717773,0.11553263664245605,0.08949613571166992,1.4077222347259521
11,15,33.48076581954956,-31933.4736328125,0.8947103023529053,0.590975284576416,0.5866914391517639,0.11303217709064484,32.11198616027832,2.957524538040161,1.3687324523925781,27.491227865219116,0.1139070987701416,0.08991098403930664,1.4140260219573975
11,16,33.590887784957886,-31700.909375,0.8902384042739868,0.5927569270133972,0.5957537889480591,0.1066058948636055,32.22263526916504,3.1643452644348145,1.3682098388671875,27.364298343658447,0.1305384635925293,0.09334754943847656,1.4109714031219482
11,17,33.608710527420044,-31789.8208984375,0.8920995593070984,0.5898285508155823,0.5873053669929504,0.10481800138950348,32.18259859085083,2.979302406311035,1.4260611534118652,27.534160375595093,0.11562514305114746,0.09131979942321777,1.4158453941345215
11,18,33.56478714942932,-32083.7171875,0.8909422755241394,0.5921631455421448,0.5886388421058655,0.114088274538517,32.05599403381348,2.984036922454834,1.5087511539459229,27.410086631774902,0.11583352088928223,0.09044241905212402,1.4097189903259277
11,19,33.751261949539185,-31782.71640625,0.8848792910575867,0.5943779945373535,0.6004416346549988,0.10489632189273834,32.40195178985596,2.9754045009613037,1.3492608070373535,27.7652268409729,0.1154935359954834,0.09003448486328125,1.4100501537322998
11,20,33.67946481704712,-31939.3052734375,0.8905831575393677,0.5862011909484863,0.5952546000480652,0.11095324903726578,32.26274824142456,3.0491039752960205,1.4166653156280518,27.540796756744385,0.11760568618774414,0.09076118469238281,1.418375015258789
11,21,33.87792897224426,-31672.58203125,0.8907607197761536,0.5943644642829895,0.5918602347373962,0.10343383252620697,32.46608376502991,3.1197423934936523,1.4117791652679443,27.65409541130066,0.12968182563781738,0.09462857246398926,1.410398006439209
11,22,32.97807598114014,-31825.516796875,0.891876220703125,0.5909848213195801,0.5937499403953552,0.10654208809137344,31.568042039871216,2.9776651859283447,1.409991979598999,26.92451000213623,0.11533594131469727,0.08962512016296387,1.4147636890411377
11,23,33.82201147079468,-31813.3326171875,0.892741322517395,0.5909326076507568,0.5940085053443909,0.10859376937150955,32.45548343658447,2.9698128700256348,1.3664789199829102,27.8260338306427,0.11390328407287598,0.0898752212524414,1.4105417728424072
11,24,33.68504071235657,-31882.41640625,0.8954330682754517,0.5908440351486206,0.5893561840057373,0.1110403835773468,32.308658599853516,2.9515655040740967,1.3763384819030762,27.695937633514404,0.11546730995178223,0.0894010066986084,1.411363124847412
11,25,32.69465637207031,-31899.09453125,0.8911336660385132,0.5880827307701111,0.5962817072868347,0.10985460877418518,31.335275173187256,2.96587872505188,1.35933256149292,26.708224773406982,0.11556839942932129,0.09052491188049316,1.4090490341186523
11,26,33.52089262008667,-31919.4322265625,0.8950225114822388,0.5881947875022888,0.5863644480705261,0.11123818904161453,32.12643384933472,3.1031863689422607,1.3943865299224854,27.320010900497437,0.13256573677062988,0.09441351890563965,1.417241096496582
11,27,33.60800623893738,-31827.4765625,0.8954576253890991,0.5931316614151001,0.5930081009864807,0.1107519343495369,32.029874324798584,3.035098075866699,1.5780882835388184,27.318135738372803,0.1165463924407959,0.09147906303405762,1.4214141368865967
11,28,34.044166564941406,-31665.9708984375,0.8920046091079712,0.5961390733718872,0.5919406414031982,0.10442265123128891,32.61800169944763,3.102064847946167,1.426112413406372,27.766286373138428,0.14055871963500977,0.09435796737670898,1.4484155178070068
11,29,33.60396885871887,-31760.783203125,0.8967757225036621,0.589246928691864,0.5871543288230896,0.10763914883136749,32.215779304504395,2.9522881507873535,1.3881409168243408,27.60074782371521,0.11343646049499512,0.08968997001647949,1.4142391681671143
11,30,33.59821796417236,-31672.7,0.892295777797699,0.5940871238708496,0.5924058556556702,0.10480692237615585,32.24469780921936,2.978989839553833,1.353468418121338,27.602996826171875,0.11381721496582031,0.09034442901611328,1.413011074066162
12,1,38.27503490447998,-80400.9609375,0.9030985236167908,0.5779152512550354,0.5788289308547974,0.13034659624099731,36.87949275970459,3.3550615310668945,1.395460605621338,31.81477642059326,0.1415712833404541,0.09993481636047363,1.4050006866455078
12,2,37.250916957855225,-80335.8515625,0.9072394967079163,0.5796934962272644,0.57699054479599,0.13161888718605042,35.85588479042053,3.09985613822937,1.3949759006500244,31.095699548721313,0.1131598949432373,0.09272193908691406,1.4084036350250244
12,3,37.70772194862366,-80184.2546875,0.9045372605323792,0.5827429294586182,0.578901469707489,0.12880605459213257,36.239322900772095,3.1279916763305664,1.468341588973999,31.44899892807007,0.11423110961914062,0.09414339065551758,1.4082450866699219
12,4,38.02268624305725,-80155.15859375,0.9103461503982544,0.5783528089523315,0.5751386880874634,0.13099588453769684,36.64000391960144,3.151801347732544,1.382624864578247,31.82273840904236,0.11475324630737305,0.09557008743286133,1.4088435173034668
12,5,38.11154103279114,-80038.8078125,0.9027054905891418,0.5821886658668518,0.579012393951416,0.1284932941198349,36.676002740859985,3.183947801589966,1.4354641437530518,31.819080591201782,0.12468624114990234,0.0962214469909668,1.3997611999511719
12,6,38.590341329574585,-80170.45078125,0.9085529446601868,0.5785386562347412,0.5831378102302551,0.13181938230991364,36.071083784103394,3.170689582824707,2.519198179244995,31.224704265594482,0.1176300048828125,0.09631943702697754,1.4146838188171387
12,7,37.74682259559631,-80341.71640625,0.9029092192649841,0.5803835988044739,0.5810137987136841,0.13059912621974945,36.31986331939697,3.1137285232543945,1.4268982410430908,31.53147864341736,0.11489129066467285,0.09415888786315918,1.4195106029510498
12,8,38.437156438827515,-80276.2703125,0.9116028547286987,0.576894223690033,0.5770261287689209,0.13329558074474335,36.917155742645264,3.1125540733337402,1.5199403762817383,32.135883808135986,0.11401176452636719,0.09445977210998535,1.4144365787506104
12,9,37.8886878490448,-80277.2828125,0.903103768825531,0.5830962657928467,0.5787422060966492,0.13044312596321106,36.49089455604553,3.1294772624969482,1.3977410793304443,31.692880392074585,0.11553168296813965,0.09469866752624512,1.411940336227417
12,10,37.75967884063721,-80096.42265625,0.9039039611816406,0.580576479434967,0.5820589065551758,0.1292983740568161,36.34541153907776,3.1344902515411377,1.4142086505889893,31.542481899261475,0.1168370246887207,0.09432864189147949,1.411046028137207
12,11,37.65030336380005,-80362.74453125,0.9069915413856506,0.5790615081787109,0.5753200054168701,0.13263429701328278,36.171098947525024,3.1771950721740723,1.479142427444458,31.32232642173767,0.11660265922546387,0.09467935562133789,1.4143328666687012
12,12,37.65873885154724,-80118.33203125,0.9053937792778015,0.5809682011604309,0.5778623819351196,0.12989136576652527,36.24497199058533,3.117347478866577,1.4137065410614014,31.464151620864868,0.11453676223754883,0.09473919868469238,1.407752513885498
12,13,38.318114280700684,-80178.8078125,0.9095417857170105,0.5780128836631775,0.5761333703994751,0.13167546689510345,36.8423273563385,3.1222422122955322,1.4757328033447266,32.05610108375549,0.11526274681091309,0.09410881996154785,1.407806634902954
12,14,38.31604743003845,-80129.63359375,0.9104804396629333,0.579096257686615,0.5758964419364929,0.13100576400756836,36.88489055633545,3.259692430496216,1.4310798645019531,31.936877727508545,0.12889766693115234,0.09879541397094727,1.4030776023864746
12,15,37.4099395275116,-80390.54609375,0.9057506322860718,0.5789659023284912,0.5797226428985596,0.13198360800743103,35.955498933792114,3.1600520610809326,1.4543802738189697,31.117529153823853,0.1161186695098877,0.09561395645141602,1.4190194606781006
12,16,37.62293004989624,-80350.73515625,0.9060167074203491,0.5771167278289795,0.5823659896850586,0.13190288841724396,36.214056730270386,3.1363329887390137,1.4088146686553955,31.418928623199463,0.11463785171508789,0.09265589714050293,1.405907392501831
12,17,37.67976474761963,-80201.95546875,0.9046019315719604,0.5816951394081116,0.579308271408081,0.13036860525608063,35.97251868247986,3.1401078701019287,1.7071805000305176,31.154046773910522,0.1166541576385498,0.0965719223022461,1.4178335666656494
12,18,37.784456968307495,-80332.36875,0.903911828994751,0.5776194334030151,0.5767008662223816,0.12868307530879974,36.36896872520447,3.1235029697418213,1.4154300689697266,31.579615116119385,0.11473703384399414,0.0952155590057373,1.4098281860351562
12,19,39.589033126831055,-80452.521875,0.9064560532569885,0.5754894614219666,0.5804075598716736,0.13388057053089142,35.902198791503906,3.122121572494507,3.686774492263794,31.113935232162476,0.11520695686340332,0.09324049949645996,1.4119412899017334
12,20,37.63704252243042,-80242.23203125,0.9059037566184998,0.5775505900382996,0.5809435248374939,0.1299239695072174,36.23107147216797,3.120100975036621,1.4059152603149414,31.440415859222412,0.11561918258666992,0.09693646430969238,1.411086082458496
12,21,38.23863768577576,-80240.40390625,0.9025355577468872,0.5847148299217224,0.5813345313072205,0.12954100966453552,36.83688569068909,3.143519878387451,1.4016938209533691,32.02764582633972,0.1145472526550293,0.09675431251525879,1.4081227779388428
12,22,37.62218523025513,-80343.50625,0.9033482074737549,0.583503782749176,0.5782514214515686,0.1306162178516388,36.22388935089111,3.120919704437256,1.3982365131378174,31.432356119155884,0.1156165599822998,0.0964360237121582,1.412938117980957
12,23,38.32284212112427,-80401.4328125,0.904961109161377,0.5783689022064209,0.577458381652832,0.13104389607906342,36.833930015563965,3.306771993637085,1.488830327987671,31.812196493148804,0.13834857940673828,0.09851980209350586,1.416630744934082
12,24,37.553319215774536,-80239.71796875,0.9032176733016968,0.582719087600708,0.5801588296890259,0.12871645390987396,36.14824414253235,3.1420483589172363,1.4050147533416748,31.33472990989685,0.11506080627441406,0.09475469589233398,1.4151849746704102
12,25,37.34373140335083,-80600.45234375,0.9042898416519165,0.5832204222679138,0.574788510799408,0.13377071917057037,35.91741728782654,3.162372350692749,1.4262583255767822,31.084552526474,0.1164546012878418,0.09431123733520508,1.413703441619873
12,26,37.838953495025635,-80593.27265625,0.9086080193519592,0.5769506096839905,0.5744780898094177,0.1352074295282364,36.444504499435425,3.128535509109497,1.3943901062011719,31.65452241897583,0.11462283134460449,0.09387731552124023,1.4071438312530518
12,27,37.775683641433716,-80603.0640625,0.9083943963050842,0.5726658701896667,0.5781657099723816,0.1345721036195755,36.394203186035156,3.2347984313964844,1.3814048767089844,31.48497724533081,0.11880135536193848,0.09665250778198242,1.410207748413086
12,28,40.18272376060486,-80318.165625,0.9084239602088928,0.577366828918457,0.5781126618385315,0.1316474974155426,36.76053833961487,3.1848366260528564,3.4221251010894775,31.89725351333618,0.11813831329345703,0.09546041488647461,1.417917251586914
12,29,38.04359674453735,-80504.75390625,0.9112715125083923,0.5751944780349731,0.5761412978172302,0.13400915265083313,36.617597579956055,3.182180643081665,1.4259405136108398,31.77097225189209,0.11680722236633301,0.09447169303894043,1.406966209411621
12,30,38.04074835777283,-80452.51640625,0.9073256254196167,0.5776415467262268,0.5837036371231079,0.1335175782442093,36.64856457710266,3.1248326301574707,1.3921267986297607,31.859386682510376,0.11448264122009277,0.09450578689575195,1.4093554019927979
13,1,47.40570950508118,-191683.7859375,0.9245672225952148,0.5661394596099854,0.5686952471733093,0.14873644709587097,45.82429528236389,3.27590274810791,1.581336498260498,40.84001803398132,0.11508607864379883,0.10819172859191895,1.4382216930389404
13,2,48.906622886657715,-191957.2796875,0.9206234216690063,0.565217912197113,0.5645893216133118,0.14535294473171234,45.110371351242065,3.243865966796875,3.796168565750122,40.160343647003174,0.11514544486999512,0.1041557788848877,1.4404408931732178
13,3,47.46550798416138,-191842.73125,0.9222410321235657,0.5614896416664124,0.5601471662521362,0.14517217874526978,45.8513605594635,3.2859549522399902,1.6140708923339844,40.85745429992676,0.11415910720825195,0.10567998886108398,1.4421143531799316
13,4,47.73504376411438,-191808.4625,0.9198396801948547,0.5659840703010559,0.5651092529296875,0.1458999067544937,46.11464715003967,3.3147342205047607,1.6203222274780273,41.08762764930725,0.11561989784240723,0.10750627517700195,1.4420521259307861
13,5,47.60202407836914,-191329.85625,0.921140193939209,0.566143810749054,0.5645071268081665,0.14400701224803925,46.013166427612305,3.4477105140686035,1.5887653827667236,40.82678008079529,0.12976861000061035,0.11057424545288086,1.4378807544708252
13,6,47.359498739242554,-191373.4140625,0.9227266311645508,0.5633618235588074,0.5644677877426147,0.14433279633522034,45.72604274749756,3.304084062576294,1.6333754062652588,40.69387197494507,0.11756753921508789,0.10701990127563477,1.4551560878753662
13,7,46.7772376537323,-191629.9609375,0.9241601228713989,0.5638651847839355,0.5616362690925598,0.14584191143512726,45.186004638671875,3.2960901260375977,1.59114670753479,40.172409772872925,0.1144723892211914,0.10742378234863281,1.4485282897949219
13,8,49.027902364730835,-191617.50625,0.9172013401985168,0.5686566233634949,0.5671493411064148,0.14435221254825592,47.46578669548035,3.299513339996338,1.5620346069335938,42.45526576042175,0.11459946632385254,0.10677218437194824,1.4428200721740723
13,9,48.036137104034424,-191760.6953125,0.9211885929107666,0.5641472935676575,0.5657331943511963,0.1454208344221115,45.362388372421265,3.431570529937744,2.6736583709716797,40.189107179641724,0.11758828163146973,0.10789608955383301,1.4678456783294678
13,10,48.11958312988281,-191628.1375,0.9215870499610901,0.5641075968742371,0.5654378533363342,0.1454836130142212,46.48456859588623,3.2847073078155518,1.6349372863769531,41.486443519592285,0.1148526668548584,0.10683846473693848,1.4445013999938965
13,11,47.48601174354553,-191804.5140625,0.9186373353004456,0.5659898519515991,0.567414402961731,0.1452903002500534,45.84851312637329,3.2760255336761475,1.637422800064087,40.85879158973694,0.11594343185424805,0.10765600204467773,1.4430172443389893
13,12,48.34528207778931,-191078.2421875,0.9216724038124084,0.5639873743057251,0.564886748790741,0.14239497482776642,46.756802558898926,3.270427703857422,1.58839750289917,41.77137851715088,0.11592936515808105,0.10624432563781738,1.4454739093780518
13,13,47.0980339050293,-191516.515625,0.9186148047447205,0.5681069493293762,0.5667372345924377,0.1442384123802185,45.5411958694458,3.264399766921997,1.5567574501037598,40.56387495994568,0.1151576042175293,0.10693573951721191,1.444159746170044
13,14,47.02697014808655,-191731.2203125,0.9214207530021667,0.5640183091163635,0.5624222159385681,0.1449575573205948,45.45254397392273,3.255427837371826,1.5743496417999268,40.48800444602966,0.11510372161865234,0.10639834403991699,1.4412500858306885
13,15,47.19452905654907,-191238.1875,0.921798825263977,0.565041184425354,0.5640237927436829,0.14340707659721375,45.61866593360901,3.272618293762207,1.5757834911346436,40.632673501968384,0.11458277702331543,0.10684347152709961,1.4450938701629639
13,16,48.05034399032593,-191248.575,0.9198134541511536,0.5664218068122864,0.5670104026794434,0.14371515810489655,46.42860269546509,3.5889925956726074,1.6216585636138916,41.069759368896484,0.14005565643310547,0.11613726615905762,1.445652723312378
13,17,47.48041558265686,-191408.9171875,0.9197325110435486,0.5650628209114075,0.5651790499687195,0.14279767870903015,45.90571618080139,3.290069103240967,1.5746159553527832,40.89931297302246,0.11469173431396484,0.10670208930969238,1.4479305744171143
13,18,47.622565507888794,-191282.8578125,0.9200989603996277,0.5646154284477234,0.5667948722839355,0.14306502044200897,45.93253517150879,3.289417266845703,1.689953327178955,40.92961120605469,0.11592626571655273,0.10694098472595215,1.44334077835083
13,19,47.619441747665405,-190848.2390625,0.9207473993301392,0.5680397748947144,0.5664750337600708,0.14097683131694794,46.067437410354614,3.39673113822937,1.5519039630889893,40.93326997756958,0.12830829620361328,0.11049270629882812,1.4417603015899658
13,20,47.309510946273804,-191744.7390625,0.9214410781860352,0.5649474859237671,0.5634708404541016,0.14673368632793427,45.69621419906616,3.2720417976379395,1.6132118701934814,40.7127366065979,0.11477994918823242,0.1065969467163086,1.4433181285858154
13,21,47.93236994743347,-191508.73125,0.9189436435699463,0.5688683390617371,0.5624839067459106,0.14317958056926727,46.35475945472717,3.3565101623535156,1.5775260925292969,41.28664970397949,0.1146383285522461,0.10801434516906738,1.441587209701538
13,22,46.99015712738037,-191520.909375,0.9174529314041138,0.5671568512916565,0.5670943260192871,0.14326782524585724,45.43444538116455,3.3750176429748535,1.555631399154663,40.34850239753723,0.1146094799041748,0.10863542556762695,1.440840244293213
13,23,47.20462441444397,-192215.6296875,0.9222003817558289,0.5666216611862183,0.5655542016029358,0.14983056485652924,45.56161904335022,3.5367772579193115,1.6429121494293213,40.25834083557129,0.1407606601715088,0.11374068260192871,1.4446706771850586
13,24,46.93750786781311,-191626.6703125,0.9207770228385925,0.5636689066886902,0.5647794604301453,0.14482007920742035,45.35119891166687,3.270643711090088,1.5862231254577637,40.36403751373291,0.11488151550292969,0.10722851753234863,1.447591781616211
13,25,47.52761363983154,-191406.76875,0.9209964275360107,0.5665858387947083,0.5645917057991028,0.14441274106502533,45.958823919296265,3.2709784507751465,1.5687072277069092,40.97360849380493,0.11431455612182617,0.1065206527709961,1.4468657970428467
13,26,47.30398774147034,-191461.971875,0.9195672273635864,0.5654613971710205,0.5696465969085693,0.144881471991539,45.762911558151245,3.368865966796875,1.5409762859344482,40.66963815689087,0.12085390090942383,0.10890650749206543,1.4416284561157227
13,27,46.893856048583984,-191500.9765625,0.9218441843986511,0.5646286010742188,0.5636845827102661,0.145015150308609,45.29704475402832,3.2707724571228027,1.596731185913086,40.30901885032654,0.11540460586547852,0.10613012313842773,1.4489171504974365
13,28,47.256022453308105,-191808.1328125,0.9201526641845703,0.5636879205703735,0.5657233595848083,0.14569030702114105,45.66170406341553,3.4849534034729004,1.5942347049713135,40.450746059417725,0.11821150779724121,0.10885143280029297,1.4510321617126465
13,29,46.814831018447876,-191581.14375,0.9191489815711975,0.5632979869842529,0.5671614408493042,0.14395417273044586,45.25840139389038,3.2684454917907715,1.556344747543335,40.28459358215332,0.11380314826965332,0.10607004165649414,1.4389526844024658
13,30,47.01603937149048,-191586.4578125,0.9175853133201599,0.5671842098236084,0.5669311285018921,0.1436259150505066,45.437880516052246,3.2607462406158447,1.5780792236328125,40.46283149719238,0.11627316474914551,0.10661697387695312,1.4444880485534668
14,1,59.005532026290894,-461061.95,0.9284328818321228,0.5539154410362244,0.5544095635414124,0.15798361599445343,57.14758086204529,3.4230926036834717,1.8578417301177979,51.87470769882202,0.11534309387207031,0.12786364555358887,1.5594732761383057
14,2,59.498126745224,-461047.06875,0.9294529557228088,0.554519534111023,0.554258406162262,0.15823502838611603,57.667492628097534,3.428030252456665,1.8305211067199707,52.38678503036499,0.11531710624694824,0.12730908393859863,1.5624444484710693
14,3,59.065937995910645,-460377.428125,0.9313520193099976,0.5544853210449219,0.5540790557861328,0.15889762341976166,57.272565603256226,3.4287877082824707,1.7932562828063965,52.0084547996521,0.11360287666320801,0.12037920951843262,1.5553736686706543
14,4,58.88289427757263,-460896.20625,0.9296417236328125,0.5551081299781799,0.5545938014984131,0.15834401547908783,57.09420585632324,3.426518440246582,1.788567066192627,51.81841778755188,0.11525988578796387,0.12713980674743652,1.5592625141143799
14,5,58.471723556518555,-460806.1625,0.9321609735488892,0.5573923587799072,0.5569729804992676,0.16108617186546326,56.71770405769348,3.394505023956299,1.753910779953003,51.47748517990112,0.11368656158447266,0.12409758567810059,1.560727596282959
14,6,60.5100998878479,-460775.8375,0.9286010265350342,0.5552774667739868,0.5536561012268066,0.15720520913600922,58.66962766647339,3.7276642322540283,1.8403418064117432,53.035531997680664,0.13970494270324707,0.13554072380065918,1.565474510192871
14,7,58.28210687637329,-460797.559375,0.9284790754318237,0.5550472140312195,0.5564623475074768,0.15810184180736542,56.511531352996826,3.4612016677856445,1.770467758178711,51.192275285720825,0.11491680145263672,0.12805986404418945,1.5676841735839844
14,8,59.32564377784729,-460908.39375,0.9306148886680603,0.5526504516601562,0.5532755851745605,0.15864507853984833,57.522815465927124,3.4554343223571777,1.8027098178863525,52.21107792854309,0.11630630493164062,0.12784028053283691,1.5645861625671387
14,9,59.05824136734009,-461247.23125,0.9302076697349548,0.5528493523597717,0.5557275414466858,0.15924717485904694,57.21364879608154,3.699352741241455,1.8444256782531738,51.60447716712952,0.1412656307220459,0.1356494426727295,1.5645689964294434
14,10,59.1678147315979,-461033.0625,0.9313467144966125,0.5547395944595337,0.5538657307624817,0.1596725732088089,57.299880504608154,3.5129241943359375,1.8678295612335205,51.94449234008789,0.11585330963134766,0.12357759475708008,1.5555543899536133
14,11,58.90808153152466,-461415.15,0.9312931895256042,0.5548426508903503,0.5546160936355591,0.16046802699565887,56.94018578529358,3.4098966121673584,1.9677839279174805,51.6815140247345,0.1145937442779541,0.12603425979614258,1.5614957809448242
14,12,58.98629188537598,-461333.315625,0.9280738234519958,0.5555688738822937,0.5565020442008972,0.1597282737493515,57.17827105522156,3.7693378925323486,1.8078830242156982,51.48622536659241,0.14878392219543457,0.13609719276428223,1.5660524368286133
14,13,59.303929567337036,-460746.403125,0.9331709742546082,0.552890956401825,0.5546697974205017,0.16020303964614868,57.47163486480713,3.4899954795837402,1.8321728706359863,52.09891176223755,0.116424560546875,0.131805419921875,1.5856232643127441
14,14,59.13472938537598,-460692.6,0.9310957193374634,0.5553107857704163,0.5540502071380615,0.15886875987052917,57.20839476585388,3.6035714149475098,1.9262149333953857,51.7333767414093,0.11578011512756348,0.12659645080566406,1.5805706977844238
14,15,60.74242353439331,-461496.515625,0.9312906861305237,0.5530920624732971,0.5533272624015808,0.16036368906497955,56.975305795669556,3.4600930213928223,3.7670023441314697,51.62888836860657,0.1158449649810791,0.1395244598388672,1.5832927227020264
14,16,59.39736318588257,-460193.109375,0.9312923550605774,0.5574383735656738,0.5520210862159729,0.15803207457065582,57.598711252212524,3.4180567264556885,1.798539400100708,52.32429027557373,0.11591839790344238,0.12840676307678223,1.5638294219970703
14,17,61.933329582214355,-461406.859375,0.9304379820823669,0.5546392202377319,0.554086446762085,0.15946230292320251,60.06231641769409,3.6418042182922363,1.8709056377410889,54.5257306098938,0.11815166473388672,0.1304032802581787,1.5978033542633057
14,18,58.50770926475525,-461286.85625,0.9283117651939392,0.5544874668121338,0.5561538338661194,0.1588585525751114,56.590365409851074,3.4514527320861816,1.9172286987304688,51.28841543197632,0.11541533470153809,0.12875151634216309,1.5590717792510986
14,19,59.69974708557129,-460564.16875,0.9318500757217407,0.5535338521003723,0.5542387366294861,0.15862521529197693,57.810081005096436,3.4613659381866455,1.8895602226257324,52.47973990440369,0.11552858352661133,0.12742209434509277,1.578887701034546
14,20,59.0307457447052,-460701.9,0.9308616518974304,0.5566309690475464,0.5527340769767761,0.15877649188041687,57.16460061073303,3.565714120864868,1.8660178184509277,51.71651768684387,0.12929964065551758,0.13099431991577148,1.5648341178894043
14,21,59.14107704162598,-461018.396875,0.9314281344413757,0.5534260272979736,0.5537620782852173,0.1596730798482895,57.31311750411987,3.4813344478607178,1.8278369903564453,51.955339431762695,0.11705780029296875,0.13004827499389648,1.5808095932006836
14,22,62.17845058441162,-460380.45625,0.9335469603538513,0.5543733239173889,0.5532772541046143,0.1592002958059311,60.33502531051636,3.4750046730041504,1.8433096408843994,54.973466634750366,0.116729736328125,0.13016176223754883,1.5910730361938477
14,23,59.052770137786865,-461637.834375,0.928788959980011,0.5547009110450745,0.5576924681663513,0.1596156507730484,57.15996694564819,3.5062084197998047,1.892690658569336,51.7716224193573,0.11670231819152832,0.13021206855773926,1.5860986709594727
14,24,59.55645990371704,-460618.13125,0.9313010573387146,0.5543649792671204,0.5546950101852417,0.1585736870765686,57.711118936538696,3.760521173477173,1.8452277183532715,52.043280363082886,0.11922550201416016,0.1319425106048584,1.606973648071289
14,25,58.89338660240173,-460984.85,0.931799054145813,0.554164469242096,0.5556529760360718,0.1598520278930664,57.07716631889343,3.4219539165496826,1.816107988357544,51.79583382606506,0.11476540565490723,0.12682223320007324,1.5707571506500244
14,26,59.28210139274597,-460703.81875,0.9305829405784607,0.5555397272109985,0.5546612739562988,0.1590214967727661,57.50225901603699,3.6808319091796875,1.7797191143035889,51.91574835777283,0.14078855514526367,0.1353013515472412,1.562126874923706
14,27,58.91140341758728,-460812.03125,0.9299858808517456,0.5558014512062073,0.5555272102355957,0.15864549577236176,57.008878231048584,3.4143316745758057,1.9024078845977783,51.73498606681824,0.11468720436096191,0.12674450874328613,1.5701091289520264
14,28,58.75386309623718,-460855.746875,0.9298467040061951,0.5553783774375916,0.5543584227561951,0.15864282846450806,56.84984731674194,3.4269967079162598,1.9039082527160645,51.56779336929321,0.11507463455200195,0.1284952163696289,1.5634803771972656
14,29,60.2705295085907,-460803.078125,0.9323079586029053,0.5549808144569397,0.5515969395637512,0.15973876416683197,58.39452600479126,3.7570788860321045,1.8758771419525146,52.73186135292053,0.14401769638061523,0.1356809139251709,1.5568079948425293
14,30,59.422264099121094,-460727.4875,0.9283154010772705,0.5520945191383362,0.552714467048645,0.15581023693084717,57.58134150505066,3.5611720085144043,1.8408007621765137,52.13201904296875,0.11880087852478027,0.13093304634094238,1.5892181396484375
15,1,76.79021096229553,-1087568.9125,0.9434342980384827,0.5422154068946838,0.5436325073242188,0.1696031242609024,74.35796403884888,3.7509701251983643,2.432039976119995,68.70990324020386,0.13677024841308594,0.1428544521331787,1.5596206188201904
15,2,76.16119623184204,-1089165.6375,0.9432080388069153,0.543632447719574,0.5444345474243164,0.17152194678783417,73.72813296318054,3.613487958908081,2.432894229888916,68.27312994003296,0.12145781517028809,0.13498616218566895,1.53851318359375
15,3,76.83917474746704,-1089562.05,0.9412396550178528,0.542771577835083,0.5439475178718567,0.17050348222255707,74.34483790397644,3.66007399559021,2.494149684906006,68.80626058578491,0.12818694114685059,0.1433112621307373,1.557523488998413
15,4,76.31668663024902,-1088864.85,0.942752480506897,0.542163074016571,0.543698251247406,0.1708700805902481,73.85442066192627,3.6267964839935303,2.4620907306671143,68.36245584487915,0.12638330459594727,0.14020562171936035,1.550804853439331
15,5,76.52247190475464,-1088930.975,0.9432132244110107,0.5448901057243347,0.5430387854576111,0.17118220031261444,74.08343553543091,3.6549930572509766,2.438849449157715,68.55543661117554,0.12400436401367188,0.14357662200927734,1.557105302810669
15,6,76.43661952018738,-1088421.25,0.9416421055793762,0.544674277305603,0.5431693196296692,0.16992449760437012,73.94785523414612,3.671649932861328,2.488590717315674,68.41138863563538,0.12433385848999023,0.13903260231018066,1.553900957107544
15,7,77.00904083251953,-1089007.125,0.9416162967681885,0.5436614155769348,0.5434483289718628,0.17022031545639038,74.49392056465149,3.869204044342041,2.514930486679077,68.6946280002594,0.14541029930114746,0.1482834815979004,1.5640225410461426
15,8,74.7563636302948,-1090412.475,0.939667820930481,0.5440592765808105,0.5446109771728516,0.1703854203224182,72.2844386100769,3.6131322383880615,2.4717555046081543,66.81845259666443,0.12212443351745605,0.13471412658691406,1.5493059158325195
15,9,76.77041101455688,-1088355.05,0.9412715435028076,0.5447579026222229,0.5433964133262634,0.16924260556697845,74.28444409370422,3.6979782581329346,2.485785484313965,68.70383548736572,0.12375855445861816,0.14958715438842773,1.5609467029571533
15,10,75.45396041870117,-1089025.6375,0.9399399161338806,0.5449051856994629,0.5432016253471375,0.16919368505477905,72.9694766998291,3.642242431640625,2.484304904937744,67.46913194656372,0.12332010269165039,0.13765335083007812,1.5503075122833252
15,11,76.14876937866211,-1088453.05,0.9422956109046936,0.5433217287063599,0.5431489944458008,0.17005133628845215,73.72566604614258,3.640608072280884,2.4229238033294678,68.21771383285522,0.12482023239135742,0.14580011367797852,1.547394037246704
15,12,76.55291962623596,-1089313.3875,0.941649854183197,0.5433107614517212,0.5432010889053345,0.1704038679599762,73.89914536476135,3.661087989807129,2.6535966396331787,68.37484550476074,0.12488317489624023,0.1420295238494873,1.547626256942749
15,13,76.07910013198853,-1089003.3,0.9419668912887573,0.5415695309638977,0.5430626273155212,0.17019128799438477,73.51957154273987,3.562263011932373,2.5593504905700684,68.05918884277344,0.12238216400146484,0.1372385025024414,1.5914926528930664
15,14,76.77640056610107,-1089548.425,0.9408802390098572,0.5443740487098694,0.5436618328094482,0.17034830152988434,73.90051770210266,3.6896467208862305,2.8757052421569824,68.32192850112915,0.12738037109375,0.14433979988098145,1.5678906440734863
15,15,75.60635161399841,-1089854.15,0.9415434002876282,0.5437986850738525,0.5440665483474731,0.17097555100917816,73.1425518989563,3.6450297832489014,2.4636266231536865,67.62925910949707,0.12453365325927734,0.14258050918579102,1.5536627769470215
15,16,76.57452940940857,-1088867.775,0.9419202208518982,0.5463840365409851,0.5461007356643677,0.17095282673835754,73.925039768219,3.6453983783721924,2.6493115425109863,68.40316343307495,0.12427663803100586,0.14181160926818848,1.5622014999389648
15,17,77.11818718910217,-1089173.8875,0.9419765472412109,0.545329749584198,0.5456324815750122,0.17104174196720123,74.64997363090515,3.6491692066192627,2.4680354595184326,69.13430070877075,0.12560319900512695,0.1428074836730957,1.5499343872070312
15,18,75.04941987991333,-1089501.6,0.9416834115982056,0.5438902974128723,0.5435810089111328,0.17096427083015442,72.56503391265869,3.60909366607666,2.4842138290405273,67.1135642528534,0.12112116813659668,0.13454890251159668,1.5406134128570557
15,19,75.89771604537964,-1088223.0,0.9416332244873047,0.5447178483009338,0.5432908535003662,0.16966037452220917,73.46970629692078,3.7006890773773193,2.427837371826172,67.92074513435364,0.12408781051635742,0.13712191581726074,1.539560317993164
15,20,76.05035281181335,-1089140.975,0.9421946406364441,0.5432693362236023,0.5435382127761841,0.17046694457530975,73.5734498500824,3.647125005722046,2.476731777191162,68.04813981056213,0.1248636245727539,0.14258480072021484,1.5621423721313477
15,21,78.83579230308533,-1088830.9875,0.9411376714706421,0.5436227917671204,0.5430535078048706,0.16941924393177032,76.31527853012085,3.676274299621582,2.5203335285186768,70.74675798416138,0.12558889389038086,0.14460253715515137,1.5739552974700928
15,22,75.70857882499695,-1089002.3125,0.9412299394607544,0.5450963377952576,0.5453861355781555,0.17028293013572693,73.16244792938232,3.6318359375,2.5459444522857666,67.66593503952026,0.12338066101074219,0.14123296737670898,1.5524744987487793
15,23,75.96167635917664,-1088292.4875,0.9424662590026855,0.5445588827133179,0.5442840456962585,0.1703891158103943,73.51260995864868,3.6054701805114746,2.448887825012207,67.66980195045471,0.12561249732971191,0.13558578491210938,1.9293444156646729
15,24,75.27803540229797,-1089726.8125,0.940513551235199,0.5434200763702393,0.5431528687477112,0.17018090188503265,72.85705375671387,3.6102538108825684,2.4208102226257324,67.39953994750977,0.1239328384399414,0.1356518268585205,1.5410139560699463
15,25,76.34842777252197,-1089897.9125,0.9410193562507629,0.5445950627326965,0.5442042350769043,0.17116263508796692,73.87811398506165,3.630518674850464,2.470134973526001,68.55619549751282,0.1241447925567627,0.13919997215270996,1.379993200302124
15,26,75.37334775924683,-1089356.1625,0.9396178126335144,0.5445714592933655,0.5436905026435852,0.16929446160793304,72.87272620201111,3.6487390995025635,2.5004398822784424,67.5326611995697,0.12347197532653809,0.14125418663024902,1.3782806396484375
15,27,75.88420128822327,-1088863.525,0.9427276849746704,0.5442069172859192,0.5429627895355225,0.17067089676856995,73.41132879257202,3.6422715187072754,2.4727017879486084,67.91542363166809,0.12485647201538086,0.1371455192565918,1.5441985130310059
15,28,76.37304258346558,-1087819.925,0.9427754282951355,0.5442895293235779,0.5428834557533264,0.16968673467636108,73.96321940422058,3.650669813156128,2.4096333980560303,68.44581365585327,0.12509918212890625,0.14109253883361816,1.5524163246154785
15,29,76.56800246238708,-1088786.8875,0.9409231543540955,0.5446741580963135,0.5454464554786682,0.1699676215648651,74.01436710357666,3.655642509460449,2.5534584522247314,68.49858140945435,0.12286520004272461,0.14184832572937012,1.5473079681396484
15,30,75.0033552646637,-1089708.3375,0.940463125705719,0.5445291996002197,0.5446265935897827,0.17070192098617554,72.517569065094,3.62742280960083,2.4856040477752686,67.04794025421143,0.12206602096557617,0.13458490371704102,1.5393519401550293
16,1,92.88823246955872,-2561474.3,0.9518211483955383,0.5345461368560791,0.5330691933631897,0.18074765801429749,89.02411675453186,4.125198125839233,3.8637266159057617,82.84628224372864,0.14266443252563477,0.18326115608215332,1.6567938327789307
16,2,95.27211594581604,-2559214.3,0.9529327750205994,0.5342518091201782,0.5341870784759521,0.18063998222351074,88.02391076087952,3.783231735229492,7.247835159301758,82.15310144424438,0.11811709403991699,0.17441105842590332,1.745006799697876
16,3,93.26024007797241,-2561938.9,0.9521209001541138,0.5336589813232422,0.5333781242370605,0.18101884424686432,89.17954897880554,4.192319869995117,4.080309152603149,83.18965601921082,0.14217567443847656,0.18689584732055664,1.393728494644165
16,4,92.46831560134888,-2561101.05,0.9501183032989502,0.5338202118873596,0.5334740877151489,0.17935404181480408,88.4950339794159,3.9366347789764404,3.972898006439209,82.5224609375,0.13518238067626953,0.18044137954711914,1.658372163772583
16,5,92.1078691482544,-2563323.95,0.9506251215934753,0.534198522567749,0.5345565676689148,0.18083584308624268,88.03808546066284,4.072375535964966,4.069386959075928,82.1369104385376,0.14334607124328613,0.21467828750610352,1.3983287811279297
16,6,96.04029178619385,-2561151.375,0.9529279470443726,0.5350521206855774,0.535170316696167,0.18212202191352844,88.14032745361328,3.9944164752960205,7.899579763412476,82.1118676662445,0.13982629776000977,0.18001294136047363,1.6482586860656738
16,7,93.61168766021729,-2563155.1,0.9513595700263977,0.5345913171768188,0.5330187082290649,0.18127559125423431,87.14020586013794,3.823420286178589,6.471112251281738,81.22833347320557,0.11759281158447266,0.17465424537658691,1.7460424900054932
16,8,91.55998039245605,-2563161.625,0.950857937335968,0.5342986583709717,0.5342303514480591,0.1808006763458252,87.46739864349365,4.0334632396698,4.092217445373535,81.5402672290802,0.12159442901611328,0.23325014114379883,1.4867961406707764
16,9,93.19110202789307,-2562581.225,0.9525347948074341,0.5331069231033325,0.5344936847686768,0.18169432878494263,89.07931280136108,4.151474237442017,4.111394643783569,83.12639331817627,0.1441326141357422,0.18599843978881836,1.3966944217681885
16,10,92.23642492294312,-2563515.625,0.9506952166557312,0.5343236923217773,0.533918023109436,0.18078510463237762,88.26688933372498,3.78767991065979,3.969151735305786,82.46093010902405,0.11918139457702637,0.17884469032287598,1.6684386730194092
16,11,92.5124158859253,-2561850.525,0.9509425759315491,0.5321120023727417,0.5320618748664856,0.18008822202682495,88.53729844093323,3.9162933826446533,3.9747321605682373,82.48411273956299,0.12602543830871582,0.18083667755126953,1.772937536239624
16,12,95.25288486480713,-2562592.15,0.9517695903778076,0.5321788191795349,0.5325505137443542,0.18097299337387085,87.97307515144348,4.047625780105591,7.279418230056763,81.8772714138031,0.1362135410308838,0.18239665031433105,1.6594078540802002
16,13,91.78294372558594,-2562146.4,0.9514747858047485,0.5346946120262146,0.5339986681938171,0.18076226115226746,87.537672996521,3.9985244274139404,4.244892835617065,81.77074790000916,0.13213729858398438,0.17894506454467773,1.3937926292419434
16,14,93.91554641723633,-2560712.425,0.9521411061286926,0.5346155166625977,0.5344651341438293,0.18088091909885406,87.74173355102539,3.767756938934326,6.1734418869018555,81.89181995391846,0.11763429641723633,0.17481565475463867,1.7396774291992188
16,15,100.94631028175354,-2561595.85,0.9517936706542969,0.5340921878814697,0.5341339111328125,0.1808857023715973,87.87897324562073,3.760984420776367,13.066958665847778,82.10799026489258,0.11853218078613281,0.17676854133605957,1.6641032695770264
16,16,92.76873755455017,-2562439.525,0.9527573585510254,0.5339264273643494,0.5344278216362,0.18208318948745728,87.49938297271729,3.812164306640625,5.268981456756592,81.93292546272278,0.11951398849487305,0.1824781894683838,1.400824785232544
16,17,92.22396755218506,-2561463.35,0.9521620273590088,0.5345073938369751,0.5335093140602112,0.18111786246299744,88.38043022155762,4.088059425354004,3.843149423599243,82.24648952484131,0.1396956443786621,0.18399715423583984,1.6508665084838867
16,18,91.82179260253906,-2561831.425,0.9504145383834839,0.5336700081825256,0.5344484448432922,0.1799388974905014,87.48644232749939,3.752380847930908,4.334959983825684,81.97159576416016,0.11716961860656738,0.19535541534423828,1.3995850086212158
16,19,92.22040271759033,-2562093.4,0.951791524887085,0.5344467163085938,0.5342832803726196,0.1811571717262268,88.35044717788696,3.986016273498535,3.869572401046753,82.3302481174469,0.12968063354492188,0.18134641647338867,1.6608071327209473
16,20,91.45214319229126,-2562121.925,0.9520638585090637,0.5331982970237732,0.5332761406898499,0.18096522986888885,87.43966507911682,3.936445474624634,4.012081623077393,81.48909330368042,0.12244868278503418,0.17447209358215332,1.6613082885742188
16,21,92.26205945014954,-2561418.225,0.9520504474639893,0.5323421359062195,0.5340840220451355,0.18076716363430023,88.37255477905273,3.976572275161743,3.8891263008117676,82.356205701828,0.1376819610595703,0.18119215965270996,1.6555917263031006
16,22,95.56427240371704,-2563348.8,0.9512025713920593,0.5338661670684814,0.5340723991394043,0.18124297261238098,88.28972792625427,3.9834940433502197,7.2741475105285645,82.24419331550598,0.14287257194519043,0.18146562576293945,1.6700987815856934
16,23,92.72103190422058,-2562471.625,0.9519546627998352,0.5344743728637695,0.533856987953186,0.18155042827129364,88.78338241577148,3.8810997009277344,3.9372713565826416,82.88286471366882,0.11965227127075195,0.17903351783752441,1.6700818538665771
16,24,92.14549493789673,-2561861.55,0.951496958732605,0.5333968997001648,0.5338456034660339,0.18057194352149963,88.09620881080627,3.7617948055267334,4.048907279968262,82.32581210136414,0.11772608757019043,0.17716717720031738,1.6630852222442627
16,25,92.63758683204651,-2561385.7,0.951206624507904,0.5346094369888306,0.5342236161231995,0.18046104907989502,88.77144002914429,4.168061017990112,3.8657641410827637,82.5333240032196,0.1486973762512207,0.18454313278198242,1.6633648872375488
16,26,94.15855693817139,-2562261.7,0.952022910118103,0.533905029296875,0.5341023206710815,0.18137599527835846,88.10859370231628,3.7660930156707764,6.049591779708862,82.32981538772583,0.1184699535369873,0.17856693267822266,1.6655962467193604
16,27,92.73783278465271,-2563067.475,0.9512858986854553,0.5348556637763977,0.5351906418800354,0.18157057464122772,88.80310940742493,4.076180696487427,3.9343411922454834,82.66356611251831,0.13822531700134277,0.1836106777191162,1.6719329357147217
16,28,92.82151651382446,-2561019.025,0.9525542259216309,0.5344751477241516,0.5327556133270264,0.1808725893497467,88.96296191215515,4.1389055252075195,3.858166456222534,82.76361536979675,0.14561724662780762,0.18265032768249512,1.657989263534546
16,29,92.35528826713562,-2561895.3,0.9520220756530762,0.5335676074028015,0.53413325548172,0.1812434196472168,88.45045828819275,4.034423351287842,3.904444932937622,82.36035633087158,0.14162635803222656,0.18200159072875977,1.660966157913208
16,30,92.62894058227539,-2560792.15,0.9522354602813721,0.5331137180328369,0.5346965193748474,0.18073038756847382,88.74635124206543,4.06930685043335,3.882206678390503,82.63476204872131,0.13820433616638184,0.17933201789855957,1.6572730541229248
17,1,123.52452969551086,-5981501.5,0.9619349837303162,0.5241703391075134,0.5232658982276917,0.19211459159851074,115.74428153038025,3.9972891807556152,7.779508829116821,109.91033220291138,0.13030672073364258,0.24760913848876953,1.4079575538635254
17,2,122.96798300743103,-5981181.4,0.9620246291160583,0.5233354568481445,0.523080050945282,0.19210459291934967,115.26832318305969,4.030806541442871,7.6989099979400635,109.3784658908844,0.1300218105316162,0.24548959732055664,1.4330008029937744
17,3,122.34259343147278,-5981585.1,0.9626377820968628,0.5242870450019836,0.5246122479438782,0.1928301751613617,114.46637868881226,4.027132987976074,7.875477313995361,108.59511876106262,0.1305549144744873,0.24096155166625977,1.4222519397735596
17,4,122.8357150554657,-5982445.9,0.9620733261108398,0.5232396721839905,0.5232826471328735,0.19247595965862274,115.037362575531,4.078629493713379,7.797611236572266,109.09326124191284,0.13190412521362305,0.24317622184753418,1.4393210411071777
17,5,122.73099637031555,-5982374.2,0.9610914587974548,0.5232982039451599,0.5229433178901672,0.1914910078048706,115.05993437767029,4.225705623626709,7.6703102588653564,108.94186091423035,0.14687395095825195,0.2514631748199463,1.4259047508239746
17,6,136.02822422981262,-5980127.3,0.9638658165931702,0.5248885750770569,0.5246527194976807,0.19357040524482727,116.03753352165222,4.239908695220947,19.989932537078857,109.90659379959106,0.14650321006774902,0.25206422805786133,1.429537296295166
17,7,122.14157295227051,-5982714.85,0.9616599082946777,0.5232838988304138,0.523207426071167,0.19208471477031708,114.19763112068176,4.247467994689941,7.943243026733398,108.07289457321167,0.13661623001098633,0.27484726905822754,1.4128191471099854
17,8,121.64408302307129,-5980964.55,0.9623884558677673,0.5231090784072876,0.522972583770752,0.19212011992931366,113.97183656692505,4.007830381393433,7.6715028285980225,108.11128163337708,0.12712931632995605,0.22951316833496094,1.4474716186523438
17,9,122.86983513832092,-5982311.4,0.9602041840553284,0.5212470293045044,0.5221008062362671,0.19048064947128296,115.18170857429504,4.075231075286865,7.687391996383667,109.24608588218689,0.13197970390319824,0.2421891689300537,1.434889793395996
17,10,122.05484700202942,-5978806.85,0.9626808166503906,0.5228409171104431,0.5228167772293091,0.19192637503147125,114.21722173690796,4.042466878890991,7.83686375617981,108.31737041473389,0.13578248023986816,0.23514151573181152,1.434152364730835
17,11,122.37656211853027,-5982326.25,0.9630892276763916,0.5247461199760437,0.5248956680297852,0.1934756487607956,114.284423828125,3.9900710582733154,8.091423273086548,108.47122359275818,0.12725520133972168,0.23080110549926758,1.4163522720336914
17,12,124.58976078033447,-5980324.55,0.9621607065200806,0.5232813954353333,0.5233783721923828,0.19189880788326263,116.82569241523743,4.295823812484741,7.763305902481079,110.6318895816803,0.14827966690063477,0.25401926040649414,1.4279673099517822
17,13,121.74363708496094,-5982635.9,0.9620373249053955,0.523002028465271,0.5232217311859131,0.19224216043949127,113.73291063308716,3.902174472808838,8.00998306274414,107.9940037727356,0.1274127960205078,0.23357176780700684,1.4276409149169922
17,14,123.31728863716125,-5979501.4,0.9617745280265808,0.5228726267814636,0.5236390829086304,0.19160014390945435,115.07075428962708,4.345534086227417,8.245759963989258,108.85386753082275,0.13817095756530762,0.24834060668945312,1.429227352142334
17,15,120.81572413444519,-5982739.35,0.9617630839347839,0.5228553414344788,0.5233680009841919,0.19204869866371155,113.05590486526489,4.0222556591033936,7.759095668792725,107.19805932044983,0.12980222702026367,0.23286938667297363,1.4230470657348633
17,16,120.17365384101868,-5983471.95,0.9614462852478027,0.5231415033340454,0.5236152410507202,0.1920492947101593,112.55463433265686,3.969292640686035,7.6183037757873535,106.75866317749023,0.1293342113494873,0.23250293731689453,1.4160826206207275
17,17,123.82509469985962,-5981599.35,0.9614775776863098,0.5229995846748352,0.5231414437294006,0.19183166325092316,116.05877375602722,4.249671936035156,7.765564441680908,109.90802240371704,0.1521146297454834,0.24423742294311523,1.4318585395812988
17,18,123.61362600326538,-5981952.0,0.9635202288627625,0.5250104069709778,0.5243426561355591,0.19369447231292725,115.89627361297607,4.311622619628906,7.716610908508301,109.6957414150238,0.15134191513061523,0.25343751907348633,1.4189834594726562
17,19,122.21549677848816,-5982056.2,0.961884617805481,0.5228539109230042,0.522985577583313,0.1920330822467804,114.44384360313416,4.18983006477356,7.770900726318359,108.36793518066406,0.15187764167785645,0.23601174354553223,1.425426721572876
17,20,120.1967408657074,-5980517.35,0.9621259570121765,0.5234753489494324,0.5238828063011169,0.1920538991689682,112.76232385635376,3.982287645339966,7.43372654914856,106.96807599067688,0.12553977966308594,0.22574257850646973,1.4122788906097412
17,21,121.29681634902954,-5981840.35,0.9619081020355225,0.522864580154419,0.523339033126831,0.19198745489120483,113.59783339500427,4.018436670303345,7.69828724861145,107.76023840904236,0.12975525856018066,0.22625327110290527,1.414301872253418
17,22,123.42614793777466,-5982260.9,0.9619870781898499,0.5231446027755737,0.5236873030662537,0.19222955405712128,115.8655755519867,4.333044052124023,7.559852600097656,109.62184119224548,0.1551370620727539,0.252943754196167,1.4315001964569092
17,23,122.69236373901367,-5978506.65,0.9620571732521057,0.5234014987945557,0.5233420133590698,0.19145196676254272,114.85960817337036,4.097601890563965,7.832000732421875,108.91090369224548,0.13351130485534668,0.24110198020935059,1.4254114627838135
17,24,124.27618837356567,-5981971.4,0.9614047408103943,0.5233566164970398,0.5233508348464966,0.19168972969055176,116.53271412849426,4.026453018188477,7.742730617523193,110.65134787559509,0.12907171249389648,0.23973464965820312,1.435584545135498
17,25,122.71773195266724,-5985323.85,0.9617951512336731,0.5231442451477051,0.5228281021118164,0.19276101887226105,114.83807468414307,4.425248384475708,7.878899335861206,107.76565408706665,0.13092613220214844,0.243438720703125,2.2223567962646484
17,26,122.89796161651611,-5983139.75,0.9615941643714905,0.5231190323829651,0.5235087871551514,0.19204789400100708,115.2907280921936,4.23492693901062,7.606525182723999,109.175119638443,0.14168381690979004,0.25774383544921875,1.4300339221954346
17,27,123.83400130271912,-5980169.95,0.9618419408798218,0.5234266519546509,0.5235049724578857,0.19173510372638702,116.00914311408997,4.0428173542022705,7.82411527633667,110.10220432281494,0.13529372215270996,0.2456376552581787,1.431386947631836
17,28,121.36818099021912,-5981421.15,0.9619702696800232,0.5231941342353821,0.5232318639755249,0.1920691728591919,113.37452363967896,4.215777397155762,7.992907285690308,107.31755685806274,0.13196659088134766,0.2330164909362793,1.4269616603851318
17,29,121.6557970046997,-5983993.5,0.9612561464309692,0.5237647891044617,0.5234796404838562,0.1920222043991089,113.95750451087952,4.1274192333221436,7.697546482086182,107.97817420959473,0.13551592826843262,0.2392582893371582,1.42152738571167
17,30,123.35120058059692,-5981774.35,0.9617480635643005,0.5234721302986145,0.5230133533477783,0.19177712500095367,114.96940183639526,3.969470739364624,8.381054162979126,109.12666058540344,0.13286232948303223,0.24399352073669434,1.4466800689697266
18,1,181.06042766571045,-13939718.6,0.9694013595581055,0.5142513513565063,0.5140211582183838,0.20409730076789856,156.30615425109863,4.3571648597717285,24.75275206565857,147.28692078590393,0.12827396392822266,0.3975186347961426,1.4756762981414795
18,2,174.48763942718506,-13939757.2,0.9698197841644287,0.514817476272583,0.5146011710166931,0.20451569557189941,157.28111481666565,4.402096509933472,17.20500683784485,148.34028673171997,0.1278529167175293,0.38736939430236816,1.4848337173461914
18,3,172.18910002708435,-13942847.0,0.9691362977027893,0.5140679478645325,0.5140737295150757,0.2042255401611328,155.35533785820007,4.318274021148682,16.832222938537598,146.3686239719391,0.12666034698486328,0.3826308250427246,1.4892821311950684
18,4,172.48617386817932,-13941495.3,0.967441201210022,0.5127689838409424,0.5128430128097534,0.2023576945066452,155.79755520820618,4.304238796234131,16.687163591384888,146.75082755088806,0.12647080421447754,0.3924119472503662,1.5699868202209473
18,5,172.7108654975891,-13943349.2,0.9692466259002686,0.5144616961479187,0.5145106911659241,0.2044754922389984,156.01701736450195,4.418635129928589,16.692391395568848,147.07837677001953,0.128676176071167,0.39703822135925293,1.4712307453155518
18,6,174.323477268219,-13949785.4,0.9669883251190186,0.5121122002601624,0.5121055841445923,0.20264628529548645,155.62186408042908,4.405917167663574,18.7001953125,146.67710041999817,0.12919354438781738,0.39693403244018555,1.4618473052978516
18,7,173.59857726097107,-13939954.0,0.9686034321784973,0.513857901096344,0.5137789249420166,0.2034509778022766,156.64660239219666,4.066251516342163,16.950437784194946,147.67290496826172,0.12460613250732422,0.3808097839355469,1.4709019660949707
18,8,173.15850853919983,-13938525.7,0.9687568545341492,0.5137056112289429,0.5139655470848083,0.20347419381141663,156.52977895736694,4.340368986129761,16.627282857894897,147.51191020011902,0.12811946868896484,0.3869965076446533,1.4993221759796143
18,9,182.3011553287506,-13940624.8,0.9686494469642639,0.5139635801315308,0.5134618878364563,0.2035026103258133,156.68452048301697,4.076363563537598,25.615113973617554,147.71210527420044,0.1256401538848877,0.382702112197876,1.4698841571807861
18,10,173.29121351242065,-13936036.0,0.9694029092788696,0.5140971541404724,0.514611005783081,0.20377632975578308,156.5681881904602,4.495858669281006,16.72155737876892,147.6219208240509,0.13028526306152344,0.39772534370422363,1.470341682434082
18,11,175.1628360748291,-13942675.8,0.9705086350440979,0.5157998204231262,0.5155836939811707,0.20545892417430878,156.41218280792236,4.054778575897217,18.749053716659546,147.45086646080017,0.1240694522857666,0.38173484802246094,1.4731006622314453
18,12,178.64851689338684,-13943010.0,0.9690335988998413,0.5142171382904053,0.51433926820755,0.20411954820156097,153.0768506526947,4.03149938583374,25.570225715637207,144.2213180065155,0.12312936782836914,0.36666345596313477,1.456500768661499
18,13,170.69140434265137,-13940101.0,0.9692054986953735,0.5144290328025818,0.5139065384864807,0.20400866866111755,154.09331846237183,4.331188440322876,16.59663462638855,145.1728332042694,0.12572431564331055,0.3788132667541504,1.4633822441101074
18,14,177.70454788208008,-13943103.0,0.9699647426605225,0.5149306058883667,0.5146900415420532,0.20484720170497894,155.86304831504822,4.335035085678101,21.840054750442505,146.89146828651428,0.12620186805725098,0.39032912254333496,1.462141513824463
18,15,173.2932391166687,-13937891.6,0.9688085317611694,0.5134159326553345,0.5135959982872009,0.20329119265079498,156.47004675865173,4.072436332702637,16.821686506271362,147.51485347747803,0.12486767768859863,0.43985700607299805,1.465235948562622
18,16,172.8807189464569,-13940638.6,0.9689979553222656,0.5145466327667236,0.5142410397529602,0.20393922924995422,156.24705719947815,4.379254102706909,16.632221221923828,147.31486821174622,0.1270582675933838,0.391202449798584,1.4689819812774658
18,17,174.0152506828308,-13942036.8,0.969340443611145,0.5146023631095886,0.5144063234329224,0.20433948934078217,157.08240461349487,4.297382116317749,16.93137550354004,148.01622796058655,0.12839841842651367,0.44378089904785156,1.4826240539550781
18,18,172.57678055763245,-13938513.1,0.9689595699310303,0.5138345956802368,0.513726532459259,0.20362359285354614,155.93564367294312,4.410680294036865,16.63968515396118,146.93688797950745,0.12734103202819824,0.3943307399749756,1.4646635055541992
18,19,181.77557110786438,-13940838.2,0.969207763671875,0.5146022439002991,0.5146740674972534,0.20420922338962555,161.2203118801117,4.051123380661011,20.553784370422363,152.31638503074646,0.12393379211425781,0.3726184368133545,1.4735546112060547
18,20,172.5086088180542,-13945844.1,0.9697687029838562,0.514960527420044,0.5150858759880066,0.20489352941513062,155.20767617225647,4.033100605010986,17.299412727355957,146.24285173416138,0.12469220161437988,0.3817462921142578,1.4658212661743164
18,21,172.5832109451294,-13937877.4,0.9688491821289062,0.5136198997497559,0.5140324831008911,0.2033557891845703,155.78723454475403,4.0557475090026855,16.79445743560791,146.88880825042725,0.1248311996459961,0.38213014602661133,1.4628956317901611
18,22,172.43523240089417,-13944094.8,0.9683653712272644,0.5132059454917908,0.5131692290306091,0.2035609781742096,155.83571314811707,4.43522310256958,16.598060607910156,146.81193852424622,0.1276698112487793,0.38805079460144043,1.4858968257904053
18,23,172.4748294353485,-13941751.3,0.9678528904914856,0.5130538940429688,0.512781023979187,0.20297428965568542,155.81142568588257,4.353023052215576,16.66195034980774,146.89042711257935,0.12697553634643555,0.3881998062133789,1.46230149269104
18,24,171.56936645507812,-13944694.7,0.9682995080947876,0.5136235952377319,0.5136823654174805,0.20371314883232117,154.95136165618896,4.15210223197937,16.616552114486694,145.99933242797852,0.12118744850158691,0.3726198673248291,1.4653186798095703
18,25,175.5826027393341,-13946258.9,0.9685938954353333,0.5136927366256714,0.5137686133384705,0.2040846049785614,157.06772923469543,4.178420782089233,18.513344287872314,148.08588933944702,0.1273021697998047,0.39133238792419434,1.4736745357513428
18,26,173.48011207580566,-13939203.8,0.9700217247009277,0.5153672099113464,0.5150911808013916,0.20466844737529755,156.5251386165619,4.0313966274261475,16.95343542098999,147.6202940940857,0.12405085563659668,0.3830239772796631,1.4706993103027344
18,27,170.15480279922485,-13942299.2,0.9691961407661438,0.5144381523132324,0.5140239000320435,0.20418837666511536,153.55541038513184,4.22381329536438,16.5979220867157,144.6890676021576,0.12227320671081543,0.36785078048706055,1.4680190086364746
18,28,172.96382761001587,-13936620.4,0.9687695503234863,0.5131576061248779,0.5135204195976257,0.20318445563316345,156.48305368423462,4.262073516845703,16.479318380355835,147.50975704193115,0.1253511905670166,0.38788580894470215,1.4657552242279053
18,29,172.6013641357422,-13940556.5,0.9706470370292664,0.5155526995658875,0.5158448219299316,0.20548634231090546,155.91829800605774,4.354936838150024,16.681602001190186,146.9232108592987,0.12665200233459473,0.39348602294921875,1.464716911315918
18,30,172.00191831588745,-13941589.6,0.9695379137992859,0.5139214396476746,0.5141821503639221,0.20439447462558746,155.4807939529419,4.209317445755005,16.5196795463562,146.57913851737976,0.12407231330871582,0.38210368156433105,1.471062183380127
19,1,250.76027488708496,-32554722.8,0.9676811695098877,0.5090528726577759,0.5091373324394226,0.21716375648975372,212.64383792877197,4.542392730712891,38.11297631263733,200.35227751731873,0.1437816619873047,0.574390172958374,1.5393931865692139
19,2,252.63248109817505,-32556323.8,0.9654868841171265,0.506584107875824,0.5069820284843445,0.21466341614723206,215.6208655834198,4.516179323196411,37.008198976516724,203.2845847606659,0.14075469970703125,0.589308500289917,1.5368340015411377
19,3,251.03102040290833,-32565163.2,0.9661333560943604,0.507809042930603,0.5079976916313171,0.21614021062850952,213.24233603477478,4.565528154373169,37.78532028198242,200.93701815605164,0.1466970443725586,0.5778539180755615,1.5472266674041748
19,4,247.2760739326477,-32558102.2,0.9670782089233398,0.5088651180267334,0.5087117552757263,0.21665504574775696,210.29584860801697,4.744254112243652,36.976929903030396,198.02059197425842,0.14081740379333496,0.5530481338500977,1.5317487716674805
19,5,253.66835141181946,-32570261.6,0.964572548866272,0.5061715841293335,0.506173849105835,0.21424178779125214,216.51670360565186,4.679834604263306,37.14840126037598,204.22049045562744,0.14076519012451172,0.5927186012268066,1.5257954597473145
19,6,249.22442173957825,-32575386.2,0.9646613597869873,0.5065637826919556,0.5064588785171509,0.21457363665103912,212.04108929634094,4.861474275588989,37.180070877075195,199.71515488624573,0.14447903633117676,0.5776042938232422,1.5314955711364746
19,7,256.7650616168976,-32564502.6,0.9667866826057434,0.5086061954498291,0.5086933374404907,0.21671071648597717,218.4105086326599,4.540310621261597,38.35080671310425,206.05830907821655,0.1461179256439209,0.601154088973999,1.5573806762695312
19,8,254.9335331916809,-32567771.4,0.965954065322876,0.507820188999176,0.5079280734062195,0.21589544415473938,217.03512811660767,4.495975971221924,37.89487171173096,204.71047472953796,0.1410510540008545,0.5889620780944824,1.544942855834961
19,9,254.76773238182068,-32562641.0,0.9662205576896667,0.5079582333564758,0.5081382393836975,0.21629685163497925,217.2587912082672,4.520429849624634,37.505505084991455,204.93524289131165,0.13994765281677246,0.5865998268127441,1.547827959060669
19,10,255.07074856758118,-32562429.2,0.9673835635185242,0.508836567401886,0.5089741349220276,0.21706311404705048,217.31486821174622,4.490106582641602,37.75256657600403,205.02708458900452,0.14128684997558594,0.5796010494232178,1.5463566780090332
19,11,255.29313278198242,-32565858.0,0.9670050144195557,0.5090159177780151,0.5090039968490601,0.21689148247241974,217.41869807243347,4.539411783218384,37.871023178100586,205.08771347999573,0.1395893096923828,0.5851163864135742,1.5507268905639648
19,12,254.493394613266,-32566232.8,0.9668458104133606,0.5087239146232605,0.5087105631828308,0.21675419807434082,216.77315711975098,4.873782157897949,37.716904640197754,204.4392318725586,0.14774084091186523,0.5841200351715088,1.5547053813934326
19,13,254.8889081478119,-32564179.0,0.9666452407836914,0.5084059238433838,0.5086891055107117,0.2163858413696289,217.014790058136,4.522576093673706,37.87077856063843,204.66035509109497,0.14239239692687988,0.5843169689178467,1.5680460929870605
19,14,250.7696943283081,-32568351.0,0.9666851162910461,0.5089714527130127,0.5085925459861755,0.21677272021770477,213.06982612609863,4.718044281005859,37.696624994277954,200.79357028007507,0.14038491249084473,0.5739152431488037,1.535731554031372
19,15,252.45871114730835,-32568718.0,0.9658790826797485,0.508054256439209,0.508211076259613,0.21583299338817596,215.35641193389893,4.642091512680054,37.099098443984985,203.0536768436432,0.1459488868713379,0.5856473445892334,1.530271291732788
19,16,255.27742648124695,-32561793.0,0.966867208480835,0.5087643265724182,0.5088266730308533,0.21669943630695343,217.19780468940735,4.73502254486084,38.07620310783386,204.88475823402405,0.14173078536987305,0.580045223236084,1.5617473125457764
19,17,254.7385811805725,-32566473.8,0.9660804271697998,0.5080068111419678,0.5078816413879395,0.21622471511363983,216.79447436332703,4.6613006591796875,37.940715074539185,204.48039484024048,0.1432182788848877,0.5879359245300293,1.547201156616211
19,18,254.15750312805176,-32556830.0,0.9672538638114929,0.5086919665336609,0.5087547898292542,0.2167585790157318,216.44845533370972,4.6273815631866455,37.70566368103027,204.1293294429779,0.14308404922485352,0.5862917900085449,1.5415146350860596
19,19,255.01154947280884,-32566608.0,0.9644980430603027,0.5063573718070984,0.5060505270957947,0.2142053246498108,216.027104139328,4.662498712539673,38.98103928565979,203.6632421016693,0.1435849666595459,0.5948419570922852,1.5677456855773926
19,20,259.3785388469696,-32569070.4,0.9641342759132385,0.5057177543640137,0.5060044527053833,0.213802769780159,219.03728342056274,4.9288129806518555,40.33758354187012,206.66527915000916,0.1482381820678711,0.6310098171234131,1.5612716674804688
19,21,247.9186305999756,-32559636.2,0.9675474762916565,0.5092471241950989,0.5089423060417175,0.21733605861663818,209.6617157459259,4.496697425842285,38.25352931022644,197.39903092384338,0.14220476150512695,0.5669496059417725,1.5442674160003662
19,22,248.17015719413757,-32568487.8,0.9656667113304138,0.5075287222862244,0.5074591040611267,0.21556644141674042,211.21255230903625,4.543126583099365,36.954387187957764,198.9432601928711,0.13707280158996582,0.5604181289672852,1.5235872268676758
19,23,252.33625841140747,-32555631.8,0.9671832323074341,0.5087207555770874,0.5087533593177795,0.2165953814983368,214.73553371429443,4.478510141372681,37.59739089012146,202.46133470535278,0.13832354545593262,0.5734391212463379,1.5458486080169678
19,24,253.03427934646606,-32564157.8,0.966949462890625,0.5085285902023315,0.5084331035614014,0.21669848263263702,214.78312754631042,4.544770956039429,38.24782633781433,202.49634647369385,0.14199066162109375,0.5898575782775879,1.5347015857696533
19,25,250.60332226753235,-32565799.0,0.9677334427833557,0.509020984172821,0.5094619393348694,0.21735309064388275,213.37925028800964,4.493959426879883,37.22079086303711,201.07348728179932,0.13857054710388184,0.5710504055023193,1.546642780303955
19,26,261.03405594825745,-32562559.8,0.9663119316101074,0.5080031752586365,0.5082299709320068,0.21619169414043427,223.44265961647034,4.579357147216797,37.58801341056824,211.0817313194275,0.14339256286621094,0.6097865104675293,1.5488758087158203
19,27,255.5274362564087,-32571056.4,0.9664041996002197,0.5083869695663452,0.5079777240753174,0.21666483581066132,217.59208941459656,4.761465787887573,37.93199443817139,205.27159595489502,0.14197397232055664,0.5886962413787842,1.5631170272827148
19,28,255.10258603096008,-32574154.4,0.9666773080825806,0.5087403655052185,0.5087365508079529,0.21689948439598083,216.95956897735596,4.523508787155151,38.139530658721924,204.632093667984,0.14032196998596191,0.5808649063110352,1.5486583709716797
19,29,248.80172848701477,-32568444.4,0.9697870016098022,0.511440634727478,0.5114080905914307,0.21936742961406708,210.81471514701843,4.50920033454895,37.98353028297424,198.5595259666443,0.13831377029418945,0.5689370632171631,1.5347800254821777
19,30,255.63834810256958,-32560160.0,0.9670696258544922,0.5086892247200012,0.5086888670921326,0.21658870577812195,217.77643036842346,4.591006755828857,37.85845136642456,205.44794845581055,0.14262914657592773,0.6089134216308594,1.549919605255127
20,1,411.09976744651794,-76445732.8,0.9525144100189209,0.5078141093254089,0.5077718496322632,0.23185041546821594,317.5058252811432,5.2072389125823975,93.58071970939636,286.91600584983826,0.1458287239074707,1.0670173168182373,1.640995740890503
20,2,410.983567237854,-76464859.2,0.9521852135658264,0.5078244805335999,0.5077826380729675,0.23188763856887817,318.3506348133087,4.988602638244629,92.62121796607971,287.71749353408813,0.14850831031799316,1.1031270027160645,1.6474056243896484
20,3,404.2661871910095,-76467745.6,0.9527376294136047,0.5081300735473633,0.5082145929336548,0.23234449326992035,317.0871696472168,4.928258180618286,87.16728401184082,286.50628566741943,0.143998384475708,1.0375621318817139,1.6569623947143555
20,4,424.6923234462738,-76497724.8,0.9535253643989563,0.508649468421936,0.5087158679962158,0.2330826371908188,322.2635507583618,4.895469665527344,102.41686701774597,291.1921741962433,0.14261317253112793,1.0374009609222412,1.6434762477874756
20,5,411.7909972667694,-76458116.0,0.9520727396011353,0.5078582167625427,0.5075637698173523,0.23173075914382935,318.4946084022522,4.965912103652954,93.28463816642761,286.9277300834656,0.14356350898742676,1.4732801914215088,1.6366081237792969
20,6,408.4790949821472,-76456561.6,0.952608585357666,0.5080547332763672,0.5080488920211792,0.232242152094841,318.5846977233887,4.881287336349487,89.88240599632263,287.42529916763306,0.14274191856384277,1.063025951385498,1.6518950462341309
20,7,415.863671541214,-76453724.0,0.9525327682495117,0.508156955242157,0.5080673098564148,0.2320757508277893,319.07929825782776,4.87419319152832,96.77162551879883,287.92847204208374,0.14294695854187012,1.1113691329956055,1.6344380378723145
20,8,410.16837763786316,-76439615.2,0.9529118537902832,0.5081951022148132,0.508132815361023,0.2321740686893463,315.4512276649475,4.915771961212158,94.7040159702301,284.4133322238922,0.1427767276763916,1.0021827220916748,1.6387341022491455
20,9,410.6471526622772,-76458754.4,0.9524402618408203,0.5078981518745422,0.5080769658088684,0.23204709589481354,319.53000497817993,4.8339927196502686,91.10546779632568,288.04617166519165,0.1429004669189453,1.4104671478271484,1.6453449726104736
20,10,413.7372884750366,-76457211.2,0.9526047706604004,0.5081459283828735,0.5079219937324524,0.23226642608642578,318.5047264099121,4.8462817668914795,95.21945595741272,287.37456727027893,0.1441938877105713,1.0762355327606201,1.642000436782837
20,11,409.84074783325195,-76443680.8,0.9526296257972717,0.5077366232872009,0.5077434182167053,0.2318921536207199,317.5516517162323,4.934976816177368,92.27734065055847,286.39360880851746,0.143385648727417,1.0660004615783691,1.6382791996002197
20,12,414.15394115448,-76466124.0,0.9523983001708984,0.5081013441085815,0.5080016255378723,0.2321985363960266,320.5402855873108,4.911982536315918,93.60189700126648,289.3695340156555,0.14385747909545898,1.0677509307861328,1.6405842304229736
20,13,407.5433533191681,-76469599.2,0.9524811506271362,0.5084168910980225,0.50828617811203,0.23257477581501007,315.7516541481018,4.853776454925537,91.78023958206177,284.6512167453766,0.14289474487304688,1.031487226486206,1.6294872760772705
20,14,409.76651668548584,-76457351.2,0.9526317119598389,0.5084225535392761,0.5081863403320312,0.23238685727119446,317.57768869400024,4.881376266479492,92.17716193199158,286.40414094924927,0.144026517868042,1.062678575515747,1.6520249843597412
20,15,406.00478076934814,-76442776.8,0.9528408050537109,0.5081310868263245,0.5082545876502991,0.2321707159280777,319.3002893924713,5.13686990737915,86.69143533706665,287.72911977767944,0.1472635269165039,1.4600608348846436,1.6439638137817383
20,16,423.8238410949707,-76451715.2,0.9527570009231567,0.5082027316093445,0.5083003640174866,0.2323237508535385,338.38997411727905,5.130448579788208,85.42245221138,306.93472146987915,0.14658188819885254,1.2058119773864746,1.8386259078979492
20,17,416.95897912979126,-76502868.8,0.9533708691596985,0.5088391304016113,0.5088632702827454,0.23304490745067596,319.31460309028625,4.8647637367248535,97.63126373291016,288.19894194602966,0.14311456680297852,1.071150779724121,1.64918851852417
20,18,431.6050765514374,-76442832.0,0.9528763890266418,0.508279025554657,0.5081861615180969,0.23227834701538086,337.9984927177429,5.094253301620483,93.59338903427124,306.71006894111633,0.14710664749145508,1.1769726276397705,1.634615182876587
20,19,412.20009422302246,-76451752.0,0.9524766206741333,0.507758378982544,0.507769763469696,0.23193147778511047,319.2547118663788,4.9255805015563965,92.93221187591553,288.08226799964905,0.14434480667114258,1.0835835933685303,1.6458673477172852
20,20,411.726096868515,-76450113.6,0.9524602293968201,0.5079684853553772,0.5077404975891113,0.2319614738225937,318.9507267475128,4.863854885101318,92.76363110542297,287.77552556991577,0.14262127876281738,1.0683846473693848,1.6371924877166748
20,21,419.21131706237793,-76491012.0,0.9509919881820679,0.5062309503555298,0.5062432885169983,0.23058681190013885,334.3989112377167,5.124319076538086,84.8011908531189,303.08535742759705,0.14884710311889648,1.1844956874847412,1.6271371841430664
20,22,411.34858226776123,-76454296.8,0.9520931243896484,0.5075207948684692,0.5075556039810181,0.23169976472854614,318.9033753871918,4.893635272979736,92.43195748329163,287.73032426834106,0.14452266693115234,1.075413465499878,1.648911714553833
20,23,419.22832560539246,-76445569.6,0.9529208540916443,0.5083392858505249,0.5080097913742065,0.23228147625923157,333.8493196964264,5.110223054885864,85.367516040802,302.6187846660614,0.1475977897644043,1.1472764015197754,1.6248371601104736
20,24,418.95313477516174,-76445891.2,0.9527971744537354,0.5080644488334656,0.5082104206085205,0.23217524588108063,333.8531196117401,5.091010093688965,85.08875727653503,302.62174105644226,0.14775419235229492,1.1713142395019531,1.624117374420166
20,25,414.2945477962494,-76444036.0,0.9526774287223816,0.5082417726516724,0.5082107186317444,0.2322119176387787,317.90081238746643,4.834705114364624,96.38064789772034,286.79817056655884,0.14303326606750488,1.0652763843536377,1.6365525722503662
20,26,431.4416825771332,-76478729.6,0.955691397190094,0.5108327269554138,0.5107390284538269,0.2348320484161377,335.2163324356079,5.138829708099365,96.21259427070618,303.8979115486145,0.14835810661315918,1.2029838562011719,1.6415653228759766
20,27,405.7423577308655,-76456665.6,0.9526430368423462,0.5083649158477783,0.5081630349159241,0.23243367671966553,318.8934166431427,4.854372978210449,86.83734178543091,287.7369451522827,0.1431739330291748,1.0598390102386475,1.6447534561157227
20,28,413.6884582042694,-76456856.8,0.9526389241218567,0.5080403685569763,0.5082178115844727,0.23238343000411987,318.13267755508423,4.911746263504028,95.54277777671814,286.91645860671997,0.14314866065979004,1.084562063217163,1.6434428691864014
20,29,406.0072877407074,-76462406.4,0.9524518251419067,0.5074503421783447,0.5074934959411621,0.23162056505680084,318.38737630844116,5.145632266998291,87.60665440559387,287.2434802055359,0.1465449333190918,1.0671908855438232,1.6469697952270508
20,30,406.29537057876587,-76448632.0,0.9526625275611877,0.508084774017334,0.5080310106277466,0.23215940594673157,319.07821917533875,4.827695369720459,87.20550155639648,287.9914915561676,0.1420445442199707,1.0574800968170166,1.6368720531463623
