k,sample,total_time,best_ll,P00,P01,P10,P11,full_fit,gradient_gpu,init_cpu_gpu,mcmc_cpu,optimizer_gpu,transfer_pcie,warm_up_mcmc_cpu
1,1,6.3346734046936035,-0.0004000663757324219,0.9998999834060669,0.9998999834060669,9.999999747378752e-05,9.999999747378752e-05,4.946739196777344,1.5276861190795898,1.387892484664917,1.7819750308990479,0.1146841049194336,0.08356213569641113,1.393883228302002
1,2,6.281553745269775,-0.0004000663757324219,0.9998999834060669,9.999999747378752e-05,0.9998999834060669,9.999999747378752e-05,4.910790681838989,1.529832124710083,1.3707287311553955,1.7532095909118652,0.1154320240020752,0.08339810371398926,1.3835899829864502
1,3,6.411339044570923,-0.0004000663757324219,0.9998999834060669,0.9998999834060669,9.999999747378752e-05,0.9998999834060669,5.03286075592041,1.5371699333190918,1.3784444332122803,1.8683295249938965,0.1151437759399414,0.0829916000366211,1.3839271068572998
1,4,6.247770547866821,-0.0004000663757324219,0.9998999834060669,0.9998999834060669,9.999999747378752e-05,9.999999747378752e-05,4.915725231170654,1.5343034267425537,1.3320119380950928,1.750037431716919,0.1163027286529541,0.08305191993713379,1.3872168064117432
1,5,6.260213851928711,-0.0004000663757324219,0.9998999834060669,0.9998999834060669,9.999999747378752e-05,9.999999747378752e-05,4.903648376464844,1.5268640518188477,1.3565261363983154,1.7496461868286133,0.11458110809326172,0.08254766464233398,1.385375738143921
1,6,4.842425584793091,0.0,0.8999999761581421,0.699999988079071,0.5,0.20000000298023224,3.516374349594116,1.2988831996917725,1.3260185718536377,0.5973470211029053,0.11419177055358887,0.08283495903015137,1.3787870407104492
1,7,6.2331178188323975,-0.0004000663757324219,0.9998999834060669,9.999999747378752e-05,0.9998999834060669,9.999999747378752e-05,4.927648305892944,1.535417079925537,1.3054351806640625,1.769773244857788,0.11574053764343262,0.08260726928710938,1.3790602684020996
1,8,6.4046790599823,-0.0004000663757324219,0.9998999834060669,0.9998999834060669,9.999999747378752e-05,0.9998999834060669,5.060153484344482,1.5470125675201416,1.3444924354553223,1.8857722282409668,0.11580300331115723,0.08445048332214355,1.381176233291626
1,9,6.295261859893799,-0.0004000663757324219,0.9998999834060669,0.9998999834060669,9.999999747378752e-05,9.999999747378752e-05,4.9299476146698,1.5520331859588623,1.365281581878662,1.7478034496307373,0.11679506301879883,0.08361148834228516,1.3844513893127441
1,10,6.516073942184448,-0.0004000663757324219,0.9998999834060669,0.9998999834060669,9.999999747378752e-05,0.9998999834060669,5.050910711288452,1.5341856479644775,1.4651291370391846,1.8880486488342285,0.11421751976013184,0.0831747055053711,1.3859310150146484
1,11,4.8428614139556885,0.0,0.8999999761581421,0.699999988079071,0.5,0.20000000298023224,3.5204176902770996,1.2960758209228516,1.3224115371704102,0.6007294654846191,0.11387228965759277,0.08309316635131836,1.3827028274536133
1,12,4.851712465286255,0.0,0.8999999761581421,0.699999988079071,0.5,0.20000000298023224,3.532059669494629,1.3085980415344238,1.3196156024932861,0.6026961803436279,0.1143190860748291,0.08266568183898926,1.379805326461792
1,13,6.312277555465698,-0.0004000663757324219,0.9998999834060669,0.9998999834060669,9.999999747378752e-05,9.999999747378752e-05,4.920854091644287,1.5426514148712158,1.3913848400115967,1.7483651638031006,0.11596417427062988,0.08333730697631836,1.385565996170044
1,14,6.435879468917847,-0.0004000663757324219,0.9998999834060669,0.9998999834060669,9.999999747378752e-05,0.9998999834060669,5.087346792221069,1.5354902744293213,1.3484985828399658,1.92515230178833,0.11613821983337402,0.08318233489990234,1.3820829391479492
1,15,6.272711277008057,-0.0004000663757324219,0.9998999834060669,0.9998999834060669,9.999999747378752e-05,9.999999747378752e-05,4.915168762207031,1.5334572792053223,1.35750412940979,1.752446174621582,0.11519813537597656,0.08326244354248047,1.3855299949645996
1,16,6.413625240325928,-0.0004000663757324219,0.9998999834060669,0.9998999834060669,9.999999747378752e-05,0.9998999834060669,5.05486536026001,1.5388352870941162,1.358727216720581,1.8884830474853516,0.11506986618041992,0.08372116088867188,1.3832612037658691
1,17,4.905557870864868,0.0,0.8999999761581421,0.699999988079071,0.5,0.20000000298023224,3.5421228408813477,1.317382574081421,1.3634021282196045,0.6008164882659912,0.11403942108154297,0.08290338516235352,1.382688045501709
1,18,6.417776584625244,-0.0004000663757324219,0.9998999834060669,0.9998999834060669,9.999999747378752e-05,0.9998999834060669,5.080402135848999,1.532355785369873,1.3373355865478516,1.917311668395996,0.11533212661743164,0.08481812477111816,1.3848447799682617
1,19,6.380246162414551,-0.0004000663757324219,0.9998999834060669,0.9998999834060669,9.999999747378752e-05,9.999999747378752e-05,4.904310703277588,1.5313374996185303,1.475903034210205,1.7474985122680664,0.11440229415893555,0.08261299133300781,1.383629322052002
1,20,6.2306928634643555,-0.0004000663757324219,0.9998999834060669,0.9998999834060669,9.999999747378752e-05,9.999999747378752e-05,4.904244899749756,1.5273032188415527,1.3264131546020508,1.7510285377502441,0.11419367790222168,0.08382344245910645,1.382537841796875
1,21,6.314621448516846,-0.0004000663757324219,0.9998999834060669,0.9998999834060669,9.999999747378752e-05,9.999999747378752e-05,4.955675840377808,1.5674376487731934,1.3589115142822266,1.7602238655090332,0.11597990989685059,0.08460450172424316,1.381894588470459
1,22,5.406111478805542,-0.0004000663757324219,0.9998999834060669,9.999999747378752e-05,9.999999747378752e-05,0.9998999834060669,4.060990810394287,1.530745506286621,1.3450818061828613,0.904456377029419,0.11576461791992188,0.0843360424041748,1.3791625499725342
1,23,6.423213005065918,-0.0004000663757324219,0.9998999834060669,0.9998999834060669,9.999999747378752e-05,0.9998999834060669,5.079516887664795,1.5277342796325684,1.343656301498413,1.9253277778625488,0.11414027214050293,0.08344292640686035,1.3838324546813965
1,24,6.481499433517456,-0.0004000663757324219,0.9998999834060669,0.9998999834060669,9.999999747378752e-05,0.9998999834060669,5.040024280548096,1.5318758487701416,1.4414410591125488,1.881014108657837,0.11455655097961426,0.08309125900268555,1.3842644691467285
1,25,6.424503803253174,-0.0004000663757324219,0.9998999834060669,0.9998999834060669,9.999999747378752e-05,0.9998999834060669,5.0809454917907715,1.530808687210083,1.3435235023498535,1.9223253726959229,0.11444783210754395,0.08329343795776367,1.3847389221191406
1,26,4.865914821624756,0.0,0.8999999761581421,0.699999988079071,0.5,0.20000000298023224,3.524451494216919,1.300786018371582,1.3414316177368164,0.6018917560577393,0.11427164077758789,0.08237195014953613,1.380690336227417
1,27,6.217688083648682,-0.0004000663757324219,0.9998999834060669,0.9998999834060669,9.999999747378752e-05,9.999999747378752e-05,4.912176609039307,1.5293684005737305,1.305478572845459,1.7588434219360352,0.11452174186706543,0.08310556411743164,1.3815135955810547
1,28,4.875050783157349,0.0,0.8999999761581421,0.699999988079071,0.5,0.20000000298023224,3.518008232116699,1.2976348400115967,1.3570115566253662,0.5993578433990479,0.11374592781066895,0.08239531517028809,1.380922555923462
1,29,5.4405272006988525,-0.0004000663757324219,0.9998999834060669,9.999999747378752e-05,9.999999747378752e-05,0.9998999834060669,4.069177627563477,1.5367159843444824,1.3713135719299316,0.902965784072876,0.1155860424041748,0.08416342735290527,1.383704662322998
1,30,4.882219552993774,0.0,0.8999999761581421,0.699999988079071,0.5,0.20000000298023224,3.536337375640869,1.3009381294250488,1.34584379196167,0.6146981716156006,0.11379003524780273,0.08274960517883301,1.3798341751098633
2,1,8.94555115699768,-8.641157817840575,0.9998999834060669,0.9998999834060669,0.822746992111206,0.42953431606292725,7.608326435089111,1.6825010776519775,1.3371901512145996,4.292895555496216,0.11635899543762207,0.08379006385803223,1.387829303741455
2,2,6.473158836364746,-0.0004000663757324219,0.9998999834060669,0.9998999834060669,9.999999747378752e-05,0.9998999834060669,5.042454957962036,1.5426356792449951,1.4306700229644775,1.8664493560791016,0.11611008644104004,0.08462762832641602,1.386688232421875
2,3,7.497049331665039,-4.838960647583008,0.9998999834060669,0.545261025428772,0.5452489256858826,9.999999747378752e-05,6.121706962585449,1.6872472763061523,1.375304937362671,2.8005433082580566,0.1165761947631836,0.08451581001281738,1.3871943950653076
2,4,8.325761795043945,-5.717379570007324,0.9998999834060669,0.9703608155250549,0.15833961963653564,0.9998999834060669,6.932803153991699,1.6629235744476318,1.3929181098937988,3.6400020122528076,0.1144561767578125,0.08349251747131348,1.3868656158447266
2,5,7.649024963378906,-3.5261783599853516,0.9998999834060669,0.2614345848560333,0.7981707453727722,9.999999747378752e-05,6.309011459350586,1.6775951385498047,1.3399786949157715,3.0064749717712402,0.11498284339904785,0.08303952217102051,1.3827259540557861
2,6,8.095659971237183,-6.943988418579101,0.9998999834060669,0.7919244170188904,0.5356298089027405,0.20661252737045288,6.7634992599487305,1.6845118999481201,1.332124948501587,3.446434736251831,0.11696934700012207,0.08365988731384277,1.3866221904754639
2,7,7.119971990585327,-1.4265129089355468,0.9998999834060669,0.888676106929779,9.999999747378752e-05,9.999999747378752e-05,5.781740427017212,1.68058180809021,1.33819580078125,2.4718525409698486,0.11479544639587402,0.08388972282409668,1.3850114345550537
2,8,7.530013561248779,-4.838961124420166,0.9998999834060669,0.545441746711731,0.5452878475189209,9.999999747378752e-05,6.15365743637085,1.6849207878112793,1.3763227462768555,2.837608814239502,0.11574864387512207,0.08365893363952637,1.3868308067321777
2,9,7.285775661468506,-5.634005069732666,0.8342598080635071,0.5307615995407104,0.8343016505241394,9.999999747378752e-05,5.919989585876465,1.6917881965637207,1.365751028060913,2.5924975872039795,0.11653661727905273,0.0838778018951416,1.388636589050293
2,10,8.19077181816101,-7.321040105819702,0.9998999834060669,0.9998999834060669,0.29309505224227905,0.5633888244628906,6.876741647720337,1.6777215003967285,1.3139925003051758,3.570821523666382,0.11494326591491699,0.08360171318054199,1.3844449520111084
2,11,8.061078786849976,-4.416008949279785,0.9998999834060669,0.9998999834060669,0.4817960560321808,9.999999747378752e-05,6.679344177246094,1.7259068489074707,1.3816967010498047,3.3229143619537354,0.1162564754486084,0.08461761474609375,1.3839921951293945
2,12,10.613991260528564,-7.609330654144287,0.9998999834060669,0.8657414317131042,0.3803350031375885,0.7118679881095886,7.141576528549194,1.675062894821167,3.472377300262451,3.834095001220703,0.1148533821105957,0.08433151245117188,1.3877215385437012
2,13,8.878766775131226,-6.841082191467285,0.9998999834060669,0.4114305377006531,0.3282643258571625,0.3395721912384033,5.551690578460693,1.6709504127502441,3.3270418643951416,2.238528251647949,0.11327314376831055,0.08226943016052246,1.4032833576202393
2,14,10.250791072845459,-8.691343975067138,0.9998999834060669,0.38962888717651367,0.9344925880432129,0.5834029912948608,6.979031324386597,1.6759347915649414,3.271723747253418,3.671809673309326,0.11481475830078125,0.0841059684753418,1.3873193264007568
2,15,10.414507865905762,-6.931883335113525,0.9998999834060669,0.9998999834060669,0.4558471739292145,0.20923194289207458,7.048349380493164,1.670330286026001,3.3661270141601562,3.747352123260498,0.11525583267211914,0.08393168449401855,1.3866291046142578
2,16,11.599161148071289,-7.704393577575684,0.9998999834060669,0.9942449927330017,0.5900968313217163,0.1847563236951828,8.289077281951904,1.6766433715820312,3.3100497722625732,3.583411931991577,0.11559557914733887,0.11315345764160156,2.7549240589141846
2,17,13.051214694976807,-7.129611968994141,0.9998999834060669,0.5020018219947815,0.5038864016532898,0.2502793073654175,11.725531339645386,1.682770013809204,1.3256494998931885,8.4107506275177,0.11458492279052734,0.08446311950683594,1.387406349182129
2,18,9.88214635848999,-5.378881454467773,0.9998999834060669,0.9998999834060669,0.9998999834060669,0.3513069152832031,8.5498526096344,1.6736328601837158,1.332261085510254,5.245206594467163,0.11426019668579102,0.08385205268859863,1.38785982131958
2,19,7.715003967285156,-4.5005998611450195,0.9998999834060669,0.9998999834060669,9.999999747378752e-05,0.9998078942298889,6.3510706424713135,1.6705260276794434,1.3639006614685059,3.0543293952941895,0.11431503295898438,0.08321452140808105,1.3823814392089844
2,20,8.18721055984497,-6.729292392730713,0.9998999834060669,0.7079674601554871,0.9998999834060669,0.1795644611120224,6.834872484207153,1.6851141452789307,1.3523063659667969,3.5200018882751465,0.11435818672180176,0.08513975143432617,1.384817361831665
2,21,7.658178806304932,-6.230973243713379,0.9998999834060669,0.8773189187049866,0.23404105007648468,0.22709666192531586,6.314084053039551,1.677128553390503,1.344054937362671,3.0116021633148193,0.1143655776977539,0.08501052856445312,1.380643606185913
2,22,8.596400260925293,-6.720383644104004,0.9998999834060669,0.48308634757995605,0.7787807583808899,0.2026095986366272,7.222354412078857,1.6733074188232422,1.3740112781524658,3.925013780593872,0.11447334289550781,0.08338308334350586,1.3814351558685303
2,23,7.777263164520264,-6.191131114959717,0.9998999834060669,0.9677914381027222,0.2072182148694992,0.24480171501636505,6.4481048583984375,1.6775233745574951,1.329120397567749,3.1416594982147217,0.11466121673583984,0.08489108085632324,1.3837494850158691
2,24,7.444238901138306,-3.7156929969787598,0.9998999834060669,0.8788384199142456,0.24520860612392426,9.999999747378752e-05,6.113852500915527,1.6788456439971924,1.3303494453430176,2.7997941970825195,0.11519312858581543,0.0842440128326416,1.3898534774780273
2,25,6.8425257205963135,-4.742831707000732,0.4368658661842346,0.9998999834060669,0.6610039472579956,9.999999747378752e-05,5.505349159240723,1.6725108623504639,1.3371405601501465,2.209916114807129,0.11407256126403809,0.08387875556945801,1.379643201828003
2,26,8.187998056411743,-7.018311500549316,0.9998999834060669,0.6239564418792725,0.6676458120346069,0.20580849051475525,6.776487827301025,1.678295612335205,1.4114758968353271,3.4611823558807373,0.11507940292358398,0.08422136306762695,1.3921070098876953
2,27,7.777158975601196,-5.229885101318359,0.7419967651367188,0.7420225143432617,0.9998999834060669,9.999999747378752e-05,6.4179041385650635,1.6812677383422852,1.3592197895050049,3.1059751510620117,0.11468911170959473,0.08375859260559082,1.384458303451538
2,28,7.916265487670898,-6.8882622718811035,0.9998999834060669,0.9319955706596375,0.2020869106054306,0.4609023332595825,6.540943384170532,1.6725654602050781,1.37528395652771,3.236384391784668,0.1147775650024414,0.08392858505249023,1.3881011009216309
2,29,7.993556022644043,-4.416008949279785,0.9998999834060669,0.9998999834060669,0.48126745223999023,9.999999747378752e-05,6.615355730056763,1.673058271408081,1.3781676292419434,3.3150315284729004,0.11385536193847656,0.08336353302001953,1.384913682937622
2,30,8.302699327468872,-2.293952465057373,0.9998999834060669,0.23489601910114288,0.9998999834060669,9.999999747378752e-05,6.948003530502319,1.6836278438568115,1.3546624183654785,3.6334097385406494,0.11421489715576172,0.08392643928527832,1.3872225284576416
3,1,11.454615831375122,-24.592453384399413,0.9998999834060669,0.8549998998641968,0.7188016772270203,0.11879406869411469,10.030112743377686,1.8282299041748047,1.424464464187622,6.56656813621521,0.11543583869934082,0.0847322940826416,1.3895955085754395
3,2,9.972908020019531,-17.371316146850585,0.7627829909324646,0.935903012752533,0.811732292175293,9.999999747378752e-05,8.56493616104126,1.8138902187347412,1.407930612564087,5.116072416305542,0.11476898193359375,0.08468246459960938,1.3896725177764893
3,3,10.402997255325317,-23.070893859863283,0.9998999834060669,0.6334242224693298,0.6064728498458862,0.17974422872066498,9.010016918182373,1.815932035446167,1.3929457664489746,5.565023183822632,0.11405682563781738,0.08423948287963867,1.3854615688323975
3,4,8.674293518066406,-22.467397689819336,0.9998999834060669,0.24990075826644897,0.5993006825447083,0.3452906310558319,7.28575873374939,1.817753553390503,1.3885023593902588,3.837064027786255,0.11404132843017578,0.08409404754638672,1.3879878520965576
3,5,8.552234411239624,-10.176466369628907,0.9998999834060669,0.39629167318344116,0.404052197933197,9.999999747378752e-05,7.200532674789429,1.8217673301696777,1.3516638278961182,3.7482056617736816,0.11452436447143555,0.08438611030578613,1.3865363597869873
3,6,9.44382929801941,-27.975098037719725,0.7185080051422119,0.9998999834060669,0.3806218206882477,0.39261841773986816,8.07684588432312,1.810025691986084,1.3669450283050537,4.640373229980469,0.11435675621032715,0.08321666717529297,1.3838434219360352
3,7,8.696054935455322,-22.053965950012206,0.889886736869812,0.4934462606906891,0.5719411969184875,0.17198680341243744,7.346860885620117,1.816279411315918,1.349158525466919,3.9041554927825928,0.11462163925170898,0.08414196968078613,1.3831334114074707
3,8,8.965821027755737,-24.093147659301756,0.9367411732673645,0.4606243669986725,0.5850078463554382,0.23219305276870728,7.5638649463653564,1.811896800994873,1.4019215106964111,4.125563383102417,0.11397194862365723,0.08369278907775879,1.383910894393921
3,9,9.363713026046753,-15.892915534973145,0.9998999834060669,0.6343722343444824,0.6108664870262146,9.999999747378752e-05,7.905694484710693,1.8167707920074463,1.457982063293457,4.452513694763184,0.11563372611999512,0.08504080772399902,1.3892521858215332
3,10,9.815308570861816,-20.004259300231933,0.9998999834060669,0.7770057916641235,0.5106692314147949,0.0861281305551529,8.461894512176514,1.8482823371887207,1.35337495803833,4.983057498931885,0.11540746688842773,0.08460283279418945,1.3858559131622314
3,11,9.944510698318481,-21.18970317840576,0.9998999834060669,0.494893342256546,0.6524686217308044,0.15620338916778564,8.582030296325684,1.8184587955474854,1.3624393939971924,5.135195970535278,0.11409640312194824,0.08390331268310547,1.3853108882904053
3,12,9.255311250686646,-25.69739532470703,0.9998999834060669,0.5198551416397095,0.5012663006782532,0.29410436749458313,7.92045783996582,1.8210155963897705,1.3348190784454346,4.473079442977905,0.11414432525634766,0.08411908149719238,1.3834919929504395
3,13,8.467178583145142,-16.149306297302246,0.9998999834060669,0.8114424347877502,0.07069507241249084,0.33262577652931213,7.126601934432983,1.8083059787750244,1.3405442237854004,3.6933276653289795,0.11408448219299316,0.08386039733886719,1.3820619583129883
3,14,9.927800178527832,-20.67806968688965,0.8950637578964233,0.9998999834060669,0.5366365313529968,0.06473762542009354,8.603397846221924,1.8147070407867432,1.3243675231933594,5.161884307861328,0.11443185806274414,0.08332109451293945,1.3840267658233643
3,15,10.313009262084961,-22.75942211151123,0.9998999834060669,0.6917895674705505,0.5586680769920349,0.15276296436786652,8.721348285675049,1.8151311874389648,1.5916285514831543,5.275418281555176,0.1143031120300293,0.08383584022521973,1.3878939151763916
3,16,10.234089851379395,-27.47794532775879,0.9998999834060669,0.6099371314048767,0.6677669882774353,0.250077486038208,8.853163242340088,1.8616437911987305,1.3808841705322266,5.360191106796265,0.11452746391296387,0.08507275581359863,1.386500597000122
3,17,8.595087051391602,-17.89210376739502,0.9998999834060669,0.11446132510900497,0.6340860724449158,0.35957828164100647,6.930859088897705,1.8270158767700195,1.6641924381256104,3.4782121181488037,0.11462068557739258,0.08402442932128906,1.3822240829467773
3,18,11.57194471359253,-14.447488021850585,0.9998999834060669,0.8226202130317688,0.43640512228012085,9.999999747378752e-05,8.31235647201538,1.8211567401885986,3.2595534324645996,4.85315465927124,0.11605572700500488,0.08502411842346191,1.3909680843353271
3,19,11.825250148773193,-22.512944793701173,0.9998999834060669,0.500089704990387,0.6244270205497742,0.21412985026836395,8.535051107406616,1.8169529438018799,3.290159225463867,5.085672378540039,0.11587309837341309,0.08372807502746582,1.3876609802246094
3,20,11.366323471069336,-25.720430755615233,0.975210428237915,0.6231646537780762,0.5350397825241089,0.2264803647994995,7.998684883117676,1.8155889511108398,3.3675954341888428,4.549076318740845,0.11508345603942871,0.08518004417419434,1.388268232345581
3,21,10.987933874130249,-23.611194038391112,0.9998999834060669,0.617436945438385,0.2943651080131531,0.39549681544303894,7.71292781829834,1.8252325057983398,3.2749710083007812,4.253167629241943,0.11546206474304199,0.08578205108642578,1.3875396251678467
3,22,9.963881492614746,-26.369470405578614,0.9998999834060669,0.5638197660446167,0.7672713994979858,0.18935450911521912,8.636072397232056,1.8461816310882568,1.3277759552001953,5.154809951782227,0.11570191383361816,0.0853574275970459,1.3886985778808594
3,23,9.178959846496582,-18.882946586608888,0.9998999834060669,0.5407174229621887,0.39358383417129517,0.18186409771442413,7.836966514587402,1.8254456520080566,1.3419561386108398,4.378852844238281,0.1152794361114502,0.08502674102783203,1.3871121406555176
3,24,9.549674987792969,-9.492782592773438,0.9998999834060669,0.21559195220470428,0.7229936122894287,9.999999747378752e-05,8.182043313980103,1.8224992752075195,1.3675942420959473,4.733271598815918,0.11449480056762695,0.08392500877380371,1.3829443454742432
3,25,10.124199390411377,-16.241863250732422,0.9998999834060669,0.7096795439720154,0.7714834213256836,9.999999747378752e-05,8.775916576385498,1.8340203762054443,1.3482484817504883,5.30925989151001,0.11640048027038574,0.08406448364257812,1.3865628242492676
3,26,9.743450403213501,-25.076230430603026,0.9423261880874634,0.7264702916145325,0.7006526589393616,0.11885896325111389,8.380947828292847,1.8195710182189941,1.362462043762207,4.932675361633301,0.11445379257202148,0.08414149284362793,1.3855063915252686
3,27,10.023681402206421,-25.851618194580077,0.9998999834060669,0.838718593120575,0.48349589109420776,0.20358316600322723,8.462608575820923,1.816584587097168,1.5610337257385254,5.01807427406311,0.11469721794128418,0.08355069160461426,1.3849053382873535
3,28,9.57154655456543,-23.155959701538087,0.9998999834060669,0.6553129553794861,0.36953023076057434,0.27924802899360657,8.222400426864624,1.823103904724121,1.3491079807281494,4.765758275985718,0.11588573455810547,0.08496904373168945,1.3877103328704834
3,29,9.242315292358398,-27.300710105895995,0.9998999834060669,0.6110785007476807,0.3091185390949249,0.5410438776016235,7.840467929840088,1.822345495223999,1.4018070697784424,4.3881306648254395,0.11454486846923828,0.08476138114929199,1.385488510131836
3,30,9.683380603790283,-26.230919456481935,0.9998999834060669,0.82732754945755,0.335928738117218,0.3478277325630188,8.329040050506592,1.8213188648223877,1.354301929473877,4.867560863494873,0.11569786071777344,0.08437442779541016,1.3944556713104248
4,1,11.223902225494385,-65.64218254089356,0.9998999834060669,0.5786327719688416,0.40743961930274963,0.2597174644470215,9.899520874023438,1.9593520164489746,1.3243391513824463,6.310953855514526,0.11459732055664062,0.08392190933227539,1.3858428001403809
4,2,10.781930446624756,-58.4985164642334,0.9998999834060669,0.5041512250900269,0.48168057203292847,0.19287970662117004,9.441853761672974,1.9651951789855957,1.3400397300720215,5.843579530715942,0.11507463455200195,0.08405232429504395,1.389019250869751
4,3,12.500099182128906,-57.92720527648926,0.9728106260299683,0.8690752387046814,0.472501665353775,0.06009078025817871,11.1749849319458,2.0159778594970703,1.3250751495361328,7.522374629974365,0.11744475364685059,0.0853569507598877,1.3885736465454102
4,4,11.407830238342285,-64.86429977416992,0.9998999834060669,0.6836308836936951,0.3825032711029053,0.20468391478061676,9.954360246658325,1.9690005779266357,1.453434705734253,6.3569653034210205,0.11418724060058594,0.08363556861877441,1.3858921527862549
4,5,10.383708000183105,-65.72320442199707,0.9998999834060669,0.4045185446739197,0.4201268255710602,0.39432814717292786,9.061206579208374,1.9600188732147217,1.3224616050720215,5.473466157913208,0.11428475379943848,0.08357715606689453,1.3847804069519043
4,6,12.996434450149536,-75.06134490966797,0.9998999834060669,0.7561848163604736,0.42539989948272705,0.2503485381603241,11.630713701248169,1.9720041751861572,1.36568284034729,8.023729085922241,0.1152646541595459,0.08535075187683105,1.3893418312072754
4,7,12.733518123626709,-48.163204193115234,0.9998999834060669,0.8641431331634521,0.574192225933075,9.999999747378752e-05,11.307427883148193,1.9630799293518066,1.4260509014129639,7.71418309211731,0.11424994468688965,0.08351755142211914,1.3872241973876953
4,8,10.935964107513428,-68.58338470458985,0.9998999834060669,0.5850818753242493,0.36000436544418335,0.31625041365623474,9.514753580093384,1.9711863994598389,1.4211766719818115,5.913731575012207,0.11464834213256836,0.08443665504455566,1.3852953910827637
4,9,10.959834337234497,-61.962065887451175,0.9455187916755676,0.6375347375869751,0.5769248604774475,0.09973934292793274,9.601612567901611,1.970104694366455,1.3581798076629639,5.9931981563568115,0.11552715301513672,0.0840902328491211,1.3934345245361328
4,10,12.105229139328003,-59.05349006652832,0.9998999834060669,0.589891791343689,0.7372761964797974,0.05978914722800255,10.670655012130737,1.9564323425292969,1.4345409870147705,7.083750486373901,0.1141812801361084,0.08406972885131836,1.3874328136444092
4,11,10.615424394607544,-49.533088302612306,0.9998999834060669,0.3593303859233856,0.5268657803535461,0.19302022457122803,9.199920892715454,1.9642505645751953,1.4154691696166992,5.59873104095459,0.11455225944519043,0.08406329154968262,1.3928940296173096
4,12,11.424742460250854,-66.38712081909179,0.9998999834060669,0.6104162335395813,0.3675781786441803,0.2905202805995941,10.06029748916626,1.9630367755889893,1.364405870437622,6.460935831069946,0.11467862129211426,0.08484411239624023,1.391559362411499
4,13,13.299224138259888,-60.164302062988284,0.9998999834060669,0.6704503297805786,0.558012068271637,0.09818039834499359,11.97219467163086,1.9603102207183838,1.3269917964935303,8.37840461730957,0.11468863487243652,0.0842430591583252,1.3894634246826172
4,14,12.886318445205688,-76.43272094726562,0.9998999834060669,0.7266167402267456,0.5596712827682495,0.16572478413581848,11.507787704467773,2.0291261672973633,1.378493070602417,7.84239935874939,0.1165916919708252,0.08523201942443848,1.389775037765503
4,15,12.627848625183105,-86.96503143310547,0.9998999834060669,0.6638895273208618,0.49802276492118835,0.30615851283073425,11.258952617645264,1.9587490558624268,1.3688573837280273,7.67512321472168,0.11339044570922852,0.0836479663848877,1.383338212966919
4,16,12.91479754447937,-70.9857894897461,0.9998999834060669,0.7552076578140259,0.5366652011871338,0.1543932855129242,11.511656284332275,1.98366379737854,1.4031012058258057,7.8932764530181885,0.11579751968383789,0.084808349609375,1.3891472816467285
4,17,11.353185415267944,-53.02301139831543,0.9998999834060669,0.6117645502090454,0.4635186791419983,0.115677110850811,10.007346391677856,1.9625136852264404,1.3458001613616943,6.413194417953491,0.11496496200561523,0.08383941650390625,1.3879799842834473
4,18,14.083000183105469,-77.08360595703125,0.9998999834060669,0.7046014070510864,0.6669900417327881,0.12387080490589142,11.735676527023315,1.9444634914398193,2.3472847938537598,7.820465326309204,0.11604022979736328,0.0844733715057373,1.7251496315002441
4,19,13.75035834312439,-67.2428695678711,0.9998999834060669,0.6007670760154724,0.4706448018550873,0.22569438815116882,10.47208857536316,1.9633824825286865,3.278235673904419,6.8744542598724365,0.1146078109741211,0.0842280387878418,1.3905856609344482
4,20,12.578402996063232,-64.66266555786133,0.9998999834060669,0.5513038039207458,0.32577085494995117,0.3251778483390808,9.272775888442993,1.9663841724395752,3.3055849075317383,5.669452428817749,0.11430478096008301,0.08427810668945312,1.3931951522827148
4,21,13.44060468673706,-76.7070098876953,0.9998999834060669,0.49549901485443115,0.58017897605896,0.27749186754226685,10.17415475845337,1.9551260471343994,3.26641583442688,6.592993974685669,0.1135101318359375,0.08341050148010254,1.3841888904571533
4,22,14.261102676391602,-66.36170196533203,0.9998999834060669,0.7931791543960571,0.6082212328910828,0.08801440894603729,12.863457679748535,1.9734363555908203,1.3976109027862549,9.250848054885864,0.11487817764282227,0.08470487594604492,1.394026279449463
4,23,10.581083536148071,-53.897987365722656,0.9998999834060669,0.49778544902801514,0.5368291139602661,0.12463787198066711,9.245232820510864,1.9492824077606201,1.3358161449432373,5.667859315872192,0.1145930290222168,0.08375358581542969,1.385612964630127
4,24,10.754107236862183,-57.02445831298828,0.9783090949058533,0.6506457328796387,0.44483691453933716,0.11781700700521469,9.403204441070557,2.0273044109344482,1.3508672714233398,5.748552083969116,0.11486530303955078,0.08481717109680176,1.382869005203247
4,25,13.56162166595459,-45.22675971984863,0.9998999834060669,0.811229944229126,0.5553767085075378,9.999999747378752e-05,12.143945693969727,1.9791831970214844,1.4176380634307861,8.528817892074585,0.11731934547424316,0.08509993553161621,1.3878483772277832
4,26,11.391538858413696,-62.84329338073731,0.9998999834060669,0.6119214296340942,0.5788731575012207,0.1356440633535385,10.01352596282959,1.9917333126068115,1.3779792785644531,6.39099645614624,0.11468839645385742,0.08463001251220703,1.3864107131958008
4,27,11.114255428314209,-63.976193237304685,0.9998999834060669,0.6115408539772034,0.5084807276725769,0.1671116054058075,9.746740341186523,1.9624199867248535,1.3674776554107666,6.155768632888794,0.11463618278503418,0.08370018005371094,1.3855228424072266
4,28,12.062966346740723,-59.877725982666014,0.9998999834060669,0.5457901358604431,0.7146199345588684,0.0709533840417862,10.714311361312866,1.9608888626098633,1.3486149311065674,7.1216771602630615,0.11508631706237793,0.08397126197814941,1.3876228332519531
4,29,12.534892797470093,-75.57152481079102,0.9998999834060669,0.6124184131622314,0.6134095788002014,0.17800062894821167,11.220115900039673,1.9725499153137207,1.3147447109222412,7.6077470779418945,0.11643290519714355,0.08502984046936035,1.3923556804656982
4,30,11.404347896575928,-44.534494400024414,0.98787522315979,0.5536643266677856,0.7101598381996155,9.999999747378752e-05,10.068737983703613,1.9713056087493896,1.335576057434082,6.468602657318115,0.11525774002075195,0.08414602279663086,1.3843023777008057
5,1,16.029316186904907,-190.3974822998047,0.9998999834060669,0.6181896924972534,0.47069981694221497,0.21619755029678345,14.663676500320435,2.108187437057495,1.365600824356079,10.921566724777222,0.11500167846679688,0.08504652976989746,1.388767957687378
5,2,12.927233219146729,-176.7465621948242,0.9601767659187317,0.629191517829895,0.5677505135536194,0.18850955367088318,11.496241807937622,2.0973432064056396,1.4309561252593994,7.771365642547607,0.1145789623260498,0.08414745330810547,1.3842847347259521
5,3,15.708302974700928,-209.90866088867188,0.9998999834060669,0.63597172498703,0.6042829751968384,0.16020649671554565,14.280205726623535,2.122030258178711,1.4280643463134766,10.520638704299927,0.11539888381958008,0.08506298065185547,1.3914401531219482
5,4,15.442164659500122,-189.80174560546874,0.9998999834060669,0.6550262570381165,0.477232962846756,0.18055769801139832,14.106517553329468,2.1237025260925293,1.3356149196624756,10.348729610443115,0.11527228355407715,0.08395075798034668,1.3901698589324951
5,5,13.1210036277771,-155.23212432861328,0.9970307350158691,0.6173373460769653,0.4902181923389435,0.1435590535402298,11.773959159851074,2.1250159740448,1.3470041751861572,8.017866849899292,0.11440157890319824,0.08555293083190918,1.3861608505249023
5,6,12.906175136566162,-191.28648529052734,0.9998999834060669,0.5461194515228271,0.35929349064826965,0.3622020184993744,11.46943473815918,2.1064863204956055,1.436706304550171,7.733804225921631,0.11418724060058594,0.08418965339660645,1.386049747467041
5,7,14.280691385269165,-179.9903991699219,0.9998999834060669,0.5720558762550354,0.45253369212150574,0.23199370503425598,12.952824115753174,2.1371419429779053,1.3278334140777588,9.185616254806519,0.11545705795288086,0.08421134948730469,1.3854954242706299
5,8,15.209216594696045,-205.3400131225586,0.9998999834060669,0.7039102911949158,0.4826212227344513,0.18427422642707825,13.84551477432251,2.1094443798065186,1.3636665344238281,10.100935459136963,0.11551499366760254,0.08461236953735352,1.3897426128387451
5,9,14.088040590286255,-158.06178131103516,0.9998999834060669,0.6852673888206482,0.3728356957435608,0.1690736562013626,12.770786762237549,2.1493685245513916,1.3172130584716797,8.984620094299316,0.11564397811889648,0.08538389205932617,1.389944314956665
5,10,15.958614110946655,-202.81570129394532,0.9998999834060669,0.7939466834068298,0.478108286857605,0.1845272183418274,14.64180326461792,2.1239137649536133,1.316770076751709,10.88251280784607,0.11448287963867188,0.08448576927185059,1.3915324211120605
5,11,13.764641761779785,-170.87781524658203,0.9934642910957336,0.6470476388931274,0.4977412521839142,0.1300695240497589,12.318070888519287,2.1054539680480957,1.4465336799621582,8.57352900505066,0.1143341064453125,0.08497095108032227,1.3945591449737549
5,12,13.130313873291016,-184.45912170410156,0.9865429401397705,0.6329574584960938,0.4347686767578125,0.21877677738666534,11.764724731445312,2.1090753078460693,1.365546703338623,8.023105382919312,0.11479663848876953,0.0839223861694336,1.389230728149414
5,13,12.846145391464233,-160.5586410522461,0.9998999834060669,0.5790389776229858,0.28831300139427185,0.3194392919540405,11.549036026000977,2.1065683364868164,1.2970693111419678,7.809532642364502,0.11445045471191406,0.08537745475769043,1.3880388736724854
5,14,15.364334344863892,-204.20367431640625,0.9998999834060669,0.6214059591293335,0.5290799140930176,0.19798816740512848,13.997957706451416,2.1255171298980713,1.3663368225097656,10.235073328018188,0.11477041244506836,0.08470535278320312,1.3930106163024902
5,15,14.292279481887817,-176.90668640136718,0.9998999834060669,0.5392648577690125,0.478691965341568,0.22398912906646729,11.93399977684021,2.1284968852996826,2.3582446575164795,8.163109540939331,0.11615753173828125,0.08585691452026367,1.3948709964752197
5,16,15.781049728393555,-185.59369201660155,0.9537972807884216,0.6709815263748169,0.5307028889656067,0.14123398065567017,12.477370738983154,2.1205899715423584,3.3036341667175293,8.714885473251343,0.1157827377319336,0.08560585975646973,1.3950142860412598
5,17,16.267910480499268,-202.5976089477539,0.9998999834060669,0.6368401050567627,0.4914588928222656,0.20140156149864197,12.980935096740723,2.126300096511841,3.2869346141815186,9.215672254562378,0.11587738990783691,0.08514833450317383,1.3924622535705566
5,18,17.42446541786194,-197.1500259399414,0.9998999834060669,0.6348907351493835,0.4739082157611847,0.21016614139080048,14.069464683532715,2.1168673038482666,3.354957342147827,10.307860374450684,0.11578750610351562,0.0853729248046875,1.398193120956421
5,19,13.798694372177124,-208.34156951904296,0.9998999834060669,0.5462514162063599,0.4671902358531952,0.2978726625442505,12.421751737594604,2.1153385639190674,1.3769032955169678,8.67124319076538,0.11466073989868164,0.08539295196533203,1.3901572227478027
5,20,14.043452501296997,-165.70055236816407,0.9616658091545105,0.6016212105751038,0.6246355772018433,0.09425174444913864,12.576121091842651,2.1241981983184814,1.4672987461090088,8.8126699924469,0.11579632759094238,0.08512091636657715,1.392991065979004
5,21,13.61207914352417,-163.2502883911133,0.9998999834060669,0.6298800110816956,0.38576823472976685,0.20598727464675903,12.28629755973816,2.109630823135376,1.3257498741149902,8.541544437408447,0.11508011817932129,0.08565473556518555,1.3891377449035645
5,22,15.599624395370483,-148.00207061767577,0.9998999834060669,0.6664232611656189,0.610546886920929,0.03584728389978409,14.245375871658325,2.1050686836242676,1.3542091846466064,10.5046546459198,0.11487197875976562,0.08453512191772461,1.3909962177276611
5,23,15.00648021697998,-169.0584274291992,0.9998999834060669,0.6024184226989746,0.637132465839386,0.07801685482263565,13.646651268005371,2.113476514816284,1.3597948551177979,9.893743515014648,0.11633682250976562,0.08463287353515625,1.3935978412628174
5,24,14.379134178161621,-190.12781982421876,0.9279038310050964,0.6781063079833984,0.5981073975563049,0.12445168197154999,12.839312314987183,2.128678321838379,1.5397846698760986,9.07421088218689,0.11493921279907227,0.08545613288879395,1.3906898498535156
5,25,13.870621681213379,-171.28069763183595,0.9799261093139648,0.5941675901412964,0.580243706703186,0.11869543790817261,12.51791524887085,2.1082160472869873,1.3526663780212402,8.771866798400879,0.11492419242858887,0.08536624908447266,1.3922057151794434
5,26,14.986360311508179,-194.313818359375,0.9239758849143982,0.6596156358718872,0.6773302555084229,0.11590985953807831,13.52744436264038,2.117168426513672,1.4588758945465088,9.767531633377075,0.11519217491149902,0.08544015884399414,1.396594762802124
5,27,13.883380651473999,-173.0571319580078,0.9700519442558289,0.7302660942077637,0.43673574924468994,0.1427435576915741,12.498657464981079,2.1090829372406006,1.3846898078918457,8.753136157989502,0.11490154266357422,0.08500123023986816,1.3913252353668213
5,28,14.798771858215332,-121.39071502685547,0.9998999834060669,0.5175819993019104,0.6396167874336243,0.050450198352336884,13.391448259353638,2.1074836254119873,1.407289743423462,9.644551753997803,0.11504149436950684,0.08391427993774414,1.3956892490386963
5,29,17.23201823234558,-167.44843292236328,0.9998999834060669,0.7273168563842773,0.6081489324569702,0.06458035856485367,15.89620590209961,2.1458606719970703,1.335780143737793,12.110688209533691,0.11576628684997559,0.0855562686920166,1.3932321071624756
5,30,14.011609554290771,-151.19578552246094,0.9998999834060669,0.5102251768112183,0.6150559186935425,0.11411109566688538,12.677237033843994,2.1169676780700684,1.3343327045440674,8.92406153678894,0.11699151992797852,0.08507037162780762,1.3890933990478516
6,1,9.968648910522461,-29.489584159851074,0.9998999834060669,0.34625834226608276,0.41998034715652466,0.052978869527578354,8.44063138961792,1.9674365520477295,1.5279836654663086,4.843954801559448,0.1150369644165039,0.08485198020935059,1.3839869499206543
6,2,10.457916498184204,-27.72548027038574,0.9001556038856506,0.3113241493701935,0.633030354976654,9.999999747378752e-05,9.144871473312378,1.9707300662994385,1.312997579574585,5.542871952056885,0.11480975151062012,0.08485221862792969,1.3864414691925049
6,3,10.858600378036499,-16.08606824874878,0.9808031916618347,0.9998999834060669,0.5168367028236389,9.999999747378752e-05,9.519196510314941,1.828260898590088,1.339369535446167,6.058959484100342,0.11527514457702637,0.08403158187866211,1.387312889099121
6,4,9.594687700271606,-16.364627647399903,0.5664429068565369,0.8167307376861572,0.982212483882904,9.999999747378752e-05,8.2646963596344,1.835646390914917,1.3299505710601807,4.799442291259766,0.11573481559753418,0.0836939811706543,1.3847291469573975
6,5,10.066143274307251,-26.534840393066407,0.9998999834060669,0.47722095251083374,0.38791126012802124,9.999999747378752e-05,8.72873854637146,1.9685819149017334,1.3373675346374512,5.128930330276489,0.11611533164978027,0.08400821685791016,1.3856937885284424
6,6,9.456000566482544,-26.328679466247557,0.9998999834060669,0.399453729391098,0.4376809597015381,9.999999747378752e-05,8.119215488433838,1.9766294956207275,1.336742639541626,4.510375022888184,0.11511349678039551,0.08492374420166016,1.3869860172271729
6,7,11.246020555496216,-24.594188499450684,0.9998999834060669,0.3132273554801941,0.5101240277290344,9.999999747378752e-05,9.891975402832031,1.9677696228027344,1.3540120124816895,6.290266752243042,0.11571812629699707,0.08462071418762207,1.388002872467041
6,8,11.11835527420044,-26.071285247802734,0.9998999834060669,0.2971881031990051,0.5714399218559265,9.999999747378752e-05,9.61399531364441,1.9746179580688477,1.5043201446533203,6.007352590560913,0.11537361145019531,0.08471894264221191,1.3862457275390625
6,9,11.081797361373901,-25.11059913635254,0.9998999834060669,0.4353095591068268,0.3906353712081909,9.999999747378752e-05,9.738414525985718,1.9567527770996094,1.3433458805084229,6.156375169754028,0.11336731910705566,0.08371233940124512,1.383932113647461
6,10,10.609755039215088,-24.11547737121582,0.9998999834060669,0.5604398846626282,0.29235953092575073,9.999999747378752e-05,9.29308271408081,1.9683609008789062,1.3166308403015137,5.6919379234313965,0.1143651008605957,0.08456230163574219,1.3888418674468994
6,11,10.187930822372437,-26.960101890563966,0.9589941501617432,0.374968945980072,0.5023403763771057,9.999999747378752e-05,8.862072706222534,1.9890375137329102,1.3258025646209717,5.227735757827759,0.12186217308044434,0.0849907398223877,1.389791488647461
6,12,12.995774984359741,-30.796890830993654,0.9998999834060669,0.5040228962898254,0.3313433825969696,0.035671066492795944,9.537907361984253,1.963696002960205,3.45782732963562,5.935302972793579,0.11655831336975098,0.08437156677246094,1.3925058841705322
6,13,12.457825422286987,-29.691351318359374,0.9487288594245911,0.47210371494293213,0.46096089482307434,9.999999747378752e-05,9.152213335037231,1.9703900814056396,3.3055789470672607,5.552709579467773,0.11437678337097168,0.08411383628845215,1.3852169513702393
6,14,11.706581830978394,-20.705712699890135,0.9998999834060669,0.5763503909111023,0.7314468622207642,0.07565325498580933,8.376332998275757,1.8267788887023926,3.330213785171509,4.9174675941467285,0.11491847038269043,0.08440518379211426,1.387256383895874
6,15,13.0513277053833,-27.10870990753174,0.9998999834060669,0.4542503356933594,0.40440860390663147,9.999999747378752e-05,9.445386171340942,1.9658989906311035,3.605901002883911,5.846566677093506,0.11487960815429688,0.08470392227172852,1.3878929615020752
6,16,11.031747579574585,-14.394437408447265,0.9998999834060669,0.9692742824554443,0.45518115162849426,9.999999747378752e-05,9.612701416015625,1.8269731998443604,1.419013261795044,6.154672384262085,0.1145772933959961,0.0847022533416748,1.3865139484405518
6,17,9.406044721603394,-17.44091453552246,0.8749207854270935,0.7442221641540527,0.7201928496360779,9.999999747378752e-05,8.091291666030884,1.830643653869629,1.3147120475769043,4.62920355796814,0.11503148078918457,0.0848236083984375,1.386232852935791
6,18,9.809040069580078,-29.413722610473634,0.9998999834060669,0.4148201048374176,0.3745547831058502,0.04306647554039955,8.440393447875977,1.97166109085083,1.3686132431030273,4.8343024253845215,0.11483144760131836,0.08475422859191895,1.3889296054840088
6,19,11.381019115447998,-27.221045112609865,0.9998999834060669,0.4050755798816681,0.4685803949832916,9.999999747378752e-05,9.923926830291748,1.9632277488708496,1.4570527076721191,6.3273704051971436,0.1148080825805664,0.08397197723388672,1.3891143798828125
6,20,10.709224462509155,-25.791617774963377,0.9903278946876526,0.3946967124938965,0.4459264874458313,9.999999747378752e-05,9.37076473236084,1.9773881435394287,1.3384287357330322,5.7645227909088135,0.11454439163208008,0.08475923538208008,1.3845326900482178
6,21,10.141255140304565,-21.770267295837403,0.8373352289199829,0.7541611194610596,0.7317643761634827,0.06355417519807816,8.631642580032349,1.8179023265838623,1.5095739364624023,5.183639049530029,0.11611747741699219,0.08427572250366211,1.3837354183197021
6,22,10.960375308990479,-27.854093742370605,0.9998999834060669,0.42437055706977844,0.3413989841938019,0.050864435732364655,9.347455978393555,1.976651906967163,1.6128857135772705,5.733280420303345,0.11607027053833008,0.08515143394470215,1.3904564380645752
6,23,9.363376140594482,-27.05819606781006,0.9998999834060669,0.3969591557979584,0.4511747360229492,9.999999747378752e-05,8.005679607391357,1.9881839752197266,1.3576552867889404,4.383305549621582,0.11552786827087402,0.08481144905090332,1.387852668762207
6,24,10.331361532211304,-16.693135833740236,0.9998999834060669,0.7447254657745361,0.6769680380821228,9.999999747378752e-05,8.987580060958862,1.8116869926452637,1.3437423706054688,5.547022342681885,0.11460638046264648,0.08330869674682617,1.3858909606933594
6,25,10.352245807647705,-16.370526123046876,0.9998999834060669,0.7085514664649963,0.7013248205184937,9.999999747378752e-05,8.949848651885986,1.8229262828826904,1.4023587703704834,5.493750095367432,0.11553335189819336,0.08461260795593262,1.3872497081756592
6,26,11.067372560501099,-24.37016067504883,0.9998999834060669,0.3846321702003479,0.4601638913154602,9.999999747378752e-05,9.701622486114502,1.9647634029388428,1.365710735321045,6.104302644729614,0.11455941200256348,0.08365130424499512,1.389040231704712
6,27,9.764655590057373,-26.565798950195312,0.9998999834060669,0.386078804731369,0.4549783766269684,9.999999747378752e-05,8.408797979354858,1.9742560386657715,1.3558168411254883,4.805005311965942,0.11461234092712402,0.08480405807495117,1.384265661239624
6,28,11.306225538253784,-27.28948802947998,0.9998999834060669,0.435745507478714,0.42382413148880005,9.999999747378752e-05,9.847274541854858,1.987931728363037,1.4589123725891113,6.225726127624512,0.11536097526550293,0.08485054969787598,1.3878061771392822
6,29,10.491370677947998,-24.97804126739502,0.9998999834060669,0.3794788420200348,0.43670469522476196,9.999999747378752e-05,9.043574333190918,1.9685606956481934,1.4477548599243164,5.439260721206665,0.11490654945373535,0.08443021774291992,1.391129970550537
6,30,9.512709617614746,-31.12900505065918,0.9998999834060669,0.3584427535533905,0.3664828836917877,0.09060698002576828,8.19223690032959,1.9831876754760742,1.3204345703125,4.579727649688721,0.11420631408691406,0.08486485481262207,1.3852391242980957
7,1,15.752602338790894,-221.48679962158204,0.9998999834060669,0.47110626101493835,0.49272897839546204,0.04433426260948181,14.215617418289185,2.2950644493103027,1.5369436740875244,10.284130811691284,0.11609172821044922,0.08490920066833496,1.3901257514953613
7,2,14.525830507278442,-230.54457397460936,0.9896098971366882,0.533183753490448,0.49807503819465637,0.046602845191955566,13.185891151428223,2.258598804473877,1.3398993015289307,9.29422664642334,0.11417675018310547,0.08430814743041992,1.3892247676849365
7,3,14.7879478931427,-214.16022644042968,0.9841169714927673,0.4922812879085541,0.5414468050003052,0.025025565177202225,13.457659482955933,2.2514710426330566,1.330246925354004,9.571974515914917,0.11484313011169434,0.08431887626647949,1.3905014991760254
7,4,14.381746292114258,-236.09072265625,0.9998999834060669,0.49484947323799133,0.4699855446815491,0.06563989818096161,13.050837755203247,2.2606256008148193,1.3308665752410889,9.151191234588623,0.11511826515197754,0.08496332168579102,1.3940041065216064
7,5,14.280909776687622,-205.82871704101564,0.961748480796814,0.536231517791748,0.5319016575813293,9.999999747378752e-05,12.919407844543457,2.2544617652893066,1.3614675998687744,9.02841854095459,0.1148841381072998,0.08428120613098145,1.3923578262329102
7,6,13.685753345489502,-234.45838317871093,0.9998999834060669,0.4683639109134674,0.4914076328277588,0.04702248051762581,12.340996742248535,2.25457763671875,1.3447189331054688,8.44825553894043,0.11409640312194824,0.08373069763183594,1.3960530757904053
7,7,14.934590578079224,-224.37550354003906,0.9998999834060669,0.5214838981628418,0.4992719888687134,0.020497534424066544,13.442686796188354,2.2607345581054688,1.4918627738952637,9.548366069793701,0.11457085609436035,0.08445453643798828,1.389526605606079
7,8,14.630263328552246,-208.72621002197266,0.963387131690979,0.5594590306282043,0.5205396413803101,9.999999747378752e-05,13.31167221069336,2.2816004753112793,1.3185489177703857,9.393233060836792,0.11493277549743652,0.08502936363220215,1.3914861679077148
7,9,15.44619369506836,-215.29724731445313,0.9857542514801025,0.5712931752204895,0.4485841989517212,0.03912287950515747,13.875183343887329,2.2702417373657227,1.5709741115570068,9.967247009277344,0.11498808860778809,0.0846107006072998,1.392930507659912
7,10,14.724200010299683,-219.65638275146483,0.9786173701286316,0.5138232111930847,0.5385552644729614,0.04804866015911102,13.336951732635498,2.4426801204681396,1.387186050415039,9.195151329040527,0.14913558959960938,0.09007668495178223,1.3926198482513428
7,11,16.616122007369995,-217.82815246582032,0.9869842529296875,0.5529335141181946,0.4838643968105316,0.04469672590494156,13.31424617767334,2.268077850341797,3.30183482170105,9.402711629867554,0.11645936965942383,0.08519172668457031,1.395695447921753
7,12,16.858351230621338,-218.01739349365235,0.9921401739120483,0.49558186531066895,0.556065022945404,0.048782218247652054,13.514086961746216,2.2608466148376465,3.344224691390991,9.609587669372559,0.11710000038146973,0.08524370193481445,1.396064043045044
7,13,17.406237602233887,-210.75088653564453,0.9998999834060669,0.4882372319698334,0.4920082688331604,0.02923458069562912,14.106958389282227,2.2475435733795166,3.29923415184021,10.22470760345459,0.1146540641784668,0.08385658264160156,1.391357660293579
7,14,14.52726674079895,-226.08431701660157,0.9998999834060669,0.4906647205352783,0.5290173292160034,0.03476997837424278,13.154220342636108,2.2686550617218018,1.3730058670043945,9.249849081039429,0.11499381065368652,0.08431148529052734,1.391329050064087
7,15,14.09965205192566,-202.77884674072266,0.984611451625824,0.5220789313316345,0.5019409656524658,0.04950755089521408,12.63338589668274,2.2484216690063477,1.4662258625030518,8.749038219451904,0.11505603790283203,0.08552145957946777,1.3899095058441162
7,16,16.197141647338867,-225.6510040283203,0.9998999834060669,0.4740932881832123,0.4786577820777893,0.03545026108622551,14.811527729034424,2.247598886489868,1.3855748176574707,10.935521125793457,0.11328935623168945,0.08336162567138672,1.387084722518921
7,17,14.284765005111694,-236.02442474365233,0.9998999834060669,0.5039364099502563,0.38687580823898315,0.09052412211894989,12.93904423713684,2.2667269706726074,1.3456876277923584,9.038641929626465,0.11478185653686523,0.08492255210876465,1.389171838760376
7,18,14.998517513275146,-215.6894744873047,0.9998999834060669,0.516050398349762,0.4668259024620056,0.03477245941758156,13.645849227905273,2.260740041732788,1.352628231048584,9.74910306930542,0.11500930786132812,0.08474159240722656,1.391148567199707
7,19,14.460346460342407,-225.30423126220703,0.9872081875801086,0.49243396520614624,0.5062805414199829,0.03226660192012787,13.13539457321167,2.2548248767852783,1.3249173164367676,9.24449348449707,0.11519217491149902,0.0846858024597168,1.390810489654541
7,20,14.52808165550232,-199.44149780273438,0.9897502064704895,0.554591953754425,0.49257078766822815,9.999999747378752e-05,13.138808965682983,2.2580442428588867,1.389230728149414,9.245519638061523,0.11422038078308105,0.08345866203308105,1.3928437232971191
7,21,14.464889764785767,-220.93402709960938,0.9998999834060669,0.5221455693244934,0.5054137110710144,0.04877125471830368,13.044549226760864,2.238860845565796,1.4203038215637207,9.17774772644043,0.1137244701385498,0.08300137519836426,1.3866665363311768
7,22,14.001702308654785,-238.95208587646485,0.9988468289375305,0.4707093834877014,0.5043711066246033,0.05786983668804169,12.686684846878052,2.295102596282959,1.3149828910827637,8.756143569946289,0.11578893661499023,0.08547091484069824,1.3885858058929443
7,23,13.720343589782715,-228.08111877441405,0.9895553588867188,0.5128335356712341,0.5212859511375427,0.04737488552927971,12.37107253074646,2.276789665222168,1.3492372035980225,8.460182428359985,0.11541295051574707,0.08531355857849121,1.3882148265838623
7,24,15.241248607635498,-204.17895965576173,0.9972353577613831,0.5291798710823059,0.5041053295135498,9.999999747378752e-05,13.916136741638184,2.2907521724700928,1.3250718116760254,9.988196611404419,0.11454415321350098,0.08570718765258789,1.3916356563568115
7,25,16.26454472541809,-219.2152526855469,0.9998999834060669,0.545372724533081,0.45414671301841736,0.025864146649837494,14.883526802062988,2.259428024291992,1.3809840679168701,10.986255884170532,0.11467599868774414,0.08468341827392578,1.3934857845306396
7,26,14.047310829162598,-214.01272583007812,0.9769876003265381,0.5093023180961609,0.5458047389984131,0.04803365841507912,12.629449605941772,2.2707247734069824,1.4178276062011719,8.726067304611206,0.1148366928100586,0.08440589904785156,1.388458013534546
7,27,15.115967273712158,-221.76766662597657,0.9998999834060669,0.4858038127422333,0.48812776803970337,0.050836823880672455,13.653377532958984,2.2502827644348145,1.4625508785247803,9.771840333938599,0.11414861679077148,0.08404278755187988,1.3881103992462158
7,28,15.928009271621704,-222.9597137451172,0.9998999834060669,0.5345896482467651,0.4928169548511505,0.04572703689336777,14.613584041595459,2.257103681564331,1.3143796920776367,10.722458362579346,0.11412739753723145,0.08416438102722168,1.3902747631072998
7,29,14.278642892837524,-245.51104125976562,0.9998999834060669,0.5102856755256653,0.43639153242111206,0.07520708441734314,12.82271409034729,2.260835647583008,1.455888032913208,8.926462888717651,0.11474871635437012,0.08504462242126465,1.3908510208129883
7,30,14.421944618225098,-232.7720916748047,0.9998999834060669,0.4795631170272827,0.5292009711265564,0.05200713127851486,13.080866813659668,2.264249801635742,1.3410460948944092,9.176483392715454,0.11534500122070312,0.08493185043334961,1.3949558734893799
8,1,20.746363639831543,-1302.4318725585938,0.9998999834060669,0.5824848413467407,0.4996970593929291,0.024543659761548042,19.39143204689026,2.580726146697998,1.3548879623413086,15.167054891586304,0.11459112167358398,0.08662915229797363,1.3965859413146973
8,2,20.775407791137695,-1320.0201904296875,0.9983726143836975,0.5624721050262451,0.49626967310905457,0.011750712059438229,19.44150996208191,2.567544937133789,1.3338613510131836,15.236979007720947,0.11448502540588379,0.08482503890991211,1.3923618793487549
8,3,20.094234943389893,-1302.9325439453125,0.9998999834060669,0.5795660018920898,0.4919946491718292,0.024362318217754364,18.645917654037476,2.623634099960327,1.4482626914978027,14.360987901687622,0.12402582168579102,0.08774566650390625,1.3973827362060547
8,4,21.566280364990234,-1383.0888549804688,0.9975550770759583,0.560045599937439,0.4969026744365692,0.03590168431401253,18.27370047569275,2.555530071258545,3.292543411254883,14.076481342315674,0.11536717414855957,0.08498358726501465,1.395878553390503
8,5,22.02976632118225,-1301.1131103515625,0.9863741397857666,0.5846239924430847,0.5096327662467957,0.028523501008749008,18.7086181640625,2.575591564178467,3.321101665496826,14.486558198928833,0.1152796745300293,0.08568143844604492,1.3994014263153076
8,6,22.47228717803955,-1329.8407348632813,0.9998999834060669,0.5823131799697876,0.489991158246994,0.02860095351934433,19.111521005630493,2.557210683822632,3.360727548599243,14.912711143493652,0.11577916145324707,0.08480668067932129,1.3954870700836182
8,7,21.02246904373169,-1276.3312377929688,0.9872167110443115,0.5793522596359253,0.5131065249443054,0.015649443492293358,19.652570724487305,2.7197201251983643,1.369840145111084,15.244088888168335,0.13791418075561523,0.08825111389160156,1.3961775302886963
8,8,20.858937740325928,-1317.0168090820312,0.9998999834060669,0.5797470808029175,0.49684298038482666,0.040535952895879745,19.43916916847229,2.6104824542999268,1.4197232723236084,15.186346530914307,0.11638140678405762,0.08660078048706055,1.3933131694793701
8,9,19.93809199333191,-1315.8786865234374,0.9802359938621521,0.5872886180877686,0.4898071885108948,0.013676455244421959,18.550933599472046,2.54109525680542,1.3871138095855713,14.376388549804688,0.11378216743469238,0.08414578437805176,1.3904006481170654
8,10,19.49513030052185,-1363.9470581054688,0.9911064505577087,0.5661227107048035,0.49229466915130615,0.027625959366559982,18.033973455429077,2.5721333026885986,1.4611155986785889,13.822498559951782,0.11539244651794434,0.08629894256591797,1.3917481899261475
8,11,20.373780965805054,-1378.34765625,0.9998999834060669,0.5671292543411255,0.49422508478164673,0.04950636997818947,18.97969388961792,2.5845251083374023,1.3940517902374268,14.755070924758911,0.1153252124786377,0.08620166778564453,1.3931775093078613
8,12,19.715996742248535,-1418.0311889648438,0.9998999834060669,0.5655157566070557,0.4736740291118622,0.04196011647582054,18.35235023498535,2.5426371097564697,1.3636054992675781,14.167405843734741,0.11493372917175293,0.08470702171325684,1.3973839282989502
8,13,19.954802989959717,-1377.138671875,0.9998999834060669,0.5691430568695068,0.4933938980102539,0.028540244325995445,18.60807967185974,2.551854133605957,1.3466835021972656,14.414887189865112,0.11493229866027832,0.08510422706604004,1.3960070610046387
8,14,21.687003135681152,-1267.4754516601563,0.9998999834060669,0.566905677318573,0.5117178559303284,0.009218019433319569,20.357198238372803,2.5506484508514404,1.3297700881958008,16.15726900100708,0.11388540267944336,0.08579158782958984,1.4037399291992188
8,15,20.59599208831787,-1252.5261962890625,0.9877727031707764,0.573578417301178,0.515437126159668,9.999999747378752e-05,19.23161292076111,2.5843591690063477,1.3643360137939453,15.00522518157959,0.11484861373901367,0.08511066436767578,1.3963491916656494
8,16,20.486000776290894,-1296.365576171875,0.9881201982498169,0.5926699638366699,0.4956807792186737,0.019587300717830658,19.096665859222412,2.548879861831665,1.389296531677246,14.909862041473389,0.11455655097961426,0.08505916595458984,1.3932366371154785
8,17,20.02984380722046,-1347.5831298828125,0.9998999834060669,0.574866771697998,0.4867357313632965,0.039751503616571426,18.618539094924927,2.5635478496551514,1.4112622737884521,14.415929317474365,0.11418509483337402,0.08566617965698242,1.3939452171325684
8,18,20.641204118728638,-1269.449609375,0.989616870880127,0.5880557894706726,0.5076357126235962,0.014271046034991741,19.329298973083496,2.5663602352142334,1.311866283416748,15.120170593261719,0.11463308334350586,0.08589482307434082,1.3963983058929443
8,19,19.768642902374268,-1335.5404907226562,0.99077969789505,0.5759844779968262,0.5019802451133728,0.02498597651720047,18.434322595596313,2.5467333793640137,1.3342797756195068,14.251871585845947,0.11377716064453125,0.08422517776489258,1.3935723304748535
8,20,21.09019112586975,-1315.9729858398437,0.9998999834060669,0.5845391154289246,0.47831839323043823,0.014740044251084328,19.682077169418335,2.5491714477539062,1.4080767631530762,15.492291688919067,0.11473727226257324,0.08512258529663086,1.3953938484191895
8,21,21.218854188919067,-1341.121923828125,0.9998999834060669,0.5710049867630005,0.4966011047363281,0.018795784562826157,19.79951810836792,2.6075072288513184,1.4192748069763184,15.537633419036865,0.12342977523803711,0.08677268028259277,1.3934001922607422
8,22,23.01207447052002,-1416.49375,0.9998999834060669,0.5514681339263916,0.48388218879699707,0.05337544530630112,19.56614661216736,2.571298599243164,3.4458799362182617,15.344067335128784,0.11627411842346191,0.08684945106506348,1.4018690586090088
8,23,22.745609521865845,-1290.5548583984375,0.9861150979995728,0.584602952003479,0.5045738220214844,0.013837999664247036,18.980787992477417,2.565643310546875,3.7647783756256104,14.76215386390686,0.11626148223876953,0.08647441864013672,1.4033823013305664
8,24,21.97949194908142,-1349.4234741210937,0.9905941486358643,0.556492269039154,0.5035609602928162,0.02506057173013687,18.59922456741333,2.616008996963501,3.3802239894866943,14.329840183258057,0.11626100540161133,0.08694076538085938,1.402984619140625
8,25,20.837713479995728,-1367.1475952148437,0.9998999834060669,0.5810676217079163,0.48152437806129456,0.035589225590229034,19.442821502685547,2.5667130947113037,1.394836664199829,15.227099657058716,0.1156911849975586,0.08600330352783203,1.401308298110962
8,26,20.153791427612305,-1317.1555786132812,0.9954891800880432,0.5880802869796753,0.5027356147766113,0.014902276918292046,18.77163076400757,2.5478715896606445,1.3821213245391846,14.583763122558594,0.1143808364868164,0.0857698917388916,1.3943288326263428
8,27,19.471519470214844,-1340.2219116210938,0.9812938570976257,0.5702431797981262,0.5150130391120911,0.01480044424533844,18.03409194946289,2.559203624725342,1.4373886585235596,13.830872297286987,0.11472606658935547,0.08586716651916504,1.398289442062378
8,28,20.9787917137146,-1325.0622436523438,0.9998999834060669,0.5886394381523132,0.47617048025131226,0.016272742301225662,19.629422664642334,2.5735859870910645,1.349327564239502,15.376374006271362,0.11485099792480469,0.08521699905395508,1.4337046146392822
8,29,21.308955669403076,-1302.9568969726563,0.9998999834060669,0.5770997405052185,0.47477346658706665,0.017275353893637657,19.98182225227356,2.559248447418213,1.3270914554595947,15.778327941894531,0.1154639720916748,0.08681035041809082,1.3958561420440674
8,30,20.06734561920166,-1319.4961791992187,0.9597770571708679,0.5914605855941772,0.5175138115882874,0.007482767105102539,18.682987928390503,2.56179141998291,1.3843224048614502,14.47631573677063,0.11506533622741699,0.08544397354125977,1.3987236022949219
9,1,26.533101558685303,-5454.367138671875,0.9984594583511353,0.5940901041030884,0.5042164921760559,0.10145948082208633,25.07997989654541,2.7600414752960205,1.4531049728393555,20.669060468673706,0.11589479446411133,0.08700251579284668,1.4023354053497314
9,2,26.551176071166992,-5274.89775390625,0.9647197127342224,0.6308228969573975,0.5402149558067322,0.07364220917224884,25.21839690208435,2.7361032962799072,1.3327603340148926,20.826717376708984,0.11512923240661621,0.08802318572998047,1.4065725803375244
9,3,25.875890254974365,-5546.633642578125,0.9859892725944519,0.5985787510871887,0.5211100578308105,0.11178407818078995,24.355765104293823,2.7292425632476807,1.520106554031372,19.973986864089966,0.11488032341003418,0.08787679672241211,1.4043247699737549
9,4,26.596006393432617,-5379.31044921875,0.9673983454704285,0.6126282215118408,0.5170601010322571,0.08340855687856674,25.237313985824585,2.7331249713897705,1.3586740493774414,20.847235918045044,0.11447310447692871,0.08754134178161621,1.4093737602233887
9,5,25.85738515853882,-5373.155517578125,0.9770791530609131,0.5935136675834656,0.5334993004798889,0.08747409284114838,24.49756693840027,2.7470059394836426,1.359797716140747,20.098026275634766,0.11565899848937988,0.08770561218261719,1.4035565853118896
9,6,27.587918758392334,-8268.12919921875,0.9598360061645508,0.6151325106620789,0.5737226605415344,0.1810152530670166,26.228495121002197,2.7109532356262207,1.359384536743164,21.865010976791382,0.11578702926635742,0.08655858039855957,1.4050178527832031
9,7,28.15715718269348,-8219.60234375,0.9696842432022095,0.6101091504096985,0.574221670627594,0.1799231320619583,26.758054494857788,2.753453254699707,1.399038314819336,22.34315824508667,0.11892104148864746,0.08876538276672363,1.4063537120819092
9,8,29.84490990638733,-8213.799755859374,0.966285765171051,0.6077736616134644,0.5863024592399597,0.17883767187595367,26.512939929962158,2.6966004371643066,3.331927537918091,22.15081000328064,0.11594271659851074,0.08633041381835938,1.4183857440948486
9,9,30.58918261528015,-8142.710205078125,0.9644935727119446,0.6128050684928894,0.5793882012367249,0.17012959718704224,27.275043964385986,2.7312991619110107,3.314098596572876,22.886747121810913,0.11585593223571777,0.08694958686828613,1.4091050624847412
9,10,28.04788374900818,-8210.70703125,0.9643513560295105,0.6088172197341919,0.5854899883270264,0.1825840324163437,26.684162378311157,2.778102397918701,1.363685131072998,22.25063729286194,0.11756348609924316,0.08664393424987793,1.406252384185791
9,11,28.268284559249878,-8171.85625,0.9580231308937073,0.608712375164032,0.5846776962280273,0.17739424109458923,26.71376085281372,2.7188806533813477,1.5544865131378174,22.340854167938232,0.1148366928100586,0.08668279647827148,1.4072186946868896
9,12,27.634600162506104,-8225.43134765625,0.9652650952339172,0.6116514801979065,0.5792698860168457,0.18323877453804016,26.282793045043945,2.701807975769043,1.3517661094665527,21.931955337524414,0.1151113510131836,0.0857539176940918,1.4033734798431396
9,13,27.43260884284973,-8254.37646484375,0.9560662508010864,0.6084800958633423,0.5871215462684631,0.18814046680927277,26.101698875427246,2.7109668254852295,1.3308672904968262,21.741770267486572,0.11419677734375,0.08617901802062988,1.404158353805542
9,14,28.107815980911255,-8232.6673828125,0.9642401933670044,0.6101056337356567,0.5866894721984863,0.1810162216424942,26.754698514938354,2.7243492603302,1.353076696395874,22.379539489746094,0.11450719833374023,0.0871126651763916,1.404456615447998
9,15,28.85720658302307,-8150.171923828125,0.9748324155807495,0.6103408336639404,0.5723379850387573,0.17501860857009888,27.43174648284912,2.715879201889038,1.4254212379455566,23.06534433364868,0.11466169357299805,0.08651185035705566,1.404587745666504
9,16,27.040838956832886,-8305.08740234375,0.9388309717178345,0.613936722278595,0.5814576745033264,0.18562501668930054,25.581291437149048,2.7372968196868896,1.4595036506652832,21.195067405700684,0.11482644081115723,0.08674955368041992,1.4025933742523193
9,17,27.738577365875244,-8208.81181640625,0.9637575149536133,0.6088525652885437,0.581540584564209,0.17869611084461212,26.36906599998474,2.7145907878875732,1.369471788406372,21.99882984161377,0.1145024299621582,0.08709001541137695,1.4085371494293213
9,18,27.75247812271118,-8194.30751953125,0.9550608396530151,0.6147587895393372,0.5813963413238525,0.17854341864585876,26.33084774017334,2.7248919010162354,1.421583890914917,21.958999395370483,0.11483263969421387,0.08623981475830078,1.4009687900543213
9,19,27.74796986579895,-8170.389990234375,0.9723967909812927,0.6082066893577576,0.5786628723144531,0.17965400218963623,26.387742280960083,2.7291295528411865,1.360185146331787,22.007590532302856,0.11504244804382324,0.08737683296203613,1.4030001163482666
9,20,27.54877734184265,-8266.2482421875,0.9552523493766785,0.6141466498374939,0.5815491676330566,0.1831471472978592,26.044328451156616,2.723280191421509,1.504411220550537,21.67024540901184,0.11501169204711914,0.0861046314239502,1.4048213958740234
9,21,28.26465344429016,-8239.905859375,0.9691417217254639,0.6074880957603455,0.5854624509811401,0.17838959395885468,26.91352343559265,2.7934999465942383,1.3510608673095703,22.452234029769897,0.12381243705749512,0.08927130699157715,1.4017763137817383
9,22,30.731722116470337,-8227.559619140626,0.9752839803695679,0.6091853380203247,0.5763458013534546,0.1818101406097412,27.419936656951904,2.7184360027313232,3.3117477893829346,23.042924642562866,0.11544966697692871,0.08760428428649902,1.4103713035583496
9,23,29.395965337753296,-8269.635546875,0.952721357345581,0.61004638671875,0.5842200517654419,0.18846121430397034,25.95993161201477,2.718801259994507,3.435992956161499,21.58606243133545,0.11559939384460449,0.08618974685668945,1.408273458480835
9,24,26.827610969543457,-8349.0857421875,0.9341557025909424,0.6139271259307861,0.5840299725532532,0.1917344182729721,25.477691650390625,2.709650754928589,1.349883794784546,21.11630153656006,0.11582827568054199,0.08712100982666016,1.403566598892212
9,25,27.960923671722412,-8226.108349609374,0.9594689607620239,0.6152042150497437,0.5805816054344177,0.17552116513252258,26.634753227233887,2.707986831665039,1.326131820678711,22.25353455543518,0.11521291732788086,0.08676028251647949,1.426023244857788
9,26,28.267687797546387,-8182.251708984375,0.965139627456665,0.6097626686096191,0.581332266330719,0.18523111939430237,26.908268213272095,2.709902286529541,1.3593826293945312,22.54749584197998,0.11519217491149902,0.08752989768981934,1.4031074047088623
9,27,27.753284692764282,-8247.811328125,0.9581882357597351,0.6140060424804688,0.5766808390617371,0.18448211252689362,26.374450206756592,2.718055009841919,1.3787903785705566,22.00449848175049,0.11498212814331055,0.08703947067260742,1.404698133468628
9,28,27.489908456802368,-8306.5416015625,0.9545835256576538,0.6093966960906982,0.5839992165565491,0.1855039745569229,26.16034746170044,2.7065277099609375,1.3295166492462158,21.80156397819519,0.11519885063171387,0.08730483055114746,1.404367208480835
9,29,27.91778302192688,-8196.14365234375,0.9679843187332153,0.6105389595031738,0.5807509422302246,0.17382541298866272,26.57822322845459,2.713134288787842,1.3395164012908936,22.208068132400513,0.11559057235717773,0.08685564994812012,1.4092402458190918
9,30,27.162129878997803,-8267.73486328125,0.9450255036354065,0.618836522102356,0.5794771313667297,0.1876467615365982,25.785608768463135,2.7294046878814697,1.376476764678955,21.400009632110596,0.11571002006530762,0.08784961700439453,1.4077882766723633
10,1,33.900596380233765,-17686.5431640625,0.9536140561103821,0.5569580793380737,0.5206722021102905,0.13188733160495758,32.52879977226257,2.8609673976898193,1.3717498779296875,28.006314992904663,0.11463642120361328,0.08912253379821777,1.41288423538208
10,2,34.83648729324341,-20827.18203125,0.9627300500869751,0.6066610217094421,0.581754744052887,0.18885083496570587,33.44360160827637,2.8422091007232666,1.3928406238555908,28.941535711288452,0.11456179618835449,0.08872485160827637,1.4116036891937256
10,3,35.04533052444458,-20764.7556640625,0.962376058101654,0.6123773455619812,0.575691282749176,0.1899009495973587,33.67456293106079,2.844114065170288,1.3707165718078613,29.173372745513916,0.11426711082458496,0.08788132667541504,1.4101252555847168
10,4,35.02871656417847,-20703.396484375,0.9648178815841675,0.6101488471031189,0.5755741596221924,0.18702168762683868,33.639174938201904,2.968616485595703,1.3894784450531006,28.981199979782104,0.13021063804626465,0.09235048294067383,1.4116668701171875
10,5,36.65663552284241,-21017.712109375,0.9564729332923889,0.6097980737686157,0.576907217502594,0.1921738088130951,33.3586151599884,2.8362035751342773,3.297975778579712,28.85904026031494,0.11419320106506348,0.08831167221069336,1.4155006408691406
10,6,36.95131015777588,-20848.446875,0.96363765001297,0.6104962825775146,0.5763756036758423,0.19094344973564148,33.65042495727539,2.8785853385925293,3.3008370399475098,29.110236644744873,0.11513876914978027,0.08870649337768555,1.4130809307098389
10,7,35.05259728431702,-20779.1173828125,0.9570361971855164,0.6112315058708191,0.5814710855484009,0.18940876424312592,33.679306507110596,2.93424654006958,1.3732519149780273,29.084487676620483,0.11652421951293945,0.08974575996398926,1.4087004661560059
10,8,34.654213190078735,-20957.43359375,0.9638334512710571,0.6086769104003906,0.576637327671051,0.19248230755329132,33.31225657463074,2.867594003677368,1.3419110774993896,28.782026529312134,0.11519432067871094,0.08887457847595215,1.4135830402374268
10,9,36.482006311416626,-20848.8392578125,0.9626175165176392,0.6090013980865479,0.5779961347579956,0.1924397498369217,35.10712194442749,2.856308698654175,1.374837875366211,30.586618661880493,0.1150519847869873,0.08976387977600098,1.4136509895324707
10,10,35.44504475593567,-20774.1095703125,0.971423327922821,0.6097205877304077,0.5711882710456848,0.18843352794647217,34.08123326301575,2.864572286605835,1.3637676239013672,29.558238744735718,0.11492490768432617,0.08822846412658691,1.4104382991790771
10,11,35.19816493988037,-20717.8935546875,0.967691957950592,0.6097537279129028,0.5793538093566895,0.18946713209152222,33.8172721862793,2.881082534790039,1.3808486461639404,29.27598476409912,0.11481142044067383,0.08889627456665039,1.4110686779022217
10,12,34.5396671295166,-20873.9673828125,0.9563021659851074,0.6090809106826782,0.5797073841094971,0.1917070597410202,33.097657442092896,3.0025484561920166,1.4419589042663574,28.413788318634033,0.11614084243774414,0.09032678604125977,1.4291183948516846
10,13,34.650060176849365,-20710.072265625,0.9687267541885376,0.6093482971191406,0.5761323571205139,0.18938013911247253,33.157556772232056,2.8742051124572754,1.4924557209014893,28.61960530281067,0.11557626724243164,0.08838915824890137,1.415297508239746
10,14,34.508546352386475,-20884.461328125,0.961071789264679,0.6094629168510437,0.5794000625610352,0.19051246345043182,33.11199688911438,2.868917226791382,1.3965027332305908,28.588521718978882,0.11466145515441895,0.08822178840637207,1.4063749313354492
10,15,35.613184452056885,-20700.09609375,0.9702712893486023,0.610100269317627,0.5681021809577942,0.1885025054216385,34.266606092453,2.9098024368286133,1.346510887145996,29.680150508880615,0.12166523933410645,0.09085941314697266,1.4126403331756592
10,16,36.92941665649414,-20793.40546875,0.9620993137359619,0.6089722514152527,0.5784323215484619,0.18905086815357208,33.5594687461853,2.854485511779785,3.3699066638946533,29.03978419303894,0.11498832702636719,0.08835291862487793,1.4168999195098877
10,17,36.904282093048096,-20746.455859375,0.9682663083076477,0.6075401902198792,0.5805325508117676,0.18629923462867737,33.4318904876709,2.853931188583374,3.4723451137542725,28.913601636886597,0.11533045768737793,0.08831453323364258,1.4156041145324707
10,18,35.15193057060242,-20810.3453125,0.9683249592781067,0.6088459491729736,0.5721521973609924,0.19088052213191986,33.741626024246216,2.852938175201416,1.4102544784545898,29.2289776802063,0.11647558212280273,0.08949804306030273,1.408576250076294
10,19,34.672141313552856,-20867.8109375,0.9634351134300232,0.6129990220069885,0.5679643750190735,0.1910010576248169,33.284728050231934,2.9246466159820557,1.3873741626739502,28.700762510299683,0.11609530448913574,0.08839106559753418,1.409339189529419
10,20,35.7053804397583,-20659.080859375,0.970177173614502,0.6106175780296326,0.5723375082015991,0.18613961338996887,34.33039855957031,2.8629581928253174,1.3749408721923828,29.809793710708618,0.11426496505737305,0.08897924423217773,1.4093034267425537
10,21,34.861408948898315,-20798.4544921875,0.9629641771316528,0.6102880239486694,0.5768438577651978,0.19153450429439545,33.48047161102295,2.853499412536621,1.3808960914611816,28.96832013130188,0.11446547508239746,0.08969235420227051,1.4089162349700928
10,22,35.127421379089355,-20742.6654296875,0.9652460813522339,0.609696090221405,0.577060878276825,0.18671518564224243,33.633466482162476,2.8595850467681885,1.4939157962799072,29.115430116653442,0.11486935615539551,0.08989071846008301,1.408132553100586
10,23,34.39071249961853,-20745.406640625,0.9696345329284668,0.6083759665489197,0.5767599940299988,0.1870770901441574,33.03226447105408,2.8531298637390137,1.3584012985229492,28.520784616470337,0.11442732810974121,0.08904647827148438,1.4096789360046387
10,24,34.71065902709961,-20869.629296875,0.9644725322723389,0.6095374226570129,0.5753638744354248,0.1919788271188736,33.34946322441101,2.8491265773773193,1.3611509799957275,28.84216809272766,0.11469197273254395,0.08846664428710938,1.4101667404174805
10,25,34.66807413101196,-20826.816796875,0.9670454859733582,0.6076710224151611,0.5787875652313232,0.19001653790473938,33.24065136909485,2.8564817905426025,1.4273765087127686,28.72206950187683,0.11624312400817871,0.08838725090026855,1.411729097366333
10,26,35.52102303504944,-20679.617578125,0.9698747396469116,0.6114143133163452,0.5666873455047607,0.1874202936887741,34.149123191833496,2.991795063018799,1.3718481063842773,29.481033325195312,0.12262606620788574,0.0924844741821289,1.4094023704528809
10,27,36.905354261398315,-20857.511328125,0.9628003239631653,0.6072865724563599,0.5839493274688721,0.1910690814256668,33.52487301826477,2.899284839630127,3.3804380893707275,28.956576108932495,0.11642313003540039,0.08774542808532715,1.4198734760284424
10,28,36.29330229759216,-20975.397265625,0.9600549936294556,0.6092290282249451,0.577595055103302,0.1934528648853302,32.92732334136963,2.8713181018829346,3.3659324645996094,28.38833999633789,0.11652684211730957,0.08797001838684082,1.4169883728027344
10,29,35.19287109375,-20697.168359375,0.966869592666626,0.6110582947731018,0.5675984025001526,0.19061532616615295,33.82256245613098,2.8577630519866943,1.370267391204834,29.29757857322693,0.11516475677490234,0.08857059478759766,1.418419599533081
10,30,34.91239881515503,-20766.21953125,0.9681090116500854,0.6097486019134521,0.5705161094665527,0.19100572168827057,33.5525336265564,2.863739252090454,1.3598220348358154,29.026092052459717,0.11603260040283203,0.08908843994140625,1.4117920398712158
11,1,44.475257396698,-49995.1734375,0.9718248248100281,0.5930225253105164,0.5306121706962585,0.19356386363506317,43.07826519012451,3.0190658569335938,1.3969504833221436,38.369659185409546,0.11401677131652832,0.09199404716491699,1.4384548664093018
11,2,43.7798535823822,-49816.07421875,0.9719471335411072,0.588674783706665,0.5274782180786133,0.19121836125850677,42.34639263153076,3.072434425354004,1.4334149360656738,37.602317094802856,0.11589169502258301,0.09173202514648438,1.418870210647583
11,3,43.698140144348145,-49818.3421875,0.9748008847236633,0.5941727757453918,0.5210766196250916,0.19375573098659515,42.31567192077637,3.0193309783935547,1.3824200630187988,37.62907338142395,0.11484980583190918,0.09228944778442383,1.4142425060272217
11,4,44.69393539428711,-52216.28515625,0.9685123562812805,0.5965803861618042,0.5204308032989502,0.1961779147386551,43.28256893157959,2.9984476566314697,1.4113428592681885,38.620378732681274,0.11453533172607422,0.09223127365112305,1.411517858505249
11,5,45.25642943382263,-52290.941015625,0.9724234342575073,0.5927593111991882,0.5218477845191956,0.20211172103881836,43.86324954032898,3.0182788372039795,1.393157720565796,39.17465043067932,0.11462974548339844,0.09137988090515137,1.4186007976531982
11,6,46.914515018463135,-51582.14765625,0.9755771160125732,0.5959513783454895,0.5232235789299011,0.18697047233581543,45.54717493057251,3.14878511428833,1.3673179149627686,40.694923400878906,0.13282203674316406,0.09583735466003418,1.415163278579712
11,7,46.03537631034851,-52206.244921875,0.9672170877456665,0.5941307544708252,0.5222822427749634,0.1973038613796234,42.65676951408386,2.9619791507720947,3.3785853385925293,38.01424288749695,0.11500716209411621,0.09066081047058105,1.430220365524292
11,8,45.32569360733032,-52053.8921875,0.9714633822441101,0.5953694581985474,0.5319646000862122,0.198345348238945,43.946985483169556,3.02593994140625,1.3786845207214355,39.25023818016052,0.1150045394897461,0.0910942554473877,1.4194920063018799
11,9,44.91202235221863,-52251.09375,0.9686579704284668,0.5899142622947693,0.5267431735992432,0.19638775289058685,43.546408891677856,3.0186617374420166,1.3655893802642822,38.860702991485596,0.11433100700378418,0.09168386459350586,1.4161958694458008
11,10,43.98506546020508,-52133.34765625,0.9691352844238281,0.5940471291542053,0.5350924134254456,0.19859853386878967,42.58557105064392,3.030444860458374,1.399468183517456,37.87980604171753,0.11572480201721191,0.09124517440795898,1.4229142665863037
11,11,45.03425669670105,-52141.43671875,0.9725523591041565,0.593387246131897,0.5275101065635681,0.19976280629634857,43.65511751174927,3.0193233489990234,1.3791141510009766,38.96951913833618,0.1148531436920166,0.09109067916870117,1.4151630401611328
11,12,44.16399359703064,-52434.864453125,0.9684540033340454,0.5864710211753845,0.5277833938598633,0.20308101177215576,42.785537242889404,3.020541191101074,1.378434181213379,38.099404096603394,0.11509275436401367,0.09162020683288574,1.4136712551116943
11,13,44.307292222976685,-52426.01875,0.9670670032501221,0.5968388319015503,0.5217907428741455,0.20274418592453003,42.92346262931824,3.0157384872436523,1.3838071823120117,38.238250970840454,0.11428523063659668,0.09210920333862305,1.4177007675170898
11,14,44.43414378166199,-52446.40078125,0.9660641551017761,0.5999833345413208,0.5273765325546265,0.20375095307826996,43.02638554573059,3.009913206100464,1.4077341556549072,38.34817361831665,0.1155543327331543,0.09184074401855469,1.4157729148864746
11,15,46.11757755279541,-51839.14296875,0.9756315350532532,0.5924846529960632,0.5238004922866821,0.19524380564689636,44.712629318237305,3.2032759189605713,1.4049243927001953,39.794920444488525,0.13665080070495605,0.09651994705200195,1.4155259132385254
11,16,46.312995195388794,-52130.715625,0.9706501364707947,0.5962194800376892,0.5242346525192261,0.19720710813999176,42.92619466781616,3.0314364433288574,3.386777400970459,38.21369242668152,0.11712074279785156,0.09130644798278809,1.427215576171875
11,17,44.58581066131592,-52469.418359375,0.965759813785553,0.594283401966095,0.5256442427635193,0.20259076356887817,43.20137333869934,3.0022459030151367,1.384413719177246,38.53348159790039,0.11435389518737793,0.08951973915100098,1.4168026447296143
11,18,44.16292428970337,-52372.28828125,0.9642857313156128,0.5976777076721191,0.5316216945648193,0.20210590958595276,42.73720407485962,3.0206518173217773,1.4256951808929443,38.0466787815094,0.11590337753295898,0.09267783164978027,1.416003942489624
11,19,44.01420307159424,-52494.103125,0.9496063590049744,0.5957123637199402,0.5252085328102112,0.19767285883426666,42.36559319496155,3.028801918029785,1.6485857963562012,37.66678833961487,0.11595487594604492,0.09204602241516113,1.4169394969940186
11,20,44.89519643783569,-51934.008984375,0.9694668054580688,0.5940591096878052,0.5303807258605957,0.19344083964824677,43.525399923324585,3.086148738861084,1.3697752952575684,38.774903774261475,0.11703920364379883,0.09195733070373535,1.4101102352142334
11,21,46.92995762825012,-51755.865234375,0.976046621799469,0.5960716009140015,0.5264317989349365,0.19432666897773743,45.50520157814026,3.0232796669006348,1.4247334003448486,40.809797286987305,0.11442446708679199,0.09122943878173828,1.4213387966156006
11,22,45.08694005012512,-52008.4453125,0.9758245348930359,0.5956844091415405,0.5249478816986084,0.1968473345041275,43.745392084121704,3.0431277751922607,1.3415248394012451,39.03510880470276,0.11540722846984863,0.09235811233520508,1.413681983947754
11,23,44.486013650894165,-52166.341015625,0.968410849571228,0.6001641154289246,0.5321654677391052,0.1969923973083496,43.08865141868591,3.011836528778076,1.3973388671875,38.40579390525818,0.11575746536254883,0.09102749824523926,1.4189023971557617
11,24,45.87783360481262,-52043.2046875,0.9693603515625,0.5948862433433533,0.5224175453186035,0.19453781843185425,44.478583574295044,3.161175489425659,1.3992230892181396,39.60558819770813,0.13706707954406738,0.09623050689697266,1.4177584648132324
11,25,46.61077880859375,-52286.11328125,0.9717170000076294,0.5916526913642883,0.5241278409957886,0.2009970247745514,43.22294068336487,2.983769655227661,3.3878121376037598,38.56485390663147,0.11639285087585449,0.0903158187866211,1.422396183013916
11,26,44.30033040046692,-52084.416015625,0.9742709398269653,0.5935420989990234,0.525227427482605,0.19975905120372772,42.92949199676514,3.0221614837646484,1.3708131313323975,38.238253116607666,0.11543416976928711,0.09076404571533203,1.4178166389465332
11,27,45.07573056221008,-52108.31484375,0.9692589640617371,0.5956853032112122,0.5318352580070496,0.19901372492313385,43.70179080963135,3.0302863121032715,1.3739166259765625,39.00556468963623,0.11545205116271973,0.09141969680786133,1.4137787818908691
11,28,44.60175919532776,-52479.61640625,0.9660138487815857,0.5986915230751038,0.5280455946922302,0.20449742674827576,43.21070075035095,3.0264732837677,1.3910326957702637,38.51424217224121,0.11526274681091309,0.09174919128417969,1.4173583984375
11,29,44.42737865447998,-52434.97265625,0.9708759188652039,0.5929213762283325,0.5255444645881653,0.204166442155838,42.997337341308594,3.0229685306549072,1.430016040802002,38.3050274848938,0.11527013778686523,0.09239053726196289,1.4161615371704102
11,30,45.155447244644165,-52210.1953125,0.9679858088493347,0.5967767834663391,0.5231044888496399,0.19406212866306305,43.74083662033081,3.0577023029327393,1.4145879745483398,39.011449098587036,0.11505293846130371,0.09314608573913574,1.4184627532958984
12,1,52.52500939369202,-125523.73359375,0.9769689440727234,0.5876230597496033,0.5218755006790161,0.1955014318227768,51.06925320625305,3.2389450073242188,1.4557015895843506,46.05357646942139,0.11664128303527832,0.09768939018249512,1.5166401863098145
12,2,52.35275888442993,-125554.3421875,0.9780515432357788,0.5910980701446533,0.5196980834007263,0.19669833779335022,50.79056358337402,3.186155080795288,1.5621342658996582,45.79118490219116,0.1149911880493164,0.10009932518005371,1.5518758296966553
12,3,52.40460705757141,-129407.28671875,0.975974977016449,0.5873857140541077,0.5258114337921143,0.2052716463804245,50.90468215942383,3.1904168128967285,1.4998657703399658,45.87197184562683,0.11777687072753906,0.10172033309936523,1.5764098167419434
12,4,54.456446409225464,-129015.3765625,0.9737080335617065,0.5895478129386902,0.5244751572608948,0.20008514821529388,50.916871309280396,3.143775463104248,3.539519786834717,45.97199034690857,0.11493635177612305,0.095550537109375,1.5461375713348389
12,5,51.57784819602966,-129503.765625,0.9732790589332581,0.5897864103317261,0.5241421461105347,0.20394623279571533,50.10359811782837,3.222153425216675,1.474189281463623,45.097546100616455,0.11606168746948242,0.09924602508544922,1.5223233699798584
12,6,53.00612807273865,-128937.534375,0.9781216382980347,0.5876719951629639,0.5171537399291992,0.2038009911775589,51.466286420822144,3.150897979736328,1.5397899150848389,46.534979820251465,0.11453771591186523,0.09709978103637695,1.5235044956207275
12,7,52.27318525314331,-128885.628125,0.9734569191932678,0.5930824279785156,0.5245020985603333,0.19861730933189392,50.83818578720093,3.1885998249053955,1.4349393844604492,45.87642979621887,0.1149749755859375,0.09845829010009766,1.5142076015472412
12,8,52.208592653274536,-129032.8140625,0.9752295017242432,0.5939867496490479,0.5225290060043335,0.20249667763710022,50.66046166419983,3.1787307262420654,1.5480797290802002,45.70729184150696,0.11467552185058594,0.09891676902770996,1.5156028270721436
12,9,52.33692812919617,-129173.140625,0.9765737056732178,0.5889308452606201,0.5203974843025208,0.2035301774740219,50.8396942615509,3.17939829826355,1.4971811771392822,45.88346004486084,0.11592531204223633,0.0993506908416748,1.5154547691345215
12,10,55.2359459400177,-129005.53125,0.9757204055786133,0.5893930792808533,0.524132490158081,0.20122088491916656,53.77305626869202,3.178025722503662,1.4628322124481201,48.81509971618652,0.11583280563354492,0.09908676147460938,1.5189282894134521
12,11,56.30846953392029,-129255.5640625,0.9674314260482788,0.5916181802749634,0.5260214805603027,0.19763347506523132,51.009411573410034,3.3982856273651123,5.2989795207977295,45.709429025650024,0.1468665599822998,0.10335779190063477,1.5815372467041016
12,12,53.622251749038696,-129248.89921875,0.9687836170196533,0.5971676707267761,0.5277848243713379,0.20470021665096283,50.144309282302856,3.165855646133423,3.477886915206909,45.183637380599976,0.11609029769897461,0.09609103202819824,1.5368859767913818
12,13,51.359147787094116,-129714.18125,0.97041255235672,0.5900440812110901,0.5245683789253235,0.2046220898628235,49.918585777282715,3.157595634460449,1.4405035972595215,44.98570156097412,0.11512994766235352,0.09845399856567383,1.516050100326538
12,14,52.28284239768982,-129064.6609375,0.9765874743461609,0.5872534513473511,0.5279934406280518,0.20240691304206848,50.77828121185303,3.159964084625244,1.504504919052124,45.83453583717346,0.11647439002990723,0.09743332862854004,1.5236570835113525
12,15,52.10798120498657,-129363.18515625,0.9747715592384338,0.5892660021781921,0.5245535373687744,0.20542927086353302,50.6579475402832,3.2092325687408447,1.4499762058258057,45.67412495613098,0.11444330215454102,0.09872865676879883,1.5161643028259277
12,16,53.33183550834656,-129204.325,0.973368227481842,0.5897186398506165,0.5229693055152893,0.2010699361562729,51.76090478897095,3.17274808883667,1.5708801746368408,46.80978584289551,0.11473488807678223,0.09805989265441895,1.5204074382781982
12,17,52.41960144042969,-129202.18125,0.975202202796936,0.5897303819656372,0.5262404680252075,0.20311973989009857,50.94002032279968,3.242190361022949,1.479529619216919,45.9201443195343,0.11725807189941406,0.09859132766723633,1.5162677764892578
12,18,52.57015872001648,-129277.109375,0.9743176698684692,0.5941608548164368,0.5216943621635437,0.2041422724723816,51.14008331298828,3.2590785026550293,1.4299960136413574,46.087846994400024,0.12384796142578125,0.10036516189575195,1.5158193111419678
12,19,53.74013304710388,-129039.4265625,0.9736840128898621,0.593036949634552,0.5214157700538635,0.20123820006847382,50.317607164382935,3.160003662109375,3.422468900680542,45.36484956741333,0.11577033996582031,0.09668183326721191,1.5346121788024902
12,20,52.7695586681366,-128923.6921875,0.9743462204933167,0.5931912064552307,0.5257948040962219,0.20087403059005737,51.31350803375244,3.2455577850341797,1.4559967517852783,46.29205918312073,0.11596059799194336,0.09880805015563965,1.5153050422668457
12,21,53.07239842414856,-129368.88203125,0.9755274653434753,0.587756335735321,0.5222876667976379,0.2040894627571106,51.53762149810791,3.1700539588928223,1.5347249507904053,46.59054923057556,0.11549854278564453,0.09918642044067383,1.5164332389831543
12,22,52.302407026290894,-129416.77109375,0.9732685685157776,0.5939463376998901,0.5229549407958984,0.2042251080274582,50.87393832206726,3.1725213527679443,1.4284093379974365,45.92640471458435,0.11584067344665527,0.09713912010192871,1.516566276550293
12,23,52.60577964782715,-129246.1015625,0.9722323417663574,0.5899196863174438,0.5242906212806702,0.2015870064496994,51.06744599342346,3.159463882446289,1.538276195526123,46.13593888282776,0.11490702629089355,0.09671330451965332,1.515352725982666
12,24,52.85581707954407,-128996.24375,0.97307288646698,0.5909350514411926,0.5231120586395264,0.20070210099220276,51.35973072052002,3.146045446395874,1.496028184890747,46.43887758255005,0.11515140533447266,0.09734559059143066,1.5164682865142822
12,25,52.76472616195679,-128892.29921875,0.9830195307731628,0.5871158838272095,0.5249601602554321,0.2043306976556778,51.29534435272217,3.2121381759643555,1.4693305492401123,46.308279514312744,0.11550140380859375,0.0981593132019043,1.5160245895385742
12,26,53.01111626625061,-128727.70859375,0.9760519862174988,0.5908913612365723,0.5216469168663025,0.1984184831380844,51.52301836013794,3.3457727432250977,1.488022804260254,46.35848021507263,0.13741326332092285,0.10424971580505371,1.5126266479492188
12,27,54.30448889732361,-129065.12578125,0.9753793478012085,0.592880368232727,0.5236059427261353,0.20225724577903748,50.86750864982605,3.201510429382324,3.436927080154419,45.86064863204956,0.11730837821960449,0.09919142723083496,1.5433640480041504
12,28,52.323010206222534,-129046.05,0.9751996397972107,0.5901955366134644,0.520165741443634,0.20127971470355988,50.86406683921814,3.156160354614258,1.4588851928710938,45.92928600311279,0.1144106388092041,0.09793329238891602,1.520714521408081
12,29,51.47757911682129,-129808.2265625,0.9698083400726318,0.5933749675750732,0.5260117053985596,0.20506921410560608,49.97840690612793,3.18399977684021,1.499119520187378,45.02099394798279,0.11487030982971191,0.0984499454498291,1.5142309665679932
12,30,52.06557059288025,-128967.0859375,0.9759042263031006,0.5888916850090027,0.5219408273696899,0.20199249684810638,50.648120403289795,3.165569305419922,1.4173815250396729,45.70892024040222,0.11656022071838379,0.0975654125213623,1.5140259265899658
13,1,67.81907796859741,-318393.76875,0.9807510375976562,0.5826641917228699,0.5176291465759277,0.21069777011871338,66.1067578792572,3.3349478244781494,1.7122423648834229,61.03104066848755,0.11627793312072754,0.1157982349395752,1.4620375633239746
13,2,68.4057126045227,-317753.7,0.9825862646102905,0.5852187871932983,0.5166950225830078,0.20752352476119995,66.52322173118591,3.3381197452545166,1.882413387298584,61.43586230278015,0.11576700210571289,0.11457943916320801,1.4730091094970703
13,3,67.62170076370239,-318265.85,0.9835460782051086,0.5810678601264954,0.5143950581550598,0.21086987853050232,65.94529676437378,3.465219736099243,1.676316499710083,60.71428966522217,0.13103485107421875,0.11544108390808105,1.460078477859497
13,4,70.21880006790161,-317801.575,0.980106770992279,0.584100067615509,0.5169349908828735,0.2066406011581421,66.50457286834717,3.5593044757843018,3.714127779006958,61.14971113204956,0.13927841186523438,0.11770057678222656,1.4732575416564941
13,5,66.83197355270386,-318052.084375,0.9812412858009338,0.5804319977760315,0.5179874300956726,0.2088344693183899,65.15597414970398,3.337116241455078,1.6759283542633057,60.048317193984985,0.11500144004821777,0.11536622047424316,1.493812084197998
13,6,67.49523186683655,-318232.765625,0.9793543219566345,0.5815333127975464,0.519333004951477,0.20753270387649536,65.78737950325012,3.366210460662842,1.7077724933624268,60.67711853981018,0.1160588264465332,0.11426973342895508,1.4675958156585693
13,7,67.70103192329407,-318460.84375,0.978037416934967,0.5896908044815063,0.5178248286247253,0.20936420559883118,66.00737357139587,3.3272480964660645,1.6935811042785645,60.93904089927673,0.115203857421875,0.11266589164733887,1.4677207469940186
13,8,69.84042310714722,-317662.725,0.983230710029602,0.5808526277542114,0.5170180201530457,0.20743855834007263,68.11877059936523,3.4460999965667725,1.7215816974639893,62.926825523376465,0.11510753631591797,0.11666655540466309,1.4678113460540771
13,9,68.97623419761658,-317389.225,0.9832977056503296,0.5829260349273682,0.5157026648521423,0.2076120674610138,67.24710750579834,3.5560925006866455,1.7290377616882324,61.90746212005615,0.13655495643615723,0.11890316009521484,1.466273307800293
13,10,73.84830403327942,-317793.4,0.9803763031959534,0.5869959592819214,0.5190892815589905,0.20827019214630127,70.10485649108887,3.296501636505127,3.743367910385132,65.04312348365784,0.1166696548461914,0.1120460033416748,1.4908497333526611
13,11,68.08645057678223,-317811.653125,0.9835458397865295,0.5816876888275146,0.5164245367050171,0.20888736844062805,66.26241421699524,3.3778018951416016,1.8239564895629883,61.13894963264465,0.11564493179321289,0.11569380760192871,1.4675750732421875
13,12,67.95718169212341,-317508.815625,0.9826623797416687,0.5833146572113037,0.515880286693573,0.20768660306930542,66.26944756507874,3.344174861907959,1.6876630783081055,61.17907500267029,0.11605262756347656,0.11392760276794434,1.47050142288208
13,13,67.95246028900146,-317684.121875,0.9849216938018799,0.5793458819389343,0.5157045125961304,0.20990020036697388,66.24284958839417,3.3281607627868652,1.7095370292663574,61.17185997962952,0.11503386497497559,0.1137382984161377,1.468219518661499
13,14,67.48366141319275,-318384.58125,0.9810502529144287,0.5833479762077332,0.5178126692771912,0.20967236161231995,65.79348516464233,3.330098867416382,1.6901001930236816,60.712141036987305,0.11569404602050781,0.11440753936767578,1.4747302532196045
13,15,68.01008629798889,-317898.34375,0.9816615581512451,0.5830779075622559,0.5182591080665588,0.20871803164482117,66.29716992378235,3.489612579345703,1.7128169536590576,61.03934192657471,0.13086676597595215,0.1193857192993164,1.456895351409912
13,16,69.37616443634033,-317989.359375,0.9833123087882996,0.5834760069847107,0.5143364071846008,0.20846611261367798,65.64808201789856,3.320072650909424,3.727998733520508,60.57360076904297,0.11638569831848145,0.1124272346496582,1.4793899059295654
13,17,67.96292543411255,-318047.99375,0.9810194969177246,0.5836544036865234,0.5159839987754822,0.20881950855255127,66.29597163200378,3.4139151573181152,1.6668734550476074,61.138885259628296,0.11623597145080566,0.11499738693237305,1.4658677577972412
13,18,67.54910898208618,-318363.584375,0.9785993099212646,0.582027018070221,0.5185848474502563,0.2084108144044876,65.88948678970337,3.3847861289978027,1.6595463752746582,60.77939438819885,0.11420011520385742,0.10983991622924805,1.456859827041626
13,19,67.61574220657349,-318169.875,0.9815565943717957,0.5820049047470093,0.5151694416999817,0.20952634513378143,65.90395593643188,3.3850176334381104,1.7117044925689697,60.776352882385254,0.11593294143676758,0.11536526679992676,1.464998722076416
13,20,68.39479875564575,-317729.9125,0.9840288162231445,0.5813420414924622,0.51605224609375,0.20943908393383026,66.63806009292603,3.3376362323760986,1.7566676139831543,61.553420305252075,0.11489152908325195,0.11460041999816895,1.4715673923492432
13,21,67.92097520828247,-317980.54375,0.9826581478118896,0.5826601386070251,0.5160199403762817,0.2096642553806305,66.21982431411743,3.457610845565796,1.7010502815246582,60.996418714523315,0.12910127639770508,0.11715292930603027,1.4613208770751953
13,22,69.82801294326782,-317417.8,0.9835724234580994,0.5837792158126831,0.5167889595031738,0.20765119791030884,66.17428994178772,3.4231910705566406,3.653641700744629,61.00581192970276,0.1172182559967041,0.11340975761413574,1.468623399734497
13,23,68.55569505691528,-317791.0375,0.9817677140235901,0.5839512944221497,0.5169356465339661,0.20905311405658722,66.88022518157959,3.3186731338500977,1.6753902435302734,61.81649994850159,0.11548423767089844,0.11542868614196777,1.4678373336791992
13,24,67.81966066360474,-317405.9125,0.982207179069519,0.5825716257095337,0.5173513293266296,0.20725834369659424,66.08990740776062,3.347959518432617,1.7296812534332275,61.00244951248169,0.11483979225158691,0.11286401748657227,1.4659051895141602
13,25,68.42691802978516,-317602.75625,0.9825001358985901,0.5837621688842773,0.5165800452232361,0.20819929242134094,66.75258493423462,3.308978796005249,1.6742546558380127,61.71212649345398,0.11419034004211426,0.1103219985961914,1.4620213508605957
13,26,68.14218640327454,-318148.39375,0.9850887656211853,0.5802405476570129,0.5136368274688721,0.21074707806110382,66.44495940208435,3.3184421062469482,1.697148323059082,61.38679647445679,0.11444091796875,0.11353683471679688,1.4660100936889648
13,27,71.1839108467102,-317984.1875,0.9826746582984924,0.5831591486930847,0.5154959559440613,0.2096191942691803,69.45852613449097,3.3221242427825928,1.7253096103668213,64.40632009506226,0.11415648460388184,0.11016273498535156,1.4604573249816895
13,28,69.4925332069397,-318358.634375,0.9801839590072632,0.5841283202171326,0.5153581500053406,0.20977796614170074,65.8245644569397,3.2915549278259277,3.667889356613159,60.763829708099365,0.11569619178771973,0.11481213569641113,1.492751121520996
13,29,67.85166716575623,-318310.2,0.9786453247070312,0.5828396081924438,0.519085705280304,0.20713694393634796,66.15843176841736,3.315882682800293,1.693159580230713,61.098060607910156,0.11491751670837402,0.11493873596191406,1.4682440757751465
13,30,67.08888459205627,-318184.14375,0.9785823822021484,0.5877135992050171,0.5202026963233948,0.20828139781951904,65.4086320400238,3.333113670349121,1.6801762580871582,60.32533144950867,0.1159205436706543,0.11381101608276367,1.4747557640075684
14,1,88.56643319129944,-779483.5375,0.9933040738105774,0.5755663514137268,0.5100696086883545,0.22003237903118134,86.41778659820557,3.5024800300598145,2.1485214233398438,81.09159302711487,0.11526679992675781,0.13128900527954102,1.5297579765319824
14,2,89.54873156547546,-778799.875,0.9929280281066895,0.5715601444244385,0.5059159398078918,0.21763603389263153,87.372061252594,3.4788150787353516,2.1765518188476562,82.0655426979065,0.1150200366973877,0.13099336624145508,1.5346312522888184
14,3,88.84075927734375,-778501.825,0.9936345815658569,0.5719552636146545,0.5047149062156677,0.21795102953910828,86.70043683052063,3.5271453857421875,2.1402080059051514,81.3452684879303,0.11820459365844727,0.13149452209472656,1.5316441059112549
14,4,88.76579570770264,-778587.8875,0.9938842058181763,0.5726109147071838,0.5062635540962219,0.21793393790721893,86.65362453460693,3.4614880084991455,2.112053155899048,81.37817859649658,0.11460256576538086,0.12863492965698242,1.523752212524414
14,5,89.58803868293762,-778581.31875,0.9937854409217834,0.5721309781074524,0.5065182447433472,0.2179446965456009,87.41873407363892,3.504208564758301,2.169188976287842,82.08178186416626,0.11615753173828125,0.13140439987182617,1.5374410152435303
14,6,90.16639566421509,-777518.41875,0.9958996772766113,0.5728524327278137,0.5048666000366211,0.2184450924396515,87.98914980888367,3.4886794090270996,2.177121162414551,82.67052745819092,0.11627054214477539,0.13175106048583984,1.5346150398254395
14,7,89.05767011642456,-778548.28125,0.9910715818405151,0.5765393376350403,0.5087438821792603,0.21698448061943054,86.91710424423218,3.5809969902038574,2.1404194831848145,81.47526860237122,0.13038158416748047,0.13546347618103027,1.5363023281097412
14,8,90.48029685020447,-779002.35,0.9903888702392578,0.5748704075813293,0.5092396140098572,0.21588186919689178,86.34855771064758,3.4788191318511963,4.13161301612854,81.0325300693512,0.1163949966430664,0.1317887306213379,1.5408658981323242
14,9,89.58140516281128,-778770.44375,0.9928105473518372,0.5753989815711975,0.5097766518592834,0.21809646487236023,87.41712641716003,3.462714672088623,2.164154052734375,82.12838745117188,0.11507630348205566,0.1317439079284668,1.5321800708770752
14,10,88.43019366264343,-780452.38125,0.9924259185791016,0.5723709464073181,0.5067297220230103,0.21991173923015594,86.22596192359924,3.4671542644500732,2.2041101455688477,80.93279886245728,0.11504268646240234,0.13050317764282227,1.5336756706237793
14,11,88.50539040565491,-778938.325,0.990663468837738,0.5724591612815857,0.5077373385429382,0.216089129447937,86.31246900558472,3.4520552158355713,2.1928000450134277,81.04757237434387,0.11348104476928711,0.12702226638793945,1.5259418487548828
14,12,90.07625246047974,-778453.16875,0.9889528155326843,0.5715320110321045,0.5055920481681824,0.21317042410373688,87.89719986915588,3.6976799964904785,2.1789138317108154,82.31594562530518,0.13953614234924316,0.1367340087890625,1.5390770435333252
14,13,89.19010710716248,-778585.24375,0.9927434921264648,0.5726675987243652,0.5053906440734863,0.21708238124847412,87.0090069770813,3.477771520614624,2.1809842586517334,81.69472980499268,0.1156008243560791,0.13042187690734863,1.5425996780395508
14,14,89.16643834114075,-779788.61875,0.9941769242286682,0.5717628598213196,0.5051576495170593,0.22048945724964142,87.00522327423096,3.481682300567627,2.1611037254333496,81.6951675415039,0.11599969863891602,0.130523681640625,1.534705638885498
14,15,88.97264742851257,-778718.96875,0.9930071234703064,0.5734698176383972,0.5067122578620911,0.2173054963350296,86.77249455451965,3.4806385040283203,2.2000274658203125,81.46797943115234,0.11450624465942383,0.13002943992614746,1.5323171615600586
14,16,89.54390501976013,-778438.84375,0.9919147491455078,0.5733185410499573,0.5058162808418274,0.21622784435749054,87.38835644721985,3.4644854068756104,2.1554274559020996,82.10233211517334,0.11528325080871582,0.12830567359924316,1.5311980247497559
14,17,91.51110553741455,-776910.2625,0.9929742217063904,0.5748502612113953,0.5086567997932434,0.21479688584804535,87.37001729011536,3.4903175830841064,4.140965700149536,82.03368711471558,0.11690974235534668,0.13219237327575684,1.5485291481018066
14,18,89.63014793395996,-777978.96875,0.9940647482872009,0.5723952651023865,0.5050057172775269,0.21687591075897217,87.4721269607544,3.466135263442993,2.1579043865203857,82.17786431312561,0.11502814292907715,0.1298377513885498,1.5365617275238037
14,19,88.76637148857117,-779203.70625,0.993695855140686,0.573158323764801,0.5068511962890625,0.21888306736946106,86.60663223266602,3.473578453063965,2.1596157550811768,81.30445575714111,0.11570620536804199,0.13081073760986328,1.534684181213379
14,20,90.20350241661072,-778071.6875,0.991288959980011,0.5748147964477539,0.5091560482978821,0.2150697559118271,87.9911835193634,3.471329689025879,2.2122104167938232,82.68062329292297,0.11630654335021973,0.1325228214263916,1.5418846607208252
14,21,88.94938349723816,-778441.80625,0.9911888241767883,0.5737693309783936,0.5080888867378235,0.21673119068145752,86.79013299942017,3.5092897415161133,2.159135341644287,81.4559338092804,0.11575078964233398,0.1303386688232422,1.5318236351013184
14,22,98.96509957313538,-778688.7375,0.9940221905708313,0.5699177980422974,0.5045335292816162,0.21780872344970703,90.3655436038971,3.9833240509033203,8.599422454833984,84.46361899375916,0.14444208145141602,0.16833972930908203,1.5363192558288574
14,23,97.06396269798279,-778917.71875,0.9914783239364624,0.5746301412582397,0.507375180721283,0.21652966737747192,88.45078039169312,3.6764533519744873,8.613044738769531,82.87101769447327,0.13233208656311035,0.16295385360717773,1.552262544631958
14,24,95.75089621543884,-778785.96875,0.9921210408210754,0.5735945105552673,0.5056636929512024,0.21711881458759308,87.24349045753479,3.532256603240967,8.507282733917236,81.85639238357544,0.12384915351867676,0.14249944686889648,1.5387201309204102
14,25,98.30333065986633,-777205.63125,0.9910317659378052,0.5737102031707764,0.5047290325164795,0.21375346183776855,89.65143013000488,3.5160655975341797,8.651776552200317,84.25412583351135,0.12490296363830566,0.13930559158325195,1.5674571990966797
14,26,89.10128569602966,-778102.78125,0.9908816814422607,0.5764126777648926,0.5074527263641357,0.21558700501918793,86.99603295326233,3.4730422496795654,2.1051321029663086,81.69955801963806,0.11513257026672363,0.1320195198059082,1.5289840698242188
14,27,88.76887440681458,-779190.38125,0.9941070079803467,0.5734378695487976,0.5049935579299927,0.22003160417079926,86.64173650741577,3.6350185871124268,2.127000570297241,81.1308422088623,0.14075183868408203,0.13645005226135254,1.5357444286346436
14,28,89.94692730903625,-778525.43125,0.9936549067497253,0.5726217031478882,0.5073315501213074,0.2179565280675888,87.73292756080627,3.479647159576416,2.213880777359009,82.42645978927612,0.11587882041931152,0.1319594383239746,1.5318973064422607
14,29,90.97982573509216,-778547.4625,0.9913516044616699,0.5740850567817688,0.5087429881095886,0.2158740609884262,88.83327102661133,3.7642440795898438,2.1464266777038574,83.17156767845154,0.15032291412353516,0.13759469985961914,1.5387637615203857
14,30,89.2901291847229,-779150.6875,0.9928883910179138,0.5753287672996521,0.5082110166549683,0.21892529726028442,87.09439301490784,3.455296277999878,2.195608377456665,81.79538416862488,0.11613750457763672,0.1312713623046875,1.5490376949310303
15,1,121.42889928817749,-1897289.7625,0.997972309589386,0.5689606666564941,0.5018380284309387,0.22232475876808167,118.2353527545929,3.6880674362182617,3.1933653354644775,112.60764837265015,0.13214993476867676,0.1463766098022461,1.6138041019439697
15,2,121.70681548118591,-1898217.0,0.998329222202301,0.5681489109992981,0.5012184381484985,0.22345392405986786,118.62561631202698,3.6601595878601074,3.0810184478759766,113.03126645088196,0.1283550262451172,0.14565491676330566,1.6134099960327148
15,3,120.04185128211975,-1898557.275,0.9972424507141113,0.5684426426887512,0.5008127093315125,0.22258515655994415,116.85987210273743,3.9252374172210693,3.181792974472046,110.96207928657532,0.1490645408630371,0.1454601287841797,1.608314037322998
15,4,125.23514890670776,-1896123.675,0.996185839176178,0.5700631141662598,0.5034154057502747,0.22002050280570984,121.94442296028137,3.704411506652832,3.2905466556549072,116.27216410636902,0.13533711433410645,0.14972615242004395,1.6347320079803467
15,5,121.2722716331482,-1896435.05,0.9969876408576965,0.5700400471687317,0.5047891139984131,0.2206169217824936,118.04063868522644,3.7991180419921875,3.2314271926879883,112.26998376846313,0.1433572769165039,0.15153217315673828,1.6179823875427246
15,6,120.89256501197815,-1897216.725,0.9965786337852478,0.5688028335571289,0.5022271275520325,0.22080689668655396,117.56643033027649,3.567768096923828,3.3259494304656982,112.03064846992493,0.1271672248840332,0.14118480682373047,1.6542465686798096
15,7,122.98683595657349,-1896574.0375,0.9980828762054443,0.5687999725341797,0.5029577016830444,0.2219102680683136,119.79293155670166,3.72156023979187,3.1937243938446045,114.08731245994568,0.13364481925964355,0.15433740615844727,1.6459376811981201
15,8,120.85497212409973,-1897618.9,0.9980397820472717,0.5673054456710815,0.5018404722213745,0.22213833034038544,117.56798076629639,3.7058308124542236,3.2868149280548096,111.92569470405579,0.12815117835998535,0.15074443817138672,1.6115801334381104
15,9,121.7537899017334,-1898417.4625,0.996826171875,0.5686965584754944,0.5036042332649231,0.22229906916618347,118.64127016067505,3.6646921634674072,3.1123387813568115,113.01887369155884,0.12962102890014648,0.15685582160949707,1.6235408782958984
15,10,122.85101294517517,-1897645.1625,0.9982796311378479,0.5704113245010376,0.5029146075248718,0.22276994585990906,119.66416788101196,3.888768196105957,3.1866559982299805,113.78984689712524,0.1491105556488037,0.14658474922180176,1.62009596824646
15,11,120.95359778404236,-1898128.0,0.9980653524398804,0.567375659942627,0.50096195936203,0.22247932851314545,117.82534503936768,3.7170028686523438,3.1280460357666016,112.15395832061768,0.1358492374420166,0.1542644500732422,1.6108877658843994
15,12,121.32370495796204,-1896599.775,0.9977776408195496,0.5698159337043762,0.503501832485199,0.22157777845859528,117.96085953712463,3.6197967529296875,3.3626601696014404,112.32963514328003,0.12890005111694336,0.14194226264953613,1.6935036182403564
15,13,121.34923529624939,-1897958.9375,0.9972512125968933,0.5682772397994995,0.5014759302139282,0.22185494005680084,118.1107017993927,3.67893385887146,3.238356351852417,112.46221780776978,0.13302254676818848,0.14970827102661133,1.6378366947174072
15,14,120.94615244865417,-1897127.55,0.9981444478034973,0.5690326690673828,0.5027241706848145,0.22237953543663025,117.80495119094849,3.8586344718933105,3.1410186290740967,111.49253344535828,0.15039658546447754,0.14408063888549805,2.0887749195098877
15,15,123.9273829460144,-1895993.2625,0.9976747035980225,0.5690522789955139,0.502178430557251,0.22084783017635345,120.56468057632446,4.002582788467407,3.3625094890594482,114.53985929489136,0.15607285499572754,0.16005158424377441,1.633561611175537
15,16,120.39685487747192,-1897542.6,0.9986485838890076,0.5686404705047607,0.5021954774856567,0.22283579409122467,117.2388174533844,3.662856340408325,3.157869338989258,111.6401526927948,0.13271164894104004,0.14568781852722168,1.610079288482666
15,17,121.09562611579895,-1896309.05,0.9966737627983093,0.5686995387077332,0.5020642876625061,0.22034840285778046,117.9207820892334,3.6556408405303955,3.1746647357940674,112.287761926651,0.1288900375366211,0.1463947296142578,1.654146671295166
15,18,120.85691785812378,-1897185.5875,0.9970226287841797,0.5663319826126099,0.4998128414154053,0.2208251655101776,117.70823931694031,3.685429573059082,3.14850115776062,112.09984135627747,0.12775778770446777,0.14526653289794922,1.6023967266082764
15,19,121.96126294136047,-1896833.05,0.9981032609939575,0.5698476433753967,0.5030499696731567,0.2219315618276596,118.57384419441223,3.6872398853302,3.3872361183166504,112.94573211669922,0.13018798828125,0.15363740921020508,1.6084630489349365
15,20,122.16566109657288,-1897578.0125,0.9974803328514099,0.5697669982910156,0.5031197667121887,0.22196151316165924,119.04558539390564,3.7953100204467773,3.1198997497558594,113.27992033958435,0.13572239875793457,0.15848040580749512,1.6227459907531738
15,21,123.19130253791809,-1896550.1125,0.9981890916824341,0.5687891840934753,0.5032635927200317,0.2217545211315155,120.0480010509491,3.697084903717041,3.1431362628936768,114.41042566299438,0.13100290298461914,0.15274524688720703,1.6083602905273438
15,22,121.70338988304138,-1895497.65,0.9990652799606323,0.5724453330039978,0.504464864730835,0.2225157618522644,118.4551739692688,3.8560359477996826,3.247990608215332,112.61581921577454,0.14656829833984375,0.14841842651367188,1.617729902267456
15,23,126.73250675201416,-1897828.45,0.9959209561347961,0.5676748156547546,0.5016747117042542,0.2214445322751999,123.59401369094849,3.671539306640625,3.1383161544799805,117.99391722679138,0.12586188316345215,0.14324450492858887,1.6135523319244385
15,24,121.10874319076538,-1895618.8,0.9972932934761047,0.5681129097938538,0.5011996626853943,0.22011399269104004,117.94715547561646,3.654827117919922,3.161411762237549,112.36977052688599,0.12666726112365723,0.14003729820251465,1.609421730041504
15,25,120.57509851455688,-1897105.425,0.9982125759124756,0.5706772208213806,0.5030476450920105,0.22248119115829468,117.44584798812866,3.6507933139801025,3.1290769577026367,111.84030222892761,0.12918567657470703,0.14503979682922363,1.6339657306671143
15,26,121.11288285255432,-1898947.975,0.9975108504295349,0.5687577128410339,0.5019339919090271,0.22307482361793518,117.9506561756134,3.7213521003723145,3.162046194076538,112.2865936756134,0.12800145149230957,0.15038275718688965,1.6161267757415771
15,27,121.51075339317322,-1896163.175,0.9978359341621399,0.5697186589241028,0.5030592083930969,0.22145962715148926,118.30173921585083,3.724539041519165,3.2088348865509033,112.62137007713318,0.12990260124206543,0.15122628211975098,1.6260018348693848
15,28,120.46496820449829,-1898205.3375,0.9980210661888123,0.5685974955558777,0.5013288855552673,0.2229355126619339,117.30433225631714,3.6866750717163086,3.1604554653167725,111.66381597518921,0.12996220588684082,0.14600491523742676,1.628812313079834
15,29,121.61683058738708,-1897621.625,0.9983630776405334,0.5694680213928223,0.5022704601287842,0.22280491888523102,118.46260237693787,3.937105178833008,3.1540205478668213,112.52514958381653,0.15502595901489258,0.15012216567993164,1.6261162757873535
15,30,120.93331408500671,-1898098.5625,0.9975951910018921,0.5696970224380493,0.5028719305992126,0.22273559868335724,117.72785329818726,3.659531831741333,3.2052817344665527,112.13030958175659,0.12765860557556152,0.14397168159484863,1.6196277141571045
16,1,151.97679996490479,-4607076.05,0.9987225532531738,0.5652706623077393,0.49833881855010986,0.2240322232246399,145.61661505699158,3.8210179805755615,6.359828233718872,139.56108593940735,0.11979103088378906,0.1771223545074463,1.886796236038208
16,2,151.17981934547424,-4605869.05,0.9998999834060669,0.5656442642211914,0.4987712502479553,0.22502289712429047,145.03126788139343,4.055823087692261,6.148171424865723,138.73693919181824,0.1350405216217041,0.1812272071838379,1.855212926864624
16,3,151.2143075466156,-4606125.25,0.9998999834060669,0.5661678910255432,0.4987165033817291,0.2257183939218521,145.05939722061157,3.7877917289733887,6.154566526412964,139.07836604118347,0.11506891250610352,0.17523479461669922,1.8525667190551758
16,4,151.1571364402771,-4604004.1,0.9998999834060669,0.5659048557281494,0.49938490986824036,0.22472399473190308,144.99757838249207,4.038004159927368,6.15920877456665,138.70891499519348,0.14361977577209473,0.1837160587310791,1.8514933586120605
16,5,150.1457498073578,-4602725.3,0.9964239001274109,0.5654088258743286,0.49874287843704224,0.2232305109500885,143.92438054084778,3.913084030151367,6.220975875854492,137.78338742256165,0.12659716606140137,0.17868375778198242,1.8637406826019287
16,6,149.11354041099548,-4607621.7,0.9998999834060669,0.5665181279182434,0.49869245290756226,0.22550071775913239,142.83729672431946,3.73022198677063,6.275898694992065,136.90587425231934,0.1156911849975586,0.17457056045532227,1.8607962131500244
16,7,152.9719672203064,-4605441.65,0.9998999834060669,0.5656219720840454,0.4989243447780609,0.22545476257801056,146.79616379737854,4.103115081787109,6.175457954406738,140.4308259487152,0.1429734230041504,0.18436956405639648,1.8599364757537842
16,8,149.3765904903412,-4603225.3,0.9998999834060669,0.5667096972465515,0.4997539818286896,0.2255363017320633,142.9624936580658,3.8128793239593506,6.413738965988159,136.94718837738037,0.11756420135498047,0.17589306831359863,1.8577592372894287
16,9,150.271831035614,-4604055.15,0.9998999834060669,0.5655210018157959,0.4986313581466675,0.224824458360672,144.14323163032532,3.826249599456787,6.128245115280151,138.10574531555176,0.1191856861114502,0.1760873794555664,1.8636281490325928
16,10,149.1443953514099,-4607708.1,0.9987867474555969,0.5649223923683167,0.49853840470314026,0.22439897060394287,143.06452536582947,3.7369863986968994,6.07953143119812,137.14187502861023,0.11445164680480957,0.17608165740966797,1.8448758125305176
16,11,151.76876258850098,-4606140.5,0.9998999834060669,0.5661251544952393,0.4991437494754791,0.22510424256324768,145.69916129112244,3.999274253845215,6.069254159927368,139.45470190048218,0.13981938362121582,0.18255043029785156,1.8539798259735107
16,12,150.09102630615234,-4604819.75,0.9998999834060669,0.5660409927368164,0.49883681535720825,0.22500327229499817,143.72989082336426,3.795058012008667,6.360771894454956,137.7209165096283,0.11888408660888672,0.17765593528747559,1.866152048110962
16,13,150.85326766967773,-4605294.5,0.9998999834060669,0.5653552412986755,0.49892035126686096,0.2263025939464569,144.63371396064758,3.9054067134857178,6.219212055206299,138.53581929206848,0.11621475219726562,0.17488336563110352,1.8515660762786865
16,14,150.24338626861572,-4604760.45,0.9998999834060669,0.5669148564338684,0.5006465911865234,0.22646285593509674,144.10632348060608,3.750356435775757,6.1367127895355225,138.15972423553467,0.11539196968078613,0.17365622520446777,1.857182502746582
16,15,151.4641091823578,-4604169.45,0.9977074265480042,0.5656710863113403,0.4976244568824768,0.22389116883277893,145.20761466026306,3.844723701477051,6.256106376647949,139.13559365272522,0.11767864227294922,0.17941737174987793,1.8791041374206543
16,16,150.41145873069763,-4604697.25,0.9998999834060669,0.5651906132698059,0.499103844165802,0.22538982331752777,144.25370955467224,3.9637091159820557,6.157412052154541,138.0373411178589,0.1705923080444336,0.18363428115844727,1.8482661247253418
16,17,150.92075777053833,-4606514.9,0.9998999834060669,0.5674956440925598,0.5015152096748352,0.22809426486492157,144.75890493392944,3.788128614425659,6.1615118980407715,138.781400680542,0.11490345001220703,0.17531180381774902,1.8490734100341797
16,18,150.5624442100525,-4603678.2,0.9998999834060669,0.5659804344177246,0.4992978870868683,0.22580097615718842,144.30352187156677,3.962345600128174,6.258548974990845,138.1155185699463,0.1251516342163086,0.17781543731689453,1.864745855331421
16,19,151.45637726783752,-4600514.2,0.9997503757476807,0.5659418106079102,0.4995245039463043,0.22348368167877197,144.98032879829407,3.847203254699707,6.475661754608154,138.9052894115448,0.11807894706726074,0.1805248260498047,1.8777275085449219
16,20,149.3485984802246,-4606907.7,0.9998999834060669,0.5658977627754211,0.49908000230789185,0.22594481706619263,143.16867756843567,3.7970752716064453,6.17957878112793,137.1756772994995,0.11455798149108887,0.17654061317443848,1.8542811870574951
16,21,151.3079810142517,-4603892.75,0.9998999834060669,0.5655776858329773,0.49894437193870544,0.22524869441986084,145.23343420028687,4.073237419128418,6.074211597442627,138.9038028717041,0.14416074752807617,0.18399858474731445,1.855309247970581
16,22,151.5461232662201,-4603517.35,0.999782145023346,0.5656276941299438,0.49875152111053467,0.2244359850883484,145.34669971466064,3.7701377868652344,6.199084043502808,139.36862540245056,0.11603808403015137,0.17506718635559082,1.866271734237671
16,23,149.25243830680847,-4603857.95,0.9998999834060669,0.5662650465965271,0.49871471524238586,0.2254345417022705,143.12491536140442,3.755063772201538,6.127190351486206,137.1856083869934,0.11619043350219727,0.17011690139770508,1.8480679988861084
16,24,151.61780953407288,-4606751.35,0.9998999834060669,0.5666722059249878,0.49976515769958496,0.2264537513256073,143.48275208473206,3.7676637172698975,8.13471508026123,137.51440501213074,0.11505293846130371,0.1755387783050537,1.8604145050048828
16,25,150.68494272232056,-4604142.0,0.9993412494659424,0.5649568438529968,0.49822351336479187,0.2241748571395874,144.47196125984192,3.7792470455169678,6.212640047073364,138.4945046901703,0.11555075645446777,0.1783759593963623,1.8538775444030762
16,26,149.73522400856018,-4604174.95,0.9998999834060669,0.5660837292671204,0.4997369349002838,0.22514961659908295,143.59249925613403,3.807741641998291,6.142390012741089,137.5904402732849,0.1205589771270752,0.17642831802368164,1.842430830001831
16,27,150.14616560935974,-4606396.1,0.9998999834060669,0.5657203793525696,0.49934151768684387,0.22566430270671844,143.36948227882385,3.8074448108673096,6.776339530944824,137.22768211364746,0.1184852123260498,0.1789548397064209,1.985351324081421
16,28,151.91476106643677,-4604605.05,0.9998999834060669,0.5666186213493347,0.4988206923007965,0.225272998213768,145.63233613967896,4.0832624435424805,6.28208065032959,139.29163026809692,0.1402425765991211,0.18288445472717285,1.862321138381958
16,29,150.7759668827057,-4607350.6,0.9998999834060669,0.5656580924987793,0.49881118535995483,0.22619478404521942,144.54195952415466,3.8133771419525146,6.233638286590576,138.50206661224365,0.11911320686340332,0.17987585067749023,1.875497817993164
16,30,150.0013780593872,-4603011.25,0.9986906051635742,0.5648835897445679,0.4979517459869385,0.22347471117973328,143.84075927734375,3.736814260482788,6.160282373428345,137.907550573349,0.11387228965759277,0.1753532886505127,1.8570261001586914
17,1,213.54107022285461,-11146967.6,0.9998999834060669,0.5632554888725281,0.49621108174324036,0.2306266725063324,200.32196187973022,4.234207630157471,13.218358755111694,192.1745307445526,0.12382030487060547,0.24919414520263672,1.5136868953704834
17,2,212.58962273597717,-11144118.3,0.9998999834060669,0.5636549592018127,0.49637407064437866,0.2312246412038803,199.39396262168884,4.187415361404419,13.19493317604065,190.46310114860535,0.12648248672485352,0.2538161277770996,2.356332778930664
17,3,209.94148921966553,-11144692.2,0.9998999834060669,0.5634792447090149,0.4964039921760559,0.2311064898967743,196.72293710708618,4.015302419662476,13.217814683914185,188.59179186820984,0.12008070945739746,0.24581527709960938,1.51204514503479
17,4,219.2221384048462,-11145693.1,0.9998999834060669,0.5647358298301697,0.49764740467071533,0.23260235786437988,206.02424931526184,4.236176252365112,13.197144746780396,197.9206326007843,0.12553787231445312,0.25206708908081055,1.5153357982635498
17,5,211.54887223243713,-11145571.3,0.9998999834060669,0.5634876489639282,0.495854914188385,0.23067787289619446,198.21766901016235,4.25268292427063,13.330466985702515,189.97068619728088,0.1268751621246338,0.2540619373321533,1.6049823760986328
17,6,211.1927616596222,-11145819.3,0.9994099736213684,0.5625606775283813,0.4960859715938568,0.23030543327331543,197.9716236591339,3.9921681880950928,13.22040867805481,189.83557796478271,0.11879444122314453,0.24061036109924316,1.5128517150878906
17,7,211.045095205307,-11145944.4,0.9998999834060669,0.562969446182251,0.4954690635204315,0.23085066676139832,197.8114869594574,4.260667562484741,13.232865333557129,189.65206861495972,0.12717747688293457,0.2588975429534912,1.5146033763885498
17,8,213.49658846855164,-11145349.0,0.9998999834060669,0.5631796717643738,0.49623942375183105,0.23126274347305298,200.0994691848755,3.9595577716827393,13.396350622177124,191.09353041648865,0.1231992244720459,0.24542546272277832,2.3822550773620605
17,9,211.78045177459717,-11145034.8,0.9998999834060669,0.5634404420852661,0.49661168456077576,0.23107577860355377,198.25592470169067,3.9494552612304688,13.523776054382324,190.09768414497375,0.12339901924133301,0.2507798671722412,1.5167183876037598
17,10,212.0977931022644,-11147220.7,0.9998999834060669,0.5649513006210327,0.498479962348938,0.23320814967155457,198.71813368797302,3.9132981300354004,13.378949165344238,190.66244268417358,0.1211996078491211,0.2419576644897461,1.5125443935394287
17,11,212.49143767356873,-11146942.3,0.9998999834060669,0.56450355052948,0.4971544146537781,0.23286859691143036,199.30126690864563,3.9868476390838623,13.189448118209839,191.1802704334259,0.11928200721740723,0.2468714714050293,1.5126733779907227
17,12,213.06612157821655,-11147850.4,0.9998999834060669,0.5631036162376404,0.495840847492218,0.23110102117061615,199.87044620513916,4.303255558013916,13.19494104385376,191.76061391830444,0.12734436988830566,0.2555501461029053,1.5137202739715576
17,13,211.10924673080444,-11147543.7,0.9998999834060669,0.5631731748580933,0.496127188205719,0.23132768273353577,197.89288568496704,4.097834587097168,13.21561312675476,189.79698276519775,0.12305545806884766,0.2534005641937256,1.5088965892791748
17,14,213.81684637069702,-11146080.3,0.9998999834060669,0.5643614530563354,0.4972919225692749,0.2321576327085495,200.33507704734802,3.9757559299468994,13.481010437011719,192.18677735328674,0.12368559837341309,0.25302863121032715,1.5172529220581055
17,15,214.98412346839905,-11142879.3,0.9992252588272095,0.5619966387748718,0.4948386549949646,0.22915087640285492,200.04238629341125,3.9435579776763916,14.940976619720459,190.89403748512268,0.12439608573913574,0.2504885196685791,2.599006175994873
17,16,214.73157262802124,-11146079.4,0.9998999834060669,0.5614826083183289,0.49459606409072876,0.22988015413284302,201.1847951412201,3.9822378158569336,13.546013593673706,193.03103065490723,0.12452149391174316,0.25292086601257324,1.52335524559021
17,17,212.0673589706421,-11146372.4,0.9998999834060669,0.5641183257102966,0.4966249465942383,0.2312866896390915,198.73644256591797,4.134472370147705,13.33016586303711,190.60380148887634,0.12280392646789551,0.25361013412475586,1.509141445159912
17,18,211.2344319820404,-11144461.2,0.9998999834060669,0.5632994174957275,0.4960804581642151,0.2308003306388855,198.02131271362305,3.995915174484253,13.212398290634155,189.06190991401672,0.11800694465637207,0.2436518669128418,2.3594307899475098
17,19,211.2638213634491,-11145785.0,0.9998999834060669,0.5636471509933472,0.4962690472602844,0.23125876486301422,198.12287068367004,4.226828336715698,13.14022421836853,189.968594789505,0.12543821334838867,0.2539341449737549,1.5103652477264404
17,20,274.59537076950073,-11146219.6,0.9998999834060669,0.5636216402053833,0.49618616700172424,0.2310291826725006,254.97498202323914,5.01259183883667,19.61963725090027,246.37493133544922,0.15886235237121582,0.4450662136077881,1.512160301208496
17,21,232.94472479820251,-11147889.9,0.9998999834060669,0.563334047794342,0.4962274432182312,0.2315373718738556,210.6563057899475,4.480625867843628,22.287010192871094,202.10727500915527,0.14632582664489746,0.3184700012207031,1.7130589485168457
17,22,212.5815794467926,-11145403.0,0.9994063377380371,0.5618844628334045,0.4947786331176758,0.22939962148666382,199.05734848976135,3.9685983657836914,13.523480892181396,190.0543954372406,0.12458539009094238,0.2477579116821289,2.3768270015716553
17,23,212.8607099056244,-11147114.7,0.9998999834060669,0.5631122589111328,0.4957330822944641,0.2314116656780243,199.2248513698578,4.095953464508057,13.635091543197632,191.07025241851807,0.12235546112060547,0.25209593772888184,1.512423038482666
17,24,212.3872561454773,-11142232.7,0.9995314478874207,0.5616554617881775,0.49506106972694397,0.22928602993488312,199.1172432899475,4.007826089859009,13.269373893737793,190.22364854812622,0.11865615844726562,0.23969602584838867,2.3542582988739014
17,25,210.0454704761505,-11142729.4,0.9996371269226074,0.5619785189628601,0.4949381649494171,0.22946245968341827,196.8519446849823,3.9639954566955566,13.19281268119812,187.95511746406555,0.11731624603271484,0.24231910705566406,2.350097179412842
17,26,209.87005519866943,-11145005.4,0.9998999834060669,0.563443660736084,0.49630504846572876,0.23071232438087463,195.96218395233154,4.19123387336731,13.907099962234497,187.81676197052002,0.1251366138458252,0.24187159538269043,1.5334265232086182
17,27,215.09557008743286,-11147129.5,0.9997063279151917,0.5619373917579651,0.4955454170703888,0.22951164841651917,201.68017196655273,3.9952943325042725,13.414648294448853,193.6014437675476,0.11990809440612793,0.2463393211364746,1.5198962688446045
17,28,211.70321464538574,-11147479.6,0.9998999834060669,0.5629106163978577,0.496140718460083,0.23119966685771942,198.3278784751892,4.3543994426727295,13.374590873718262,190.14083337783813,0.1276094913482666,0.2547636032104492,1.516371726989746
17,29,211.41092109680176,-11146652.2,0.9998999834060669,0.5631177425384521,0.4959615170955658,0.23102502524852753,198.28620076179504,3.95206880569458,13.124013662338257,190.15919041633606,0.11711812019348145,0.30992865562438965,1.505507230758667
17,30,215.84995484352112,-11146787.8,0.9998999834060669,0.56341552734375,0.4963892996311188,0.2314985692501068,202.41704726219177,3.985553026199341,13.43215823173523,194.33029890060425,0.11905980110168457,0.24794840812683105,1.5211424827575684
18,1,426.7568061351776,-26978948.4,0.9998999834060669,0.5617055892944336,0.49424976110458374,0.2419978380203247,299.9196140766144,7.084640264511108,126.83571171760559,265.0584981441498,0.8142397403717041,0.5493795871734619,21.878198385238647
18,2,328.0308744907379,-26977036.6,0.9998999834060669,0.5624324083328247,0.49480876326560974,0.2418500930070877,272.00511407852173,4.19804835319519,56.02417492866516,260.9805862903595,0.1334397792816162,0.36771607398986816,1.6035182476043701
18,3,307.0089707374573,-26976317.8,0.9998999834060669,0.5569802522659302,0.4893271327018738,0.2369413822889328,276.43487334251404,4.073943138122559,30.57254958152771,265.417857170105,0.13091468811035156,0.3696572780609131,1.6029255390167236
18,4,299.425861120224,-26972553.0,0.9998999834060669,0.5595887303352356,0.4916507601737976,0.2388862520456314,269.3235676288605,4.077710866928101,30.100807189941406,258.3264706134796,0.130720853805542,0.35451793670654297,1.6063554286956787
18,5,301.1545059680939,-26978376.6,0.9998999834060669,0.556786298751831,0.48911577463150024,0.23654356598854065,270.6401152610779,4.059609413146973,30.512861251831055,259.6219120025635,0.12812066078186035,0.3548598289489746,1.5956087112426758
18,6,309.9830119609833,-26975007.2,0.9998999834060669,0.559697151184082,0.49196940660476685,0.23949646949768066,276.56920981407166,4.110901594161987,33.41224002838135,265.48760318756104,0.13504695892333984,0.3779885768890381,1.6227161884307861
18,7,304.86970925331116,-26972465.2,0.9998999834060669,0.5591827630996704,0.4919154942035675,0.23878006637096405,275.02051973342896,4.150381803512573,29.84759783744812,263.89114117622375,0.1305093765258789,0.48591017723083496,1.600417137145996
18,8,306.72717094421387,-26982351.2,0.9996017813682556,0.5591004490852356,0.49185800552368164,0.23919780552387238,275.73043036460876,4.096304178237915,30.995190620422363,264.6882119178772,0.13100695610046387,0.36625099182128906,1.6032493114471436
18,9,307.97530150413513,-26974434.4,0.9998999834060669,0.5570988059043884,0.48951464891433716,0.23717398941516876,277.42933797836304,4.12017035484314,30.544398307800293,266.4167833328247,0.13137149810791016,0.3695414066314697,1.601794719696045
18,10,306.3642830848694,-26977272.8,0.9998999834060669,0.5617706775665283,0.4945576786994934,0.24194031953811646,275.65655279159546,4.083126783370972,30.70617914199829,264.6469407081604,0.13055706024169922,0.3669438362121582,1.6056511402130127
18,11,307.11570143699646,-26974406.2,0.9998999834060669,0.5570374131202698,0.48997750878334045,0.23708949983119965,275.94417333602905,4.108058452606201,31.169962882995605,264.891081571579,0.13179731369018555,0.37233710289001465,1.6038787364959717
18,12,306.29927611351013,-26978753.0,0.9998999834060669,0.5614749193191528,0.4938015341758728,0.24159429967403412,275.82177329063416,4.081070184707642,30.47593069076538,264.8036484718323,0.13046646118164062,0.37131404876708984,1.600247859954834
18,13,306.48188829421997,-26973241.6,0.9998999834060669,0.5576483011245728,0.49003860354423523,0.23736688494682312,275.6219835281372,4.4302496910095215,30.85833501815796,264.5774302482605,0.13190364837646484,0.3779153823852539,1.6083323955535889
18,14,366.7993266582489,-26970954.8,0.9998999834060669,0.5563955903053284,0.4892226755619049,0.23613759875297546,283.23953914642334,4.085648059844971,83.55825781822205,258.6122155189514,0.1292712688446045,0.35648655891418457,15.210646867752075
18,15,304.67255997657776,-26967957.8,0.9998999834060669,0.5580869317054749,0.49056708812713623,0.23772011697292328,274.1982641220093,4.092961072921753,30.472710371017456,263.1897473335266,0.13044142723083496,0.36972856521606445,1.6001923084259033
18,16,303.4031367301941,-26969216.0,0.9998999834060669,0.5568684935569763,0.4891667068004608,0.23639801144599915,272.891916513443,4.0917699337005615,30.509645462036133,261.85141229629517,0.13037943840026855,0.36324167251586914,1.5999934673309326
18,17,302.8922710418701,-26977448.8,0.9998999834060669,0.5599822998046875,0.49256137013435364,0.23965467512607574,272.3062171936035,4.112682819366455,30.584487915039062,261.2318437099457,0.12903738021850586,0.41634416580200195,1.59232759475708
18,18,300.6546621322632,-26976099.0,0.9998999834060669,0.5601397752761841,0.4925546944141388,0.23990477621555328,269.955295085907,4.36820912361145,30.697867155075073,258.9504473209381,0.13054776191711426,0.3622863292694092,1.5965123176574707
18,19,305.5069327354431,-26975453.2,0.9998999834060669,0.5573296546936035,0.4896669089794159,0.23705044388771057,275.0082664489746,4.0983030796051025,30.497077465057373,263.9874470233917,0.13143682479858398,0.37249207496643066,1.6077611446380615
18,20,302.17676544189453,-26970639.6,0.9998999834060669,0.5591188669204712,0.49150556325912476,0.23870162665843964,271.4860165119171,4.090088605880737,30.68916392326355,260.4687011241913,0.13032889366149902,0.35898923873901367,1.5968163013458252
18,21,307.53173565864563,-26982968.4,0.9998999834060669,0.5566308498382568,0.4892946779727936,0.2371508926153183,277.0494740009308,4.102910995483398,30.48070526123047,266.01517629623413,0.13226318359375,0.36805176734924316,1.61506986618042
18,22,306.8099465370178,-26982240.4,0.9998233318328857,0.5592657327651978,0.49180305004119873,0.23941317200660706,276.36459589004517,4.0889527797698975,30.443782329559326,265.3476753234863,0.13271689414978027,0.36396145820617676,1.6005849838256836
18,23,307.4006643295288,-26975013.6,0.9996156096458435,0.5557369589805603,0.4881603419780731,0.23583605885505676,277.4733307361603,4.100298643112183,29.92576003074646,266.42814207077026,0.13087177276611328,0.36765289306640625,1.608642578125
18,24,305.6349902153015,-26974961.4,0.9998999834060669,0.5566700100898743,0.48942166566848755,0.2368486225605011,275.135555267334,4.11821985244751,30.49788522720337,264.07350873947144,0.13266754150390625,0.36895108222961426,1.6061952114105225
18,25,306.08727502822876,-26973036.0,0.9998999834060669,0.5608679056167603,0.4932325780391693,0.24049012362957,275.8856062889099,4.093494892120361,30.200077056884766,264.84562516212463,0.13180947303771973,0.3724226951599121,1.6031537055969238
18,26,307.3121745586395,-26972199.6,0.9998999834060669,0.5578218102455139,0.49003130197525024,0.23767411708831787,276.88951230049133,4.140307664871216,30.421096324920654,265.8623595237732,0.1306443214416504,0.37047266960144043,1.6072323322296143
18,27,393.938866853714,-26976295.4,0.9998999834060669,0.5576778054237366,0.4899788200855255,0.23765216767787933,299.50834798812866,4.082540512084961,94.42901563644409,273.41315746307373,0.13086318969726562,0.37123560905456543,16.65429186820984
18,28,300.89644479751587,-26973584.4,0.9998999834060669,0.5572255253791809,0.4894634485244751,0.23685060441493988,270.3210754394531,4.143911600112915,30.573864936828613,259.32624673843384,0.13033223152160645,0.358109712600708,1.5937373638153076
18,29,309.72900795936584,-26975702.8,0.9998999834060669,0.5593550801277161,0.49214065074920654,0.23932859301567078,279.42306327819824,4.091980457305908,30.304367303848267,268.37394404411316,0.1307506561279297,0.3702206611633301,1.6075763702392578
18,30,330.1564655303955,-26978767.6,0.9998999834060669,0.5619503259658813,0.49435433745384216,0.24194830656051636,276.3499073982239,4.576425313949585,53.80498480796814,265.23878145217896,0.13756418228149414,0.3801097869873047,1.6228468418121338
19,1,485.54790711402893,-65397984.0,0.9998999834060669,0.5543822050094604,0.4860289990901947,0.24865512549877167,414.7953679561615,4.741853952407837,70.74925971031189,386.31908679008484,0.14246892929077148,0.7068281173706055,1.733161211013794
19,2,491.82759499549866,-65391703.6,0.9998999834060669,0.5544293522834778,0.4861901104450226,0.2485397905111313,417.07592272758484,5.012799978256226,74.74786615371704,388.49787974357605,0.14773845672607422,0.7629580497741699,1.765366554260254
19,3,506.0472161769867,-65394348.4,0.9998999834060669,0.5531356930732727,0.48481231927871704,0.24705944955348969,433.6199085712433,4.996311187744141,72.42378973960876,405.0738010406494,0.1479501724243164,0.7393689155578613,1.756096363067627
19,4,507.31816840171814,-65394374.8,0.9998999834060669,0.5542939305305481,0.48609602451324463,0.24857161939144135,435.7158856391907,4.956295013427734,71.59881353378296,407.27081274986267,0.14707398414611816,0.7470388412475586,1.7312281131744385
19,5,516.5924198627472,-65391431.2,0.9998999834060669,0.5549191236495972,0.48665526509284973,0.24910329282283783,432.9287610054016,4.917407035827637,83.65984463691711,404.4351670742035,0.1474912166595459,0.7371783256530762,1.760420799255371
19,6,524.3254060745239,-65389230.0,0.9998999834060669,0.5544201731681824,0.48612865805625916,0.24850338697433472,425.0087699890137,4.849600315093994,99.31309247016907,390.72029757499695,0.14534974098205566,0.7131054401397705,7.598056316375732
19,7,491.2129430770874,-65389216.8,0.9998999834060669,0.5544387698173523,0.48612087965011597,0.24854035675525665,416.1770386695862,4.723313093185425,75.0324022769928,387.2151527404785,0.14686298370361328,0.727149248123169,1.7431318759918213
19,8,495.6647205352783,-65391311.2,0.9998999834060669,0.5547576546669006,0.48641616106033325,0.24906222522258759,423.99709463119507,4.854931831359863,71.66425919532776,394.9695534706116,0.14711833000183105,0.7428534030914307,1.7343060970306396
19,9,487.0577371120453,-65420802.4,0.9998999834060669,0.5576798319816589,0.48933884501457214,0.2520107626914978,414.5711758136749,4.7326979637146,72.48303508758545,385.57091879844666,0.14483141899108887,0.7392697334289551,1.7491517066955566
19,10,504.51619505882263,-65392125.6,0.9998999834060669,0.555012583732605,0.4863842725753784,0.24900618195533752,431.2973692417145,5.047691583633423,73.21532607078552,402.207745552063,0.15085124969482422,0.7635529041290283,1.7429945468902588
19,11,488.4971218109131,-65390326.8,0.9998999834060669,0.554546594619751,0.4861835837364197,0.2485758662223816,416.1165201663971,4.824587106704712,72.37696552276611,387.1482000350952,0.14208483695983887,0.7486016750335693,1.7609691619873047
19,12,490.0088601112366,-65399557.2,0.9998999834060669,0.5547425150871277,0.4866054952144623,0.24904122948646545,415.24935388565063,4.702876329421997,74.75590586662292,386.24363946914673,0.1458721160888672,0.7509794235229492,1.754699468612671
19,13,495.46113991737366,-65390445.6,0.9998999834060669,0.5545288920402527,0.4860861003398895,0.24854396283626556,422.8652720451355,4.77421236038208,72.59219098091125,393.88126969337463,0.14544987678527832,0.7347803115844727,1.748162031173706
19,14,508.6233413219452,-65390974.0,0.997195303440094,0.5520079731941223,0.4834897220134735,0.24566832184791565,410.70995330810547,4.657456636428833,97.90973782539368,377.3696768283844,0.14295172691345215,0.7117354869842529,6.09814453125
19,15,483.2856903076172,-65421467.2,0.9998999834060669,0.5567215085029602,0.4882411062717438,0.2508070468902588,411.76941108703613,4.653241157531738,71.51269721984863,382.81320691108704,0.14005327224731445,0.7049171924591064,1.736997127532959
19,16,485.6583089828491,-65425738.0,0.9998999834060669,0.5575441718101501,0.4893135130405426,0.25199487805366516,413.39014959335327,4.65786600112915,72.26461219787598,384.39662766456604,0.13963675498962402,0.7225542068481445,1.7404062747955322
19,17,508.2950773239136,-65388029.2,0.9998999834060669,0.5545995235443115,0.4862523376941681,0.2484017163515091,435.27571654319763,5.064695596694946,73.01580476760864,406.1912729740143,0.1530013084411621,0.7780251502990723,1.7292251586914062
19,18,484.54002046585083,-65394538.0,0.9998999834060669,0.5544947385787964,0.4861595630645752,0.24849753081798553,411.61565923690796,4.695681571960449,72.92091703414917,382.5672905445099,0.14499783515930176,0.7232820987701416,1.753769874572754
19,19,489.4044716358185,-65388762.4,0.9998999834060669,0.554437518119812,0.4860902428627014,0.248421311378479,415.1264102458954,4.632595777511597,74.27445101737976,386.10502767562866,0.14111995697021484,0.73199462890625,1.7527921199798584
19,20,485.03123784065247,-65389812.4,0.9998999834060669,0.5556474328041077,0.4872775077819824,0.24941569566726685,413.1085715293884,4.664273500442505,71.91923069953918,384.1590497493744,0.14133858680725098,0.7148435115814209,1.7388770580291748
19,21,482.41242814064026,-65386776.0,0.9998999834060669,0.5543872117996216,0.48634302616119385,0.2484724074602127,411.438325881958,4.627458095550537,70.97071957588196,382.48598766326904,0.13973212242126465,0.7041573524475098,1.7381489276885986
19,22,581.1099092960358,-65390645.6,0.9998999834060669,0.5543966889381409,0.48636990785598755,0.24856959283351898,461.06420826911926,5.08246111869812,120.04218101501465,421.3756408691406,0.1547222137451172,0.8102617263793945,12.278440237045288
19,23,487.55668354034424,-65395659.2,0.9998999834060669,0.5534308552742004,0.4850870966911316,0.24734580516815186,415.1169409751892,4.756590843200684,72.43626999855042,386.13423252105713,0.14703083038330078,0.746107816696167,1.7395577430725098
19,24,488.8102571964264,-65400276.0,0.9998999834060669,0.554380476474762,0.4861931800842285,0.24837738275527954,415.1187801361084,4.675952672958374,73.68792390823364,386.1566889286041,0.14246821403503418,0.7303755283355713,1.7469854354858398
19,25,494.11448669433594,-65393775.2,0.9998999834060669,0.5543489456176758,0.48621895909309387,0.24845977127552032,422.3296597003937,4.933389902114868,71.78137493133545,393.3389277458191,0.14812922477722168,0.7467198371887207,1.7338154315948486
19,26,478.44103384017944,-65391222.0,0.9998999834060669,0.5544560551643372,0.48612502217292786,0.24840527772903442,406.9459400177002,4.862207412719727,71.49159359931946,377.96908688545227,0.1455073356628418,0.6897518634796143,1.7316360473632812
19,27,503.7470734119415,-65420422.8,0.9998999834060669,0.5576542615890503,0.4893217086791992,0.2521304190158844,431.45719051361084,4.988864898681641,72.2863097190857,402.4589500427246,0.1501471996307373,0.7579224109649658,1.7452106475830078
19,28,486.10569763183594,-65417108.0,0.9998999834060669,0.5564872026443481,0.4883008897304535,0.250379353761673,413.63841223716736,4.7011072635650635,72.46362972259521,384.7000482082367,0.14280414581298828,0.6779701709747314,1.7523744106292725
19,29,544.8141329288483,-65405318.4,0.9998999834060669,0.5569387078285217,0.48866164684295654,0.2510553300380707,422.7339413166046,4.716946363449097,122.07656931877136,382.6634531021118,0.14520645141601562,0.7451221942901611,12.787532329559326
19,30,485.6901636123657,-65395835.6,0.9998999834060669,0.554478108882904,0.48620879650115967,0.24866899847984314,413.85701417922974,4.6439690589904785,71.82967758178711,384.91029119491577,0.14051485061645508,0.7260565757751465,1.7480356693267822
20,1,875.449892282486,-159374326.4,0.9902508854866028,0.5521963238716125,0.48292291164398193,0.2595672309398651,699.6616098880768,5.391436815261841,175.77646017074585,639.1154537200928,0.14926934242248535,1.1946771144866943,1.93631911277771
20,2,843.98286485672,-159351712.0,0.9911491274833679,0.5530534386634827,0.4838174879550934,0.26027044653892517,647.3582029342651,4.928959131240845,196.61085844039917,586.8683977127075,0.14438104629516602,1.118093490600586,1.9589202404022217
20,3,889.1903247833252,-159376025.6,0.9899298548698425,0.5518514513969421,0.48271721601486206,0.25919878482818604,711.1732561588287,5.368152856826782,178.0052456855774,650.5496203899384,0.1512279510498047,1.2328944206237793,1.951141595840454
20,4,821.4274983406067,-159371068.8,0.9900638461112976,0.5520345568656921,0.48289933800697327,0.25926926732063293,644.721108675003,5.0523388385772705,176.69450974464417,584.3237020969391,0.1462101936340332,1.089935541152954,1.9355182647705078
20,5,833.0403838157654,-159370057.6,0.9911836981773376,0.5532524585723877,0.48413828015327454,0.2604721188545227,650.0412330627441,4.951217889785767,182.98698210716248,589.5476310253143,0.1491999626159668,1.1323773860931396,1.940134048461914
20,6,865.5638933181763,-159367790.4,0.9915820360183716,0.5537225008010864,0.4845840036869049,0.260942667722702,651.6935002803802,5.2496116161346436,213.8565332889557,587.2342994213104,0.14679718017578125,1.065643072128296,6.046117544174194
20,7,829.8814032077789,-159371220.8,0.9912992119789124,0.5537539124488831,0.48473185300827026,0.26123878359794617,651.5105860233307,4.907998085021973,178.35877108573914,591.0421004295349,0.14371490478515625,1.0905954837799072,1.9569072723388672
20,8,868.6311573982239,-159357980.8,0.9912129044532776,0.5528709888458252,0.4837876558303833,0.26039209961891174,691.633885383606,5.191771507263184,176.9854292869568,630.9383997917175,0.14972376823425293,1.3109467029571533,1.9433093070983887
20,9,830.8713929653168,-159349558.4,0.991609513759613,0.5538299679756165,0.48467347025871277,0.2609599232673645,651.9789872169495,5.1942057609558105,178.88030076026917,591.6186273097992,0.14618706703186035,1.087834119796753,1.9502806663513184
20,10,826.9086983203888,-159366180.8,0.9913775324821472,0.5534242987632751,0.4842785894870758,0.26067036390304565,648.5327754020691,4.917454719543457,178.36371302604675,588.1129851341248,0.1446831226348877,1.096924066543579,1.932584524154663
20,11,867.1539433002472,-159343044.8,0.991776168346405,0.5538985133171082,0.4847664535045624,0.261112242937088,689.2531363964081,5.214102268218994,177.88881707191467,628.7187988758087,0.14967989921569824,1.2063531875610352,1.9464812278747559
20,12,829.0897512435913,-159370062.4,0.9905900955200195,0.5524085164070129,0.48329973220825195,0.25981128215789795,649.6184375286102,4.882436752319336,179.45925116539001,589.2367548942566,0.14379048347473145,1.0982704162597656,1.9454998970031738
20,13,892.5631368160248,-159347897.6,0.9907144904136658,0.5524755716323853,0.483336478471756,0.25971052050590515,715.3124973773956,5.2905261516571045,177.2388117313385,654.7198259830475,0.15059900283813477,1.2615091800689697,1.9425880908966064
20,14,818.6837487220764,-159354924.8,0.9914237856864929,0.5536983609199524,0.48444417119026184,0.26106226444244385,644.144478559494,4.982231855392456,174.5276701450348,583.6092917919159,0.1495647430419922,1.1490566730499268,1.9311621189117432
20,15,822.2261488437653,-159366323.2,0.9918056726455688,0.554336428642273,0.4852316677570343,0.2618541121482849,637.9877710342407,5.193508148193359,184.22649359703064,577.6781499385834,0.14542675018310547,1.0389125347137451,1.9351298809051514
20,16,833.3028781414032,-159324976.0,0.9918448328971863,0.5535513162612915,0.4844789206981659,0.260712593793869,654.794465303421,4.907735824584961,178.49633765220642,594.358865737915,0.1439228057861328,1.088230848312378,1.942779302597046
20,17,845.2241661548615,-159390065.6,0.9891224503517151,0.5508267283439636,0.4817235469818115,0.25827446579933167,654.2590498924255,4.942829370498657,190.95152401924133,592.395430803299,0.1448514461517334,1.1017143726348877,1.9668588638305664
20,18,844.6325566768646,-159368180.8,0.9908049702644348,0.5529015064239502,0.4836736023426056,0.26009446382522583,651.4796228408813,4.884743690490723,193.14066290855408,589.5876266956329,0.14560937881469727,1.1103270053863525,1.9396846294403076
20,19,852.0338032245636,-159351185.6,0.9915168285369873,0.5533447265625,0.48427337408065796,0.2606405019760132,656.2353692054749,4.928269386291504,195.78606057167053,594.3577840328217,0.1457061767578125,1.1147136688232422,1.9664020538330078
20,20,831.9112422466278,-159355334.4,0.9911867380142212,0.5533327460289001,0.48424193263053894,0.2603780925273895,640.9394781589508,4.865548372268677,190.95966362953186,579.1855032444,0.14350032806396484,1.050384283065796,1.9255247116088867
20,21,852.5755863189697,-159370811.2,0.9913479089736938,0.5532435774803162,0.4841691851615906,0.26062437891960144,652.3356561660767,4.908324480056763,200.22763419151306,590.4366993904114,0.14410114288330078,1.1106150150299072,1.9425897598266602
20,22,833.1307415962219,-159374246.4,0.9911298155784607,0.5531536936759949,0.4841810166835785,0.2604665756225586,653.3816955089569,4.877500057220459,179.73657703399658,591.5373382568359,0.1440274715423584,1.1080396175384521,1.939037799835205
20,23,841.0790815353394,-159360329.6,0.9906911849975586,0.5526705980300903,0.4833301901817322,0.2598930597305298,654.0306482315063,5.009451627731323,187.0364236831665,592.048308134079,0.14391660690307617,1.1588096618652344,1.9545049667358398
20,24,863.6920149326324,-159349201.6,0.9911407828330994,0.5529884696006775,0.4837280213832855,0.2602333426475525,664.5849735736847,4.956319570541382,199.094810962677,602.752608537674,0.1453702449798584,1.135937213897705,1.9415721893310547
20,25,848.6458520889282,-159368547.2,0.9909253716468811,0.5530478358268738,0.4838292598724365,0.2602267563343048,654.1111197471619,5.0433433055877686,194.52252316474915,592.152458190918,0.1459348201751709,1.1145212650299072,1.994558572769165
20,26,852.9752805233002,-159374793.6,0.9902692437171936,0.5521007776260376,0.4830881357192993,0.2595326602458954,652.0930359363556,4.929441928863525,200.8685338497162,590.1470682621002,0.14473390579223633,1.1229238510131836,1.9568214416503906
20,27,841.2267889976501,-159347507.2,0.9919145703315735,0.5537824630737305,0.4846537411212921,0.2611495852470398,637.848025560379,4.850349426269531,203.36545300483704,576.0646595954895,0.14288640022277832,1.060135841369629,1.9785306453704834
20,28,851.2177202701569,-159377374.4,0.9899346828460693,0.551766574382782,0.48266226053237915,0.25915563106536865,654.2481343746185,4.895705223083496,196.95725107192993,592.2449867725372,0.1450200080871582,1.1150450706481934,2.0155436992645264
20,29,906.3813607692719,-159383870.4,0.9898608326911926,0.5518918633460999,0.4826911389827728,0.25919437408447266,725.3976807594299,5.151501417160034,180.97146677970886,650.6285073757172,0.15037846565246582,1.2339816093444824,14.720947027206421
20,30,837.2996833324432,-159359169.6,0.9913566708564758,0.5532837510108948,0.48417001962661743,0.26056721806526184,655.2645568847656,5.3448646068573,182.02052903175354,593.3390021324158,0.14836335182189941,1.1295926570892334,1.9654781818389893
